{
	"__comment": "Designed by Gamerkm with Cubik Studio - https://cubik.studio",
	"textures": {
		"particle": "block/e_particle",
		"painting": "custom/haunted_paintings",
		"wood": "block/spruce_planks"
	},
	"elements": [
		{
			"__comment": "painting",
			"from": [ 0, 24, 0.5 ],
			"to": [ 32, 32, 1 ],
			"faces": {
				"down": { "uv": [ 0, 8, 16, 8.5 ], "texture": "#wood" },
				"up": { "uv": [ 0, 7.5, 16, 8 ], "texture": "#wood" },
				"north": { "uv": [ 0, 0, 16, 16 ], "texture": "#wood" },
				"south": { "uv": [ 4, 2, 6, 2.5 ], "texture": "#painting" },
				"west": { "uv": [ 7.5, 0, 8, 16 ], "texture": "#wood" },
				"east": { "uv": [ 8, 0, 8.5, 16 ], "texture": "#wood" }
			}
		}
	],
	"display": {
		"head": {
			"translation":  [ 0, -4.8, 0 ],
			"scale":  [ 1.6, 1.6, 1.6 ]
		}
	}
}
