{
	"__comment": "Designed by Cm@BlackSpigotMC with Cubik Studio - https://cubik.studio",
	"textures": {
		"slides": "custom/indy_preshowslides_01",
		"black_wool": "block/black_wool"
	},
	"elements": [
		{
			"__comment": "Cube1",
			"from": [ 7.5, -9.5, -16 ],
			"to": [ 8.5, 26, 32 ],
			"faces": {
				"down": { "uv": [ 0, 0, 2, 2 ], "texture": "#black_wool" },
				"up": { "uv": [ 7.5, 0, 8.5, 16 ], "texture": "#black_wool" },
				"north": { "uv": [ 7.5, 0, 8.5, 16 ], "texture": "#black_wool" },
				"south": { "uv": [ 7.5, 0, 8.5, 16 ], "texture": "#black_wool" },
				"west": { "uv": [ 12, 6, 16, 9 ], "texture": "#slides" },
				"east": { "uv": [ 0, 0, 16, 16 ], "texture": "#black_wool" }
			}
		}
	],
	"display": {
		"thirdperson_righthand": {
			"rotation":  [ 20, 20, 0 ],
			"translation":  [ -3.478, 2.0872, -5.564 ],
			"scale":  [ 0.3391, 0.3391, 0.3391 ]
		},
		"thirdperson_lefthand": {
			"rotation":  [ 20, -161, 0 ],
			"translation":  [ -3.478, 2.0872, -5.564 ],
			"scale":  [ 0.3391, 0.3391, 0.3391 ]
		},
		"firstperson_righthand": {
			"rotation":  [ 5, 5, -19 ],
			"scale":  [ 1.0695, 0.3391, 0.3391 ]
		},
		"firstperson_lefthand": {
			"rotation":  [ 5, -177, 15 ],
			"scale":  [ 1.0695, 0.3391, 0.3391 ]
		},
		"head": {
			"rotation":  [ 0, -90, 0 ],
			"translation":  [ 0, -7.642, 0 ],
			"scale":  [ 0.0608, 2.1912, 2.1912 ]
		},
		"ground": {
			"translation":  [ 0, 7.6521, 0 ],
			"scale":  [ 1, 0.3043, 0.3043 ]
		},
		"fixed": {
			"rotation":  [ 0, -90, 0 ],
			"scale":  [ 1, 0.3738, 0.3738 ]
		}
	}
}
