{
	"__comment": "Designed by Gamerkm with Cubik Studio - https://cubik.studio",
	"textures": {
		"particle": "block/e_particle",
		"terracotta_yellow": "block/yellow_terracotta",
		"quartz_block_top": "block/quartz_block_top",
		"coal_block": "block/coal_block",
		"redstone_block": "block/redstone_block"
	},
	"elements": [ 	 
		{
			"__comment": "terracotta_yellow",
			"from": [ 4, 7, 7 ],
			"to": [ 12, 9, 8 ],
			"faces": {
				"down": { "uv": [ 4, 8, 12, 9 ], "texture": "#terracotta_yellow" },
				"up": { "uv": [ 4, 7, 12, 8 ], "texture": "#terracotta_yellow" },
				"north": { "uv": [ 4, 7, 12, 9 ], "texture": "#terracotta_yellow" },
				"south": { "uv": [ 4, 7, 12, 9 ], "texture": "#terracotta_yellow" },
				"west": { "uv": [ 7, 7, 8, 9 ], "texture": "#terracotta_yellow" },
				"east": { "uv": [ 8, 7, 9, 9 ], "texture": "#terracotta_yellow" }
			}
		},
		{
			"__comment": "terracotta_yellow2",
			"from": [ 6, 4.5, 7 ],
			"to": [ 10, 5, 8 ],
			"faces": {
				"down": { "uv": [ 6, 8, 10, 9 ], "texture": "#terracotta_yellow" },
				"up": { "uv": [ 6, 7, 10, 8 ], "texture": "#terracotta_yellow" },
				"north": { "uv": [ 6, 11, 10, 11.5 ], "texture": "#terracotta_yellow" },
				"south": { "uv": [ 6, 11, 10, 11.5 ], "texture": "#terracotta_yellow" },
				"west": { "uv": [ 7, 11, 8, 11.5 ], "texture": "#terracotta_yellow" },
				"east": { "uv": [ 8, 11, 9, 11.5 ], "texture": "#terracotta_yellow" }
			}
		},
		{
			"__comment": "terracotta_yellow3",
			"from": [ 7, 4, 7 ],
			"to": [ 9, 4.5, 8 ],
			"faces": {
				"down": { "uv": [ 7, 8, 9, 9 ], "texture": "#terracotta_yellow" },
				"up": { "uv": [ 7, 7, 9, 8 ], "texture": "#terracotta_yellow" },
				"north": { "uv": [ 7, 11.5, 9, 12 ], "texture": "#terracotta_yellow" },
				"south": { "uv": [ 7, 11.5, 9, 12 ], "texture": "#terracotta_yellow" },
				"west": { "uv": [ 7, 11.5, 8, 12 ], "texture": "#terracotta_yellow" },
				"east": { "uv": [ 8, 11.5, 9, 12 ], "texture": "#terracotta_yellow" }
			}
		},
		{
			"__comment": "terracotta_yellow4",
			"from": [ 5, 10, 7 ],
			"to": [ 11, 11, 8 ],
			"faces": {
				"down": { "uv": [ 5, 8, 11, 9 ], "texture": "#terracotta_yellow" },
				"up": { "uv": [ 5, 7, 11, 8 ], "texture": "#terracotta_yellow" },
				"north": { "uv": [ 5, 5, 11, 6 ], "texture": "#terracotta_yellow" },
				"south": { "uv": [ 5, 5, 11, 6 ], "texture": "#terracotta_yellow" },
				"west": { "uv": [ 7, 5, 8, 6 ], "texture": "#terracotta_yellow" },
				"east": { "uv": [ 8, 5, 9, 6 ], "texture": "#terracotta_yellow" }
			}
		},
		{
			"__comment": "terracotta_yellow5",
			"from": [ 4.5, 9, 7 ],
			"to": [ 11.5, 10, 8 ],
			"faces": {
				"down": { "uv": [ 4.5, 8, 11.5, 9 ], "texture": "#terracotta_yellow" },
				"up": { "uv": [ 4.5, 7, 11.5, 8 ], "texture": "#terracotta_yellow" },
				"north": { "uv": [ 4.5, 6, 11.5, 7 ], "texture": "#terracotta_yellow" },
				"south": { "uv": [ 4.5, 6, 11.5, 7 ], "texture": "#terracotta_yellow" },
				"west": { "uv": [ 7, 6, 8, 7 ], "texture": "#terracotta_yellow" },
				"east": { "uv": [ 8, 6, 9, 7 ], "texture": "#terracotta_yellow" }
			}
		},
		{
			"__comment": "terracotta_yellow6",
			"from": [ 6, 11, 7 ],
			"to": [ 10, 11.5, 8 ],
			"faces": {
				"down": { "uv": [ 6, 8, 10, 9 ], "texture": "#terracotta_yellow" },
				"up": { "uv": [ 6, 7, 10, 8 ], "texture": "#terracotta_yellow" },
				"north": { "uv": [ 6, 4.5, 10, 5 ], "texture": "#terracotta_yellow" },
				"south": { "uv": [ 6, 4.5, 10, 5 ], "texture": "#terracotta_yellow" },
				"west": { "uv": [ 7, 4.5, 8, 5 ], "texture": "#terracotta_yellow" },
				"east": { "uv": [ 8, 4.5, 9, 5 ], "texture": "#terracotta_yellow" }
			}
		},
		{
			"__comment": "terracotta_yellow8",
			"from": [ 5, 5, 7 ],
			"to": [ 11, 6, 8 ],
			"faces": {
				"down": { "uv": [ 5, 8, 11, 9 ], "texture": "#terracotta_yellow" },
				"up": { "uv": [ 5, 7, 11, 8 ], "texture": "#terracotta_yellow" },
				"north": { "uv": [ 5, 10, 11, 11 ], "texture": "#terracotta_yellow" },
				"south": { "uv": [ 5, 10, 11, 11 ], "texture": "#terracotta_yellow" },
				"west": { "uv": [ 7, 10, 8, 11 ], "texture": "#terracotta_yellow" },
				"east": { "uv": [ 8, 10, 9, 11 ], "texture": "#terracotta_yellow" }
			}
		},
		{
			"__comment": "terracotta_yellow7",
			"from": [ 4.5, 6, 7 ],
			"to": [ 11.5, 7, 8 ],
			"faces": {
				"down": { "uv": [ 4.5, 8, 11.5, 9 ], "texture": "#terracotta_yellow" },
				"up": { "uv": [ 4.5, 7, 11.5, 8 ], "texture": "#terracotta_yellow" },
				"north": { "uv": [ 4.5, 9, 11.5, 10 ], "texture": "#terracotta_yellow" },
				"south": { "uv": [ 4.5, 9, 11.5, 10 ], "texture": "#terracotta_yellow" },
				"west": { "uv": [ 7, 9, 8, 10 ], "texture": "#terracotta_yellow" },
				"east": { "uv": [ 8, 9, 9, 10 ], "texture": "#terracotta_yellow" }
			}
		},
		{
			"__comment": "terracotta_yellow7",
			"from": [ 7, 4.5, 6.5 ],
			"to": [ 9, 5, 8.5 ],
			"faces": {
				"down": { "uv": [ 7, 7.5, 9, 9.5 ], "texture": "#terracotta_yellow" },
				"up": { "uv": [ 7, 6.5, 9, 8.5 ], "texture": "#terracotta_yellow" },
				"north": { "uv": [ 7, 11, 9, 11.5 ], "texture": "#terracotta_yellow" },
				"south": { "uv": [ 7, 11, 9, 11.5 ], "texture": "#quartz_block_top" },
				"west": { "uv": [ 6.5, 11, 8.5, 11.5 ], "texture": "#terracotta_yellow" },
				"east": { "uv": [ 7.5, 11, 9.5, 11.5 ], "texture": "#terracotta_yellow" }
			}
		},
		{
			"__comment": "terracotta_yellow1",
			"from": [ 9.5, 6, 6.5 ],
			"to": [ 10, 6.5, 7 ],
			"faces": {
				"down": { "uv": [ 9.5, 9, 10, 9.5 ], "texture": "#terracotta_yellow" },
				"up": { "uv": [ 9.5, 6.5, 10, 7 ], "texture": "#terracotta_yellow" },
				"north": { "uv": [ 6, 9.5, 6.5, 10 ], "texture": "#terracotta_yellow" },
				"south": { "uv": [ 9.5, 9.5, 10, 10 ], "texture": "#terracotta_yellow" },
				"west": { "uv": [ 6.5, 9.5, 7, 10 ], "texture": "#terracotta_yellow" },
				"east": { "uv": [ 9, 9.5, 9.5, 10 ], "texture": "#terracotta_yellow" }
			}
		},
		{
			"__comment": "terracotta_yellow7",
			"from": [ 5.5, 5.5, 6.5 ],
			"to": [ 10.5, 6, 8.5 ],
			"faces": {
				"down": { "uv": [ 5.5, 7.5, 10.5, 9.5 ], "texture": "#terracotta_yellow" },
				"up": { "uv": [ 5.5, 6.5, 10.5, 8.5 ], "texture": "#terracotta_yellow" },
				"north": { "uv": [ 5.5, 10, 10.5, 10.5 ], "texture": "#terracotta_yellow" },
				"south": { "uv": [ 5.5, 10, 10.5, 10.5 ], "texture": "#quartz_block_top" },
				"west": { "uv": [ 6.5, 10, 8.5, 10.5 ], "texture": "#terracotta_yellow" },
				"east": { "uv": [ 7.5, 10, 9.5, 10.5 ], "texture": "#terracotta_yellow" }
			}
		},
		{
			"__comment": "terracotta_yellow7",
			"from": [ 8, 5, 6.5 ],
			"to": [ 10, 5.5, 8.5 ],
			"faces": {
				"down": { "uv": [ 8, 7.5, 10, 9.5 ], "texture": "#terracotta_yellow" },
				"up": { "uv": [ 8, 6.5, 10, 8.5 ], "texture": "#terracotta_yellow" },
				"north": { "uv": [ 6, 10.5, 8, 11 ], "texture": "#terracotta_yellow" },
				"south": { "uv": [ 8, 10.5, 10, 11 ], "texture": "#quartz_block_top" },
				"west": { "uv": [ 6.5, 10.5, 8.5, 11 ], "texture": "#terracotta_yellow" },
				"east": { "uv": [ 7.5, 10.5, 9.5, 11 ], "texture": "#terracotta_yellow" }
			}
		},
		{
			"__comment": "terracotta_yellow7",
			"from": [ 6.5, 6, 6.5 ],
			"to": [ 9.5, 6.5, 8.5 ],
			"faces": {
				"down": { "uv": [ 6.5, 7.5, 9.5, 9.5 ], "texture": "#terracotta_yellow" },
				"up": { "uv": [ 6.5, 6.5, 9.5, 8.5 ], "texture": "#terracotta_yellow" },
				"north": { "uv": [ 6.5, 9.5, 9.5, 10 ], "texture": "#terracotta_yellow" },
				"south": { "uv": [ 6.5, 9.5, 9.5, 10 ], "texture": "#quartz_block_top" },
				"west": { "uv": [ 6.5, 9.5, 8.5, 10 ], "texture": "#terracotta_yellow" },
				"east": { "uv": [ 7.5, 9.5, 9.5, 10 ], "texture": "#terracotta_yellow" }
			}
		},
		{
			"__comment": "terracotta_yellow7",
			"from": [ 8.5, 9.5, 6.5 ],
			"to": [ 9.5, 10, 8.5 ],
			"faces": {
				"down": { "uv": [ 8.5, 7.5, 9.5, 9.5 ], "texture": "#terracotta_yellow" },
				"up": { "uv": [ 8.5, 6.5, 9.5, 8.5 ], "texture": "#terracotta_yellow" },
				"north": { "uv": [ 6.5, 6, 7.5, 6.5 ], "texture": "#terracotta_yellow" },
				"south": { "uv": [ 8.5, 6, 9.5, 6.5 ], "texture": "#quartz_block_top" },
				"west": { "uv": [ 6.5, 6, 8.5, 6.5 ], "texture": "#terracotta_yellow" },
				"east": { "uv": [ 7.5, 6, 9.5, 6.5 ], "texture": "#terracotta_yellow" }
			}
		},
		{
			"__comment": "terracotta_yellow7",
			"from": [ 5.5, 10, 6.5 ],
			"to": [ 10.5, 10.5, 8.5 ],
			"faces": {
				"down": { "uv": [ 5.5, 7.5, 10.5, 9.5 ], "texture": "#terracotta_yellow" },
				"up": { "uv": [ 5.5, 6.5, 10.5, 8.5 ], "texture": "#terracotta_yellow" },
				"north": { "uv": [ 5.5, 5.5, 10.5, 6 ], "texture": "#terracotta_yellow" },
				"south": { "uv": [ 5.5, 5.5, 10.5, 6 ], "texture": "#quartz_block_top" },
				"west": { "uv": [ 6.5, 5.5, 8.5, 6 ], "texture": "#terracotta_yellow" },
				"east": { "uv": [ 7.5, 5.5, 9.5, 6 ], "texture": "#terracotta_yellow" }
			}
		},
		{
			"__comment": "terracotta_yellow7",
			"from": [ 8.5, 10.5, 6.5 ],
			"to": [ 10, 11, 8.5 ],
			"faces": {
				"down": { "uv": [ 8.5, 7.5, 10, 9.5 ], "texture": "#terracotta_yellow" },
				"up": { "uv": [ 8.5, 6.5, 10, 8.5 ], "texture": "#terracotta_yellow" },
				"north": { "uv": [ 6, 5, 7.5, 5.5 ], "texture": "#terracotta_yellow" },
				"south": { "uv": [ 8.5, 5, 10, 5.5 ], "texture": "#quartz_block_top" },
				"west": { "uv": [ 6.5, 5, 8.5, 5.5 ], "texture": "#terracotta_yellow" },
				"east": { "uv": [ 7.5, 5, 9.5, 5.5 ], "texture": "#terracotta_yellow" }
			}
		},
		{
			"__comment": "terracotta_yellow7",
			"from": [ 7, 11, 6.5 ],
			"to": [ 9, 11.5, 8.5 ],
			"faces": {
				"down": { "uv": [ 7, 7.5, 9, 9.5 ], "texture": "#terracotta_yellow" },
				"up": { "uv": [ 7, 6.5, 9, 8.5 ], "texture": "#terracotta_yellow" },
				"north": { "uv": [ 7, 4.5, 9, 5 ], "texture": "#terracotta_yellow" },
				"south": { "uv": [ 7, 4.5, 9, 5 ], "texture": "#quartz_block_top" },
				"west": { "uv": [ 6.5, 4.5, 8.5, 5 ], "texture": "#terracotta_yellow" },
				"east": { "uv": [ 7.5, 4.5, 9.5, 5 ], "texture": "#terracotta_yellow" }
			}
		},
		{
			"__comment": "terracotta_yellow7",
			"from": [ 4.5, 8, 6.5 ],
			"to": [ 5, 8.5, 8.5 ],
			"faces": {
				"down": { "uv": [ 4.5, 7.5, 5, 9.5 ], "texture": "#terracotta_yellow" },
				"up": { "uv": [ 4.5, 6.5, 5, 8.5 ], "texture": "#terracotta_yellow" },
				"north": { "uv": [ 11, 7.5, 11.5, 8 ], "texture": "#terracotta_yellow" },
				"south": { "uv": [ 4.5, 7.5, 5, 8 ], "texture": "#quartz_block_top" },
				"west": { "uv": [ 6.5, 7.5, 8.5, 8 ], "texture": "#terracotta_yellow" },
				"east": { "uv": [ 7.5, 7.5, 9.5, 8 ], "texture": "#terracotta_yellow" }
			}
		},
		{
			"__comment": "terracotta_yellow4",
			"from": [ 5, 8, 6.5 ],
			"to": [ 5.5, 8.5, 7 ],
			"faces": {
				"down": { "uv": [ 5, 9, 5.5, 9.5 ], "texture": "#terracotta_yellow" },
				"up": { "uv": [ 5, 6.5, 5.5, 7 ], "texture": "#terracotta_yellow" },
				"north": { "uv": [ 10.5, 7.5, 11, 8 ], "texture": "#terracotta_yellow" },
				"south": { "uv": [ 5, 7.5, 5.5, 8 ], "texture": "#terracotta_yellow" },
				"west": { "uv": [ 6.5, 7.5, 7, 8 ], "texture": "#terracotta_yellow" },
				"east": { "uv": [ 9, 7.5, 9.5, 8 ], "texture": "#terracotta_yellow" }
			}
		},
		{
			"__comment": "terracotta_yellow",
			"from": [ 10.5, 7.5, 6.5 ],
			"to": [ 11, 8, 7 ],
			"faces": {
				"down": { "uv": [ 10.5, 9, 11, 9.5 ], "texture": "#terracotta_yellow" },
				"up": { "uv": [ 10.5, 6.5, 11, 7 ], "texture": "#terracotta_yellow" },
				"north": { "uv": [ 5, 8, 5.5, 8.5 ], "texture": "#terracotta_yellow" },
				"south": { "uv": [ 10.5, 8, 11, 8.5 ], "texture": "#terracotta_yellow" },
				"west": { "uv": [ 6.5, 8, 7, 8.5 ], "texture": "#terracotta_yellow" },
				"east": { "uv": [ 9, 8, 9.5, 8.5 ], "texture": "#terracotta_yellow" }
			}
		},
		{
			"__comment": "terracotta_yellow6",
			"from": [ 8, 10.5, 6.5 ],
			"to": [ 8.5, 11, 7 ],
			"faces": {
				"down": { "uv": [ 8, 9, 8.5, 9.5 ], "texture": "#terracotta_yellow" },
				"up": { "uv": [ 8, 6.5, 8.5, 7 ], "texture": "#terracotta_yellow" },
				"north": { "uv": [ 7.5, 5, 8, 5.5 ], "texture": "#terracotta_yellow" },
				"south": { "uv": [ 8, 5, 8.5, 5.5 ], "texture": "#terracotta_yellow" },
				"west": { "uv": [ 6.5, 5, 7, 5.5 ], "texture": "#terracotta_yellow" },
				"east": { "uv": [ 9, 5, 9.5, 5.5 ], "texture": "#terracotta_yellow" }
			}
		},
		{
			"__comment": "terracotta_yellow5",
			"from": [ 6, 9.5, 6.5 ],
			"to": [ 6.5, 10, 7 ],
			"faces": {
				"down": { "uv": [ 6, 9, 6.5, 9.5 ], "texture": "#terracotta_yellow" },
				"up": { "uv": [ 6, 6.5, 6.5, 7 ], "texture": "#terracotta_yellow" },
				"north": { "uv": [ 9.5, 6, 10, 6.5 ], "texture": "#terracotta_yellow" },
				"south": { "uv": [ 6, 6, 6.5, 6.5 ], "texture": "#terracotta_yellow" },
				"west": { "uv": [ 6.5, 6, 7, 6.5 ], "texture": "#terracotta_yellow" },
				"east": { "uv": [ 9, 6, 9.5, 6.5 ], "texture": "#terracotta_yellow" }
			}
		},
		{
			"__comment": "terracotta_yellow7",
			"from": [ 9.5, 9.5, 6.5 ],
			"to": [ 10, 10, 7 ],
			"faces": {
				"down": { "uv": [ 9.5, 9, 10, 9.5 ], "texture": "#terracotta_yellow" },
				"up": { "uv": [ 9.5, 6.5, 10, 7 ], "texture": "#terracotta_yellow" },
				"north": { "uv": [ 6, 6, 6.5, 6.5 ], "texture": "#terracotta_yellow" },
				"south": { "uv": [ 9.5, 6, 10, 6.5 ], "texture": "#terracotta_yellow" },
				"west": { "uv": [ 6.5, 6, 7, 6.5 ], "texture": "#terracotta_yellow" },
				"east": { "uv": [ 9, 6, 9.5, 6.5 ], "texture": "#terracotta_yellow" }
			}
		},
		{
			"__comment": "terracotta_yellow2",
			"from": [ 7.5, 5, 6.5 ],
			"to": [ 8, 5.5, 7 ],
			"faces": {
				"down": { "uv": [ 7.5, 9, 8, 9.5 ], "texture": "#terracotta_yellow" },
				"up": { "uv": [ 7.5, 6.5, 8, 7 ], "texture": "#terracotta_yellow" },
				"north": { "uv": [ 8, 10.5, 8.5, 11 ], "texture": "#terracotta_yellow" },
				"south": { "uv": [ 7.5, 10.5, 8, 11 ], "texture": "#terracotta_yellow" },
				"west": { "uv": [ 6.5, 10.5, 7, 11 ], "texture": "#terracotta_yellow" },
				"east": { "uv": [ 9, 10.5, 9.5, 11 ], "texture": "#terracotta_yellow" }
			}
		},
		{
			"__comment": "terracotta_yellow3",
			"from": [ 6, 6, 6.5 ],
			"to": [ 6.5, 6.5, 7 ],
			"faces": {
				"down": { "uv": [ 6, 9, 6.5, 9.5 ], "texture": "#terracotta_yellow" },
				"up": { "uv": [ 6, 6.5, 6.5, 7 ], "texture": "#terracotta_yellow" },
				"north": { "uv": [ 9.5, 9.5, 10, 10 ], "texture": "#terracotta_yellow" },
				"south": { "uv": [ 6, 9.5, 6.5, 10 ], "texture": "#terracotta_yellow" },
				"west": { "uv": [ 6.5, 9.5, 7, 10 ], "texture": "#terracotta_yellow" },
				"east": { "uv": [ 9, 9.5, 9.5, 10 ], "texture": "#terracotta_yellow" }
			}
		},
		{
			"__comment": "terracotta_yellow7",
			"from": [ 6, 10.5, 6.5 ],
			"to": [ 8, 11, 8.5 ],
			"faces": {
				"down": { "uv": [ 6, 7.5, 8, 9.5 ], "texture": "#terracotta_yellow" },
				"up": { "uv": [ 6, 6.5, 8, 8.5 ], "texture": "#terracotta_yellow" },
				"north": { "uv": [ 8, 5, 10, 5.5 ], "texture": "#terracotta_yellow" },
				"south": { "uv": [ 6, 5, 8, 5.5 ], "texture": "#quartz_block_top" },
				"west": { "uv": [ 6.5, 5, 8.5, 5.5 ], "texture": "#terracotta_yellow" },
				"east": { "uv": [ 7.5, 5, 9.5, 5.5 ], "texture": "#terracotta_yellow" }
			}
		},
		{
			"__comment": "terracotta_yellow7",
			"from": [ 8.5, 9, 6.5 ],
			"to": [ 11, 9.5, 8.5 ],
			"faces": {
				"down": { "uv": [ 8.5, 7.5, 11, 9.5 ], "texture": "#terracotta_yellow" },
				"up": { "uv": [ 8.5, 6.5, 11, 8.5 ], "texture": "#terracotta_yellow" },
				"north": { "uv": [ 5, 6.5, 7.5, 7 ], "texture": "#terracotta_yellow" },
				"south": { "uv": [ 8.5, 6.5, 11, 7 ], "texture": "#quartz_block_top" },
				"west": { "uv": [ 6.5, 6.5, 8.5, 7 ], "texture": "#terracotta_yellow" },
				"east": { "uv": [ 7.5, 6.5, 9.5, 7 ], "texture": "#terracotta_yellow" }
			}
		},
		{
			"__comment": "terracotta_yellow7",
			"from": [ 10, 9.5, 6.5 ],
			"to": [ 11, 10, 8.5 ],
			"faces": {
				"down": { "uv": [ 10, 7.5, 11, 9.5 ], "texture": "#terracotta_yellow" },
				"up": { "uv": [ 10, 6.5, 11, 8.5 ], "texture": "#terracotta_yellow" },
				"north": { "uv": [ 5, 6, 6, 6.5 ], "texture": "#terracotta_yellow" },
				"south": { "uv": [ 10, 6, 11, 6.5 ], "texture": "#quartz_block_top" },
				"west": { "uv": [ 6.5, 6, 8.5, 6.5 ], "texture": "#terracotta_yellow" },
				"east": { "uv": [ 7.5, 6, 9.5, 6.5 ], "texture": "#terracotta_yellow" }
			}
		},
		{
			"__comment": "terracotta_yellow7",
			"from": [ 5, 9.5, 6.5 ],
			"to": [ 6, 10, 8.5 ],
			"faces": {
				"down": { "uv": [ 5, 7.5, 6, 9.5 ], "texture": "#terracotta_yellow" },
				"up": { "uv": [ 5, 6.5, 6, 8.5 ], "texture": "#terracotta_yellow" },
				"north": { "uv": [ 10, 6, 11, 6.5 ], "texture": "#terracotta_yellow" },
				"south": { "uv": [ 5, 6, 6, 6.5 ], "texture": "#quartz_block_top" },
				"west": { "uv": [ 6.5, 6, 8.5, 6.5 ], "texture": "#terracotta_yellow" },
				"east": { "uv": [ 7.5, 6, 9.5, 6.5 ], "texture": "#terracotta_yellow" }
			}
		},
		{
			"__comment": "terracotta_yellow7",
			"from": [ 7.5, 7, 6.5 ],
			"to": [ 11.5, 7.5, 8.5 ],
			"faces": {
				"down": { "uv": [ 7.5, 7.5, 11.5, 9.5 ], "texture": "#terracotta_yellow" },
				"up": { "uv": [ 7.5, 6.5, 11.5, 8.5 ], "texture": "#terracotta_yellow" },
				"north": { "uv": [ 4.5, 8.5, 8.5, 9 ], "texture": "#terracotta_yellow" },
				"south": { "uv": [ 7.5, 8.5, 11.5, 9 ], "texture": "#quartz_block_top" },
				"west": { "uv": [ 6.5, 8.5, 8.5, 9 ], "texture": "#terracotta_yellow" },
				"east": { "uv": [ 7.5, 8.5, 9.5, 9 ], "texture": "#terracotta_yellow" }
			}
		},
		{
			"__comment": "terracotta_yellow7",
			"from": [ 8.5, 8.5, 6.5 ],
			"to": [ 11.5, 9, 8.5 ],
			"faces": {
				"down": { "uv": [ 8.5, 7.5, 11.5, 9.5 ], "texture": "#terracotta_yellow" },
				"up": { "uv": [ 8.5, 6.5, 11.5, 8.5 ], "texture": "#terracotta_yellow" },
				"north": { "uv": [ 4.5, 7, 7.5, 7.5 ], "texture": "#terracotta_yellow" },
				"south": { "uv": [ 8.5, 7, 11.5, 7.5 ], "texture": "#quartz_block_top" },
				"west": { "uv": [ 6.5, 7, 8.5, 7.5 ], "texture": "#terracotta_yellow" },
				"east": { "uv": [ 7.5, 7, 9.5, 7.5 ], "texture": "#terracotta_yellow" }
			}
		},
		{
			"__comment": "terracotta_yellow2",
			"from": [ 7, 7, 6.5 ],
			"to": [ 7.5, 7.5, 7 ],
			"faces": {
				"down": { "uv": [ 7, 9, 7.5, 9.5 ], "texture": "#terracotta_yellow" },
				"up": { "uv": [ 7, 6.5, 7.5, 7 ], "texture": "#terracotta_yellow" },
				"north": { "uv": [ 8.5, 8.5, 9, 9 ], "texture": "#terracotta_yellow" },
				"south": { "uv": [ 7, 8.5, 7.5, 9 ], "texture": "#terracotta_yellow" },
				"west": { "uv": [ 6.5, 8.5, 7, 9 ], "texture": "#terracotta_yellow" },
				"east": { "uv": [ 9, 8.5, 9.5, 9 ], "texture": "#terracotta_yellow" }
			}
		},
		{
			"__comment": "terracotta_yellow7",
			"from": [ 8.5, 8, 6.5 ],
			"to": [ 11.5, 8.5, 8.5 ],
			"faces": {
				"down": { "uv": [ 8.5, 7.5, 11.5, 9.5 ], "texture": "#terracotta_yellow" },
				"up": { "uv": [ 8.5, 6.5, 11.5, 8.5 ], "texture": "#terracotta_yellow" },
				"north": { "uv": [ 4.5, 7.5, 7.5, 8 ], "texture": "#terracotta_yellow" },
				"south": { "uv": [ 8.5, 7.5, 11.5, 8 ], "texture": "#quartz_block_top" },
				"west": { "uv": [ 6.5, 7.5, 8.5, 8 ], "texture": "#terracotta_yellow" },
				"east": { "uv": [ 7.5, 7.5, 9.5, 8 ], "texture": "#terracotta_yellow" }
			}
		},
		{
			"__comment": "terracotta_yellow7",
			"from": [ 11, 7.5, 6.5 ],
			"to": [ 11.5, 8, 8.5 ],
			"faces": {
				"down": { "uv": [ 11, 7.5, 11.5, 9.5 ], "texture": "#terracotta_yellow" },
				"up": { "uv": [ 11, 6.5, 11.5, 8.5 ], "texture": "#terracotta_yellow" },
				"north": { "uv": [ 4.5, 8, 5, 8.5 ], "texture": "#terracotta_yellow" },
				"south": { "uv": [ 11, 8, 11.5, 8.5 ], "texture": "#quartz_block_top" },
				"west": { "uv": [ 6.5, 8, 8.5, 8.5 ], "texture": "#terracotta_yellow" },
				"east": { "uv": [ 7.5, 8, 9.5, 8.5 ], "texture": "#terracotta_yellow" }
			}
		},
		{
			"__comment": "terracotta_yellow7",
			"from": [ 5, 6.5, 6.5 ],
			"to": [ 11, 7, 8.5 ],
			"faces": {
				"down": { "uv": [ 5, 7.5, 11, 9.5 ], "texture": "#terracotta_yellow" },
				"up": { "uv": [ 5, 6.5, 11, 8.5 ], "texture": "#terracotta_yellow" },
				"north": { "uv": [ 5, 9, 11, 9.5 ], "texture": "#terracotta_yellow" },
				"south": { "uv": [ 5, 9, 11, 9.5 ], "texture": "#quartz_block_top" },
				"west": { "uv": [ 6.5, 9, 8.5, 9.5 ], "texture": "#terracotta_yellow" },
				"east": { "uv": [ 7.5, 9, 9.5, 9.5 ], "texture": "#terracotta_yellow" }
			}
		},
		{
			"__comment": "terracotta_yellow7",
			"from": [ 5, 6, 6.5 ],
			"to": [ 6, 6.5, 8.5 ],
			"faces": {
				"down": { "uv": [ 5, 7.5, 6, 9.5 ], "texture": "#terracotta_yellow" },
				"up": { "uv": [ 5, 6.5, 6, 8.5 ], "texture": "#terracotta_yellow" },
				"north": { "uv": [ 10, 9.5, 11, 10 ], "texture": "#terracotta_yellow" },
				"south": { "uv": [ 5, 9.5, 6, 10 ], "texture": "#quartz_block_top" },
				"west": { "uv": [ 6.5, 9.5, 8.5, 10 ], "texture": "#terracotta_yellow" },
				"east": { "uv": [ 7.5, 9.5, 9.5, 10 ], "texture": "#terracotta_yellow" }
			}
		},
		{
			"__comment": "terracotta_yellow7",
			"from": [ 10, 6, 6.5 ],
			"to": [ 11, 6.5, 8.5 ],
			"faces": {
				"down": { "uv": [ 10, 7.5, 11, 9.5 ], "texture": "#terracotta_yellow" },
				"up": { "uv": [ 10, 6.5, 11, 8.5 ], "texture": "#terracotta_yellow" },
				"north": { "uv": [ 5, 9.5, 6, 10 ], "texture": "#terracotta_yellow" },
				"south": { "uv": [ 10, 9.5, 11, 10 ], "texture": "#quartz_block_top" },
				"west": { "uv": [ 6.5, 9.5, 8.5, 10 ], "texture": "#terracotta_yellow" },
				"east": { "uv": [ 7.5, 9.5, 9.5, 10 ], "texture": "#terracotta_yellow" }
			}
		},
		{
			"__comment": "terracotta_yellow7",
			"from": [ 6, 5, 6.5 ],
			"to": [ 7.5, 5.5, 8.5 ],
			"faces": {
				"down": { "uv": [ 6, 7.5, 7.5, 9.5 ], "texture": "#terracotta_yellow" },
				"up": { "uv": [ 6, 6.5, 7.5, 8.5 ], "texture": "#terracotta_yellow" },
				"north": { "uv": [ 8.5, 10.5, 10, 11 ], "texture": "#terracotta_yellow" },
				"south": { "uv": [ 6, 10.5, 7.5, 11 ], "texture": "#quartz_block_top" },
				"west": { "uv": [ 6.5, 10.5, 8.5, 11 ], "texture": "#terracotta_yellow" },
				"east": { "uv": [ 7.5, 10.5, 9.5, 11 ], "texture": "#terracotta_yellow" }
			}
		},
		{
			"__comment": "terracotta_yellow7",
			"from": [ 8, 7.5, 6.5 ],
			"to": [ 10.5, 8, 8.5 ],
			"faces": {
				"down": { "uv": [ 8, 7.5, 10.5, 9.5 ], "texture": "#terracotta_yellow" },
				"up": { "uv": [ 8, 6.5, 10.5, 8.5 ], "texture": "#terracotta_yellow" },
				"north": { "uv": [ 5.5, 8, 8, 8.5 ], "texture": "#terracotta_yellow" },
				"south": { "uv": [ 8, 8, 10.5, 8.5 ], "texture": "#quartz_block_top" },
				"west": { "uv": [ 6.5, 8, 8.5, 8.5 ], "texture": "#terracotta_yellow" },
				"east": { "uv": [ 7.5, 8, 9.5, 8.5 ], "texture": "#terracotta_yellow" }
			}
		},
		{
			"__comment": "coal_block",
			"from": [ 10.5, 7.5, 8 ],
			"to": [ 11, 8, 8.5 ],
			"faces": {
				"down": { "uv": [ 10.5, 7.5, 11, 8 ], "texture": "#coal_block" },
				"up": { "uv": [ 10.5, 8, 11, 8.5 ], "texture": "#coal_block" },
				"north": { "uv": [ 5, 8, 5.5, 8.5 ], "texture": "#coal_block" },
				"south": { "uv": [ 10.5, 8, 11, 8.5 ], "texture": "#coal_block" },
				"west": { "uv": [ 8, 8, 8.5, 8.5 ], "texture": "#coal_block" },
				"east": { "uv": [ 7.5, 8, 8, 8.5 ], "texture": "#coal_block" }
			}
		},
		{
			"__comment": "coal_block",
			"from": [ 9.5, 6, 8 ],
			"to": [ 10, 6.5, 8.5 ],
			"faces": {
				"down": { "uv": [ 9.5, 7.5, 10, 8 ], "texture": "#coal_block" },
				"up": { "uv": [ 9.5, 8, 10, 8.5 ], "texture": "#coal_block" },
				"north": { "uv": [ 6, 9.5, 6.5, 10 ], "texture": "#coal_block" },
				"south": { "uv": [ 9.5, 9.5, 10, 10 ], "texture": "#coal_block" },
				"west": { "uv": [ 8, 9.5, 8.5, 10 ], "texture": "#coal_block" },
				"east": { "uv": [ 7.5, 9.5, 8, 10 ], "texture": "#coal_block" }
			}
		},
		{
			"__comment": "coal_block",
			"from": [ 7.5, 5, 8 ],
			"to": [ 8, 5.5, 8.5 ],
			"faces": {
				"down": { "uv": [ 7.5, 7.5, 8, 8 ], "texture": "#coal_block" },
				"up": { "uv": [ 7.5, 8, 8, 8.5 ], "texture": "#coal_block" },
				"north": { "uv": [ 8, 10.5, 8.5, 11 ], "texture": "#coal_block" },
				"south": { "uv": [ 7.5, 10.5, 8, 11 ], "texture": "#coal_block" },
				"west": { "uv": [ 8, 10.5, 8.5, 11 ], "texture": "#coal_block" },
				"east": { "uv": [ 7.5, 10.5, 8, 11 ], "texture": "#coal_block" }
			}
		},
		{
			"__comment": "coal_block",
			"from": [ 6, 6, 8 ],
			"to": [ 6.5, 6.5, 8.5 ],
			"faces": {
				"down": { "uv": [ 6, 7.5, 6.5, 8 ], "texture": "#coal_block" },
				"up": { "uv": [ 6, 8, 6.5, 8.5 ], "texture": "#coal_block" },
				"north": { "uv": [ 9.5, 9.5, 10, 10 ], "texture": "#coal_block" },
				"south": { "uv": [ 6, 9.5, 6.5, 10 ], "texture": "#coal_block" },
				"west": { "uv": [ 8, 9.5, 8.5, 10 ], "texture": "#coal_block" },
				"east": { "uv": [ 7.5, 9.5, 8, 10 ], "texture": "#coal_block" }
			}
		},
		{
			"__comment": "coal_block",
			"from": [ 5, 8, 8 ],
			"to": [ 5.5, 8.5, 8.5 ],
			"faces": {
				"down": { "uv": [ 5, 7.5, 5.5, 8 ], "texture": "#coal_block" },
				"up": { "uv": [ 5, 8, 5.5, 8.5 ], "texture": "#coal_block" },
				"north": { "uv": [ 10.5, 7.5, 11, 8 ], "texture": "#coal_block" },
				"south": { "uv": [ 5, 7.5, 5.5, 8 ], "texture": "#coal_block" },
				"west": { "uv": [ 8, 7.5, 8.5, 8 ], "texture": "#coal_block" },
				"east": { "uv": [ 7.5, 7.5, 8, 8 ], "texture": "#coal_block" }
			}
		},
		{
			"__comment": "coal_block",
			"from": [ 6, 9.5, 8 ],
			"to": [ 6.5, 10, 8.5 ],
			"faces": {
				"down": { "uv": [ 6, 7.5, 6.5, 8 ], "texture": "#coal_block" },
				"up": { "uv": [ 6, 8, 6.5, 8.5 ], "texture": "#coal_block" },
				"north": { "uv": [ 9.5, 6, 10, 6.5 ], "texture": "#coal_block" },
				"south": { "uv": [ 6, 6, 6.5, 6.5 ], "texture": "#coal_block" },
				"west": { "uv": [ 8, 6, 8.5, 6.5 ], "texture": "#coal_block" },
				"east": { "uv": [ 7.5, 6, 8, 6.5 ], "texture": "#coal_block" }
			}
		},
		{
			"__comment": "coal_block",
			"from": [ 8, 10.5, 8 ],
			"to": [ 8.5, 11, 8.5 ],
			"faces": {
				"down": { "uv": [ 8, 7.5, 8.5, 8 ], "texture": "#coal_block" },
				"up": { "uv": [ 8, 8, 8.5, 8.5 ], "texture": "#coal_block" },
				"north": { "uv": [ 7.5, 5, 8, 5.5 ], "texture": "#coal_block" },
				"south": { "uv": [ 8, 5, 8.5, 5.5 ], "texture": "#coal_block" },
				"west": { "uv": [ 8, 5, 8.5, 5.5 ], "texture": "#coal_block" },
				"east": { "uv": [ 7.5, 5, 8, 5.5 ], "texture": "#coal_block" }
			}
		},
		{
			"__comment": "coal_block",
			"from": [ 9.5, 9.5, 8 ],
			"to": [ 10, 10, 8.5 ],
			"faces": {
				"down": { "uv": [ 9.5, 7.5, 10, 8 ], "texture": "#coal_block" },
				"up": { "uv": [ 9.5, 8, 10, 8.5 ], "texture": "#coal_block" },
				"north": { "uv": [ 6, 6, 6.5, 6.5 ], "texture": "#coal_block" },
				"south": { "uv": [ 9.5, 6, 10, 6.5 ], "texture": "#coal_block" },
				"west": { "uv": [ 8, 6, 8.5, 6.5 ], "texture": "#coal_block" },
				"east": { "uv": [ 7.5, 6, 8, 6.5 ], "texture": "#coal_block" }
			}
		},
		{
			"__comment": "terracotta_yellow",
			"from": [ 8, 8, 6.5 ],
			"to": [ 8.5, 10, 7 ],
			"faces": {
				"down": { "uv": [ 8, 9, 8.5, 9.5 ], "texture": "#terracotta_yellow" },
				"up": { "uv": [ 8, 6.5, 8.5, 7 ], "texture": "#terracotta_yellow" },
				"north": { "uv": [ 7.5, 6, 8, 8 ], "texture": "#terracotta_yellow" },
				"south": { "uv": [ 8, 6, 8.5, 8 ], "texture": "#terracotta_yellow" },
				"west": { "uv": [ 6.5, 6, 7, 8 ], "texture": "#terracotta_yellow" },
				"east": { "uv": [ 9, 6, 9.5, 8 ], "texture": "#terracotta_yellow" }
			}
		},
		{
			"__comment": "terracotta_yellow1",
			"from": [ 7.5, 7.5, 6.5 ],
			"to": [ 8, 8, 7 ],
			"faces": {
				"down": { "uv": [ 7.5, 9, 8, 9.5 ], "texture": "#terracotta_yellow" },
				"up": { "uv": [ 7.5, 6.5, 8, 7 ], "texture": "#terracotta_yellow" },
				"north": { "uv": [ 8, 8, 8.5, 8.5 ], "texture": "#terracotta_yellow" },
				"south": { "uv": [ 7.5, 8, 8, 8.5 ], "texture": "#terracotta_yellow" },
				"west": { "uv": [ 6.5, 8, 7, 8.5 ], "texture": "#terracotta_yellow" },
				"east": { "uv": [ 9, 8, 9.5, 8.5 ], "texture": "#terracotta_yellow" }
			}
		},
		{
			"__comment": "terracotta_yellow7",
			"from": [ 5.5, 8, 6.5 ],
			"to": [ 8, 8.5, 8.5 ],
			"faces": {
				"down": { "uv": [ 5.5, 7.5, 8, 9.5 ], "texture": "#terracotta_yellow" },
				"up": { "uv": [ 5.5, 6.5, 8, 8.5 ], "texture": "#terracotta_yellow" },
				"north": { "uv": [ 8, 7.5, 10.5, 8 ], "texture": "#terracotta_yellow" },
				"south": { "uv": [ 5.5, 7.5, 8, 8 ], "texture": "#quartz_block_top" },
				"west": { "uv": [ 6.5, 7.5, 8.5, 8 ], "texture": "#terracotta_yellow" },
				"east": { "uv": [ 7.5, 7.5, 9.5, 8 ], "texture": "#terracotta_yellow" }
			}
		},
		{
			"__comment": "terracotta_yellow7",
			"from": [ 4.5, 8.5, 6.5 ],
			"to": [ 8, 9, 8.5 ],
			"faces": {
				"down": { "uv": [ 4.5, 7.5, 8, 9.5 ], "texture": "#terracotta_yellow" },
				"up": { "uv": [ 4.5, 6.5, 8, 8.5 ], "texture": "#terracotta_yellow" },
				"north": { "uv": [ 8, 7, 11.5, 7.5 ], "texture": "#terracotta_yellow" },
				"south": { "uv": [ 4.5, 7, 8, 7.5 ], "texture": "#quartz_block_top" },
				"west": { "uv": [ 6.5, 7, 8.5, 7.5 ], "texture": "#terracotta_yellow" },
				"east": { "uv": [ 7.5, 7, 9.5, 7.5 ], "texture": "#terracotta_yellow" }
			}
		},
		{
			"__comment": "terracotta_yellow7",
			"from": [ 5, 9, 6.5 ],
			"to": [ 8, 9.5, 8.5 ],
			"faces": {
				"down": { "uv": [ 5, 7.5, 8, 9.5 ], "texture": "#terracotta_yellow" },
				"up": { "uv": [ 5, 6.5, 8, 8.5 ], "texture": "#terracotta_yellow" },
				"north": { "uv": [ 8, 6.5, 11, 7 ], "texture": "#terracotta_yellow" },
				"south": { "uv": [ 5, 6.5, 8, 7 ], "texture": "#quartz_block_top" },
				"west": { "uv": [ 6.5, 6.5, 8.5, 7 ], "texture": "#terracotta_yellow" },
				"east": { "uv": [ 7.5, 6.5, 9.5, 7 ], "texture": "#terracotta_yellow" }
			}
		},
		{
			"__comment": "terracotta_yellow7",
			"from": [ 6.5, 9.5, 6.5 ],
			"to": [ 8, 10, 8.5 ],
			"faces": {
				"down": { "uv": [ 6.5, 7.5, 8, 9.5 ], "texture": "#terracotta_yellow" },
				"up": { "uv": [ 6.5, 6.5, 8, 8.5 ], "texture": "#terracotta_yellow" },
				"north": { "uv": [ 8, 6, 9.5, 6.5 ], "texture": "#terracotta_yellow" },
				"south": { "uv": [ 6.5, 6, 8, 6.5 ], "texture": "#quartz_block_top" },
				"west": { "uv": [ 6.5, 6, 8.5, 6.5 ], "texture": "#terracotta_yellow" },
				"east": { "uv": [ 7.5, 6, 9.5, 6.5 ], "texture": "#terracotta_yellow" }
			}
		},
		{
			"__comment": "terracotta_yellow7",
			"from": [ 4.5, 7.5, 6.5 ],
			"to": [ 7.5, 8, 8.5 ],
			"faces": {
				"down": { "uv": [ 4.5, 7.5, 7.5, 9.5 ], "texture": "#terracotta_yellow" },
				"up": { "uv": [ 4.5, 6.5, 7.5, 8.5 ], "texture": "#terracotta_yellow" },
				"north": { "uv": [ 8.5, 8, 11.5, 8.5 ], "texture": "#terracotta_yellow" },
				"south": { "uv": [ 4.5, 8, 7.5, 8.5 ], "texture": "#quartz_block_top" },
				"west": { "uv": [ 6.5, 8, 8.5, 8.5 ], "texture": "#terracotta_yellow" },
				"east": { "uv": [ 7.5, 8, 9.5, 8.5 ], "texture": "#terracotta_yellow" }
			}
		},
		{
			"__comment": "terracotta_yellow7",
			"from": [ 4.5, 7, 6.5 ],
			"to": [ 7, 7.5, 8.5 ],
			"faces": {
				"down": { "uv": [ 4.5, 7.5, 7, 9.5 ], "texture": "#terracotta_yellow" },
				"up": { "uv": [ 4.5, 6.5, 7, 8.5 ], "texture": "#terracotta_yellow" },
				"north": { "uv": [ 9, 8.5, 11.5, 9 ], "texture": "#terracotta_yellow" },
				"south": { "uv": [ 4.5, 8.5, 7, 9 ], "texture": "#quartz_block_top" },
				"west": { "uv": [ 6.5, 8.5, 8.5, 9 ], "texture": "#terracotta_yellow" },
				"east": { "uv": [ 7.5, 8.5, 9.5, 9 ], "texture": "#terracotta_yellow" }
			}
		},
		{
			"__comment": "terracotta_yellow1",
			"from": [ 7.5, 12, 7 ],
			"to": [ 8.5, 13.5, 8 ],
			"faces": {
				"down": { "uv": [ 7.5, 8, 8.5, 9 ], "texture": "#terracotta_yellow" },
				"up": { "uv": [ 7.5, 7, 8.5, 8 ], "texture": "#terracotta_yellow" },
				"north": { "uv": [ 7.5, 2.5, 8.5, 4 ], "texture": "#terracotta_yellow" },
				"south": { "uv": [ 7.5, 2.5, 8.5, 4 ], "texture": "#terracotta_yellow" },
				"west": { "uv": [ 7, 2.5, 8, 4 ], "texture": "#terracotta_yellow" },
				"east": { "uv": [ 8, 2.5, 9, 4 ], "texture": "#terracotta_yellow" }
			}
		},
		{
			"__comment": "terracotta_yellow1",
			"from": [ 7.5, 11.3087, 4.0381 ],
			"to": [ 8.5, 11.8087, 4.5381 ],
			"rotation": { "origin": [ 7.5, 9, 5 ], "axis": "x", "angle": 22.5 },
			"faces": {
				"down": { "uv": [ 7, 7, 8, 7.5 ], "texture": "#terracotta_yellow" },
				"up": { "uv": [ 7, 8.5, 8, 9 ], "texture": "#terracotta_yellow" },
				"north": { "uv": [ 8, 1, 7, 0.5 ], "texture": "#terracotta_yellow" },
				"south": { "uv": [ 9, 1, 8, 0.5 ], "texture": "#terracotta_yellow" },
				"west": { "uv": [ 7, 0.5, 7.5, 1 ], "texture": "#terracotta_yellow", "rotation": 180 },
				"east": { "uv": [ 8.5, 0.5, 9, 1 ], "texture": "#terracotta_yellow", "rotation": 180 }
			}
		},
		{
			"__comment": "terracotta_yellow1",
			"from": [ 7.5, 11.5, 6.5 ],
			"to": [ 8.5, 12, 8.5 ],
			"faces": {
				"down": { "uv": [ 7.5, 7.5, 8.5, 9.5 ], "texture": "#terracotta_yellow" },
				"up": { "uv": [ 7.5, 6.5, 8.5, 8.5 ], "texture": "#terracotta_yellow" },
				"north": { "uv": [ 7.5, 4, 8.5, 4.5 ], "texture": "#terracotta_yellow" },
				"south": { "uv": [ 7.5, 4, 8.5, 4.5 ], "texture": "#terracotta_yellow" },
				"west": { "uv": [ 6.5, 4, 8.5, 4.5 ], "texture": "#terracotta_yellow" },
				"east": { "uv": [ 7.5, 4, 9.5, 4.5 ], "texture": "#terracotta_yellow" }
			}
		},
		{
			"__comment": "terracotta_yellow1",
			"from": [ 7, 11.5, 7 ],
			"to": [ 9, 12, 8 ],
			"faces": {
				"down": { "uv": [ 7, 8, 9, 9 ], "texture": "#terracotta_yellow" },
				"up": { "uv": [ 7, 7, 9, 8 ], "texture": "#terracotta_yellow" },
				"north": { "uv": [ 7, 4, 9, 4.5 ], "texture": "#terracotta_yellow" },
				"south": { "uv": [ 7, 4, 9, 4.5 ], "texture": "#terracotta_yellow" },
				"west": { "uv": [ 7, 4, 8, 4.5 ], "texture": "#terracotta_yellow" },
				"east": { "uv": [ 8, 4, 9, 4.5 ], "texture": "#terracotta_yellow" }
			}
		},
		{
			"__comment": "terracotta_yellow1",
			"from": [ 7.5, 12.5, 6.5 ],
			"to": [ 8.5, 13, 8.5 ],
			"faces": {
				"down": { "uv": [ 7.5, 7.5, 8.5, 9.5 ], "texture": "#terracotta_yellow" },
				"up": { "uv": [ 7.5, 6.5, 8.5, 8.5 ], "texture": "#terracotta_yellow" },
				"north": { "uv": [ 7.5, 3, 8.5, 3.5 ], "texture": "#terracotta_yellow" },
				"south": { "uv": [ 7.5, 3, 8.5, 3.5 ], "texture": "#terracotta_yellow" },
				"west": { "uv": [ 6.5, 3, 8.5, 3.5 ], "texture": "#terracotta_yellow" },
				"east": { "uv": [ 7.5, 3, 9.5, 3.5 ], "texture": "#terracotta_yellow" }
			}
		},
		{
			"__comment": "terracotta_yellow1",
			"from": [ 7, 12.5, 7 ],
			"to": [ 9, 13, 8 ],
			"faces": {
				"down": { "uv": [ 7, 8, 9, 9 ], "texture": "#terracotta_yellow" },
				"up": { "uv": [ 7, 7, 9, 8 ], "texture": "#terracotta_yellow" },
				"north": { "uv": [ 7, 3, 9, 3.5 ], "texture": "#terracotta_yellow" },
				"south": { "uv": [ 7, 3, 9, 3.5 ], "texture": "#terracotta_yellow" },
				"west": { "uv": [ 7, 3, 8, 3.5 ], "texture": "#terracotta_yellow" },
				"east": { "uv": [ 8, 3, 9, 3.5 ], "texture": "#terracotta_yellow" }
			}
		},
		{
			"__comment": "terracotta_yellow1",
			"from": [ 6.5, 13, 7 ],
			"to": [ 7, 14, 7.5 ],
			"faces": {
				"down": { "uv": [ 6.5, 8.5, 7, 9 ], "texture": "#terracotta_yellow" },
				"up": { "uv": [ 6.5, 7, 7, 7.5 ], "texture": "#terracotta_yellow" },
				"north": { "uv": [ 9, 2, 9.5, 3 ], "texture": "#terracotta_yellow" },
				"south": { "uv": [ 6.5, 2, 7, 3 ], "texture": "#terracotta_yellow" },
				"west": { "uv": [ 7, 2, 7.5, 3 ], "texture": "#terracotta_yellow" },
				"east": { "uv": [ 8.5, 2, 9, 3 ], "texture": "#terracotta_yellow" }
			}
		},
		{
			"__comment": "terracotta_yellow1",
			"from": [ 7, 14, 7 ],
			"to": [ 9, 14.5, 7.5 ],
			"faces": {
				"down": { "uv": [ 7, 8.5, 9, 9 ], "texture": "#terracotta_yellow" },
				"up": { "uv": [ 7, 7, 9, 7.5 ], "texture": "#terracotta_yellow" },
				"north": { "uv": [ 7, 1.5, 9, 2 ], "texture": "#terracotta_yellow" },
				"south": { "uv": [ 7, 1.5, 9, 2 ], "texture": "#terracotta_yellow" },
				"west": { "uv": [ 7, 1.5, 7.5, 2 ], "texture": "#terracotta_yellow" },
				"east": { "uv": [ 8.5, 1.5, 9, 2 ], "texture": "#terracotta_yellow" }
			}
		},
		{
			"__comment": "terracotta_yellow1",
			"from": [ 9, 13, 7 ],
			"to": [ 9.5, 14, 7.5 ],
			"faces": {
				"down": { "uv": [ 9, 8.5, 9.5, 9 ], "texture": "#terracotta_yellow" },
				"up": { "uv": [ 9, 7, 9.5, 7.5 ], "texture": "#terracotta_yellow" },
				"north": { "uv": [ 6.5, 2, 7, 3 ], "texture": "#terracotta_yellow" },
				"south": { "uv": [ 9, 2, 9.5, 3 ], "texture": "#terracotta_yellow" },
				"west": { "uv": [ 7, 2, 7.5, 3 ], "texture": "#terracotta_yellow" },
				"east": { "uv": [ 8.5, 2, 9, 3 ], "texture": "#terracotta_yellow" }
			}
		},
		{
			"__comment": "terracotta_yellow1",
			"from": [ 7.5, 10, 4.5 ],
			"to": [ 8.5, 10.5, 5 ],
			"rotation": { "origin": [ 7.5, 9, 5 ], "axis": "y", "angle": -22.5 },
			"faces": {
				"down": { "uv": [ 7, 7, 8, 7.5 ], "texture": "#terracotta_yellow" },
				"up": { "uv": [ 7, 8.5, 8, 9 ], "texture": "#terracotta_yellow" },
				"north": { "uv": [ 8, 15.5, 7, 15 ], "texture": "#terracotta_yellow" },
				"south": { "uv": [ 9, 15.5, 8, 15 ], "texture": "#terracotta_yellow" },
				"west": { "uv": [ 7, 15, 7.5, 15.5 ], "texture": "#terracotta_yellow", "rotation": 180 },
				"east": { "uv": [ 8.5, 15, 9, 15.5 ], "texture": "#terracotta_yellow", "rotation": 180 }
			}
		},
		{
			"__comment": "terracotta_yellow1",
			"from": [ 8.5, 10.3087, 4.0381 ],
			"to": [ 9, 11.3087, 4.5381 ],
			"rotation": { "origin": [ 7.5, 9, 5 ], "axis": "x", "angle": 22.5 },
			"faces": {
				"down": { "uv": [ 8.5, 7, 9, 7.5 ], "texture": "#terracotta_yellow" },
				"up": { "uv": [ 8.5, 8.5, 9, 9 ], "texture": "#terracotta_yellow" },
				"north": { "uv": [ 9, 16, 8.5, 15 ], "texture": "#terracotta_yellow" },
				"south": { "uv": [ 7.5, 16, 7, 15 ], "texture": "#terracotta_yellow" },
				"west": { "uv": [ 7, 15, 7.5, 16 ], "texture": "#terracotta_yellow", "rotation": 180 },
				"east": { "uv": [ 8.5, 15, 9, 16 ], "texture": "#terracotta_yellow", "rotation": 180 }
			}
		},
		{
			"__comment": "terracotta_yellow1",
			"from": [ 7, 10.3087, 4.0381 ],
			"to": [ 7.5, 11.3087, 4.5381 ],
			"rotation": { "origin": [ 7.5, 9, 5 ], "axis": "x", "angle": 22.5 },
			"faces": {
				"down": { "uv": [ 7, 7, 7.5, 7.5 ], "texture": "#terracotta_yellow" },
				"up": { "uv": [ 7, 8.5, 7.5, 9 ], "texture": "#terracotta_yellow" },
				"north": { "uv": [ 7.5, 15.5, 7, 14.5 ], "texture": "#terracotta_yellow" },
				"south": { "uv": [ 9, 15.5, 8.5, 14.5 ], "texture": "#terracotta_yellow" },
				"west": { "uv": [ 7, 14.5, 7.5, 15.5 ], "texture": "#terracotta_yellow", "rotation": 180 },
				"east": { "uv": [ 8.5, 14.5, 9, 15.5 ], "texture": "#terracotta_yellow", "rotation": 180 }
			}
		},
		{
			"__comment": "terracotta_yellow1",
			"from": [ 7.5, 8.5, 4.5 ],
			"to": [ 8, 9, 5 ],
			"rotation": { "origin": [ 7.5, 9, 5 ], "axis": "y", "angle": -22.5 },
			"faces": {
				"down": { "uv": [ 7.5, 7, 8, 7.5 ], "texture": "#terracotta_yellow" },
				"up": { "uv": [ 7.5, 8.5, 8, 9 ], "texture": "#terracotta_yellow" },
				"north": { "uv": [ 8, 13, 7.5, 12.5 ], "texture": "#terracotta_yellow" },
				"south": { "uv": [ 8.5, 13, 8, 12.5 ], "texture": "#terracotta_yellow" },
				"west": { "uv": [ 7, 12.5, 7.5, 13 ], "texture": "#terracotta_yellow", "rotation": 180 },
				"east": { "uv": [ 8.5, 12.5, 9, 13 ], "texture": "#terracotta_yellow", "rotation": 180 }
			}
		},
		{
			"__comment": "terracotta_yellow1",
			"from": [ 7.5, 9, 4 ],
			"to": [ 8, 10, 4.5 ],
			"rotation": { "origin": [ 7.5, 9, 5 ], "axis": "y", "angle": -22.5 },
			"faces": {
				"down": { "uv": [ 8, 7.5, 8.5, 8 ], "texture": "#terracotta_yellow" },
				"up": { "uv": [ 8, 8, 8.5, 8.5 ], "texture": "#terracotta_yellow" },
				"north": { "uv": [ 8.5, 1, 8, 0 ], "texture": "#terracotta_yellow" },
				"south": { "uv": [ 8, 1, 7.5, 0 ], "texture": "#terracotta_yellow" },
				"west": { "uv": [ 7.5, 0, 8, 1 ], "texture": "#terracotta_yellow", "rotation": 180 },
				"east": { "uv": [ 8, 0, 8.5, 1 ], "texture": "#terracotta_yellow", "rotation": 180 }
			}
		},
		{
			"__comment": "terracotta_yellow1",
			"from": [ 7.5, 9, 5 ],
			"to": [ 8, 10, 5.5 ],
			"rotation": { "origin": [ 7.5, 9, 5 ], "axis": "y", "angle": -22.5 },
			"faces": {
				"down": { "uv": [ 7.5, 6.5, 8, 7 ], "texture": "#terracotta_yellow" },
				"up": { "uv": [ 7.5, 9, 8, 9.5 ], "texture": "#terracotta_yellow" },
				"north": { "uv": [ 8, 13.5, 7.5, 12.5 ], "texture": "#terracotta_yellow" },
				"south": { "uv": [ 8.5, 13.5, 8, 12.5 ], "texture": "#terracotta_yellow" },
				"west": { "uv": [ 6.5, 12.5, 7, 13.5 ], "texture": "#terracotta_yellow", "rotation": 180 },
				"east": { "uv": [ 9, 12.5, 9.5, 13.5 ], "texture": "#terracotta_yellow", "rotation": 180 }
			}
		},
		{
			"__comment": "terracotta_yellow1",
			"from": [ 8, 11.2929, 3.5858 ],
			"to": [ 8.5, 12.2929, 4.0858 ],
			"rotation": { "origin": [ 7.5, 9, 5 ], "axis": "x", "angle": 45 },
			"faces": {
				"down": { "uv": [ 8, 6.5, 8.5, 7 ], "texture": "#terracotta_yellow" },
				"up": { "uv": [ 8, 9, 8.5, 9.5 ], "texture": "#terracotta_yellow" },
				"north": { "uv": [ 8.5, 1, 8, 0 ], "texture": "#terracotta_yellow" },
				"south": { "uv": [ 8, 1, 7.5, 0 ], "texture": "#terracotta_yellow" },
				"west": { "uv": [ 6.5, 0, 7, 1 ], "texture": "#terracotta_yellow", "rotation": 180 },
				"east": { "uv": [ 9, 0, 9.5, 1 ], "texture": "#terracotta_yellow", "rotation": 180 }
			}
		},
		{
			"__comment": "terracotta_yellow1",
			"from": [ 8, 12.2929, 3.0858 ],
			"to": [ 8.5, 12.7929, 3.5858 ],
			"rotation": { "origin": [ 7.5, 9, 5 ], "axis": "x", "angle": 45 },
			"faces": {
				"down": { "uv": [ 8, 7, 8.5, 7.5 ], "texture": "#terracotta_yellow" },
				"up": { "uv": [ 8, 8.5, 8.5, 9 ], "texture": "#terracotta_yellow" },
				"north": { "uv": [ 8.5, 1.5, 8, 1 ], "texture": "#terracotta_yellow" },
				"south": { "uv": [ 8, 1.5, 7.5, 1 ], "texture": "#terracotta_yellow" },
				"west": { "uv": [ 7, 1, 7.5, 1.5 ], "texture": "#terracotta_yellow", "rotation": 180 },
				"east": { "uv": [ 8.5, 1, 9, 1.5 ], "texture": "#terracotta_yellow", "rotation": 180 }
			}
		},
		{
			"__comment": "terracotta_yellow1",
			"from": [ 8, 11.2929, 2.5858 ],
			"to": [ 8.5, 12.2929, 3.0858 ],
			"rotation": { "origin": [ 7.5, 9, 5 ], "axis": "x", "angle": 45 },
			"faces": {
				"down": { "uv": [ 8, 7.5, 8.5, 8 ], "texture": "#terracotta_yellow" },
				"up": { "uv": [ 8, 8, 8.5, 8.5 ], "texture": "#terracotta_yellow" },
				"north": { "uv": [ 8.5, 1, 8, 0 ], "texture": "#terracotta_yellow" },
				"south": { "uv": [ 8, 1, 7.5, 0 ], "texture": "#terracotta_yellow" },
				"west": { "uv": [ 7.5, 0, 8, 1 ], "texture": "#terracotta_yellow", "rotation": 180 },
				"east": { "uv": [ 8, 0, 8.5, 1 ], "texture": "#terracotta_yellow", "rotation": 180 }
			}
		},
		{
			"__comment": "redstone_block",
			"from": [ 8, 8, 8 ],
			"to": [ 8.5, 10, 8.5 ],
			"faces": {
				"down": { "uv": [ 8, 7.5, 8.5, 8 ], "texture": "#redstone_block" },
				"up": { "uv": [ 8, 8, 8.5, 8.5 ], "texture": "#redstone_block" },
				"north": { "uv": [ 7.5, 6, 8, 8 ], "texture": "#redstone_block" },
				"south": { "uv": [ 8, 6, 8.5, 8 ], "texture": "#redstone_block" },
				"west": { "uv": [ 8, 6, 8.5, 8 ], "texture": "#redstone_block" },
				"east": { "uv": [ 7.5, 6, 8, 8 ], "texture": "#redstone_block" }
			}
		},
		{
			"__comment": "redstone_block",
			"from": [ 7.5, 7.5, 8 ],
			"to": [ 8, 8, 8.5 ],
			"faces": {
				"down": { "uv": [ 7.5, 7.5, 8, 8 ], "texture": "#redstone_block" },
				"up": { "uv": [ 7.5, 8, 8, 8.5 ], "texture": "#redstone_block" },
				"north": { "uv": [ 8, 8, 8.5, 8.5 ], "texture": "#redstone_block" },
				"south": { "uv": [ 7.5, 8, 8, 8.5 ], "texture": "#redstone_block" },
				"west": { "uv": [ 8, 8, 8.5, 8.5 ], "texture": "#redstone_block" },
				"east": { "uv": [ 7.5, 8, 8, 8.5 ], "texture": "#redstone_block" }
			}
		},
		{
			"__comment": "redstone_block",
			"from": [ 7, 7, 8 ],
			"to": [ 7.5, 7.5, 8.5 ],
			"faces": {
				"down": { "uv": [ 7, 7.5, 7.5, 8 ], "texture": "#redstone_block" },
				"up": { "uv": [ 7, 8, 7.5, 8.5 ], "texture": "#redstone_block" },
				"north": { "uv": [ 8.5, 8.5, 9, 9 ], "texture": "#redstone_block" },
				"south": { "uv": [ 7, 8.5, 7.5, 9 ], "texture": "#redstone_block" },
				"west": { "uv": [ 8, 8.5, 8.5, 9 ], "texture": "#redstone_block" },
				"east": { "uv": [ 7.5, 8.5, 8, 9 ], "texture": "#redstone_block" }
			}
		}
	],
	"display": {
		"thirdperson_righthand": {
			"rotation":  [ 50, -34, -2 ],
			"translation":  [ 0, 1.2, 1.3913 ],
			"scale":  [ 0.4, 0.4, 0.4 ]
		},
		"thirdperson_lefthand": {
			"rotation":  [ 50, -34, -2 ],
			"translation":  [ 0, 1.2, 1.3913 ],
			"scale":  [ 0.4, 0.4, 0.4 ]
		},
		"firstperson_righthand": {
			"rotation":  [ -15, -85, -17 ],
			"translation":  [ 0, 2.7826, 0 ],
			"scale":  [ 0.4, 0.4, 0.4 ]
		},
		"firstperson_lefthand": {
			"rotation":  [ -17, -77, -17 ],
			"translation":  [ 0, 2.7826, 0 ],
			"scale":  [ 0.4, 0.4, 0.4 ]
		},
		"gui": {
			"rotation":  [ 11, -25, -2 ],
			"translation":  [ 0, -2.086, 0 ],
			"scale":  [ 1.4, 1.4, 1.4 ]
		},
		"ground": {
			"rotation":  [ -33, 0, 0 ],
			"scale":  [ 0.5, 0.5, 0.5 ]
		},
		"fixed": {
			"rotation":  [ 6, 152, 0 ],
			"translation":  [ 0, -1.391, -4.868 ],
			"scale":  [ 1.5, 1.5, 1.5 ]
		}
	}
}
