{
	"__comment": "Designed by Mouskegamer with Cubik Studio - https://cubik.studio",
	"textures": {
		"particle": "block/red_concrete",
		"texture": "block/white_terracotta",
		"texture1": "block/snow",
		"texture2": "block/red_wool",
		"texture3": "block/spruce_planks",
		"texture4": "block/red_wool"
	},
	"elements": [ 	 
		{
			"__comment": "Box1",
			"from": [ 7, 20.5, 5 ],
			"to": [ 9, 21.5, 6 ],
			"faces": {
				"down": { "uv": [ 7, 10, 9, 11 ], "texture": "#texture" },
				"up": { "uv": [ 7, 5, 9, 6 ], "texture": "#texture" },
				"north": { "uv": [ 7, 10.5, 9, 11.5 ], "texture": "#texture" },
				"south": { "uv": [ 7, 10.5, 9, 11.5 ], "texture": "#texture" },
				"west": { "uv": [ 5, 10.5, 6, 11.5 ], "texture": "#texture" },
				"east": { "uv": [ 10, 10.5, 11, 11.5 ], "texture": "#texture" }
			}
		},
		{
			"__comment": "Box1",
			"from": [ 6.5, 21, 5 ],
			"to": [ 9.5, 22, 6 ],
			"faces": {
				"down": { "uv": [ 6.5, 10, 9.5, 11 ], "texture": "#texture" },
				"up": { "uv": [ 6.5, 5, 9.5, 6 ], "texture": "#texture" },
				"north": { "uv": [ 6.5, 10, 9.5, 11 ], "texture": "#texture" },
				"south": { "uv": [ 6.5, 10, 9.5, 11 ], "texture": "#texture" },
				"west": { "uv": [ 5, 10, 6, 11 ], "texture": "#texture" },
				"east": { "uv": [ 10, 10, 11, 11 ], "texture": "#texture" }
			}
		},
		{
			"__comment": "Box1",
			"from": [ 6, 21.5, 5 ],
			"to": [ 6.5, 22.5, 6 ],
			"faces": {
				"down": { "uv": [ 6, 10, 6.5, 11 ], "texture": "#texture" },
				"up": { "uv": [ 6, 5, 6.5, 6 ], "texture": "#texture" },
				"north": { "uv": [ 9.5, 9.5, 10, 10.5 ], "texture": "#texture" },
				"south": { "uv": [ 6, 9.5, 6.5, 10.5 ], "texture": "#texture" },
				"west": { "uv": [ 5, 9.5, 6, 10.5 ], "texture": "#texture" },
				"east": { "uv": [ 10, 9.5, 11, 10.5 ], "texture": "#texture" }
			}
		},
		{
			"__comment": "Box1",
			"from": [ 5.5, 22, 5 ],
			"to": [ 7.5, 23, 6 ],
			"faces": {
				"down": { "uv": [ 5.5, 10, 7.5, 11 ], "texture": "#texture" },
				"up": { "uv": [ 5.5, 5, 7.5, 6 ], "texture": "#texture" },
				"north": { "uv": [ 8.5, 9, 10.5, 10 ], "texture": "#texture" },
				"south": { "uv": [ 5.5, 9, 7.5, 10 ], "texture": "#texture" },
				"west": { "uv": [ 5, 9, 6, 10 ], "texture": "#texture" },
				"east": { "uv": [ 10, 9, 11, 10 ], "texture": "#texture" }
			}
		},
		{
			"__comment": "Box1",
			"from": [ 8.5, 22, 5 ],
			"to": [ 10.5, 23, 6 ],
			"faces": {
				"down": { "uv": [ 8.5, 10, 10.5, 11 ], "texture": "#texture" },
				"up": { "uv": [ 8.5, 5, 10.5, 6 ], "texture": "#texture" },
				"north": { "uv": [ 5.5, 9, 7.5, 10 ], "texture": "#texture" },
				"south": { "uv": [ 8.5, 9, 10.5, 10 ], "texture": "#texture" },
				"west": { "uv": [ 5, 9, 6, 10 ], "texture": "#texture" },
				"east": { "uv": [ 10, 9, 11, 10 ], "texture": "#texture" }
			}
		},
		{
			"__comment": "Box1",
			"from": [ 4.5, 23, 5 ],
			"to": [ 11.5, 24, 6 ],
			"faces": {
				"down": { "uv": [ 4.5, 10, 11.5, 11 ], "texture": "#texture" },
				"up": { "uv": [ 4.5, 5, 11.5, 6 ], "texture": "#texture" },
				"north": { "uv": [ 4.5, 8, 11.5, 9 ], "texture": "#texture" },
				"south": { "uv": [ 4.5, 8, 11.5, 9 ], "texture": "#texture" },
				"west": { "uv": [ 5, 8, 6, 9 ], "texture": "#texture" },
				"east": { "uv": [ 10, 8, 11, 9 ], "texture": "#texture" }
			}
		},
		{
			"__comment": "Box1",
			"from": [ 4, 24, 5 ],
			"to": [ 12, 25, 6 ],
			"faces": {
				"down": { "uv": [ 4, 10, 12, 11 ], "texture": "#texture" },
				"up": { "uv": [ 4, 5, 12, 6 ], "texture": "#texture" },
				"north": { "uv": [ 4, 7, 12, 8 ], "texture": "#texture" },
				"south": { "uv": [ 4, 7, 12, 8 ], "texture": "#texture" },
				"west": { "uv": [ 5, 7, 6, 8 ], "texture": "#texture" },
				"east": { "uv": [ 10, 7, 11, 8 ], "texture": "#texture" }
			}
		},
		{
			"__comment": "Box1",
			"from": [ 9, 21.5, 5 ],
			"to": [ 10, 22.5, 6 ],
			"faces": {
				"down": { "uv": [ 9, 10, 10, 11 ], "texture": "#texture" },
				"up": { "uv": [ 9, 5, 10, 6 ], "texture": "#texture" },
				"north": { "uv": [ 6, 9.5, 7, 10.5 ], "texture": "#texture" },
				"south": { "uv": [ 9, 9.5, 10, 10.5 ], "texture": "#texture" },
				"west": { "uv": [ 5, 9.5, 6, 10.5 ], "texture": "#texture" },
				"east": { "uv": [ 10, 9.5, 11, 10.5 ], "texture": "#texture" }
			}
		},
		{
			"__comment": "Box1",
			"from": [ 5.5, 22, 5.5 ],
			"to": [ 10.5, 24.5, 6 ],
			"faces": {
				"down": { "uv": [ 5.5, 10, 10.5, 10.5 ], "texture": "#particle" },
				"up": { "uv": [ 5.5, 5.5, 10.5, 6 ], "texture": "#particle" },
				"north": { "uv": [ 5.5, 7.5, 10.5, 10 ], "texture": "#particle" },
				"south": { "uv": [ 5.5, 7.5, 10.5, 10 ], "texture": "#particle" },
				"west": { "uv": [ 5.5, 7.5, 6, 10 ], "texture": "#particle" },
				"east": { "uv": [ 10, 7.5, 10.5, 10 ], "texture": "#particle" }
			}
		},
		{
			"__comment": "Box1",
			"from": [ 4, 26, 5 ],
			"to": [ 12, 27, 5.5 ],
			"faces": {
				"down": { "uv": [ 4, 10.5, 12, 11 ], "texture": "#texture" },
				"up": { "uv": [ 4, 5, 12, 5.5 ], "texture": "#texture" },
				"north": { "uv": [ 4, 5, 12, 6 ], "texture": "#texture" },
				"south": { "uv": [ 4, 5, 12, 6 ], "texture": "#texture" },
				"west": { "uv": [ 5, 5, 5.5, 6 ], "texture": "#texture" },
				"east": { "uv": [ 10.5, 5, 11, 6 ], "texture": "#texture" }
			}
		},
		{
			"__comment": "Box1",
			"from": [ 7.5, 24.5, 4 ],
			"to": [ 8.5, 25, 5 ],
			"faces": {
				"down": { "uv": [ 7.5, 11, 8.5, 12 ], "texture": "#particle" },
				"up": { "uv": [ 7.5, 4, 8.5, 5 ], "texture": "#particle" },
				"north": { "uv": [ 7.5, 7, 8.5, 7.5 ], "texture": "#particle" },
				"south": { "uv": [ 7.5, 7, 8.5, 7.5 ], "texture": "#particle" },
				"west": { "uv": [ 4, 7, 5, 7.5 ], "texture": "#particle" },
				"east": { "uv": [ 11, 7, 12, 7.5 ], "texture": "#particle" }
			}
		},
		{
			"__comment": "Box1",
			"from": [ 8.5, 27.5, 5 ],
			"to": [ 10, 28, 6 ],
			"faces": {
				"down": { "uv": [ 8.5, 10, 10, 11 ], "texture": "#texture" },
				"up": { "uv": [ 8.5, 5, 10, 6 ], "texture": "#texture" },
				"north": { "uv": [ 6, 4, 7.5, 4.5 ], "texture": "#texture" },
				"south": { "uv": [ 8.5, 4, 10, 4.5 ], "texture": "#texture" },
				"west": { "uv": [ 5, 4, 6, 4.5 ], "texture": "#texture" },
				"east": { "uv": [ 10, 4, 11, 4.5 ], "texture": "#texture" }
			}
		},
		{
			"__comment": "Box1",
			"from": [ 9, 26.5, 5 ],
			"to": [ 9.5, 27, 6 ],
			"faces": {
				"down": { "uv": [ 9, 10, 9.5, 11 ], "texture": "#texture" },
				"up": { "uv": [ 9, 5, 9.5, 6 ], "texture": "#texture" },
				"north": { "uv": [ 6.5, 5, 7, 5.5 ], "texture": "#texture" },
				"south": { "uv": [ 9, 5, 9.5, 5.5 ], "texture": "#texture" },
				"west": { "uv": [ 5, 5, 6, 5.5 ], "texture": "#texture" },
				"east": { "uv": [ 10, 5, 11, 5.5 ], "texture": "#texture" }
			}
		},
		{
			"__comment": "Box1",
			"from": [ 8.5, 26.5, 5 ],
			"to": [ 9, 27.5, 6 ],
			"faces": {
				"down": { "uv": [ 8.5, 10, 9, 11 ], "texture": "#texture" },
				"up": { "uv": [ 8.5, 5, 9, 6 ], "texture": "#texture" },
				"north": { "uv": [ 7, 4.5, 7.5, 5.5 ], "texture": "#texture" },
				"south": { "uv": [ 8.5, 4.5, 9, 5.5 ], "texture": "#texture" },
				"west": { "uv": [ 5, 4.5, 6, 5.5 ], "texture": "#texture" },
				"east": { "uv": [ 10, 4.5, 11, 5.5 ], "texture": "#texture" }
			}
		},
		{
			"__comment": "Box1",
			"from": [ 7, 26.5, 5 ],
			"to": [ 7.5, 27.5, 6 ],
			"faces": {
				"down": { "uv": [ 7, 10, 7.5, 11 ], "texture": "#texture" },
				"up": { "uv": [ 7, 5, 7.5, 6 ], "texture": "#texture" },
				"north": { "uv": [ 8.5, 4.5, 9, 5.5 ], "texture": "#texture" },
				"south": { "uv": [ 7, 4.5, 7.5, 5.5 ], "texture": "#texture" },
				"west": { "uv": [ 5, 4.5, 6, 5.5 ], "texture": "#texture" },
				"east": { "uv": [ 10, 4.5, 11, 5.5 ], "texture": "#texture" }
			}
		},
		{
			"__comment": "Box1",
			"from": [ 9, 27, 5 ],
			"to": [ 10, 27.5, 6 ],
			"faces": {
				"down": { "uv": [ 9, 10, 10, 11 ], "texture": "#texture" },
				"up": { "uv": [ 9, 5, 10, 6 ], "texture": "#texture" },
				"north": { "uv": [ 6, 4.5, 7, 5 ], "texture": "#texture" },
				"south": { "uv": [ 9, 4.5, 10, 5 ], "texture": "#texture" },
				"west": { "uv": [ 5, 4.5, 6, 5 ], "texture": "#texture" },
				"east": { "uv": [ 10, 4.5, 11, 5 ], "texture": "#texture" }
			}
		},
		{
			"__comment": "Box1",
			"from": [ 6, 27, 5 ],
			"to": [ 7, 27.5, 6 ],
			"faces": {
				"down": { "uv": [ 6, 10, 7, 11 ], "texture": "#texture" },
				"up": { "uv": [ 6, 5, 7, 6 ], "texture": "#texture" },
				"north": { "uv": [ 9, 4.5, 10, 5 ], "texture": "#texture" },
				"south": { "uv": [ 6, 4.5, 7, 5 ], "texture": "#texture" },
				"west": { "uv": [ 5, 4.5, 6, 5 ], "texture": "#texture" },
				"east": { "uv": [ 10, 4.5, 11, 5 ], "texture": "#texture" }
			}
		},
		{
			"__comment": "Box1",
			"from": [ 6, 27.5, 5 ],
			"to": [ 7.5, 28, 6 ],
			"faces": {
				"down": { "uv": [ 6, 10, 7.5, 11 ], "texture": "#texture" },
				"up": { "uv": [ 6, 5, 7.5, 6 ], "texture": "#texture" },
				"north": { "uv": [ 8.5, 4, 10, 4.5 ], "texture": "#texture" },
				"south": { "uv": [ 6, 4, 7.5, 4.5 ], "texture": "#texture" },
				"west": { "uv": [ 5, 4, 6, 4.5 ], "texture": "#texture" },
				"east": { "uv": [ 10, 4, 11, 4.5 ], "texture": "#texture" }
			}
		},
		{
			"__comment": "Box1",
			"from": [ 6.5, 26.5, 5 ],
			"to": [ 7, 27, 6 ],
			"faces": {
				"down": { "uv": [ 6.5, 10, 7, 11 ], "texture": "#texture" },
				"up": { "uv": [ 6.5, 5, 7, 6 ], "texture": "#texture" },
				"north": { "uv": [ 9, 5, 9.5, 5.5 ], "texture": "#texture" },
				"south": { "uv": [ 6.5, 5, 7, 5.5 ], "texture": "#texture" },
				"west": { "uv": [ 5, 5, 6, 5.5 ], "texture": "#texture" },
				"east": { "uv": [ 10, 5, 11, 5.5 ], "texture": "#texture" }
			}
		},
		{
			"__comment": "Box1",
			"from": [ 10, 27, 5 ],
			"to": [ 10.5, 28, 6 ],
			"faces": {
				"down": { "uv": [ 10, 10, 10.5, 11 ], "texture": "#texture" },
				"up": { "uv": [ 10, 5, 10.5, 6 ], "texture": "#texture" },
				"north": { "uv": [ 5.5, 4, 6, 5 ], "texture": "#texture" },
				"south": { "uv": [ 10, 4, 10.5, 5 ], "texture": "#texture" },
				"west": { "uv": [ 5, 4, 6, 5 ], "texture": "#texture" },
				"east": { "uv": [ 10, 4, 11, 5 ], "texture": "#texture" }
			}
		},
		{
			"__comment": "Box1",
			"from": [ 5.5, 27, 5 ],
			"to": [ 6, 28, 6 ],
			"faces": {
				"down": { "uv": [ 5.5, 10, 6, 11 ], "texture": "#texture" },
				"up": { "uv": [ 5.5, 5, 6, 6 ], "texture": "#texture" },
				"north": { "uv": [ 10, 4, 10.5, 5 ], "texture": "#texture" },
				"south": { "uv": [ 5.5, 4, 6, 5 ], "texture": "#texture" },
				"west": { "uv": [ 5, 4, 6, 5 ], "texture": "#texture" },
				"east": { "uv": [ 10, 4, 11, 5 ], "texture": "#texture" }
			}
		},
		{
			"__comment": "Box1",
			"from": [ 9, 28, 5 ],
			"to": [ 10.5, 28.5, 6 ],
			"faces": {
				"down": { "uv": [ 9, 10, 10.5, 11 ], "texture": "#texture" },
				"up": { "uv": [ 9, 5, 10.5, 6 ], "texture": "#texture" },
				"north": { "uv": [ 5.5, 3.5, 7, 4 ], "texture": "#texture" },
				"south": { "uv": [ 9, 3.5, 10.5, 4 ], "texture": "#texture" },
				"west": { "uv": [ 5, 3.5, 6, 4 ], "texture": "#texture" },
				"east": { "uv": [ 10, 3.5, 11, 4 ], "texture": "#texture" }
			}
		},
		{
			"__comment": "Box1",
			"from": [ 10.5, 27, 5 ],
			"to": [ 11, 28, 6 ],
			"faces": {
				"down": { "uv": [ 10.5, 10, 11, 11 ], "texture": "#texture" },
				"up": { "uv": [ 10.5, 5, 11, 6 ], "texture": "#texture" },
				"north": { "uv": [ 5, 4, 5.5, 5 ], "texture": "#texture" },
				"south": { "uv": [ 10.5, 4, 11, 5 ], "texture": "#texture" },
				"west": { "uv": [ 5, 4, 6, 5 ], "texture": "#texture" },
				"east": { "uv": [ 10, 4, 11, 5 ], "texture": "#texture" }
			}
		},
		{
			"__comment": "Box1",
			"from": [ 5.5, 28, 5 ],
			"to": [ 7, 28.5, 6 ],
			"faces": {
				"down": { "uv": [ 5.5, 10, 7, 11 ], "texture": "#texture" },
				"up": { "uv": [ 5.5, 5, 7, 6 ], "texture": "#texture" },
				"north": { "uv": [ 9, 3.5, 10.5, 4 ], "texture": "#texture" },
				"south": { "uv": [ 5.5, 3.5, 7, 4 ], "texture": "#texture" },
				"west": { "uv": [ 5, 3.5, 6, 4 ], "texture": "#texture" },
				"east": { "uv": [ 10, 3.5, 11, 4 ], "texture": "#texture" }
			}
		},
		{
			"__comment": "Box1",
			"from": [ 6, 28.5, 5 ],
			"to": [ 7, 29, 6 ],
			"faces": {
				"down": { "uv": [ 6, 10, 7, 11 ], "texture": "#texture2" },
				"up": { "uv": [ 6, 5, 7, 6 ], "texture": "#texture2" },
				"north": { "uv": [ 9, 3, 10, 3.5 ], "texture": "#texture2" },
				"south": { "uv": [ 6, 3, 7, 3.5 ], "texture": "#texture2" },
				"west": { "uv": [ 5, 3, 6, 3.5 ], "texture": "#texture2" },
				"east": { "uv": [ 10, 3, 11, 3.5 ], "texture": "#texture2" }
			}
		},
		{
			"__comment": "Box1",
			"from": [ 9, 28.5, 5 ],
			"to": [ 10, 29, 6 ],
			"faces": {
				"down": { "uv": [ 9, 10, 10, 11 ], "texture": "#texture2" },
				"up": { "uv": [ 9, 5, 10, 6 ], "texture": "#texture2" },
				"north": { "uv": [ 6, 3, 7, 3.5 ], "texture": "#texture2" },
				"south": { "uv": [ 9, 3, 10, 3.5 ], "texture": "#texture2" },
				"west": { "uv": [ 5, 3, 6, 3.5 ], "texture": "#texture2" },
				"east": { "uv": [ 10, 3, 11, 3.5 ], "texture": "#texture2" }
			}
		},
		{
			"__comment": "Box1",
			"from": [ 6.5, 29, 5.5 ],
			"to": [ 9.5, 30.5, 6.5 ],
			"faces": {
				"down": { "uv": [ 6.5, 9.5, 9.5, 10.5 ], "texture": "#texture2" },
				"up": { "uv": [ 6.5, 5.5, 9.5, 6.5 ], "texture": "#texture2" },
				"north": { "uv": [ 6.5, 1.5, 9.5, 3 ], "texture": "#texture2" },
				"south": { "uv": [ 6.5, 1.5, 9.5, 3 ], "texture": "#texture2" },
				"west": { "uv": [ 5.5, 1.5, 6.5, 3 ], "texture": "#texture2" },
				"east": { "uv": [ 9.5, 1.5, 10.5, 3 ], "texture": "#texture2" }
			}
		},
		{
			"__comment": "Box1",
			"from": [ 6, 29, 5.5 ],
			"to": [ 10, 30, 6.5 ],
			"faces": {
				"down": { "uv": [ 6, 9.5, 10, 10.5 ], "texture": "#texture2" },
				"up": { "uv": [ 6, 5.5, 10, 6.5 ], "texture": "#texture2" },
				"north": { "uv": [ 6, 2, 10, 3 ], "texture": "#texture2" },
				"south": { "uv": [ 6, 2, 10, 3 ], "texture": "#texture2" },
				"west": { "uv": [ 5.5, 2, 6.5, 3 ], "texture": "#texture2" },
				"east": { "uv": [ 9.5, 2, 10.5, 3 ], "texture": "#texture2" }
			}
		},
		{
			"__comment": "Box1",
			"from": [ 5.5, 28.5, 5.5 ],
			"to": [ 10.5, 29.5, 6.5 ],
			"faces": {
				"down": { "uv": [ 5.5, 9.5, 10.5, 10.5 ], "texture": "#texture2" },
				"up": { "uv": [ 5.5, 5.5, 10.5, 6.5 ], "texture": "#texture2" },
				"north": { "uv": [ 5.5, 2.5, 10.5, 3.5 ], "texture": "#texture2" },
				"south": { "uv": [ 5.5, 2.5, 10.5, 3.5 ], "texture": "#texture2" },
				"west": { "uv": [ 5.5, 2.5, 6.5, 3.5 ], "texture": "#texture2" },
				"east": { "uv": [ 9.5, 2.5, 10.5, 3.5 ], "texture": "#texture2" }
			}
		},
		{
			"__comment": "Box1",
			"from": [ 5, 28, 5.5 ],
			"to": [ 11, 29, 6.5 ],
			"faces": {
				"down": { "uv": [ 5, 9.5, 11, 10.5 ], "texture": "#texture2" },
				"up": { "uv": [ 5, 5.5, 11, 6.5 ], "texture": "#texture2" },
				"north": { "uv": [ 5, 3, 11, 4 ], "texture": "#texture2" },
				"south": { "uv": [ 5, 3, 11, 4 ], "texture": "#texture2" },
				"west": { "uv": [ 5.5, 3, 6.5, 4 ], "texture": "#texture2" },
				"east": { "uv": [ 9.5, 3, 10.5, 4 ], "texture": "#texture2" }
			}
		},
		{
			"__comment": "Box1",
			"from": [ 4.5, 26, 5.5 ],
			"to": [ 11.5, 28.5, 6.5 ],
			"faces": {
				"down": { "uv": [ 4.5, 9.5, 11.5, 10.5 ], "texture": "#texture2" },
				"up": { "uv": [ 4.5, 5.5, 11.5, 6.5 ], "texture": "#texture2" },
				"north": { "uv": [ 4.5, 3.5, 11.5, 6 ], "texture": "#texture2" },
				"south": { "uv": [ 4.5, 3.5, 11.5, 6 ], "texture": "#texture2" },
				"west": { "uv": [ 5.5, 3.5, 6.5, 6 ], "texture": "#texture2" },
				"east": { "uv": [ 9.5, 3.5, 10.5, 6 ], "texture": "#texture2" }
			}
		},
		{
			"__comment": "Box1",
			"from": [ 4, 24, 6 ],
			"to": [ 12, 25.5, 6.5 ],
			"faces": {
				"down": { "uv": [ 4, 9.5, 12, 10 ], "texture": "#texture2" },
				"up": { "uv": [ 4, 6, 12, 6.5 ], "texture": "#texture2" },
				"north": { "uv": [ 4, 6.5, 12, 8 ], "texture": "#texture2" },
				"south": { "uv": [ 4, 6.5, 12, 8 ], "texture": "#texture2" },
				"west": { "uv": [ 6, 6.5, 6.5, 8 ], "texture": "#texture2" },
				"east": { "uv": [ 9.5, 6.5, 10, 8 ], "texture": "#texture2" }
			}
		},
		{
			"__comment": "Box1",
			"from": [ 4.5, 23, 6 ],
			"to": [ 11.5, 24, 6.5 ],
			"faces": {
				"down": { "uv": [ 4.5, 9.5, 11.5, 10 ], "texture": "#texture2" },
				"up": { "uv": [ 4.5, 6, 11.5, 6.5 ], "texture": "#texture2" },
				"north": { "uv": [ 4.5, 8, 11.5, 9 ], "texture": "#texture2" },
				"south": { "uv": [ 4.5, 8, 11.5, 9 ], "texture": "#texture2" },
				"west": { "uv": [ 6, 8, 6.5, 9 ], "texture": "#texture2" },
				"east": { "uv": [ 9.5, 8, 10, 9 ], "texture": "#texture2" }
			}
		},
		{
			"__comment": "Box1",
			"from": [ 5, 22, 6 ],
			"to": [ 11, 23, 6.5 ],
			"faces": {
				"down": { "uv": [ 5, 9.5, 11, 10 ], "texture": "#texture2" },
				"up": { "uv": [ 5, 6, 11, 6.5 ], "texture": "#texture2" },
				"north": { "uv": [ 5, 9, 11, 10 ], "texture": "#texture2" },
				"south": { "uv": [ 5, 9, 11, 10 ], "texture": "#texture2" },
				"west": { "uv": [ 6, 9, 6.5, 10 ], "texture": "#texture2" },
				"east": { "uv": [ 9.5, 9, 10, 10 ], "texture": "#texture2" }
			}
		},
		{
			"__comment": "Box1",
			"from": [ 5.5, 21.5, 6 ],
			"to": [ 10.5, 22, 6.5 ],
			"faces": {
				"down": { "uv": [ 5.5, 9.5, 10.5, 10 ], "texture": "#texture2" },
				"up": { "uv": [ 5.5, 6, 10.5, 6.5 ], "texture": "#texture2" },
				"north": { "uv": [ 5.5, 10, 10.5, 10.5 ], "texture": "#texture2" },
				"south": { "uv": [ 5.5, 10, 10.5, 10.5 ], "texture": "#texture2" },
				"west": { "uv": [ 6, 10, 6.5, 10.5 ], "texture": "#texture2" },
				"east": { "uv": [ 9.5, 10, 10, 10.5 ], "texture": "#texture2" }
			}
		},
		{
			"__comment": "Box1",
			"from": [ 6, 21, 6 ],
			"to": [ 10, 21.5, 6.5 ],
			"faces": {
				"down": { "uv": [ 6, 9.5, 10, 10 ], "texture": "#texture2" },
				"up": { "uv": [ 6, 6, 10, 6.5 ], "texture": "#texture2" },
				"north": { "uv": [ 6, 10.5, 10, 11 ], "texture": "#texture2" },
				"south": { "uv": [ 6, 10.5, 10, 11 ], "texture": "#texture2" },
				"west": { "uv": [ 6, 10.5, 6.5, 11 ], "texture": "#texture2" },
				"east": { "uv": [ 9.5, 10.5, 10, 11 ], "texture": "#texture2" }
			}
		},
		{
			"__comment": "Box1",
			"from": [ 7, 20.5, 6 ],
			"to": [ 9, 21, 6.5 ],
			"faces": {
				"down": { "uv": [ 7, 9.5, 9, 10 ], "texture": "#texture2" },
				"up": { "uv": [ 7, 6, 9, 6.5 ], "texture": "#texture2" },
				"north": { "uv": [ 7, 11, 9, 11.5 ], "texture": "#texture2" },
				"south": { "uv": [ 7, 11, 9, 11.5 ], "texture": "#texture2" },
				"west": { "uv": [ 6, 11, 6.5, 11.5 ], "texture": "#texture2" },
				"east": { "uv": [ 9.5, 11, 10, 11.5 ], "texture": "#texture2" }
			}
		},
		{
			"__comment": "Box1",
			"from": [ 5, 25.5, 6.5 ],
			"to": [ 11, 28, 7.5 ],
			"faces": {
				"down": { "uv": [ 5, 8.5, 11, 9.5 ], "texture": "#texture2" },
				"up": { "uv": [ 5, 6.5, 11, 7.5 ], "texture": "#texture2" },
				"north": { "uv": [ 5, 4, 11, 6.5 ], "texture": "#texture2" },
				"south": { "uv": [ 5, 4, 11, 6.5 ], "texture": "#texture2" },
				"west": { "uv": [ 6.5, 4, 7.5, 6.5 ], "texture": "#texture2" },
				"east": { "uv": [ 8.5, 4, 9.5, 6.5 ], "texture": "#texture2" }
			}
		},
		{
			"__comment": "Box1",
			"from": [ 5.5, 28, 6.5 ],
			"to": [ 10.5, 29, 7.5 ],
			"faces": {
				"down": { "uv": [ 5.5, 8.5, 10.5, 9.5 ], "texture": "#texture2" },
				"up": { "uv": [ 5.5, 6.5, 10.5, 7.5 ], "texture": "#texture2" },
				"north": { "uv": [ 5.5, 3, 10.5, 4 ], "texture": "#texture2" },
				"south": { "uv": [ 5.5, 3, 10.5, 4 ], "texture": "#texture2" },
				"west": { "uv": [ 6.5, 3, 7.5, 4 ], "texture": "#texture2" },
				"east": { "uv": [ 8.5, 3, 9.5, 4 ], "texture": "#texture2" }
			}
		},
		{
			"__comment": "Box1",
			"from": [ 4.5, 24, 6.5 ],
			"to": [ 11.5, 25.5, 7.5 ],
			"faces": {
				"down": { "uv": [ 4.5, 8.5, 11.5, 9.5 ], "texture": "#texture2" },
				"up": { "uv": [ 4.5, 6.5, 11.5, 7.5 ], "texture": "#texture2" },
				"north": { "uv": [ 4.5, 6.5, 11.5, 8 ], "texture": "#texture2" },
				"south": { "uv": [ 4.5, 6.5, 11.5, 8 ], "texture": "#texture2" },
				"west": { "uv": [ 6.5, 6.5, 7.5, 8 ], "texture": "#texture2" },
				"east": { "uv": [ 8.5, 6.5, 9.5, 8 ], "texture": "#texture2" }
			}
		},
		{
			"__comment": "Box1",
			"from": [ 5, 23, 6.5 ],
			"to": [ 11, 24, 7.5 ],
			"faces": {
				"down": { "uv": [ 5, 8.5, 11, 9.5 ], "texture": "#texture2" },
				"up": { "uv": [ 5, 6.5, 11, 7.5 ], "texture": "#texture2" },
				"north": { "uv": [ 5, 8, 11, 9 ], "texture": "#texture2" },
				"south": { "uv": [ 5, 8, 11, 9 ], "texture": "#texture2" },
				"west": { "uv": [ 6.5, 8, 7.5, 9 ], "texture": "#texture2" },
				"east": { "uv": [ 8.5, 8, 9.5, 9 ], "texture": "#texture2" }
			}
		},
		{
			"__comment": "Box1",
			"from": [ 5.5, 22, 6.5 ],
			"to": [ 10.5, 23, 7.5 ],
			"faces": {
				"down": { "uv": [ 5.5, 8.5, 10.5, 9.5 ], "texture": "#texture2" },
				"up": { "uv": [ 5.5, 6.5, 10.5, 7.5 ], "texture": "#texture2" },
				"north": { "uv": [ 5.5, 9, 10.5, 10 ], "texture": "#texture2" },
				"south": { "uv": [ 5.5, 9, 10.5, 10 ], "texture": "#texture2" },
				"west": { "uv": [ 6.5, 9, 7.5, 10 ], "texture": "#texture2" },
				"east": { "uv": [ 8.5, 9, 9.5, 10 ], "texture": "#texture2" }
			}
		},
		{
			"__comment": "Box1",
			"from": [ 6, 21.5, 6.5 ],
			"to": [ 10, 22, 7.5 ],
			"faces": {
				"down": { "uv": [ 6, 8.5, 10, 9.5 ], "texture": "#texture2" },
				"up": { "uv": [ 6, 6.5, 10, 7.5 ], "texture": "#texture2" },
				"north": { "uv": [ 6, 10, 10, 10.5 ], "texture": "#texture2" },
				"south": { "uv": [ 6, 10, 10, 10.5 ], "texture": "#texture2" },
				"west": { "uv": [ 6.5, 10, 7.5, 10.5 ], "texture": "#texture2" },
				"east": { "uv": [ 8.5, 10, 9.5, 10.5 ], "texture": "#texture2" }
			}
		},
		{
			"__comment": "Box1",
			"from": [ 7, 21, 6.5 ],
			"to": [ 9, 21.5, 7.5 ],
			"faces": {
				"down": { "uv": [ 7, 8.5, 9, 9.5 ], "texture": "#texture2" },
				"up": { "uv": [ 7, 6.5, 9, 7.5 ], "texture": "#texture2" },
				"north": { "uv": [ 7, 10.5, 9, 11 ], "texture": "#texture2" },
				"south": { "uv": [ 7, 10.5, 9, 11 ], "texture": "#texture2" },
				"west": { "uv": [ 6.5, 10.5, 7.5, 11 ], "texture": "#texture2" },
				"east": { "uv": [ 8.5, 10.5, 9.5, 11 ], "texture": "#texture2" }
			}
		},
		{
			"__comment": "Box1",
			"from": [ 7, 29.5, 6.5 ],
			"to": [ 9, 30, 7.5 ],
			"faces": {
				"down": { "uv": [ 7, 8.5, 9, 9.5 ], "texture": "#texture2" },
				"up": { "uv": [ 7, 6.5, 9, 7.5 ], "texture": "#texture2" },
				"north": { "uv": [ 7, 2, 9, 2.5 ], "texture": "#texture2" },
				"south": { "uv": [ 7, 2, 9, 2.5 ], "texture": "#texture2" },
				"west": { "uv": [ 6.5, 2, 7.5, 2.5 ], "texture": "#texture2" },
				"east": { "uv": [ 8.5, 2, 9.5, 2.5 ], "texture": "#texture2" }
			}
		},
		{
			"__comment": "Box1",
			"from": [ 6, 29, 6.5 ],
			"to": [ 10, 29.5, 7.5 ],
			"faces": {
				"down": { "uv": [ 6, 8.5, 10, 9.5 ], "texture": "#texture2" },
				"up": { "uv": [ 6, 6.5, 10, 7.5 ], "texture": "#texture2" },
				"north": { "uv": [ 6, 2.5, 10, 3 ], "texture": "#texture2" },
				"south": { "uv": [ 6, 2.5, 10, 3 ], "texture": "#texture2" },
				"west": { "uv": [ 6.5, 2.5, 7.5, 3 ], "texture": "#texture2" },
				"east": { "uv": [ 8.5, 2.5, 9.5, 3 ], "texture": "#texture2" }
			}
		},
		{
			"__comment": "Box1",
			"from": [ 6, 23, 7.5 ],
			"to": [ 10, 28, 8 ],
			"faces": {
				"down": { "uv": [ 6, 8, 10, 8.5 ], "texture": "#texture2" },
				"up": { "uv": [ 6, 7.5, 10, 8 ], "texture": "#texture2" },
				"north": { "uv": [ 6, 4, 10, 9 ], "texture": "#texture2" },
				"south": { "uv": [ 6, 4, 10, 9 ], "texture": "#texture2" },
				"west": { "uv": [ 7.5, 4, 8, 9 ], "texture": "#texture2" },
				"east": { "uv": [ 8, 4, 8.5, 9 ], "texture": "#texture2" }
			}
		},
		{
			"__comment": "Box1",
			"from": [ -1, -8, 5.5 ],
			"to": [ 17, 17.5, 6.5 ],
			"faces": {
				"down": { "uv": [ 0, 9.5, 16, 10.5 ], "texture": "#texture1" },
				"up": { "uv": [ 0, 5.5, 16, 6.5 ], "texture": "#texture1" },
				"north": { "uv": [ 0, 0, 16, 16 ], "texture": "#texture1" },
				"south": { "uv": [ 0, 0, 16, 16 ], "texture": "#texture1" },
				"west": { "uv": [ 5.5, 0, 6.5, 16 ], "texture": "#texture1" },
				"east": { "uv": [ 9.5, 0, 10.5, 16 ], "texture": "#texture1" }
			}
		},
		{
			"__comment": "Box1",
			"from": [ -1, 20, 5.5 ],
			"to": [ 17, 20.5, 6.5 ],
			"faces": {
				"down": { "uv": [ 0, 9.5, 16, 10.5 ], "texture": "#particle" },
				"up": { "uv": [ 0, 5.5, 16, 6.5 ], "texture": "#particle" },
				"north": { "uv": [ 0, 11.5, 16, 12 ], "texture": "#particle" },
				"south": { "uv": [ 0, 11.5, 16, 12 ], "texture": "#particle" },
				"west": { "uv": [ 5.5, 11.5, 6.5, 12 ], "texture": "#particle" },
				"east": { "uv": [ 9.5, 11.5, 10.5, 12 ], "texture": "#particle" }
			}
		},
		{
			"__comment": "Box1",
			"from": [ -1, 19.5, 5.5 ],
			"to": [ 6.5, 20, 6.5 ],
			"faces": {
				"down": { "uv": [ 0, 9.5, 6.5, 10.5 ], "texture": "#particle" },
				"up": { "uv": [ 0, 5.5, 6.5, 6.5 ], "texture": "#particle" },
				"north": { "uv": [ 9.5, 12, 16, 12.5 ], "texture": "#particle" },
				"south": { "uv": [ 0, 12, 6.5, 12.5 ], "texture": "#particle" },
				"west": { "uv": [ 5.5, 12, 6.5, 12.5 ], "texture": "#particle" },
				"east": { "uv": [ 9.5, 12, 10.5, 12.5 ], "texture": "#particle" }
			}
		},
		{
			"__comment": "Box1",
			"from": [ 9.5, 19.5, 5.5 ],
			"to": [ 17, 20, 6.5 ],
			"faces": {
				"down": { "uv": [ 9.5, 9.5, 16, 10.5 ], "texture": "#particle" },
				"up": { "uv": [ 9.5, 5.5, 16, 6.5 ], "texture": "#particle" },
				"north": { "uv": [ 0, 12, 6.5, 12.5 ], "texture": "#particle" },
				"south": { "uv": [ 9.5, 12, 16, 12.5 ], "texture": "#particle" },
				"west": { "uv": [ 5.5, 12, 6.5, 12.5 ], "texture": "#particle" },
				"east": { "uv": [ 9.5, 12, 10.5, 12.5 ], "texture": "#particle" }
			}
		},
		{
			"__comment": "Box1",
			"from": [ 11, 19, 5.5 ],
			"to": [ 17, 19.5, 6.5 ],
			"faces": {
				"down": { "uv": [ 11, 9.5, 16, 10.5 ], "texture": "#particle" },
				"up": { "uv": [ 11, 5.5, 16, 6.5 ], "texture": "#particle" },
				"north": { "uv": [ 0, 12.5, 5, 13 ], "texture": "#particle" },
				"south": { "uv": [ 11, 12.5, 16, 13 ], "texture": "#particle" },
				"west": { "uv": [ 5.5, 12.5, 6.5, 13 ], "texture": "#particle" },
				"east": { "uv": [ 9.5, 12.5, 10.5, 13 ], "texture": "#particle" }
			}
		},
		{
			"__comment": "Box1",
			"from": [ -1, 19, 5.5 ],
			"to": [ 5, 19.5, 6.5 ],
			"faces": {
				"down": { "uv": [ 0, 9.5, 5, 10.5 ], "texture": "#particle" },
				"up": { "uv": [ 0, 5.5, 5, 6.5 ], "texture": "#particle" },
				"north": { "uv": [ 11, 12.5, 16, 13 ], "texture": "#particle" },
				"south": { "uv": [ 0, 12.5, 5, 13 ], "texture": "#particle" },
				"west": { "uv": [ 5.5, 12.5, 6.5, 13 ], "texture": "#particle" },
				"east": { "uv": [ 9.5, 12.5, 10.5, 13 ], "texture": "#particle" }
			}
		},
		{
			"__comment": "Box1",
			"from": [ 0, 18.5, 5.5 ],
			"to": [ 3.5, 19, 6.5 ],
			"faces": {
				"down": { "uv": [ 0, 9.5, 3.5, 10.5 ], "texture": "#particle" },
				"up": { "uv": [ 0, 5.5, 3.5, 6.5 ], "texture": "#particle" },
				"north": { "uv": [ 12.5, 13, 16, 13.5 ], "texture": "#particle" },
				"south": { "uv": [ 0, 13, 3.5, 13.5 ], "texture": "#particle" },
				"west": { "uv": [ 5.5, 13, 6.5, 13.5 ], "texture": "#particle" },
				"east": { "uv": [ 9.5, 13, 10.5, 13.5 ], "texture": "#particle" }
			}
		},
		{
			"__comment": "Box1",
			"from": [ 12.5, 18.5, 5.5 ],
			"to": [ 16, 19, 6.5 ],
			"faces": {
				"down": { "uv": [ 12.5, 9.5, 16, 10.5 ], "texture": "#particle" },
				"up": { "uv": [ 12.5, 5.5, 16, 6.5 ], "texture": "#particle" },
				"north": { "uv": [ 0, 13, 3.5, 13.5 ], "texture": "#particle" },
				"south": { "uv": [ 12.5, 13, 16, 13.5 ], "texture": "#particle" },
				"west": { "uv": [ 5.5, 13, 6.5, 13.5 ], "texture": "#particle" },
				"east": { "uv": [ 9.5, 13, 10.5, 13.5 ], "texture": "#particle" }
			}
		},
		{
			"__comment": "Box1",
			"from": [ 16, 18.5, 5.5 ],
			"to": [ 17, 19, 6.5 ],
			"faces": {
				"down": { "uv": [ 0, 9.5, 1, 10.5 ], "texture": "#texture1" },
				"up": { "uv": [ 0, 5.5, 1, 6.5 ], "texture": "#texture1" },
				"north": { "uv": [ 15, 13, 16, 13.5 ], "texture": "#texture1" },
				"south": { "uv": [ 0, 13, 1, 13.5 ], "texture": "#texture1" },
				"west": { "uv": [ 5.5, 13, 6.5, 13.5 ], "texture": "#texture1" },
				"east": { "uv": [ 9.5, 13, 10.5, 13.5 ], "texture": "#texture1" }
			}
		},
		{
			"__comment": "Box1",
			"from": [ -1, 18.5, 5.5 ],
			"to": [ 0, 19, 6.5 ],
			"faces": {
				"down": { "uv": [ 15, 9.5, 16, 10.5 ], "texture": "#texture1" },
				"up": { "uv": [ 15, 5.5, 16, 6.5 ], "texture": "#texture1" },
				"north": { "uv": [ 0, 13, 1, 13.5 ], "texture": "#texture1" },
				"south": { "uv": [ 15, 13, 16, 13.5 ], "texture": "#texture1" },
				"west": { "uv": [ 5.5, 13, 6.5, 13.5 ], "texture": "#texture1" },
				"east": { "uv": [ 9.5, 13, 10.5, 13.5 ], "texture": "#texture1" }
			}
		},
		{
			"__comment": "Box1",
			"from": [ 7.5, 19, 5.5 ],
			"to": [ 8.5, 20, 6.5 ],
			"faces": {
				"down": { "uv": [ 7.5, 9.5, 8.5, 10.5 ], "texture": "#particle" },
				"up": { "uv": [ 7.5, 5.5, 8.5, 6.5 ], "texture": "#particle" },
				"north": { "uv": [ 7.5, 12, 8.5, 13 ], "texture": "#particle" },
				"south": { "uv": [ 7.5, 12, 8.5, 13 ], "texture": "#particle" },
				"west": { "uv": [ 5.5, 12, 6.5, 13 ], "texture": "#particle" },
				"east": { "uv": [ 9.5, 12, 10.5, 13 ], "texture": "#particle" }
			}
		},
		{
			"__comment": "Box1",
			"from": [ 7, 18, 5.5 ],
			"to": [ 9, 19, 6.5 ],
			"faces": {
				"down": { "uv": [ 7, 9.5, 9, 10.5 ], "texture": "#particle" },
				"up": { "uv": [ 7, 5.5, 9, 6.5 ], "texture": "#particle" },
				"north": { "uv": [ 7, 13, 9, 14 ], "texture": "#particle" },
				"south": { "uv": [ 7, 13, 9, 14 ], "texture": "#particle" },
				"west": { "uv": [ 5.5, 13, 6.5, 14 ], "texture": "#particle" },
				"east": { "uv": [ 9.5, 13, 10.5, 14 ], "texture": "#particle" }
			}
		},
		{
			"__comment": "Box1",
			"from": [ 6.5, 17.5, 5.5 ],
			"to": [ 9.5, 18, 6.5 ],
			"faces": {
				"down": { "uv": [ 6.5, 9.5, 9.5, 10.5 ], "texture": "#particle" },
				"up": { "uv": [ 6.5, 5.5, 9.5, 6.5 ], "texture": "#particle" },
				"north": { "uv": [ 6.5, 14, 9.5, 14.5 ], "texture": "#particle" },
				"south": { "uv": [ 6.5, 14, 9.5, 14.5 ], "texture": "#particle" },
				"west": { "uv": [ 5.5, 14, 6.5, 14.5 ], "texture": "#particle" },
				"east": { "uv": [ 9.5, 14, 10.5, 14.5 ], "texture": "#particle" }
			}
		},
		{
			"__comment": "Box1",
			"from": [ 9.5, 17.5, 5.5 ],
			"to": [ 17, 18.5, 6.5 ],
			"faces": {
				"down": { "uv": [ 9.5, 9.5, 16, 10.5 ], "texture": "#texture1" },
				"up": { "uv": [ 9.5, 5.5, 16, 6.5 ], "texture": "#texture1" },
				"north": { "uv": [ 0, 13.5, 6.5, 14.5 ], "texture": "#texture1" },
				"south": { "uv": [ 9.5, 13.5, 16, 14.5 ], "texture": "#texture1" },
				"west": { "uv": [ 5.5, 13.5, 6.5, 14.5 ], "texture": "#texture1" },
				"east": { "uv": [ 9.5, 13.5, 10.5, 14.5 ], "texture": "#texture1" }
			}
		},
		{
			"__comment": "Box1",
			"from": [ -1, 17.5, 5.5 ],
			"to": [ 6.5, 18.5, 6.5 ],
			"faces": {
				"down": { "uv": [ 0, 9.5, 6.5, 10.5 ], "texture": "#texture1" },
				"up": { "uv": [ 0, 5.5, 6.5, 6.5 ], "texture": "#texture1" },
				"north": { "uv": [ 9.5, 13.5, 16, 14.5 ], "texture": "#texture1" },
				"south": { "uv": [ 0, 13.5, 6.5, 14.5 ], "texture": "#texture1" },
				"west": { "uv": [ 5.5, 13.5, 6.5, 14.5 ], "texture": "#texture1" },
				"east": { "uv": [ 9.5, 13.5, 10.5, 14.5 ], "texture": "#texture1" }
			}
		},
		{
			"__comment": "Box1",
			"from": [ 9, 18.5, 5.5 ],
			"to": [ 12.5, 19, 6.5 ],
			"faces": {
				"down": { "uv": [ 9, 9.5, 12.5, 10.5 ], "texture": "#texture1" },
				"up": { "uv": [ 9, 5.5, 12.5, 6.5 ], "texture": "#texture1" },
				"north": { "uv": [ 3.5, 13, 7, 13.5 ], "texture": "#texture1" },
				"south": { "uv": [ 9, 13, 12.5, 13.5 ], "texture": "#texture1" },
				"west": { "uv": [ 5.5, 13, 6.5, 13.5 ], "texture": "#texture1" },
				"east": { "uv": [ 9.5, 13, 10.5, 13.5 ], "texture": "#texture1" }
			}
		},
		{
			"__comment": "Box1",
			"from": [ 9, 18.5, 5.5 ],
			"to": [ 12.5, 19, 6.5 ],
			"faces": {
				"down": { "uv": [ 9, 9.5, 12.5, 10.5 ], "texture": "#texture1" },
				"up": { "uv": [ 9, 5.5, 12.5, 6.5 ], "texture": "#texture1" },
				"north": { "uv": [ 3.5, 13, 7, 13.5 ], "texture": "#texture1" },
				"south": { "uv": [ 9, 13, 12.5, 13.5 ], "texture": "#texture1" },
				"west": { "uv": [ 5.5, 13, 6.5, 13.5 ], "texture": "#texture1" },
				"east": { "uv": [ 9.5, 13, 10.5, 13.5 ], "texture": "#texture1" }
			}
		},
		{
			"__comment": "Box1",
			"from": [ 3.5, 18.5, 5.5 ],
			"to": [ 7, 19, 6.5 ],
			"faces": {
				"down": { "uv": [ 3.5, 9.5, 7, 10.5 ], "texture": "#texture1" },
				"up": { "uv": [ 3.5, 5.5, 7, 6.5 ], "texture": "#texture1" },
				"north": { "uv": [ 9, 13, 12.5, 13.5 ], "texture": "#texture1" },
				"south": { "uv": [ 3.5, 13, 7, 13.5 ], "texture": "#texture1" },
				"west": { "uv": [ 5.5, 13, 6.5, 13.5 ], "texture": "#texture1" },
				"east": { "uv": [ 9.5, 13, 10.5, 13.5 ], "texture": "#texture1" }
			}
		},
		{
			"__comment": "Box1",
			"from": [ 8.5, 19, 5.5 ],
			"to": [ 11, 19.5, 6.5 ],
			"faces": {
				"down": { "uv": [ 8.5, 9.5, 11, 10.5 ], "texture": "#texture1" },
				"up": { "uv": [ 8.5, 5.5, 11, 6.5 ], "texture": "#texture1" },
				"north": { "uv": [ 5, 12.5, 7.5, 13 ], "texture": "#texture1" },
				"south": { "uv": [ 8.5, 12.5, 11, 13 ], "texture": "#texture1" },
				"west": { "uv": [ 5.5, 12.5, 6.5, 13 ], "texture": "#texture1" },
				"east": { "uv": [ 9.5, 12.5, 10.5, 13 ], "texture": "#texture1" }
			}
		},
		{
			"__comment": "Box1",
			"from": [ 5, 19, 5.5 ],
			"to": [ 7.5, 19.5, 6.5 ],
			"faces": {
				"down": { "uv": [ 5, 9.5, 7.5, 10.5 ], "texture": "#texture1" },
				"up": { "uv": [ 5, 5.5, 7.5, 6.5 ], "texture": "#texture1" },
				"north": { "uv": [ 8.5, 12.5, 11, 13 ], "texture": "#texture1" },
				"south": { "uv": [ 5, 12.5, 7.5, 13 ], "texture": "#texture1" },
				"west": { "uv": [ 5.5, 12.5, 6.5, 13 ], "texture": "#texture1" },
				"east": { "uv": [ 9.5, 12.5, 10.5, 13 ], "texture": "#texture1" }
			}
		},
		{
			"__comment": "Box1",
			"from": [ 8.5, 19.5, 5.5 ],
			"to": [ 9.5, 20, 6.5 ],
			"faces": {
				"down": { "uv": [ 8.5, 9.5, 9.5, 10.5 ], "texture": "#texture1" },
				"up": { "uv": [ 8.5, 5.5, 9.5, 6.5 ], "texture": "#texture1" },
				"north": { "uv": [ 6.5, 12, 7.5, 12.5 ], "texture": "#texture1" },
				"south": { "uv": [ 8.5, 12, 9.5, 12.5 ], "texture": "#texture1" },
				"west": { "uv": [ 5.5, 12, 6.5, 12.5 ], "texture": "#texture1" },
				"east": { "uv": [ 9.5, 12, 10.5, 12.5 ], "texture": "#texture1" }
			}
		},
		{
			"__comment": "Box1",
			"from": [ 6.5, 19.5, 5.5 ],
			"to": [ 7.5, 20, 6.5 ],
			"faces": {
				"down": { "uv": [ 6.5, 9.5, 7.5, 10.5 ], "texture": "#texture1" },
				"up": { "uv": [ 6.5, 5.5, 7.5, 6.5 ], "texture": "#texture1" },
				"north": { "uv": [ 8.5, 12, 9.5, 12.5 ], "texture": "#texture1" },
				"south": { "uv": [ 6.5, 12, 7.5, 12.5 ], "texture": "#texture1" },
				"west": { "uv": [ 5.5, 12, 6.5, 12.5 ], "texture": "#texture1" },
				"east": { "uv": [ 9.5, 12, 10.5, 12.5 ], "texture": "#texture1" }
			}
		},
		{
			"__comment": "Box1",
			"from": [ 6.5, 18, 5.5 ],
			"to": [ 7, 18.5, 6.5 ],
			"faces": {
				"down": { "uv": [ 6.5, 9.5, 7, 10.5 ], "texture": "#texture1" },
				"up": { "uv": [ 6.5, 5.5, 7, 6.5 ], "texture": "#texture1" },
				"north": { "uv": [ 9, 13.5, 9.5, 14 ], "texture": "#texture1" },
				"south": { "uv": [ 6.5, 13.5, 7, 14 ], "texture": "#texture1" },
				"west": { "uv": [ 5.5, 13.5, 6.5, 14 ], "texture": "#texture1" },
				"east": { "uv": [ 9.5, 13.5, 10.5, 14 ], "texture": "#texture1" }
			}
		},
		{
			"__comment": "Box1",
			"from": [ 9, 18, 5.5 ],
			"to": [ 9.5, 18.5, 6.5 ],
			"faces": {
				"down": { "uv": [ 9, 9.5, 9.5, 10.5 ], "texture": "#texture1" },
				"up": { "uv": [ 9, 5.5, 9.5, 6.5 ], "texture": "#texture1" },
				"north": { "uv": [ 6.5, 13.5, 7, 14 ], "texture": "#texture1" },
				"south": { "uv": [ 9, 13.5, 9.5, 14 ], "texture": "#texture1" },
				"west": { "uv": [ 5.5, 13.5, 6.5, 14 ], "texture": "#texture1" },
				"east": { "uv": [ 9.5, 13.5, 10.5, 14 ], "texture": "#texture1" }
			}
		},
		{
			"__comment": "Box1",
			"from": [ 14, 13.5, 5 ],
			"to": [ 15.5, 14, 6 ],
			"faces": {
				"down": { "uv": [ 14, 10, 15.5, 11 ], "texture": "#particle" },
				"up": { "uv": [ 14, 5, 15.5, 6 ], "texture": "#particle" },
				"north": { "uv": [ 0.5, 2, 2, 2.5 ], "texture": "#particle" },
				"south": { "uv": [ 14, 2, 15.5, 2.5 ], "texture": "#particle" },
				"west": { "uv": [ 5, 2, 6, 2.5 ], "texture": "#particle" },
				"east": { "uv": [ 10, 2, 11, 2.5 ], "texture": "#particle" }
			}
		},
		{
			"__comment": "Box1",
			"from": [ 15.5, 16, 5 ],
			"to": [ 16, 16.5, 6 ],
			"faces": {
				"down": { "uv": [ 15.5, 10, 16, 11 ], "texture": "#particle" },
				"up": { "uv": [ 15.5, 5, 16, 6 ], "texture": "#particle" },
				"north": { "uv": [ 0, 15.5, 0.5, 16 ], "texture": "#particle" },
				"south": { "uv": [ 15.5, 15.5, 16, 16 ], "texture": "#particle" },
				"west": { "uv": [ 5, 15.5, 6, 16 ], "texture": "#particle" },
				"east": { "uv": [ 10, 15.5, 11, 16 ], "texture": "#particle" }
			}
		},
		{
			"__comment": "Box1",
			"from": [ 14, 15, 5 ],
			"to": [ 15, 15.5, 6 ],
			"faces": {
				"down": { "uv": [ 14, 10, 15, 11 ], "texture": "#particle" },
				"up": { "uv": [ 14, 5, 15, 6 ], "texture": "#particle" },
				"north": { "uv": [ 1, 0.5, 2, 1 ], "texture": "#particle" },
				"south": { "uv": [ 14, 0.5, 15, 1 ], "texture": "#particle" },
				"west": { "uv": [ 5, 0.5, 6, 1 ], "texture": "#particle" },
				"east": { "uv": [ 10, 0.5, 11, 1 ], "texture": "#particle" }
			}
		},
		{
			"__comment": "Box1",
			"from": [ 13.5, 14, 5 ],
			"to": [ 14, 15, 6 ],
			"faces": {
				"down": { "uv": [ 13.5, 10, 14, 11 ], "texture": "#particle" },
				"up": { "uv": [ 13.5, 5, 14, 6 ], "texture": "#particle" },
				"north": { "uv": [ 2, 1, 2.5, 2 ], "texture": "#particle" },
				"south": { "uv": [ 13.5, 1, 14, 2 ], "texture": "#particle" },
				"west": { "uv": [ 5, 1, 6, 2 ], "texture": "#particle" },
				"east": { "uv": [ 10, 1, 11, 2 ], "texture": "#particle" }
			}
		},
		{
			"__comment": "Box1",
			"from": [ 14, 16.5, 5 ],
			"to": [ 15.5, 17, 6 ],
			"faces": {
				"down": { "uv": [ 14, 10, 15.5, 11 ], "texture": "#particle" },
				"up": { "uv": [ 14, 5, 15.5, 6 ], "texture": "#particle" },
				"north": { "uv": [ 0.5, 15, 2, 15.5 ], "texture": "#particle" },
				"south": { "uv": [ 14, 15, 15.5, 15.5 ], "texture": "#particle" },
				"west": { "uv": [ 5, 15, 6, 15.5 ], "texture": "#particle" },
				"east": { "uv": [ 10, 15, 11, 15.5 ], "texture": "#particle" }
			}
		},
		{
			"__comment": "Box1",
			"from": [ 0, -4.5, 5 ],
			"to": [ 0.5, -4, 6 ],
			"faces": {
				"down": { "uv": [ 2, 5, 2.5, 6 ], "texture": "#particle", "rotation": 180 },
				"up": { "uv": [ 2, 10, 2.5, 11 ], "texture": "#particle", "rotation": 180 },
				"north": { "uv": [ 14, 2, 13.5, 0 ], "texture": "#particle" },
				"south": { "uv": [ 2.5, 2, 2, 0 ], "texture": "#particle" },
				"west": { "uv": [ 10, 0, 11, 2 ], "texture": "#particle", "rotation": 180 },
				"east": { "uv": [ 5, 0, 6, 2 ], "texture": "#particle", "rotation": 180 }
			}
		},
		{
			"__comment": "Box1",
			"from": [ 0.5, -4, 5 ],
			"to": [ 2, -3.5, 6 ],
			"faces": {
				"down": { "uv": [ 14, 5, 15.5, 6 ], "texture": "#particle", "rotation": 180 },
				"up": { "uv": [ 14, 10, 15.5, 11 ], "texture": "#particle", "rotation": 180 },
				"north": { "uv": [ 2, 2.5, 0.5, 2 ], "texture": "#particle" },
				"south": { "uv": [ 15.5, 2.5, 14, 2 ], "texture": "#particle" },
				"west": { "uv": [ 10, 2, 11, 2.5 ], "texture": "#particle", "rotation": 180 },
				"east": { "uv": [ 5, 2, 6, 2.5 ], "texture": "#particle", "rotation": 180 }
			}
		},
		{
			"__comment": "Box1",
			"from": [ 0.5, -5.5, 5 ],
			"to": [ 2, -5, 6 ],
			"faces": {
				"down": { "uv": [ 14, 5, 15.5, 6 ], "texture": "#particle", "rotation": 180 },
				"up": { "uv": [ 14, 10, 15.5, 11 ], "texture": "#particle", "rotation": 180 },
				"north": { "uv": [ 2, 1, 0.5, 0.5 ], "texture": "#particle" },
				"south": { "uv": [ 15.5, 1, 14, 0.5 ], "texture": "#particle" },
				"west": { "uv": [ 10, 0.5, 11, 1 ], "texture": "#particle", "rotation": 180 },
				"east": { "uv": [ 5, 0.5, 6, 1 ], "texture": "#particle", "rotation": 180 }
			}
		},
		{
			"__comment": "Box1",
			"from": [ 0.5, -7, 5 ],
			"to": [ 2, -6.5, 6 ],
			"faces": {
				"down": { "uv": [ 14, 5, 15.5, 6 ], "texture": "#particle", "rotation": 180 },
				"up": { "uv": [ 14, 10, 15.5, 11 ], "texture": "#particle", "rotation": 180 },
				"north": { "uv": [ 2, 15.5, 0.5, 15 ], "texture": "#particle" },
				"south": { "uv": [ 15.5, 15.5, 14, 15 ], "texture": "#particle" },
				"west": { "uv": [ 10, 15, 11, 15.5 ], "texture": "#particle", "rotation": 180 },
				"east": { "uv": [ 5, 15, 6, 15.5 ], "texture": "#particle", "rotation": 180 }
			}
		},
		{
			"__comment": "Box1",
			"from": [ 2, -6.5, 5 ],
			"to": [ 2.5, -5.5, 6 ],
			"faces": {
				"down": { "uv": [ 13.5, 5, 14, 6 ], "texture": "#particle", "rotation": 180 },
				"up": { "uv": [ 13.5, 10, 14, 11 ], "texture": "#particle", "rotation": 180 },
				"north": { "uv": [ 2.5, 16, 2, 15.5 ], "texture": "#particle" },
				"south": { "uv": [ 14, 16, 13.5, 15.5 ], "texture": "#particle" },
				"west": { "uv": [ 10, 15.5, 11, 16 ], "texture": "#particle", "rotation": 180 },
				"east": { "uv": [ 5, 15.5, 6, 16 ], "texture": "#particle", "rotation": 180 }
			}
		},
		{
			"__comment": "Box1",
			"from": [ 14, 13.5, 5 ],
			"to": [ 15.5, 14, 6 ],
			"faces": {
				"down": { "uv": [ 14, 10, 15.5, 11 ], "texture": "#particle" },
				"up": { "uv": [ 14, 5, 15.5, 6 ], "texture": "#particle" },
				"north": { "uv": [ 0.5, 2, 2, 2.5 ], "texture": "#particle" },
				"south": { "uv": [ 14, 2, 15.5, 2.5 ], "texture": "#particle" },
				"west": { "uv": [ 5, 2, 6, 2.5 ], "texture": "#particle" },
				"east": { "uv": [ 10, 2, 11, 2.5 ], "texture": "#particle" }
			}
		},
		{
			"__comment": "Box1",
			"from": [ -1, -8.5, 5.5 ],
			"to": [ 5.5, -8, 6.5 ],
			"faces": {
				"down": { "uv": [ 0, 9.5, 5.5, 10.5 ], "texture": "#texture1" },
				"up": { "uv": [ 0, 5.5, 5.5, 6.5 ], "texture": "#texture1" },
				"north": { "uv": [ 10.5, 8, 16, 8.5 ], "texture": "#texture1" },
				"south": { "uv": [ 0, 8, 5.5, 8.5 ], "texture": "#texture1" },
				"west": { "uv": [ 5.5, 8, 6.5, 8.5 ], "texture": "#texture1" },
				"east": { "uv": [ 9.5, 8, 10.5, 8.5 ], "texture": "#texture1" }
			}
		},
		{
			"__comment": "Box1",
			"from": [ 10.5, -8.5, 5.5 ],
			"to": [ 17, -8, 6.5 ],
			"faces": {
				"down": { "uv": [ 10.5, 9.5, 16, 10.5 ], "texture": "#texture1" },
				"up": { "uv": [ 10.5, 5.5, 16, 6.5 ], "texture": "#texture1" },
				"north": { "uv": [ 0, 8, 5.5, 8.5 ], "texture": "#texture1" },
				"south": { "uv": [ 10.5, 8, 16, 8.5 ], "texture": "#texture1" },
				"west": { "uv": [ 5.5, 8, 6.5, 8.5 ], "texture": "#texture1" },
				"east": { "uv": [ 9.5, 8, 10.5, 8.5 ], "texture": "#texture1" }
			}
		},
		{
			"__comment": "Box1",
			"from": [ 12, -9, 5.5 ],
			"to": [ 17, -8.5, 6.5 ],
			"faces": {
				"down": { "uv": [ 12, 9.5, 16, 10.5 ], "texture": "#texture1" },
				"up": { "uv": [ 12, 5.5, 16, 6.5 ], "texture": "#texture1" },
				"north": { "uv": [ 0, 8.5, 4, 9 ], "texture": "#texture1" },
				"south": { "uv": [ 12, 8.5, 16, 9 ], "texture": "#texture1" },
				"west": { "uv": [ 5.5, 8.5, 6.5, 9 ], "texture": "#texture1" },
				"east": { "uv": [ 9.5, 8.5, 10.5, 9 ], "texture": "#texture1" }
			}
		},
		{
			"__comment": "Box1",
			"from": [ -1, -9, 5.5 ],
			"to": [ 4, -8.5, 6.5 ],
			"faces": {
				"down": { "uv": [ 0, 9.5, 4, 10.5 ], "texture": "#texture1" },
				"up": { "uv": [ 0, 5.5, 4, 6.5 ], "texture": "#texture1" },
				"north": { "uv": [ 12, 8.5, 16, 9 ], "texture": "#texture1" },
				"south": { "uv": [ 0, 8.5, 4, 9 ], "texture": "#texture1" },
				"west": { "uv": [ 5.5, 8.5, 6.5, 9 ], "texture": "#texture1" },
				"east": { "uv": [ 9.5, 8.5, 10.5, 9 ], "texture": "#texture1" }
			}
		},
		{
			"__comment": "Box1",
			"from": [ -1, -9.5, 5.5 ],
			"to": [ 3, -9, 6.5 ],
			"faces": {
				"down": { "uv": [ 0, 9.5, 3, 10.5 ], "texture": "#texture1" },
				"up": { "uv": [ 0, 5.5, 3, 6.5 ], "texture": "#texture1" },
				"north": { "uv": [ 13, 9, 16, 9.5 ], "texture": "#texture1" },
				"south": { "uv": [ 0, 9, 3, 9.5 ], "texture": "#texture1" },
				"west": { "uv": [ 5.5, 9, 6.5, 9.5 ], "texture": "#texture1" },
				"east": { "uv": [ 9.5, 9, 10.5, 9.5 ], "texture": "#texture1" }
			}
		},
		{
			"__comment": "Box1",
			"from": [ 13, -9.5, 5.5 ],
			"to": [ 17, -9, 6.5 ],
			"faces": {
				"down": { "uv": [ 13, 9.5, 16, 10.5 ], "texture": "#texture1" },
				"up": { "uv": [ 13, 5.5, 16, 6.5 ], "texture": "#texture1" },
				"north": { "uv": [ 0, 9, 3, 9.5 ], "texture": "#texture1" },
				"south": { "uv": [ 13, 9, 16, 9.5 ], "texture": "#texture1" },
				"west": { "uv": [ 5.5, 9, 6.5, 9.5 ], "texture": "#texture1" },
				"east": { "uv": [ 9.5, 9, 10.5, 9.5 ], "texture": "#texture1" }
			}
		},
		{
			"__comment": "Box1",
			"from": [ 13.5, -10, 5.5 ],
			"to": [ 17, -9.5, 6.5 ],
			"faces": {
				"down": { "uv": [ 13.5, 9.5, 16, 10.5 ], "texture": "#texture1" },
				"up": { "uv": [ 13.5, 5.5, 16, 6.5 ], "texture": "#texture1" },
				"north": { "uv": [ 0, 9.5, 2.5, 10 ], "texture": "#texture1" },
				"south": { "uv": [ 13.5, 9.5, 16, 10 ], "texture": "#texture1" },
				"west": { "uv": [ 5.5, 9.5, 6.5, 10 ], "texture": "#texture1" },
				"east": { "uv": [ 9.5, 9.5, 10.5, 10 ], "texture": "#texture1" }
			}
		},
		{
			"__comment": "Box1",
			"from": [ -1, -10, 5.5 ],
			"to": [ 2.5, -9.5, 6.5 ],
			"faces": {
				"down": { "uv": [ 0, 9.5, 2.5, 10.5 ], "texture": "#texture1" },
				"up": { "uv": [ 0, 5.5, 2.5, 6.5 ], "texture": "#texture1" },
				"north": { "uv": [ 13.5, 9.5, 16, 10 ], "texture": "#texture1" },
				"south": { "uv": [ 0, 9.5, 2.5, 10 ], "texture": "#texture1" },
				"west": { "uv": [ 5.5, 9.5, 6.5, 10 ], "texture": "#texture1" },
				"east": { "uv": [ 9.5, 9.5, 10.5, 10 ], "texture": "#texture1" }
			}
		},
		{
			"__comment": "Box1",
			"from": [ -1, -11, 5.5 ],
			"to": [ 2, -10, 6.5 ],
			"faces": {
				"down": { "uv": [ 0, 9.5, 2, 10.5 ], "texture": "#texture1" },
				"up": { "uv": [ 0, 5.5, 2, 6.5 ], "texture": "#texture1" },
				"north": { "uv": [ 14, 10, 16, 11 ], "texture": "#texture1" },
				"south": { "uv": [ 0, 10, 2, 11 ], "texture": "#texture1" },
				"west": { "uv": [ 5.5, 10, 6.5, 11 ], "texture": "#texture1" },
				"east": { "uv": [ 9.5, 10, 10.5, 11 ], "texture": "#texture1" }
			}
		},
		{
			"__comment": "Box1",
			"from": [ 14, -11, 5.5 ],
			"to": [ 17, -10, 6.5 ],
			"faces": {
				"down": { "uv": [ 14, 9.5, 16, 10.5 ], "texture": "#texture1" },
				"up": { "uv": [ 14, 5.5, 16, 6.5 ], "texture": "#texture1" },
				"north": { "uv": [ 0, 10, 2, 11 ], "texture": "#texture1" },
				"south": { "uv": [ 14, 10, 16, 11 ], "texture": "#texture1" },
				"west": { "uv": [ 5.5, 10, 6.5, 11 ], "texture": "#texture1" },
				"east": { "uv": [ 9.5, 10, 10.5, 11 ], "texture": "#texture1" }
			}
		},
		{
			"__comment": "Box1",
			"from": [ -1, -13, 5.5 ],
			"to": [ 1.5, -11, 6.5 ],
			"faces": {
				"down": { "uv": [ 0, 9.5, 1.5, 10.5 ], "texture": "#texture1" },
				"up": { "uv": [ 0, 5.5, 1.5, 6.5 ], "texture": "#texture1" },
				"north": { "uv": [ 14.5, 11, 16, 13 ], "texture": "#texture1" },
				"south": { "uv": [ 0, 11, 1.5, 13 ], "texture": "#texture1" },
				"west": { "uv": [ 5.5, 11, 6.5, 13 ], "texture": "#texture1" },
				"east": { "uv": [ 9.5, 11, 10.5, 13 ], "texture": "#texture1" }
			}
		},
		{
			"__comment": "Box1",
			"from": [ 14.5, -13, 5.5 ],
			"to": [ 17, -11, 6.5 ],
			"faces": {
				"down": { "uv": [ 14.5, 9.5, 16, 10.5 ], "texture": "#texture1" },
				"up": { "uv": [ 14.5, 5.5, 16, 6.5 ], "texture": "#texture1" },
				"north": { "uv": [ 0, 11, 1.5, 13 ], "texture": "#texture1" },
				"south": { "uv": [ 14.5, 11, 16, 13 ], "texture": "#texture1" },
				"west": { "uv": [ 5.5, 11, 6.5, 13 ], "texture": "#texture1" },
				"east": { "uv": [ 9.5, 11, 10.5, 13 ], "texture": "#texture1" }
			}
		},
		{
			"__comment": "Box1",
			"from": [ 14, -13, 4 ],
			"to": [ 17.5, -11, 8 ],
			"faces": {
				"down": { "uv": [ 14, 8, 16, 12 ], "texture": "#texture2" },
				"up": { "uv": [ 14, 4, 16, 8 ], "texture": "#texture2" },
				"north": { "uv": [ 0, 11, 2, 13 ], "texture": "#texture2" },
				"south": { "uv": [ 14, 11, 16, 13 ], "texture": "#texture2" },
				"west": { "uv": [ 4, 11, 8, 13 ], "texture": "#texture2" },
				"east": { "uv": [ 8, 11, 12, 13 ], "texture": "#texture2" }
			}
		},
		{
			"__comment": "Box1",
			"from": [ -1.5, -13, 4 ],
			"to": [ 2, -11, 8 ],
			"faces": {
				"down": { "uv": [ 0, 8, 2, 12 ], "texture": "#texture2" },
				"up": { "uv": [ 0, 4, 2, 8 ], "texture": "#texture2" },
				"north": { "uv": [ 14, 11, 16, 13 ], "texture": "#texture2" },
				"south": { "uv": [ 0, 11, 2, 13 ], "texture": "#texture2" },
				"west": { "uv": [ 4, 11, 8, 13 ], "texture": "#texture2" },
				"east": { "uv": [ 8, 11, 12, 13 ], "texture": "#texture2" }
			}
		},
		{
			"__comment": "Box1",
			"from": [ 14, -15, 1.5 ],
			"to": [ 17.5, -13, 8 ],
			"faces": {
				"down": { "uv": [ 14, 8, 16, 14.5 ], "texture": "#texture2" },
				"up": { "uv": [ 14, 1.5, 16, 8 ], "texture": "#texture2" },
				"north": { "uv": [ 0, 13, 2, 15 ], "texture": "#texture2" },
				"south": { "uv": [ 14, 13, 16, 15 ], "texture": "#texture2" },
				"west": { "uv": [ 1.5, 13, 8, 15 ], "texture": "#texture2" },
				"east": { "uv": [ 8, 13, 14.5, 15 ], "texture": "#texture2" }
			}
		},
		{
			"__comment": "Box1",
			"from": [ -1.5, -15, 1.5 ],
			"to": [ 2, -13, 8 ],
			"faces": {
				"down": { "uv": [ 0, 8, 2, 14.5 ], "texture": "#texture2" },
				"up": { "uv": [ 0, 1.5, 2, 8 ], "texture": "#texture2" },
				"north": { "uv": [ 14, 13, 16, 15 ], "texture": "#texture2" },
				"south": { "uv": [ 0, 13, 2, 15 ], "texture": "#texture2" },
				"west": { "uv": [ 1.5, 13, 8, 15 ], "texture": "#texture2" },
				"east": { "uv": [ 8, 13, 14.5, 15 ], "texture": "#texture2" }
			}
		},
		{
			"__comment": "Box1",
			"from": [ -4.5, 19, 5.5 ],
			"to": [ -1, 20.5, 6.5 ],
			"faces": {
				"down": { "uv": [ 11.5, 9.5, 15, 10.5 ], "texture": "#texture1" },
				"up": { "uv": [ 11.5, 5.5, 15, 6.5 ], "texture": "#texture1" },
				"north": { "uv": [ 1, 11.5, 4.5, 13 ], "texture": "#texture1" },
				"south": { "uv": [ 11.5, 11.5, 15, 13 ], "texture": "#texture1" },
				"west": { "uv": [ 5.5, 11.5, 6.5, 13 ], "texture": "#texture1" },
				"east": { "uv": [ 9.5, 11.5, 10.5, 13 ], "texture": "#texture1" }
			}
		},
		{
			"__comment": "Box1",
			"from": [ 17, 19, 5.5 ],
			"to": [ 20.5, 20.5, 6.5 ],
			"faces": {
				"down": { "uv": [ 1, 9.5, 4.5, 10.5 ], "texture": "#texture1" },
				"up": { "uv": [ 1, 5.5, 4.5, 6.5 ], "texture": "#texture1" },
				"north": { "uv": [ 11.5, 11.5, 15, 13 ], "texture": "#texture1" },
				"south": { "uv": [ 1, 11.5, 4.5, 13 ], "texture": "#texture1" },
				"west": { "uv": [ 5.5, 11.5, 6.5, 13 ], "texture": "#texture1" },
				"east": { "uv": [ 9.5, 11.5, 10.5, 13 ], "texture": "#texture1" }
			}
		},
		{
			"__comment": "Box1",
			"from": [ 19, 7, 0 ],
			"to": [ 20.5, 21.5, 1 ],
			"rotation": { "origin": [ 19, 7, 0 ], "axis": "x", "angle": 22.5 },
			"faces": {
				"down": { "uv": [ 3, 9.5, 4.5, 10.5 ], "texture": "#texture1" },
				"up": { "uv": [ 3, 5.5, 4.5, 6.5 ], "texture": "#texture1" },
				"north": { "uv": [ 11.5, 0, 13, 11.5 ], "texture": "#texture1" },
				"south": { "uv": [ 3, 0, 4.5, 11.5 ], "texture": "#texture1" },
				"west": { "uv": [ 5.5, 0, 6.5, 11.5 ], "texture": "#texture1" },
				"east": { "uv": [ 9.5, 0, 10.5, 11.5 ], "texture": "#texture1" }
			}
		},
		{
			"__comment": "Box1",
			"from": [ -4.5, 4.5, 5.5 ],
			"to": [ -3, 19, 6.5 ],
			"faces": {
				"down": { "uv": [ 11.5, 9.5, 13, 10.5 ], "texture": "#texture1" },
				"up": { "uv": [ 11.5, 5.5, 13, 6.5 ], "texture": "#texture1" },
				"north": { "uv": [ 3, 0, 4.5, 11.5 ], "texture": "#texture1" },
				"south": { "uv": [ 11.5, 0, 13, 11.5 ], "texture": "#texture1" },
				"west": { "uv": [ 5.5, 0, 6.5, 11.5 ], "texture": "#texture1" },
				"east": { "uv": [ 9.5, 0, 10.5, 11.5 ], "texture": "#texture1" }
			}
		},
		{
			"__comment": "Box1",
			"from": [ 18.5, 3.5, -1 ],
			"to": [ 21, 8, 2 ],
			"rotation": { "origin": [ 19, 7, 0 ], "axis": "x", "angle": 22.5 },
			"faces": {
				"down": { "uv": [ 2.5, 8.5, 5, 11.5 ], "texture": "#texture2" },
				"up": { "uv": [ 2.5, 4.5, 5, 7.5 ], "texture": "#texture2" },
				"north": { "uv": [ 11, 10.5, 13.5, 15 ], "texture": "#texture2" },
				"south": { "uv": [ 2.5, 10.5, 5, 15 ], "texture": "#texture2" },
				"west": { "uv": [ 4.5, 10.5, 7.5, 15 ], "texture": "#texture2" },
				"east": { "uv": [ 8.5, 10.5, 11.5, 15 ], "texture": "#texture2" }
			}
		},
		{
			"__comment": "Box1",
			"from": [ -5, 1, 4.5 ],
			"to": [ -2.5, 5.5, 7.5 ],
			"faces": {
				"down": { "uv": [ 11, 8.5, 13.5, 11.5 ], "texture": "#texture2" },
				"up": { "uv": [ 11, 4.5, 13.5, 7.5 ], "texture": "#texture2" },
				"north": { "uv": [ 2.5, 10.5, 5, 15 ], "texture": "#texture2" },
				"south": { "uv": [ 11, 10.5, 13.5, 15 ], "texture": "#texture2" },
				"west": { "uv": [ 4.5, 10.5, 7.5, 15 ], "texture": "#texture2" },
				"east": { "uv": [ 8.5, 10.5, 11.5, 15 ], "texture": "#texture2" }
			}
		},
		{
			"__comment": "Box1",
			"from": [ 7, 25, 4 ],
			"to": [ 9, 25.5, 5 ],
			"faces": {
				"down": { "uv": [ 7, 11, 9, 12 ], "texture": "#particle" },
				"up": { "uv": [ 7, 4, 9, 5 ], "texture": "#particle" },
				"north": { "uv": [ 7, 6.5, 9, 7 ], "texture": "#particle" },
				"south": { "uv": [ 7, 6.5, 9, 7 ], "texture": "#particle" },
				"west": { "uv": [ 4, 6.5, 5, 7 ], "texture": "#particle" },
				"east": { "uv": [ 11, 6.5, 12, 7 ], "texture": "#particle" }
			}
		},
		{
			"__comment": "Box1",
			"from": [ 6.5, 25.5, 4 ],
			"to": [ 9.5, 26, 5 ],
			"faces": {
				"down": { "uv": [ 6.5, 11, 9.5, 12 ], "texture": "#particle" },
				"up": { "uv": [ 6.5, 4, 9.5, 5 ], "texture": "#particle" },
				"north": { "uv": [ 6.5, 6, 9.5, 6.5 ], "texture": "#particle" },
				"south": { "uv": [ 6.5, 6, 9.5, 6.5 ], "texture": "#particle" },
				"west": { "uv": [ 4, 6, 5, 6.5 ], "texture": "#particle" },
				"east": { "uv": [ 11, 6, 12, 6.5 ], "texture": "#particle" }
			}
		},
		{
			"__comment": "Box1",
			"from": [ 6, 26, 4 ],
			"to": [ 10, 27, 5 ],
			"faces": {
				"down": { "uv": [ 6, 11, 10, 12 ], "texture": "#particle" },
				"up": { "uv": [ 6, 4, 10, 5 ], "texture": "#particle" },
				"north": { "uv": [ 6, 5, 10, 6 ], "texture": "#particle" },
				"south": { "uv": [ 6, 5, 10, 6 ], "texture": "#particle" },
				"west": { "uv": [ 4, 5, 5, 6 ], "texture": "#particle" },
				"east": { "uv": [ 11, 5, 12, 6 ], "texture": "#particle" }
			}
		},
		{
			"__comment": "Box1",
			"from": [ 6.5, 27, 4 ],
			"to": [ 7.5, 27.5, 5 ],
			"faces": {
				"down": { "uv": [ 6.5, 11, 7.5, 12 ], "texture": "#particle" },
				"up": { "uv": [ 6.5, 4, 7.5, 5 ], "texture": "#particle" },
				"north": { "uv": [ 8.5, 4.5, 9.5, 5 ], "texture": "#particle" },
				"south": { "uv": [ 6.5, 4.5, 7.5, 5 ], "texture": "#particle" },
				"west": { "uv": [ 4, 4.5, 5, 5 ], "texture": "#particle" },
				"east": { "uv": [ 11, 4.5, 12, 5 ], "texture": "#particle" }
			}
		},
		{
			"__comment": "Box1",
			"from": [ 8.5, 27, 4 ],
			"to": [ 9.5, 27.5, 5 ],
			"faces": {
				"down": { "uv": [ 8.5, 11, 9.5, 12 ], "texture": "#particle" },
				"up": { "uv": [ 8.5, 4, 9.5, 5 ], "texture": "#particle" },
				"north": { "uv": [ 6.5, 4.5, 7.5, 5 ], "texture": "#particle" },
				"south": { "uv": [ 8.5, 4.5, 9.5, 5 ], "texture": "#particle" },
				"west": { "uv": [ 4, 4.5, 5, 5 ], "texture": "#particle" },
				"east": { "uv": [ 11, 4.5, 12, 5 ], "texture": "#particle" }
			}
		},
		{
			"__comment": "Box1",
			"from": [ 4, 25.5, 5.5 ],
			"to": [ 12, 28, 6.5 ],
			"faces": {
				"down": { "uv": [ 4, 9.5, 12, 10.5 ], "texture": "#texture2" },
				"up": { "uv": [ 4, 5.5, 12, 6.5 ], "texture": "#texture2" },
				"north": { "uv": [ 4, 4, 12, 6.5 ], "texture": "#texture2" },
				"south": { "uv": [ 4, 4, 12, 6.5 ], "texture": "#texture2" },
				"west": { "uv": [ 5.5, 4, 6.5, 6.5 ], "texture": "#texture2" },
				"east": { "uv": [ 9.5, 4, 10.5, 6.5 ], "texture": "#texture2" }
			}
		},
		{
			"__comment": "Box1",
			"from": [ 10.5, 22.5, 5 ],
			"to": [ 11, 23, 6 ],
			"faces": {
				"down": { "uv": [ 10.5, 10, 11, 11 ], "texture": "#texture" },
				"up": { "uv": [ 10.5, 5, 11, 6 ], "texture": "#texture" },
				"north": { "uv": [ 5, 9, 5.5, 9.5 ], "texture": "#texture" },
				"south": { "uv": [ 10.5, 9, 11, 9.5 ], "texture": "#texture" },
				"west": { "uv": [ 5, 9, 6, 9.5 ], "texture": "#texture" },
				"east": { "uv": [ 10, 9, 11, 9.5 ], "texture": "#texture" }
			}
		},
		{
			"__comment": "Box1",
			"from": [ 5, 22.5, 5 ],
			"to": [ 5.5, 23, 6 ],
			"faces": {
				"down": { "uv": [ 5, 10, 5.5, 11 ], "texture": "#texture" },
				"up": { "uv": [ 5, 5, 5.5, 6 ], "texture": "#texture" },
				"north": { "uv": [ 10.5, 9, 11, 9.5 ], "texture": "#texture" },
				"south": { "uv": [ 5, 9, 5.5, 9.5 ], "texture": "#texture" },
				"west": { "uv": [ 5, 9, 6, 9.5 ], "texture": "#texture" },
				"east": { "uv": [ 10, 9, 11, 9.5 ], "texture": "#texture" }
			}
		},
		{
			"__comment": "Box1",
			"from": [ 3.5, 25, 5 ],
			"to": [ 12.5, 26, 6 ],
			"faces": {
				"down": { "uv": [ 3.5, 10, 12.5, 11 ], "texture": "#texture" },
				"up": { "uv": [ 3.5, 5, 12.5, 6 ], "texture": "#texture" },
				"north": { "uv": [ 3.5, 6, 12.5, 7 ], "texture": "#texture" },
				"south": { "uv": [ 3.5, 6, 12.5, 7 ], "texture": "#texture" },
				"west": { "uv": [ 5, 6, 6, 7 ], "texture": "#texture" },
				"east": { "uv": [ 10, 6, 11, 7 ], "texture": "#texture" }
			}
		},
		{
			"__comment": "Box1",
			"from": [ 10.5, 27, 5 ],
			"to": [ 11, 28, 6 ],
			"faces": {
				"down": { "uv": [ 10.5, 10, 11, 11 ], "texture": "#texture" },
				"up": { "uv": [ 10.5, 5, 11, 6 ], "texture": "#texture" },
				"north": { "uv": [ 5, 4, 5.5, 5 ], "texture": "#texture" },
				"south": { "uv": [ 10.5, 4, 11, 5 ], "texture": "#texture" },
				"west": { "uv": [ 5, 4, 6, 5 ], "texture": "#texture" },
				"east": { "uv": [ 10, 4, 11, 5 ], "texture": "#texture" }
			}
		},
		{
			"__comment": "Box1",
			"from": [ 11, 27, 5 ],
			"to": [ 11.5, 27.5, 6 ],
			"faces": {
				"down": { "uv": [ 11, 10, 11.5, 11 ], "texture": "#texture" },
				"up": { "uv": [ 11, 5, 11.5, 6 ], "texture": "#texture" },
				"north": { "uv": [ 4.5, 4.5, 5, 5 ], "texture": "#texture" },
				"south": { "uv": [ 11, 4.5, 11.5, 5 ], "texture": "#texture" },
				"west": { "uv": [ 5, 4.5, 6, 5 ], "texture": "#texture" },
				"east": { "uv": [ 10, 4.5, 11, 5 ], "texture": "#texture" }
			}
		},
		{
			"__comment": "Box1",
			"from": [ 4.5, 27, 5 ],
			"to": [ 5, 27.5, 6 ],
			"faces": {
				"down": { "uv": [ 4.5, 10, 5, 11 ], "texture": "#texture" },
				"up": { "uv": [ 4.5, 5, 5, 6 ], "texture": "#texture" },
				"north": { "uv": [ 11, 4.5, 11.5, 5 ], "texture": "#texture" },
				"south": { "uv": [ 4.5, 4.5, 5, 5 ], "texture": "#texture" },
				"west": { "uv": [ 5, 4.5, 6, 5 ], "texture": "#texture" },
				"east": { "uv": [ 10, 4.5, 11, 5 ], "texture": "#texture" }
			}
		},
		{
			"__comment": "Box1",
			"from": [ 5, 27, 5 ],
			"to": [ 5.5, 28, 6 ],
			"faces": {
				"down": { "uv": [ 5, 10, 5.5, 11 ], "texture": "#texture" },
				"up": { "uv": [ 5, 5, 5.5, 6 ], "texture": "#texture" },
				"north": { "uv": [ 10.5, 4, 11, 5 ], "texture": "#texture" },
				"south": { "uv": [ 5, 4, 5.5, 5 ], "texture": "#texture" },
				"west": { "uv": [ 5, 4, 6, 5 ], "texture": "#texture" },
				"east": { "uv": [ 10, 4, 11, 5 ], "texture": "#texture" }
			}
		},
		{
			"__comment": "Box1",
			"from": [ 7, 30.5, 5.5 ],
			"to": [ 9, 31, 6.5 ],
			"faces": {
				"down": { "uv": [ 7, 9.5, 9, 10.5 ], "texture": "#texture2" },
				"up": { "uv": [ 7, 5.5, 9, 6.5 ], "texture": "#texture2" },
				"north": { "uv": [ 7, 1, 9, 1.5 ], "texture": "#texture2" },
				"south": { "uv": [ 7, 1, 9, 1.5 ], "texture": "#texture2" },
				"west": { "uv": [ 5.5, 1, 6.5, 1.5 ], "texture": "#texture2" },
				"east": { "uv": [ 9.5, 1, 10.5, 1.5 ], "texture": "#texture2" }
			}
		},
		{
			"__comment": "Box1",
			"from": [ 7.5, 31, 5.5 ],
			"to": [ 8.5, 31.5, 6.5 ],
			"faces": {
				"down": { "uv": [ 7.5, 9.5, 8.5, 10.5 ], "texture": "#texture2" },
				"up": { "uv": [ 7.5, 5.5, 8.5, 6.5 ], "texture": "#texture2" },
				"north": { "uv": [ 7.5, 0.5, 8.5, 1 ], "texture": "#texture2" },
				"south": { "uv": [ 7.5, 0.5, 8.5, 1 ], "texture": "#texture2" },
				"west": { "uv": [ 5.5, 0.5, 6.5, 1 ], "texture": "#texture2" },
				"east": { "uv": [ 9.5, 0.5, 10.5, 1 ], "texture": "#texture2" }
			}
		},
		{
			"__comment": "Box1",
			"from": [ 3.5, 25, 5.5 ],
			"to": [ 12.5, 27.5, 6.5 ],
			"faces": {
				"down": { "uv": [ 3.5, 9.5, 12.5, 10.5 ], "texture": "#texture2" },
				"up": { "uv": [ 3.5, 5.5, 12.5, 6.5 ], "texture": "#texture2" },
				"north": { "uv": [ 3.5, 4.5, 12.5, 7 ], "texture": "#texture2" },
				"south": { "uv": [ 3.5, 4.5, 12.5, 7 ], "texture": "#texture2" },
				"west": { "uv": [ 5.5, 4.5, 6.5, 7 ], "texture": "#texture2" },
				"east": { "uv": [ 9.5, 4.5, 10.5, 7 ], "texture": "#texture2" }
			}
		},
		{
			"__comment": "Box1",
			"from": [ 3, 25.5, 5.5 ],
			"to": [ 13, 26.5, 6.5 ],
			"faces": {
				"down": { "uv": [ 3, 9.5, 13, 10.5 ], "texture": "#texture2" },
				"up": { "uv": [ 3, 5.5, 13, 6.5 ], "texture": "#texture2" },
				"north": { "uv": [ 3, 5.5, 13, 6.5 ], "texture": "#texture2" },
				"south": { "uv": [ 3, 5.5, 13, 6.5 ], "texture": "#texture2" },
				"west": { "uv": [ 5.5, 5.5, 6.5, 6.5 ], "texture": "#texture2" },
				"east": { "uv": [ 9.5, 5.5, 10.5, 6.5 ], "texture": "#texture2" }
			}
		},
		{
			"__comment": "Box1",
			"from": [ 2.5, 24.5, 5.5 ],
			"to": [ 13.5, 25.5, 6.5 ],
			"faces": {
				"down": { "uv": [ 2.5, 9.5, 13.5, 10.5 ], "texture": "#texture2" },
				"up": { "uv": [ 2.5, 5.5, 13.5, 6.5 ], "texture": "#texture2" },
				"north": { "uv": [ 2.5, 6.5, 13.5, 7.5 ], "texture": "#texture2" },
				"south": { "uv": [ 2.5, 6.5, 13.5, 7.5 ], "texture": "#texture2" },
				"west": { "uv": [ 5.5, 6.5, 6.5, 7.5 ], "texture": "#texture2" },
				"east": { "uv": [ 9.5, 6.5, 10.5, 7.5 ], "texture": "#texture2" }
			}
		},
		{
			"__comment": "Box1",
			"from": [ 2, 22.5, 5.5 ],
			"to": [ 14, 24.5, 6.5 ],
			"faces": {
				"down": { "uv": [ 2, 9.5, 14, 10.5 ], "texture": "#texture2" },
				"up": { "uv": [ 2, 5.5, 14, 6.5 ], "texture": "#texture2" },
				"north": { "uv": [ 2, 7.5, 14, 9.5 ], "texture": "#texture2" },
				"south": { "uv": [ 2, 7.5, 14, 9.5 ], "texture": "#texture2" },
				"west": { "uv": [ 5.5, 7.5, 6.5, 9.5 ], "texture": "#texture2" },
				"east": { "uv": [ 9.5, 7.5, 10.5, 9.5 ], "texture": "#texture2" }
			}
		},
		{
			"__comment": "Box1",
			"from": [ 2.5, 21.5, 5.5 ],
			"to": [ 13.5, 22.5, 6.5 ],
			"faces": {
				"down": { "uv": [ 2.5, 9.5, 13.5, 10.5 ], "texture": "#texture2" },
				"up": { "uv": [ 2.5, 5.5, 13.5, 6.5 ], "texture": "#texture2" },
				"north": { "uv": [ 2.5, 9.5, 13.5, 10.5 ], "texture": "#texture2" },
				"south": { "uv": [ 2.5, 9.5, 13.5, 10.5 ], "texture": "#texture2" },
				"west": { "uv": [ 5.5, 9.5, 6.5, 10.5 ], "texture": "#texture2" },
				"east": { "uv": [ 9.5, 9.5, 10.5, 10.5 ], "texture": "#texture2" }
			}
		},
		{
			"__comment": "Box1",
			"from": [ 3, 21, 5.5 ],
			"to": [ 7, 21.5, 6.5 ],
			"faces": {
				"down": { "uv": [ 3, 9.5, 7, 10.5 ], "texture": "#texture2" },
				"up": { "uv": [ 3, 5.5, 7, 6.5 ], "texture": "#texture2" },
				"north": { "uv": [ 9, 10.5, 13, 11 ], "texture": "#texture2" },
				"south": { "uv": [ 3, 10.5, 7, 11 ], "texture": "#texture2" },
				"west": { "uv": [ 5.5, 10.5, 6.5, 11 ], "texture": "#texture2" },
				"east": { "uv": [ 9.5, 10.5, 10.5, 11 ], "texture": "#texture2" }
			}
		},
		{
			"__comment": "Box1",
			"from": [ 9, 21, 5.5 ],
			"to": [ 13, 21.5, 6.5 ],
			"faces": {
				"down": { "uv": [ 9, 9.5, 13, 10.5 ], "texture": "#texture2" },
				"up": { "uv": [ 9, 5.5, 13, 6.5 ], "texture": "#texture2" },
				"north": { "uv": [ 3, 10.5, 7, 11 ], "texture": "#texture2" },
				"south": { "uv": [ 9, 10.5, 13, 11 ], "texture": "#texture2" },
				"west": { "uv": [ 5.5, 10.5, 6.5, 11 ], "texture": "#texture2" },
				"east": { "uv": [ 9.5, 10.5, 10.5, 11 ], "texture": "#texture2" }
			}
		},
		{
			"__comment": "Box1",
			"from": [ 9.5, 20.5, 5.5 ],
			"to": [ 12.5, 21, 6.5 ],
			"faces": {
				"down": { "uv": [ 9.5, 9.5, 12.5, 10.5 ], "texture": "#texture2" },
				"up": { "uv": [ 9.5, 5.5, 12.5, 6.5 ], "texture": "#texture2" },
				"north": { "uv": [ 3.5, 11, 6.5, 11.5 ], "texture": "#texture2" },
				"south": { "uv": [ 9.5, 11, 12.5, 11.5 ], "texture": "#texture2" },
				"west": { "uv": [ 5.5, 11, 6.5, 11.5 ], "texture": "#texture2" },
				"east": { "uv": [ 9.5, 11, 10.5, 11.5 ], "texture": "#texture2" }
			}
		},
		{
			"__comment": "Box1",
			"from": [ 3.5, 20.5, 5.5 ],
			"to": [ 6.5, 21, 6.5 ],
			"faces": {
				"down": { "uv": [ 3.5, 9.5, 6.5, 10.5 ], "texture": "#texture2" },
				"up": { "uv": [ 3.5, 5.5, 6.5, 6.5 ], "texture": "#texture2" },
				"north": { "uv": [ 9.5, 11, 12.5, 11.5 ], "texture": "#texture2" },
				"south": { "uv": [ 3.5, 11, 6.5, 11.5 ], "texture": "#texture2" },
				"west": { "uv": [ 5.5, 11, 6.5, 11.5 ], "texture": "#texture2" },
				"east": { "uv": [ 9.5, 11, 10.5, 11.5 ], "texture": "#texture2" }
			}
		},
		{
			"__comment": "Box1",
			"from": [ -1, 20.5, 5.5 ],
			"to": [ 3.5, 21, 6.5 ],
			"faces": {
				"down": { "uv": [ 0, 9.5, 3.5, 10.5 ], "texture": "#particle" },
				"up": { "uv": [ 0, 5.5, 3.5, 6.5 ], "texture": "#particle" },
				"north": { "uv": [ 12.5, 11, 16, 11.5 ], "texture": "#particle" },
				"south": { "uv": [ 0, 11, 3.5, 11.5 ], "texture": "#particle" },
				"west": { "uv": [ 5.5, 11, 6.5, 11.5 ], "texture": "#particle" },
				"east": { "uv": [ 9.5, 11, 10.5, 11.5 ], "texture": "#particle" }
			}
		},
		{
			"__comment": "Box1",
			"from": [ 12.5, 20.5, 5.5 ],
			"to": [ 17, 21, 6.5 ],
			"faces": {
				"down": { "uv": [ 12.5, 9.5, 16, 10.5 ], "texture": "#particle" },
				"up": { "uv": [ 12.5, 5.5, 16, 6.5 ], "texture": "#particle" },
				"north": { "uv": [ 0, 11, 3.5, 11.5 ], "texture": "#particle" },
				"south": { "uv": [ 12.5, 11, 16, 11.5 ], "texture": "#particle" },
				"west": { "uv": [ 5.5, 11, 6.5, 11.5 ], "texture": "#particle" },
				"east": { "uv": [ 9.5, 11, 10.5, 11.5 ], "texture": "#particle" }
			}
		},
		{
			"__comment": "Box1",
			"from": [ 6.5, 20.5, 5.5 ],
			"to": [ 9.5, 21, 6.5 ],
			"faces": {
				"down": { "uv": [ 6.5, 9.5, 9.5, 10.5 ], "texture": "#particle" },
				"up": { "uv": [ 6.5, 5.5, 9.5, 6.5 ], "texture": "#particle" },
				"north": { "uv": [ 6.5, 11, 9.5, 11.5 ], "texture": "#particle" },
				"south": { "uv": [ 6.5, 11, 9.5, 11.5 ], "texture": "#particle" },
				"west": { "uv": [ 5.5, 11, 6.5, 11.5 ], "texture": "#particle" },
				"east": { "uv": [ 9.5, 11, 10.5, 11.5 ], "texture": "#particle" }
			}
		},
		{
			"__comment": "Box1",
			"from": [ 13.5, 15.5, 5 ],
			"to": [ 14, 16.5, 6 ],
			"faces": {
				"down": { "uv": [ 13.5, 10, 14, 11 ], "texture": "#particle" },
				"up": { "uv": [ 13.5, 5, 14, 6 ], "texture": "#particle" },
				"north": { "uv": [ 2, 0, 2.5, 0.5 ], "texture": "#particle" },
				"south": { "uv": [ 13.5, 0, 14, 0.5 ], "texture": "#particle" },
				"west": { "uv": [ 5, 0, 6, 0.5 ], "texture": "#particle" },
				"east": { "uv": [ 10, 0, 11, 0.5 ], "texture": "#particle" }
			}
		},
		{
			"__comment": "Box1",
			"from": [ 15.5, 14, 5 ],
			"to": [ 16, 14.5, 6 ],
			"faces": {
				"down": { "uv": [ 15.5, 10, 16, 11 ], "texture": "#particle" },
				"up": { "uv": [ 15.5, 5, 16, 6 ], "texture": "#particle" },
				"north": { "uv": [ 0, 1.5, 0.5, 2 ], "texture": "#particle" },
				"south": { "uv": [ 15.5, 1.5, 16, 2 ], "texture": "#particle" },
				"west": { "uv": [ 5, 1.5, 6, 2 ], "texture": "#particle" },
				"east": { "uv": [ 10, 1.5, 11, 2 ], "texture": "#particle" }
			}
		},
		{
			"__comment": "Box1",
			"from": [ 2, -5, 5 ],
			"to": [ 2.5, -4, 6 ],
			"faces": {
				"down": { "uv": [ 13.5, 5, 14, 6 ], "texture": "#particle", "rotation": 180 },
				"up": { "uv": [ 13.5, 10, 14, 11 ], "texture": "#particle", "rotation": 180 },
				"north": { "uv": [ 2.5, 16, 2, 15.5 ], "texture": "#particle" },
				"south": { "uv": [ 14, 16, 13.5, 15.5 ], "texture": "#particle" },
				"west": { "uv": [ 10, 15.5, 11, 16 ], "texture": "#particle", "rotation": 180 },
				"east": { "uv": [ 5, 15.5, 6, 16 ], "texture": "#particle", "rotation": 180 }
			}
		},
		{
			"__comment": "Box1",
			"from": [ 0, -6.5, 5 ],
			"to": [ 0.5, -6, 6 ],
			"faces": {
				"down": { "uv": [ 2, 5, 2.5, 6 ], "texture": "#particle", "rotation": 180 },
				"up": { "uv": [ 2, 10, 2.5, 11 ], "texture": "#particle", "rotation": 180 },
				"north": { "uv": [ 14, 2, 13.5, 0 ], "texture": "#particle" },
				"south": { "uv": [ 2.5, 2, 2, 0 ], "texture": "#particle" },
				"west": { "uv": [ 10, 0, 11, 2 ], "texture": "#particle", "rotation": 180 },
				"east": { "uv": [ 5, 0, 6, 2 ], "texture": "#particle", "rotation": 180 }
			}
		},
		{
			"__comment": "Box1",
			"from": [ 8.5, 12, 4 ],
			"to": [ 9.5, 12.5, 5 ],
			"faces": {
				"down": { "uv": [ 8.5, 11, 9.5, 12 ], "texture": "#particle" },
				"up": { "uv": [ 8.5, 4, 9.5, 5 ], "texture": "#particle" },
				"north": { "uv": [ 6.5, 3.5, 7.5, 4 ], "texture": "#particle" },
				"south": { "uv": [ 8.5, 3.5, 9.5, 4 ], "texture": "#particle" },
				"west": { "uv": [ 4, 3.5, 5, 4 ], "texture": "#particle" },
				"east": { "uv": [ 11, 3.5, 12, 4 ], "texture": "#particle" }
			}
		},
		{
			"__comment": "Box1",
			"from": [ 6.5, 12, 4 ],
			"to": [ 7.5, 12.5, 5 ],
			"faces": {
				"down": { "uv": [ 6.5, 11, 7.5, 12 ], "texture": "#particle" },
				"up": { "uv": [ 6.5, 4, 7.5, 5 ], "texture": "#particle" },
				"north": { "uv": [ 8.5, 3.5, 9.5, 4 ], "texture": "#particle" },
				"south": { "uv": [ 6.5, 3.5, 7.5, 4 ], "texture": "#particle" },
				"west": { "uv": [ 4, 3.5, 5, 4 ], "texture": "#particle" },
				"east": { "uv": [ 11, 3.5, 12, 4 ], "texture": "#particle" }
			}
		},
		{
			"__comment": "Box1",
			"from": [ 6, 11, 4 ],
			"to": [ 10, 12, 5 ],
			"faces": {
				"down": { "uv": [ 6, 11, 10, 12 ], "texture": "#particle" },
				"up": { "uv": [ 6, 4, 10, 5 ], "texture": "#particle" },
				"north": { "uv": [ 6, 4, 10, 5 ], "texture": "#particle" },
				"south": { "uv": [ 6, 4, 10, 5 ], "texture": "#particle" },
				"west": { "uv": [ 4, 4, 5, 5 ], "texture": "#particle" },
				"east": { "uv": [ 11, 4, 12, 5 ], "texture": "#particle" }
			}
		},
		{
			"__comment": "Box1",
			"from": [ 6.5, 10.5, 4 ],
			"to": [ 9.5, 11, 5 ],
			"faces": {
				"down": { "uv": [ 6.5, 11, 9.5, 12 ], "texture": "#particle" },
				"up": { "uv": [ 6.5, 4, 9.5, 5 ], "texture": "#particle" },
				"north": { "uv": [ 6.5, 5, 9.5, 5.5 ], "texture": "#particle" },
				"south": { "uv": [ 6.5, 5, 9.5, 5.5 ], "texture": "#particle" },
				"west": { "uv": [ 4, 5, 5, 5.5 ], "texture": "#particle" },
				"east": { "uv": [ 11, 5, 12, 5.5 ], "texture": "#particle" }
			}
		},
		{
			"__comment": "Box1",
			"from": [ 7, 10, 4 ],
			"to": [ 9, 10.5, 5 ],
			"faces": {
				"down": { "uv": [ 7, 11, 9, 12 ], "texture": "#particle" },
				"up": { "uv": [ 7, 4, 9, 5 ], "texture": "#particle" },
				"north": { "uv": [ 7, 5.5, 9, 6 ], "texture": "#particle" },
				"south": { "uv": [ 7, 5.5, 9, 6 ], "texture": "#particle" },
				"west": { "uv": [ 4, 5.5, 5, 6 ], "texture": "#particle" },
				"east": { "uv": [ 11, 5.5, 12, 6 ], "texture": "#particle" }
			}
		},
		{
			"__comment": "Box1",
			"from": [ 7.5, 9.5, 4 ],
			"to": [ 8.5, 10, 5 ],
			"faces": {
				"down": { "uv": [ 7.5, 11, 8.5, 12 ], "texture": "#particle" },
				"up": { "uv": [ 7.5, 4, 8.5, 5 ], "texture": "#particle" },
				"north": { "uv": [ 7.5, 6, 8.5, 6.5 ], "texture": "#particle" },
				"south": { "uv": [ 7.5, 6, 8.5, 6.5 ], "texture": "#particle" },
				"west": { "uv": [ 4, 6, 5, 6.5 ], "texture": "#particle" },
				"east": { "uv": [ 11, 6, 12, 6.5 ], "texture": "#particle" }
			}
		},
		{
			"__comment": "Box1",
			"from": [ 8.5, 6, 4 ],
			"to": [ 9.5, 6.5, 5 ],
			"faces": {
				"down": { "uv": [ 8.5, 11, 9.5, 12 ], "texture": "#particle" },
				"up": { "uv": [ 8.5, 4, 9.5, 5 ], "texture": "#particle" },
				"north": { "uv": [ 6.5, 9.5, 7.5, 10 ], "texture": "#particle" },
				"south": { "uv": [ 8.5, 9.5, 9.5, 10 ], "texture": "#particle" },
				"west": { "uv": [ 4, 9.5, 5, 10 ], "texture": "#particle" },
				"east": { "uv": [ 11, 9.5, 12, 10 ], "texture": "#particle" }
			}
		},
		{
			"__comment": "Box1",
			"from": [ 6.5, 6, 4 ],
			"to": [ 7.5, 6.5, 5 ],
			"faces": {
				"down": { "uv": [ 6.5, 11, 7.5, 12 ], "texture": "#particle" },
				"up": { "uv": [ 6.5, 4, 7.5, 5 ], "texture": "#particle" },
				"north": { "uv": [ 8.5, 9.5, 9.5, 10 ], "texture": "#particle" },
				"south": { "uv": [ 6.5, 9.5, 7.5, 10 ], "texture": "#particle" },
				"west": { "uv": [ 4, 9.5, 5, 10 ], "texture": "#particle" },
				"east": { "uv": [ 11, 9.5, 12, 10 ], "texture": "#particle" }
			}
		},
		{
			"__comment": "Box1",
			"from": [ 6, 5, 4 ],
			"to": [ 10, 6, 5 ],
			"faces": {
				"down": { "uv": [ 6, 11, 10, 12 ], "texture": "#particle" },
				"up": { "uv": [ 6, 4, 10, 5 ], "texture": "#particle" },
				"north": { "uv": [ 6, 10, 10, 11 ], "texture": "#particle" },
				"south": { "uv": [ 6, 10, 10, 11 ], "texture": "#particle" },
				"west": { "uv": [ 4, 10, 5, 11 ], "texture": "#particle" },
				"east": { "uv": [ 11, 10, 12, 11 ], "texture": "#particle" }
			}
		},
		{
			"__comment": "Box1",
			"from": [ 6.5, 4.5, 4 ],
			"to": [ 9.5, 5, 5 ],
			"faces": {
				"down": { "uv": [ 6.5, 11, 9.5, 12 ], "texture": "#particle" },
				"up": { "uv": [ 6.5, 4, 9.5, 5 ], "texture": "#particle" },
				"north": { "uv": [ 6.5, 11, 9.5, 11.5 ], "texture": "#particle" },
				"south": { "uv": [ 6.5, 11, 9.5, 11.5 ], "texture": "#particle" },
				"west": { "uv": [ 4, 11, 5, 11.5 ], "texture": "#particle" },
				"east": { "uv": [ 11, 11, 12, 11.5 ], "texture": "#particle" }
			}
		},
		{
			"__comment": "Box1",
			"from": [ 7, 4, 4 ],
			"to": [ 9, 4.5, 5 ],
			"faces": {
				"down": { "uv": [ 7, 11, 9, 12 ], "texture": "#particle" },
				"up": { "uv": [ 7, 4, 9, 5 ], "texture": "#particle" },
				"north": { "uv": [ 7, 11.5, 9, 12 ], "texture": "#particle" },
				"south": { "uv": [ 7, 11.5, 9, 12 ], "texture": "#particle" },
				"west": { "uv": [ 4, 11.5, 5, 12 ], "texture": "#particle" },
				"east": { "uv": [ 11, 11.5, 12, 12 ], "texture": "#particle" }
			}
		},
		{
			"__comment": "Box1",
			"from": [ 7.5, 3.5, 4 ],
			"to": [ 8.5, 4, 5 ],
			"faces": {
				"down": { "uv": [ 7.5, 11, 8.5, 12 ], "texture": "#particle" },
				"up": { "uv": [ 7.5, 4, 8.5, 5 ], "texture": "#particle" },
				"north": { "uv": [ 7.5, 12, 8.5, 12.5 ], "texture": "#particle" },
				"south": { "uv": [ 7.5, 12, 8.5, 12.5 ], "texture": "#particle" },
				"west": { "uv": [ 4, 12, 5, 12.5 ], "texture": "#particle" },
				"east": { "uv": [ 11, 12, 12, 12.5 ], "texture": "#particle" }
			}
		},
		{
			"__comment": "Box1",
			"from": [ 8.5, -0.5, 4 ],
			"to": [ 9.5, 0, 5 ],
			"faces": {
				"down": { "uv": [ 8.5, 11, 9.5, 12 ], "texture": "#particle" },
				"up": { "uv": [ 8.5, 4, 9.5, 5 ], "texture": "#particle" },
				"north": { "uv": [ 6.5, 0, 7.5, 0.5 ], "texture": "#particle" },
				"south": { "uv": [ 8.5, 0, 9.5, 0.5 ], "texture": "#particle" },
				"west": { "uv": [ 4, 0, 5, 0.5 ], "texture": "#particle" },
				"east": { "uv": [ 11, 0, 12, 0.5 ], "texture": "#particle" }
			}
		},
		{
			"__comment": "Box1",
			"from": [ 6.5, -0.5, 4 ],
			"to": [ 7.5, 0, 5 ],
			"faces": {
				"down": { "uv": [ 6.5, 11, 7.5, 12 ], "texture": "#particle" },
				"up": { "uv": [ 6.5, 4, 7.5, 5 ], "texture": "#particle" },
				"north": { "uv": [ 8.5, 0, 9.5, 0.5 ], "texture": "#particle" },
				"south": { "uv": [ 6.5, 0, 7.5, 0.5 ], "texture": "#particle" },
				"west": { "uv": [ 4, 0, 5, 0.5 ], "texture": "#particle" },
				"east": { "uv": [ 11, 0, 12, 0.5 ], "texture": "#particle" }
			}
		},
		{
			"__comment": "Box1",
			"from": [ 6, -1.5, 4 ],
			"to": [ 10, -0.5, 5 ],
			"faces": {
				"down": { "uv": [ 6, 11, 10, 12 ], "texture": "#particle" },
				"up": { "uv": [ 6, 4, 10, 5 ], "texture": "#particle" },
				"north": { "uv": [ 6, 0.5, 10, 1.5 ], "texture": "#particle" },
				"south": { "uv": [ 6, 0.5, 10, 1.5 ], "texture": "#particle" },
				"west": { "uv": [ 4, 0.5, 5, 1.5 ], "texture": "#particle" },
				"east": { "uv": [ 11, 0.5, 12, 1.5 ], "texture": "#particle" }
			}
		},
		{
			"__comment": "Box1",
			"from": [ 6.5, -2, 4 ],
			"to": [ 9.5, -1.5, 5 ],
			"faces": {
				"down": { "uv": [ 6.5, 11, 9.5, 12 ], "texture": "#particle" },
				"up": { "uv": [ 6.5, 4, 9.5, 5 ], "texture": "#particle" },
				"north": { "uv": [ 6.5, 1.5, 9.5, 2 ], "texture": "#particle" },
				"south": { "uv": [ 6.5, 1.5, 9.5, 2 ], "texture": "#particle" },
				"west": { "uv": [ 4, 1.5, 5, 2 ], "texture": "#particle" },
				"east": { "uv": [ 11, 1.5, 12, 2 ], "texture": "#particle" }
			}
		},
		{
			"__comment": "Box1",
			"from": [ 7, -2.5, 4 ],
			"to": [ 9, -2, 5 ],
			"faces": {
				"down": { "uv": [ 7, 11, 9, 12 ], "texture": "#particle" },
				"up": { "uv": [ 7, 4, 9, 5 ], "texture": "#particle" },
				"north": { "uv": [ 7, 2, 9, 2.5 ], "texture": "#particle" },
				"south": { "uv": [ 7, 2, 9, 2.5 ], "texture": "#particle" },
				"west": { "uv": [ 4, 2, 5, 2.5 ], "texture": "#particle" },
				"east": { "uv": [ 11, 2, 12, 2.5 ], "texture": "#particle" }
			}
		},
		{
			"__comment": "Box1",
			"from": [ 7.5, -3, 4 ],
			"to": [ 8.5, -2.5, 5 ],
			"faces": {
				"down": { "uv": [ 7.5, 11, 8.5, 12 ], "texture": "#particle" },
				"up": { "uv": [ 7.5, 4, 8.5, 5 ], "texture": "#particle" },
				"north": { "uv": [ 7.5, 2.5, 8.5, 3 ], "texture": "#particle" },
				"south": { "uv": [ 7.5, 2.5, 8.5, 3 ], "texture": "#particle" },
				"west": { "uv": [ 4, 2.5, 5, 3 ], "texture": "#particle" },
				"east": { "uv": [ 11, 2.5, 12, 3 ], "texture": "#particle" }
			}
		},
		{
			"__comment": "Box1",
			"from": [ 19, -6, -2 ],
			"to": [ 20, 23.5, -1 ],
			"faces": {
				"down": { "uv": [ 3, 1, 4, 2 ], "texture": "#particle" },
				"up": { "uv": [ 3, 14, 4, 15 ], "texture": "#particle" },
				"north": { "uv": [ 12, 0, 13, 16 ], "texture": "#particle" },
				"south": { "uv": [ 3, 0, 4, 16 ], "texture": "#particle" },
				"west": { "uv": [ 14, 0, 15, 16 ], "texture": "#particle" },
				"east": { "uv": [ 1, 0, 2, 16 ], "texture": "#particle" }
			}
		},
		{
			"__comment": "Box1",
			"from": [ 18, 23, -2.5 ],
			"to": [ 19, 23.5, -0.5 ],
			"faces": {
				"down": { "uv": [ 4.5, 14, 5.5, 16 ], "texture": "#particle", "rotation": 180 },
				"up": { "uv": [ 4.5, 0, 5.5, 2 ], "texture": "#particle", "rotation": 180 },
				"north": { "uv": [ 11.5, 5, 10.5, 4.5 ], "texture": "#particle" },
				"south": { "uv": [ 5.5, 5, 4.5, 4.5 ], "texture": "#particle" },
				"west": { "uv": [ 0, 4.5, 2, 5 ], "texture": "#particle", "rotation": 180 },
				"east": { "uv": [ 14, 4.5, 16, 5 ], "texture": "#particle", "rotation": 180 }
			}
		},
		{
			"__comment": "Box1",
			"from": [ 18, 24.5, -2.5 ],
			"to": [ 21, 25, -0.5 ],
			"faces": {
				"down": { "uv": [ 2.5, 14, 5.5, 16 ], "texture": "#particle", "rotation": 180 },
				"up": { "uv": [ 2.5, 0, 5.5, 2 ], "texture": "#particle", "rotation": 180 },
				"north": { "uv": [ 13.5, 6.5, 10.5, 6 ], "texture": "#particle" },
				"south": { "uv": [ 5.5, 6.5, 2.5, 6 ], "texture": "#particle" },
				"west": { "uv": [ 0, 6, 2, 6.5 ], "texture": "#particle", "rotation": 180 },
				"east": { "uv": [ 14, 6, 16, 6.5 ], "texture": "#particle", "rotation": 180 }
			}
		},
		{
			"__comment": "Box1",
			"from": [ 17.5, 23.5, -2.5 ],
			"to": [ 21.5, 24.5, -0.5 ],
			"faces": {
				"down": { "uv": [ 2, 14, 6, 16 ], "texture": "#particle", "rotation": 180 },
				"up": { "uv": [ 2, 0, 6, 2 ], "texture": "#particle", "rotation": 180 },
				"north": { "uv": [ 14, 6, 10, 5 ], "texture": "#particle" },
				"south": { "uv": [ 6, 6, 2, 5 ], "texture": "#particle" },
				"west": { "uv": [ 0, 5, 2, 6 ], "texture": "#particle", "rotation": 180 },
				"east": { "uv": [ 14, 5, 16, 6 ], "texture": "#particle", "rotation": 180 }
			}
		},
		{
			"__comment": "Box1",
			"from": [ 19, 25.5, -2 ],
			"to": [ 20, 26, -1 ],
			"faces": {
				"down": { "uv": [ 3.5, 14.5, 4.5, 15.5 ], "texture": "#particle", "rotation": 180 },
				"up": { "uv": [ 3.5, 0.5, 4.5, 1.5 ], "texture": "#particle", "rotation": 180 },
				"north": { "uv": [ 12.5, 7.5, 11.5, 7 ], "texture": "#particle" },
				"south": { "uv": [ 4.5, 7.5, 3.5, 7 ], "texture": "#particle" },
				"west": { "uv": [ 0.5, 7, 1.5, 7.5 ], "texture": "#particle", "rotation": 180 },
				"east": { "uv": [ 14.5, 7, 15.5, 7.5 ], "texture": "#particle", "rotation": 180 }
			}
		},
		{
			"__comment": "Box1",
			"from": [ 18.5, 25, -2 ],
			"to": [ 20.5, 25.5, -1 ],
			"faces": {
				"down": { "uv": [ 3, 14, 5, 15 ], "texture": "#particle", "rotation": 180 },
				"up": { "uv": [ 3, 1, 5, 2 ], "texture": "#particle", "rotation": 180 },
				"north": { "uv": [ 13, 7, 11, 6.5 ], "texture": "#particle" },
				"south": { "uv": [ 5, 7, 3, 6.5 ], "texture": "#particle" },
				"west": { "uv": [ 1, 6.5, 2, 7 ], "texture": "#particle", "rotation": 180 },
				"east": { "uv": [ 14, 6.5, 15, 7 ], "texture": "#particle", "rotation": 180 }
			}
		},
		{
			"__comment": "Box1",
			"from": [ 20, 23, -2.5 ],
			"to": [ 21, 23.5, -0.5 ],
			"faces": {
				"down": { "uv": [ 2.5, 14, 3.5, 16 ], "texture": "#particle", "rotation": 180 },
				"up": { "uv": [ 2.5, 0, 3.5, 2 ], "texture": "#particle", "rotation": 180 },
				"north": { "uv": [ 13.5, 5, 12.5, 4.5 ], "texture": "#particle" },
				"south": { "uv": [ 3.5, 5, 2.5, 4.5 ], "texture": "#particle" },
				"west": { "uv": [ 0, 4.5, 2, 5 ], "texture": "#particle", "rotation": 180 },
				"east": { "uv": [ 14, 4.5, 16, 5 ], "texture": "#particle", "rotation": 180 }
			}
		}
	],
	"display": {
		"thirdperson_righthand": {
			"rotation":  [ 33, -180, 0 ],
			"translation":  [ 0.6956, 2, 0.5 ],
			"scale":  [ 0.2, 0.2, 0.2 ]
		},
		"thirdperson_lefthand": {
			"rotation":  [ 33, 0, 0 ],
			"translation":  [ 0.6956, 0, 0.5 ],
			"scale":  [ 0.2, 0.2, 0.2 ]
		},
		"firstperson_righthand": {
			"rotation":  [ 0, 177, 0 ],
			"scale":  [ 0.3, 0.3, 0.3 ]
		},
		"firstperson_lefthand": {
			"scale":  [ 0.3, 0.3, 0.3 ]
		},
		"gui": {
			"rotation":  [ 0, 157, 0 ],
			"translation":  [ 0, 0.1, 0 ],
			"scale":  [ 0.4, 0.4, 0.4 ]
		},
		"head": {
			"translation":  [ 0, -12.52, 0 ],
			"scale":  [ 1.4, 1.4, 1.4 ]
		},
		"ground": {
			"translation":  [ 0, 9.0434, 0 ],
			"scale":  [ 0.4, 0.4, 0.4 ]
		},
		"fixed": {
			"scale":  [ 0.5, 0.5, 0.5 ]
		}
	}
}
