{
	"__comment": "Designed by Gamerkm with Cubik Studio - https://cubik.studio",
	"textures": {
		"particle": "block/e_particle",
		"crab_red_01": "custom/crab_red_01",
		"blank": "custom/blank",
		"texture": "block/stone"
	},
	"elements": [ 	 
		{
			"__comment": "crab_red_01",
			"from": [ 0, 0, 7.5 ],
			"to": [ 16, 16, 8.5 ],
			"faces": {
				"down": { "uv": [ 0, 0, 16, 16 ], "texture": "#blank" },
				"up": { "uv": [ 0, 0, 16, 16 ], "texture": "#blank" },
				"north": { "uv": [ 0, 0, 16, 16 ], "texture": "#blank" },
				"south": { "uv": [ 0, 0, 16, 16 ], "texture": "#crab_red_01" },
				"west": { "uv": [ 0, 0, 16, 16 ], "texture": "#blank" },
				"east": { "uv": [ 0, 0, 16, 16 ], "texture": "#blank" }
			}
		}
	],
	"display": {
		"head": {
			"translation":  [ 0, 0, 0 ],
			"scale":  [ 1.6, 1.6, 1.6 ]
		}
	}
}
