{
	"__comment": "Designed by Mouskegamer with Cubik Studio - https://cubik.studio",
	"textures": {
		"particle": "block/cyan_concrete",
		"texture": "block/lime_concrete",
		"texture1": "block/oak_planks",
		"texture2": "block/orange_terracotta",
		"texture3": "block/black_wool",
		"texture4": "block/yellow_concrete",
		"texture5": "block/white_wool",
		"texture6": "block/red_wool"
	},
	"elements": [ 	 
		{
			"__comment": "Box1",
			"from": [ 8.5, 0, 7 ],
			"to": [ 10, 2, 8 ],
			"faces": {
				"down": { "uv": [ 8, 8, 9.5, 9 ], "texture": "#texture1" },
				"up": { "uv": [ 8, 7, 9.5, 8 ], "texture": "#texture1" },
				"north": { "uv": [ 6.5, 14, 8, 16 ], "texture": "#texture1" },
				"south": { "uv": [ 8, 14, 9.5, 16 ], "texture": "#texture1" },
				"west": { "uv": [ 7, 14, 8, 16 ], "texture": "#texture1" },
				"east": { "uv": [ 8, 14, 9, 16 ], "texture": "#texture1" }
			}
		},
		{
			"__comment": "Box1",
			"from": [ 8.5, 0, 9 ],
			"to": [ 10, 2, 10 ],
			"faces": {
				"down": { "uv": [ 8.5, 6, 10, 7 ], "texture": "#texture1" },
				"up": { "uv": [ 8.5, 9, 10, 10 ], "texture": "#texture1" },
				"north": { "uv": [ 6, 14, 7.5, 16 ], "texture": "#texture1" },
				"south": { "uv": [ 8.5, 14, 10, 16 ], "texture": "#texture1" },
				"west": { "uv": [ 9, 14, 10, 16 ], "texture": "#texture1" },
				"east": { "uv": [ 6, 14, 7, 16 ], "texture": "#texture1" }
			}
		},
		{
			"__comment": "Box1",
			"from": [ 8.5, 2, 7 ],
			"to": [ 10, 3, 10 ],
			"faces": {
				"down": { "uv": [ 8, 6, 9.5, 9 ], "texture": "#texture1" },
				"up": { "uv": [ 8, 7, 9.5, 10 ], "texture": "#texture1" },
				"north": { "uv": [ 6.5, 13, 8, 14 ], "texture": "#texture1" },
				"south": { "uv": [ 8, 13, 9.5, 14 ], "texture": "#texture1" },
				"west": { "uv": [ 7, 13, 10, 14 ], "texture": "#texture1" },
				"east": { "uv": [ 6, 13, 9, 14 ], "texture": "#texture1" }
			}
		},
		{
			"__comment": "Box1",
			"from": [ 8, 3, 7 ],
			"to": [ 10, 4, 10 ],
			"faces": {
				"down": { "uv": [ 8, 6, 10, 9 ], "texture": "#texture2" },
				"up": { "uv": [ 8, 7, 10, 10 ], "texture": "#texture2" },
				"north": { "uv": [ 6, 12, 8, 13 ], "texture": "#texture2" },
				"south": { "uv": [ 8, 12, 10, 13 ], "texture": "#texture2" },
				"west": { "uv": [ 7, 12, 10, 13 ], "texture": "#texture2" },
				"east": { "uv": [ 6, 12, 9, 13 ], "texture": "#texture2" }
			}
		},
		{
			"__comment": "Box1",
			"from": [ 8, 4, 8 ],
			"to": [ 10, 6, 9 ],
			"faces": {
				"down": { "uv": [ 8, 7, 10, 8 ], "texture": "#texture2" },
				"up": { "uv": [ 8, 8, 10, 9 ], "texture": "#texture2" },
				"north": { "uv": [ 6, 10, 8, 12 ], "texture": "#texture2" },
				"south": { "uv": [ 8, 10, 10, 12 ], "texture": "#texture2" },
				"west": { "uv": [ 8, 10, 9, 12 ], "texture": "#texture2" },
				"east": { "uv": [ 7, 10, 8, 12 ], "texture": "#texture2" }
			}
		},
		{
			"__comment": "Box1",
			"from": [ 8, 4, 7 ],
			"to": [ 10, 6, 8 ],
			"faces": {
				"down": { "uv": [ 8, 8, 10, 9 ], "texture": "#texture3" },
				"up": { "uv": [ 8, 7, 10, 8 ], "texture": "#texture3" },
				"north": { "uv": [ 6, 10, 8, 12 ], "texture": "#texture3" },
				"south": { "uv": [ 8, 10, 10, 12 ], "texture": "#texture3" },
				"west": { "uv": [ 7, 10, 8, 12 ], "texture": "#texture3" },
				"east": { "uv": [ 8, 10, 9, 12 ], "texture": "#texture3" }
			}
		},
		{
			"__comment": "Box1",
			"from": [ 8, 4, 9 ],
			"to": [ 10, 6, 10 ],
			"faces": {
				"down": { "uv": [ 8, 6, 10, 7 ], "texture": "#texture3" },
				"up": { "uv": [ 8, 9, 10, 10 ], "texture": "#texture3" },
				"north": { "uv": [ 6, 10, 8, 12 ], "texture": "#texture3" },
				"south": { "uv": [ 8, 10, 10, 12 ], "texture": "#texture3" },
				"west": { "uv": [ 9, 10, 10, 12 ], "texture": "#texture3" },
				"east": { "uv": [ 6, 10, 7, 12 ], "texture": "#texture3" }
			}
		},
		{
			"__comment": "Box1",
			"from": [ 8, 6, 7 ],
			"to": [ 10, 9, 10 ],
			"faces": {
				"down": { "uv": [ 8, 6, 10, 9 ], "texture": "#texture" },
				"up": { "uv": [ 8, 7, 10, 10 ], "texture": "#texture" },
				"north": { "uv": [ 6, 7, 8, 10 ], "texture": "#texture" },
				"south": { "uv": [ 8, 7, 10, 10 ], "texture": "#texture" },
				"west": { "uv": [ 7, 7, 10, 10 ], "texture": "#texture" },
				"east": { "uv": [ 6, 7, 9, 10 ], "texture": "#texture" }
			}
		},
		{
			"__comment": "Box1",
			"from": [ 7, 9, 6 ],
			"to": [ 11, 10, 11 ],
			"faces": {
				"down": { "uv": [ 7, 5, 11, 10 ], "texture": "#particle" },
				"up": { "uv": [ 7, 6, 11, 11 ], "texture": "#particle" },
				"north": { "uv": [ 5, 6, 9, 7 ], "texture": "#particle" },
				"south": { "uv": [ 7, 6, 11, 7 ], "texture": "#particle" },
				"west": { "uv": [ 6, 6, 11, 7 ], "texture": "#particle" },
				"east": { "uv": [ 5, 6, 10, 7 ], "texture": "#particle" }
			}
		},
		{
			"__comment": "Box1",
			"from": [ 8, 10, 7 ],
			"to": [ 10, 11, 10 ],
			"faces": {
				"down": { "uv": [ 8, 6, 10, 9 ], "texture": "#texture4" },
				"up": { "uv": [ 8, 7, 10, 10 ], "texture": "#texture4" },
				"north": { "uv": [ 6, 5, 8, 6 ], "texture": "#texture4" },
				"south": { "uv": [ 8, 5, 10, 6 ], "texture": "#texture4" },
				"west": { "uv": [ 7, 5, 10, 6 ], "texture": "#texture4" },
				"east": { "uv": [ 6, 5, 9, 6 ], "texture": "#texture4" }
			}
		},
		{
			"__comment": "Box1",
			"from": [ 8, 11, 7 ],
			"to": [ 10, 12, 10 ],
			"faces": {
				"down": { "uv": [ 8, 6, 10, 9 ], "texture": "#particle" },
				"up": { "uv": [ 8, 7, 10, 10 ], "texture": "#particle" },
				"north": { "uv": [ 6, 4, 8, 5 ], "texture": "#particle" },
				"south": { "uv": [ 8, 4, 10, 5 ], "texture": "#particle" },
				"west": { "uv": [ 7, 4, 10, 5 ], "texture": "#particle" },
				"east": { "uv": [ 6, 4, 9, 5 ], "texture": "#particle" }
			}
		},
		{
			"__comment": "Box1",
			"from": [ 8, 5, 6 ],
			"to": [ 9, 6, 7 ],
			"faces": {
				"down": { "uv": [ 8, 9, 9, 10 ], "texture": "#texture3" },
				"up": { "uv": [ 8, 6, 9, 7 ], "texture": "#texture3" },
				"north": { "uv": [ 7, 10, 8, 11 ], "texture": "#texture3" },
				"south": { "uv": [ 8, 10, 9, 11 ], "texture": "#texture3" },
				"west": { "uv": [ 6, 10, 7, 11 ], "texture": "#texture3" },
				"east": { "uv": [ 9, 10, 10, 11 ], "texture": "#texture3" }
			}
		},
		{
			"__comment": "Box1",
			"from": [ 8, 6, 5 ],
			"to": [ 9, 7, 6 ],
			"faces": {
				"down": { "uv": [ 8, 10, 9, 11 ], "texture": "#texture3" },
				"up": { "uv": [ 8, 5, 9, 6 ], "texture": "#texture3" },
				"north": { "uv": [ 7, 9, 8, 10 ], "texture": "#texture3" },
				"south": { "uv": [ 8, 9, 9, 10 ], "texture": "#texture3" },
				"west": { "uv": [ 5, 9, 6, 10 ], "texture": "#texture3" },
				"east": { "uv": [ 10, 9, 11, 10 ], "texture": "#texture3" }
			}
		},
		{
			"__comment": "Box1",
			"from": [ 8, 7, 4 ],
			"to": [ 9, 8, 5 ],
			"faces": {
				"down": { "uv": [ 8, 11, 9, 12 ], "texture": "#texture5" },
				"up": { "uv": [ 8, 4, 9, 5 ], "texture": "#texture5" },
				"north": { "uv": [ 7, 8, 8, 9 ], "texture": "#texture5" },
				"south": { "uv": [ 8, 8, 9, 9 ], "texture": "#texture5" },
				"west": { "uv": [ 4, 8, 5, 9 ], "texture": "#texture5" },
				"east": { "uv": [ 11, 8, 12, 9 ], "texture": "#texture5" }
			}
		},
		{
			"__comment": "Box1",
			"from": [ 7, 5, 10 ],
			"to": [ 8, 6, 11 ],
			"faces": {
				"down": { "uv": [ 7, 5, 8, 6 ], "texture": "#texture3" },
				"up": { "uv": [ 7, 10, 8, 11 ], "texture": "#texture3" },
				"north": { "uv": [ 8, 10, 9, 11 ], "texture": "#texture3" },
				"south": { "uv": [ 7, 10, 8, 11 ], "texture": "#texture3" },
				"west": { "uv": [ 10, 10, 11, 11 ], "texture": "#texture3" },
				"east": { "uv": [ 5, 10, 6, 11 ], "texture": "#texture3" }
			}
		},
		{
			"__comment": "Box1",
			"from": [ 6, 5, 10 ],
			"to": [ 7, 6, 11 ],
			"faces": {
				"down": { "uv": [ 6, 5, 7, 6 ], "texture": "#texture5" },
				"up": { "uv": [ 6, 10, 7, 11 ], "texture": "#texture5" },
				"north": { "uv": [ 9, 10, 10, 11 ], "texture": "#texture5" },
				"south": { "uv": [ 6, 10, 7, 11 ], "texture": "#texture5" },
				"west": { "uv": [ 10, 10, 11, 11 ], "texture": "#texture5" },
				"east": { "uv": [ 5, 10, 6, 11 ], "texture": "#texture5" }
			}
		},
		{
			"__comment": "Box1",
			"from": [ 8.25, 8, 4.25 ],
			"to": [ 8.75, 13, 4.75 ],
			"faces": {
				"down": { "uv": [ 8.25, 11.25, 8.75, 11.75 ], "texture": "#texture1" },
				"up": { "uv": [ 8.25, 4.25, 8.75, 4.75 ], "texture": "#texture1" },
				"north": { "uv": [ 7.25, 3, 7.75, 8 ], "texture": "#texture1" },
				"south": { "uv": [ 8.25, 3, 8.75, 8 ], "texture": "#texture1" },
				"west": { "uv": [ 4.25, 3, 4.75, 8 ], "texture": "#texture1" },
				"east": { "uv": [ 11.25, 3, 11.75, 8 ], "texture": "#texture1" }
			}
		},
		{
			"__comment": "Box1",
			"from": [ 7.5, 13, 3.5 ],
			"to": [ 9.5, 14.5, 5.5 ],
			"faces": {
				"down": { "uv": [ 7.5, 10.5, 9.5, 12.5 ], "texture": "#texture6" },
				"up": { "uv": [ 7.5, 3.5, 9.5, 5.5 ], "texture": "#texture6" },
				"north": { "uv": [ 6.5, 1.5, 8.5, 3 ], "texture": "#texture6" },
				"south": { "uv": [ 7.5, 1.5, 9.5, 3 ], "texture": "#texture6" },
				"west": { "uv": [ 3.5, 1.5, 5.5, 3 ], "texture": "#texture6" },
				"east": { "uv": [ 10.5, 1.5, 12.5, 3 ], "texture": "#texture6" }
			}
		},
		{
			"__comment": "Box1",
			"from": [ 6.5, 13, 2.5 ],
			"to": [ 10.5, 13.5, 6.5 ],
			"faces": {
				"down": { "uv": [ 6.5, 9.5, 10.5, 13.5 ], "texture": "#texture6" },
				"up": { "uv": [ 6.5, 2.5, 10.5, 6.5 ], "texture": "#texture6" },
				"north": { "uv": [ 5.5, 2.5, 9.5, 3 ], "texture": "#texture6" },
				"south": { "uv": [ 6.5, 2.5, 10.5, 3 ], "texture": "#texture6" },
				"west": { "uv": [ 2.5, 2.5, 6.5, 3 ], "texture": "#texture6" },
				"east": { "uv": [ 9.5, 2.5, 13.5, 3 ], "texture": "#texture6" }
			}
		},
		{
			"__comment": "Box1",
			"from": [ 6.5, 12.5, 2 ],
			"to": [ 10.5, 13, 2.5 ],
			"faces": {
				"down": { "uv": [ 6.5, 13.5, 10.5, 14 ], "texture": "#texture6" },
				"up": { "uv": [ 6.5, 2, 10.5, 2.5 ], "texture": "#texture6" },
				"north": { "uv": [ 5.5, 3, 9.5, 3.5 ], "texture": "#texture6" },
				"south": { "uv": [ 6.5, 3, 10.5, 3.5 ], "texture": "#texture6" },
				"west": { "uv": [ 2, 3, 2.5, 3.5 ], "texture": "#texture6" },
				"east": { "uv": [ 13.5, 3, 14, 3.5 ], "texture": "#texture6" }
			}
		},
		{
			"__comment": "Box1",
			"from": [ 6.5, 12.5, 6.5 ],
			"to": [ 10.5, 13, 7 ],
			"faces": {
				"down": { "uv": [ 6.5, 9, 10.5, 9.5 ], "texture": "#texture6" },
				"up": { "uv": [ 6.5, 6.5, 10.5, 7 ], "texture": "#texture6" },
				"north": { "uv": [ 5.5, 3, 9.5, 3.5 ], "texture": "#texture6" },
				"south": { "uv": [ 6.5, 3, 10.5, 3.5 ], "texture": "#texture6" },
				"west": { "uv": [ 6.5, 3, 7, 3.5 ], "texture": "#texture6" },
				"east": { "uv": [ 9, 3, 9.5, 3.5 ], "texture": "#texture6" }
			}
		},
		{
			"__comment": "Box1",
			"from": [ 6, 12.5, 2.5 ],
			"to": [ 6.5, 13, 6.5 ],
			"faces": {
				"down": { "uv": [ 6, 9.5, 6.5, 13.5 ], "texture": "#texture6" },
				"up": { "uv": [ 6, 2.5, 6.5, 6.5 ], "texture": "#texture6" },
				"north": { "uv": [ 9.5, 3, 10, 3.5 ], "texture": "#texture6" },
				"south": { "uv": [ 6, 3, 6.5, 3.5 ], "texture": "#texture6" },
				"west": { "uv": [ 2.5, 3, 6.5, 3.5 ], "texture": "#texture6" },
				"east": { "uv": [ 9.5, 3, 13.5, 3.5 ], "texture": "#texture6" }
			}
		},
		{
			"__comment": "Box1",
			"from": [ 10.5, 12.5, 2.5 ],
			"to": [ 11, 13, 6.5 ],
			"faces": {
				"down": { "uv": [ 10.5, 9.5, 11, 13.5 ], "texture": "#texture6" },
				"up": { "uv": [ 10.5, 2.5, 11, 6.5 ], "texture": "#texture6" },
				"north": { "uv": [ 5, 3, 5.5, 3.5 ], "texture": "#texture6" },
				"south": { "uv": [ 10.5, 3, 11, 3.5 ], "texture": "#texture6" },
				"west": { "uv": [ 2.5, 3, 6.5, 3.5 ], "texture": "#texture6" },
				"east": { "uv": [ 9.5, 3, 13.5, 3.5 ], "texture": "#texture6" }
			}
		},
		{
			"__comment": "Box1",
			"from": [ 8, 14.5, 4 ],
			"to": [ 9, 15, 5 ],
			"faces": {
				"down": { "uv": [ 8, 11, 9, 12 ], "texture": "#texture6" },
				"up": { "uv": [ 8, 4, 9, 5 ], "texture": "#texture6" },
				"north": { "uv": [ 7, 1, 8, 1.5 ], "texture": "#texture6" },
				"south": { "uv": [ 8, 1, 9, 1.5 ], "texture": "#texture6" },
				"west": { "uv": [ 4, 1, 5, 1.5 ], "texture": "#texture6" },
				"east": { "uv": [ 11, 1, 12, 1.5 ], "texture": "#texture6" }
			}
		},
		{
			"__comment": "Box1",
			"from": [ 7, 13.5, 3 ],
			"to": [ 10, 14, 6 ],
			"faces": {
				"down": { "uv": [ 7, 10, 10, 13 ], "texture": "#texture6" },
				"up": { "uv": [ 7, 3, 10, 6 ], "texture": "#texture6" },
				"north": { "uv": [ 6, 2, 9, 2.5 ], "texture": "#texture6" },
				"south": { "uv": [ 7, 2, 10, 2.5 ], "texture": "#texture6" },
				"west": { "uv": [ 3, 2, 6, 2.5 ], "texture": "#texture6" },
				"east": { "uv": [ 10, 2, 13, 2.5 ], "texture": "#texture6" }
			}
		}
	],
	"display": {
		"thirdperson_righthand": {
			"rotation":  [ 90, -87, 0 ],
			"translation":  [ 0.6956, 0, 16 ],
			"scale":  [ 0.5, 0.5, 0.5 ]
		},
		"thirdperson_lefthand": {
			"rotation":  [ 90, 122, 0 ],
			"translation":  [ 0.6956, 0, 16 ],
			"scale":  [ 0.5, 0.5, 0.5 ]
		},
		"firstperson_righthand": {
			"rotation":  [ 0, 33, 0 ],
			"translation":  [ 0, 3.4782, 0 ],
			"scale":  [ 0.5, 0.5, 0.5 ]
		},
		"firstperson_lefthand": {
			"rotation":  [ 0, -128, 0 ],
			"translation":  [ 0, 3.4782, 0 ],
			"scale":  [ 0.5, 0.5, 0.5 ]
		},
		"gui": {
			"rotation":  [ 0, 116, 0 ],
			"translation":  [ 0, 1, 0 ]
		},
		"head": {
			"rotation":  [ 0, -90, 0 ],
			"translation":  [ 0, 14.5, 0 ]
		},
		"ground": {
			"translation":  [ 0, 5.5652, 0 ]
		},
		"fixed": {
			"rotation":  [ 0, -90, 0 ],
			"translation":  [ 0, 0, -1 ]
		}
	}
}
