{
	"__comment": "Designed by Gamerkm with Cubik Studio - https://cubik.studio",
	"textures": {
		"particle": "block/e_particle",
		"coal_block": "block/coal_block",
		"club33_ears_blue": "custom/club33_ears_blue",
		"terracotta_yellow": "block/glowstone",
		"stone_slab_top": "block/stone_slab_top"
	},
	"elements": [ 	 
		{
			"__comment": "coal_block",
			"from": [ 1.5, 7, 6.5 ],
			"to": [ 2, 7.5, 9.5 ],
			"faces": {
				"down": { "uv": [ 1.5, 6.5, 2, 9.5 ], "texture": "#coal_block" },
				"up": { "uv": [ 1.5, 6.5, 2, 9.5 ], "texture": "#coal_block" },
				"north": { "uv": [ 14, 8.5, 14.5, 9 ], "texture": "#coal_block" },
				"south": { "uv": [ 1.5, 8.5, 2, 9 ], "texture": "#coal_block" },
				"west": { "uv": [ 6.5, 8.5, 9.5, 9 ], "texture": "#coal_block" },
				"east": { "uv": [ 6.5, 8.5, 9.5, 9 ], "texture": "#coal_block" }
			}
		},
		{
			"__comment": "coal_block",
			"from": [ 6.5, 7, 1.5 ],
			"to": [ 9.5, 7.5, 2 ],
			"faces": {
				"down": { "uv": [ 6.5, 14, 9.5, 14.5 ], "texture": "#coal_block" },
				"up": { "uv": [ 6.5, 1.5, 9.5, 2 ], "texture": "#coal_block" },
				"north": { "uv": [ 6.5, 8.5, 9.5, 9 ], "texture": "#coal_block" },
				"south": { "uv": [ 6.5, 8.5, 9.5, 9 ], "texture": "#coal_block" },
				"west": { "uv": [ 1.5, 8.5, 2, 9 ], "texture": "#coal_block" },
				"east": { "uv": [ 14, 8.5, 14.5, 9 ], "texture": "#coal_block" }
			}
		},
		{
			"__comment": "coal_block",
			"from": [ 13.5, 7, 9.5 ],
			"to": [ 14, 7.5, 11 ],
			"faces": {
				"down": { "uv": [ 13.5, 5, 14, 6.5 ], "texture": "#coal_block" },
				"up": { "uv": [ 13.5, 9.5, 14, 11 ], "texture": "#coal_block" },
				"north": { "uv": [ 2, 8.5, 2.5, 9 ], "texture": "#coal_block" },
				"south": { "uv": [ 13.5, 8.5, 14, 9 ], "texture": "#coal_block" },
				"west": { "uv": [ 9.5, 8.5, 11, 9 ], "texture": "#coal_block" },
				"east": { "uv": [ 5, 8.5, 6.5, 9 ], "texture": "#coal_block" }
			}
		},
		{
			"__comment": "coal_block",
			"from": [ 3.5, 7, 3 ],
			"to": [ 4, 7.5, 3.5 ],
			"faces": {
				"down": { "uv": [ 3.5, 12.5, 4, 13 ], "texture": "#coal_block" },
				"up": { "uv": [ 3.5, 3, 4, 3.5 ], "texture": "#coal_block" },
				"north": { "uv": [ 12, 8.5, 12.5, 9 ], "texture": "#coal_block" },
				"south": { "uv": [ 3.5, 8.5, 4, 9 ], "texture": "#coal_block" },
				"west": { "uv": [ 3, 8.5, 3.5, 9 ], "texture": "#coal_block" },
				"east": { "uv": [ 12.5, 8.5, 13, 9 ], "texture": "#coal_block" }
			}
		},
		{
			"__comment": "coal_block",
			"from": [ 3, 7, 3.5 ],
			"to": [ 3.5, 7.5, 4 ],
			"faces": {
				"down": { "uv": [ 3, 12, 3.5, 12.5 ], "texture": "#coal_block" },
				"up": { "uv": [ 3, 3.5, 3.5, 4 ], "texture": "#coal_block" },
				"north": { "uv": [ 12.5, 8.5, 13, 9 ], "texture": "#coal_block" },
				"south": { "uv": [ 3, 8.5, 3.5, 9 ], "texture": "#coal_block" },
				"west": { "uv": [ 3.5, 8.5, 4, 9 ], "texture": "#coal_block" },
				"east": { "uv": [ 12, 8.5, 12.5, 9 ], "texture": "#coal_block" }
			}
		},
		{
			"__comment": "coal_block",
			"from": [ 9.5, 7, 2 ],
			"to": [ 11, 7.5, 2.5 ],
			"faces": {
				"down": { "uv": [ 9.5, 13.5, 11, 14 ], "texture": "#coal_block" },
				"up": { "uv": [ 9.5, 2, 11, 2.5 ], "texture": "#coal_block" },
				"north": { "uv": [ 5, 8.5, 6.5, 9 ], "texture": "#coal_block" },
				"south": { "uv": [ 9.5, 8.5, 11, 9 ], "texture": "#coal_block" },
				"west": { "uv": [ 2, 8.5, 2.5, 9 ], "texture": "#coal_block" },
				"east": { "uv": [ 13.5, 8.5, 14, 9 ], "texture": "#coal_block" }
			}
		},
		{
			"__comment": "coal_block",
			"from": [ 2.5, 7, 4 ],
			"to": [ 3, 7.5, 5 ],
			"faces": {
				"down": { "uv": [ 2.5, 11, 3, 12 ], "texture": "#coal_block" },
				"up": { "uv": [ 2.5, 4, 3, 5 ], "texture": "#coal_block" },
				"north": { "uv": [ 13, 8.5, 13.5, 9 ], "texture": "#coal_block" },
				"south": { "uv": [ 2.5, 8.5, 3, 9 ], "texture": "#coal_block" },
				"west": { "uv": [ 4, 8.5, 5, 9 ], "texture": "#coal_block" },
				"east": { "uv": [ 11, 8.5, 12, 9 ], "texture": "#coal_block" }
			}
		},
		{
			"__comment": "coal_block",
			"from": [ 2, 7, 5 ],
			"to": [ 2.5, 7.5, 6.5 ],
			"faces": {
				"down": { "uv": [ 2, 9.5, 2.5, 11 ], "texture": "#coal_block" },
				"up": { "uv": [ 2, 5, 2.5, 6.5 ], "texture": "#coal_block" },
				"north": { "uv": [ 13.5, 8.5, 14, 9 ], "texture": "#coal_block" },
				"south": { "uv": [ 2, 8.5, 2.5, 9 ], "texture": "#coal_block" },
				"west": { "uv": [ 5, 8.5, 6.5, 9 ], "texture": "#coal_block" },
				"east": { "uv": [ 9.5, 8.5, 11, 9 ], "texture": "#coal_block" }
			}
		},
		{
			"__comment": "coal_block",
			"from": [ 5, 7, 2 ],
			"to": [ 6.5, 7.5, 2.5 ],
			"faces": {
				"down": { "uv": [ 5, 13.5, 6.5, 14 ], "texture": "#coal_block" },
				"up": { "uv": [ 5, 2, 6.5, 2.5 ], "texture": "#coal_block" },
				"north": { "uv": [ 9.5, 8.5, 11, 9 ], "texture": "#coal_block" },
				"south": { "uv": [ 5, 8.5, 6.5, 9 ], "texture": "#coal_block" },
				"west": { "uv": [ 2, 8.5, 2.5, 9 ], "texture": "#coal_block" },
				"east": { "uv": [ 13.5, 8.5, 14, 9 ], "texture": "#coal_block" }
			}
		},
		{
			"__comment": "coal_block",
			"from": [ 4, 7, 2.5 ],
			"to": [ 5, 7.5, 3 ],
			"faces": {
				"down": { "uv": [ 4, 13, 5, 13.5 ], "texture": "#coal_block" },
				"up": { "uv": [ 4, 2.5, 5, 3 ], "texture": "#coal_block" },
				"north": { "uv": [ 11, 8.5, 12, 9 ], "texture": "#coal_block" },
				"south": { "uv": [ 4, 8.5, 5, 9 ], "texture": "#coal_block" },
				"west": { "uv": [ 2.5, 8.5, 3, 9 ], "texture": "#coal_block" },
				"east": { "uv": [ 13, 8.5, 13.5, 9 ], "texture": "#coal_block" }
			}
		},
		{
			"__comment": "coal_block",
			"from": [ 11, 7, 2.5 ],
			"to": [ 12, 7.5, 3 ],
			"faces": {
				"down": { "uv": [ 11, 13, 12, 13.5 ], "texture": "#coal_block" },
				"up": { "uv": [ 11, 2.5, 12, 3 ], "texture": "#coal_block" },
				"north": { "uv": [ 4, 8.5, 5, 9 ], "texture": "#coal_block" },
				"south": { "uv": [ 11, 8.5, 12, 9 ], "texture": "#coal_block" },
				"west": { "uv": [ 2.5, 8.5, 3, 9 ], "texture": "#coal_block" },
				"east": { "uv": [ 13, 8.5, 13.5, 9 ], "texture": "#coal_block" }
			}
		},
		{
			"__comment": "coal_block",
			"from": [ 12, 7, 3 ],
			"to": [ 12.5, 7.5, 3.5 ],
			"faces": {
				"down": { "uv": [ 12, 12.5, 12.5, 13 ], "texture": "#coal_block" },
				"up": { "uv": [ 12, 3, 12.5, 3.5 ], "texture": "#coal_block" },
				"north": { "uv": [ 3.5, 8.5, 4, 9 ], "texture": "#coal_block" },
				"south": { "uv": [ 12, 8.5, 12.5, 9 ], "texture": "#coal_block" },
				"west": { "uv": [ 3, 8.5, 3.5, 9 ], "texture": "#coal_block" },
				"east": { "uv": [ 12.5, 8.5, 13, 9 ], "texture": "#coal_block" }
			}
		},
		{
			"__comment": "coal_block",
			"from": [ 13, 7, 11 ],
			"to": [ 13.5, 7.5, 12 ],
			"faces": {
				"down": { "uv": [ 13, 4, 13.5, 5 ], "texture": "#coal_block" },
				"up": { "uv": [ 13, 11, 13.5, 12 ], "texture": "#coal_block" },
				"north": { "uv": [ 2.5, 8.5, 3, 9 ], "texture": "#coal_block" },
				"south": { "uv": [ 13, 8.5, 13.5, 9 ], "texture": "#coal_block" },
				"west": { "uv": [ 11, 8.5, 12, 9 ], "texture": "#coal_block" },
				"east": { "uv": [ 4, 8.5, 5, 9 ], "texture": "#coal_block" }
			}
		},
		{
			"__comment": "coal_block",
			"from": [ 13, 7, 4 ],
			"to": [ 13.5, 7.5, 5 ],
			"faces": {
				"down": { "uv": [ 13, 11, 13.5, 12 ], "texture": "#coal_block" },
				"up": { "uv": [ 13, 4, 13.5, 5 ], "texture": "#coal_block" },
				"north": { "uv": [ 2.5, 8.5, 3, 9 ], "texture": "#coal_block" },
				"south": { "uv": [ 13, 8.5, 13.5, 9 ], "texture": "#coal_block" },
				"west": { "uv": [ 4, 8.5, 5, 9 ], "texture": "#coal_block" },
				"east": { "uv": [ 11, 8.5, 12, 9 ], "texture": "#coal_block" }
			}
		},
		{
			"__comment": "coal_block",
			"from": [ 14, 7, 6.5 ],
			"to": [ 14.5, 7.5, 9.5 ],
			"faces": {
				"down": { "uv": [ 14, 6.5, 14.5, 9.5 ], "texture": "#coal_block" },
				"up": { "uv": [ 14, 6.5, 14.5, 9.5 ], "texture": "#coal_block" },
				"north": { "uv": [ 1.5, 8.5, 2, 9 ], "texture": "#coal_block" },
				"south": { "uv": [ 14, 8.5, 14.5, 9 ], "texture": "#coal_block" },
				"west": { "uv": [ 6.5, 8.5, 9.5, 9 ], "texture": "#coal_block" },
				"east": { "uv": [ 6.5, 8.5, 9.5, 9 ], "texture": "#coal_block" }
			}
		},
		{
			"__comment": "coal_block",
			"from": [ 12.5, 7, 3.5 ],
			"to": [ 13, 7.5, 4 ],
			"faces": {
				"down": { "uv": [ 12.5, 12, 13, 12.5 ], "texture": "#coal_block" },
				"up": { "uv": [ 12.5, 3.5, 13, 4 ], "texture": "#coal_block" },
				"north": { "uv": [ 3, 8.5, 3.5, 9 ], "texture": "#coal_block" },
				"south": { "uv": [ 12.5, 8.5, 13, 9 ], "texture": "#coal_block" },
				"west": { "uv": [ 3.5, 8.5, 4, 9 ], "texture": "#coal_block" },
				"east": { "uv": [ 12, 8.5, 12.5, 9 ], "texture": "#coal_block" }
			}
		},
		{
			"__comment": "coal_block",
			"from": [ 9.5, 7, 13.5 ],
			"to": [ 11, 7.5, 14 ],
			"faces": {
				"down": { "uv": [ 9.5, 2, 11, 2.5 ], "texture": "#coal_block" },
				"up": { "uv": [ 9.5, 13.5, 11, 14 ], "texture": "#coal_block" },
				"north": { "uv": [ 5, 8.5, 6.5, 9 ], "texture": "#coal_block" },
				"south": { "uv": [ 9.5, 8.5, 11, 9 ], "texture": "#coal_block" },
				"west": { "uv": [ 13.5, 8.5, 14, 9 ], "texture": "#coal_block" },
				"east": { "uv": [ 2, 8.5, 2.5, 9 ], "texture": "#coal_block" }
			}
		},
		{
			"__comment": "coal_block",
			"from": [ 13.5, 7, 5 ],
			"to": [ 14, 7.5, 6.5 ],
			"faces": {
				"down": { "uv": [ 13.5, 9.5, 14, 11 ], "texture": "#coal_block" },
				"up": { "uv": [ 13.5, 5, 14, 6.5 ], "texture": "#coal_block" },
				"north": { "uv": [ 2, 8.5, 2.5, 9 ], "texture": "#coal_block" },
				"south": { "uv": [ 13.5, 8.5, 14, 9 ], "texture": "#coal_block" },
				"west": { "uv": [ 5, 8.5, 6.5, 9 ], "texture": "#coal_block" },
				"east": { "uv": [ 9.5, 8.5, 11, 9 ], "texture": "#coal_block" }
			}
		},
		{
			"__comment": "coal_block",
			"from": [ 12.5, 7, 12 ],
			"to": [ 13, 7.5, 12.5 ],
			"faces": {
				"down": { "uv": [ 12.5, 3.5, 13, 4 ], "texture": "#coal_block" },
				"up": { "uv": [ 12.5, 12, 13, 12.5 ], "texture": "#coal_block" },
				"north": { "uv": [ 3, 8.5, 3.5, 9 ], "texture": "#coal_block" },
				"south": { "uv": [ 12.5, 8.5, 13, 9 ], "texture": "#coal_block" },
				"west": { "uv": [ 12, 8.5, 12.5, 9 ], "texture": "#coal_block" },
				"east": { "uv": [ 3.5, 8.5, 4, 9 ], "texture": "#coal_block" }
			}
		},
		{
			"__comment": "coal_block",
			"from": [ 12, 7, 12.5 ],
			"to": [ 12.5, 7.5, 13 ],
			"faces": {
				"down": { "uv": [ 12, 3, 12.5, 3.5 ], "texture": "#coal_block" },
				"up": { "uv": [ 12, 12.5, 12.5, 13 ], "texture": "#coal_block" },
				"north": { "uv": [ 3.5, 8.5, 4, 9 ], "texture": "#coal_block" },
				"south": { "uv": [ 12, 8.5, 12.5, 9 ], "texture": "#coal_block" },
				"west": { "uv": [ 12.5, 8.5, 13, 9 ], "texture": "#coal_block" },
				"east": { "uv": [ 3, 8.5, 3.5, 9 ], "texture": "#coal_block" }
			}
		},
		{
			"__comment": "coal_block",
			"from": [ 11, 7, 13 ],
			"to": [ 12, 7.5, 13.5 ],
			"faces": {
				"down": { "uv": [ 11, 2.5, 12, 3 ], "texture": "#coal_block" },
				"up": { "uv": [ 11, 13, 12, 13.5 ], "texture": "#coal_block" },
				"north": { "uv": [ 4, 8.5, 5, 9 ], "texture": "#coal_block" },
				"south": { "uv": [ 11, 8.5, 12, 9 ], "texture": "#coal_block" },
				"west": { "uv": [ 13, 8.5, 13.5, 9 ], "texture": "#coal_block" },
				"east": { "uv": [ 2.5, 8.5, 3, 9 ], "texture": "#coal_block" }
			}
		},
		{
			"__comment": "coal_block",
			"from": [ 3.5, 7, 12.5 ],
			"to": [ 4, 7.5, 13 ],
			"faces": {
				"down": { "uv": [ 3.5, 3, 4, 3.5 ], "texture": "#coal_block" },
				"up": { "uv": [ 3.5, 12.5, 4, 13 ], "texture": "#coal_block" },
				"north": { "uv": [ 12, 8.5, 12.5, 9 ], "texture": "#coal_block" },
				"south": { "uv": [ 3.5, 8.5, 4, 9 ], "texture": "#coal_block" },
				"west": { "uv": [ 12.5, 8.5, 13, 9 ], "texture": "#coal_block" },
				"east": { "uv": [ 3, 8.5, 3.5, 9 ], "texture": "#coal_block" }
			}
		},
		{
			"__comment": "club33_ears_blue",
			"from": [ 7, 7.5, 1.5 ],
			"to": [ 9, 9.5, 2 ],
			"faces": {
				"down": { "uv": [ 7, 14, 9, 14.5 ], "texture": "#club33_ears_blue" },
				"up": { "uv": [ 7, 1.5, 9, 2 ], "texture": "#club33_ears_blue" },
				"north": { "uv": [ 7, 6.5, 9, 8.5 ], "texture": "#club33_ears_blue" },
				"south": { "uv": [ 7, 6.5, 9, 8.5 ], "texture": "#club33_ears_blue" },
				"west": { "uv": [ 1.5, 6.5, 2, 8.5 ], "texture": "#club33_ears_blue" },
				"east": { "uv": [ 14, 6.5, 14.5, 8.5 ], "texture": "#club33_ears_blue" }
			}
		},
		{
			"__comment": "coal_block",
			"from": [ 4, 7, 13 ],
			"to": [ 5, 7.5, 13.5 ],
			"faces": {
				"down": { "uv": [ 4, 2.5, 5, 3 ], "texture": "#coal_block" },
				"up": { "uv": [ 4, 13, 5, 13.5 ], "texture": "#coal_block" },
				"north": { "uv": [ 11, 8.5, 12, 9 ], "texture": "#coal_block" },
				"south": { "uv": [ 4, 8.5, 5, 9 ], "texture": "#coal_block" },
				"west": { "uv": [ 13, 8.5, 13.5, 9 ], "texture": "#coal_block" },
				"east": { "uv": [ 2.5, 8.5, 3, 9 ], "texture": "#coal_block" }
			}
		},
		{
			"__comment": "coal_block",
			"from": [ 5, 7, 13.5 ],
			"to": [ 6.5, 7.5, 14 ],
			"faces": {
				"down": { "uv": [ 5, 2, 6.5, 2.5 ], "texture": "#coal_block" },
				"up": { "uv": [ 5, 13.5, 6.5, 14 ], "texture": "#coal_block" },
				"north": { "uv": [ 9.5, 8.5, 11, 9 ], "texture": "#coal_block" },
				"south": { "uv": [ 5, 8.5, 6.5, 9 ], "texture": "#coal_block" },
				"west": { "uv": [ 13.5, 8.5, 14, 9 ], "texture": "#coal_block" },
				"east": { "uv": [ 2, 8.5, 2.5, 9 ], "texture": "#coal_block" }
			}
		},
		{
			"__comment": "coal_block",
			"from": [ 6.5, 7, 14 ],
			"to": [ 9.5, 7.5, 14.5 ],
			"faces": {
				"down": { "uv": [ 6.5, 1.5, 9.5, 2 ], "texture": "#coal_block" },
				"up": { "uv": [ 6.5, 14, 9.5, 14.5 ], "texture": "#coal_block" },
				"north": { "uv": [ 6.5, 8.5, 9.5, 9 ], "texture": "#coal_block" },
				"south": { "uv": [ 6.5, 8.5, 9.5, 9 ], "texture": "#coal_block" },
				"west": { "uv": [ 14, 8.5, 14.5, 9 ], "texture": "#coal_block" },
				"east": { "uv": [ 1.5, 8.5, 2, 9 ], "texture": "#coal_block" }
			}
		},
		{
			"__comment": "coal_block",
			"from": [ 3, 7, 12 ],
			"to": [ 3.5, 7.5, 12.5 ],
			"faces": {
				"down": { "uv": [ 3, 3.5, 3.5, 4 ], "texture": "#coal_block" },
				"up": { "uv": [ 3, 12, 3.5, 12.5 ], "texture": "#coal_block" },
				"north": { "uv": [ 12.5, 8.5, 13, 9 ], "texture": "#coal_block" },
				"south": { "uv": [ 3, 8.5, 3.5, 9 ], "texture": "#coal_block" },
				"west": { "uv": [ 12, 8.5, 12.5, 9 ], "texture": "#coal_block" },
				"east": { "uv": [ 3.5, 8.5, 4, 9 ], "texture": "#coal_block" }
			}
		},
		{
			"__comment": "coal_block",
			"from": [ 2.5, 7, 11 ],
			"to": [ 3, 7.5, 12 ],
			"faces": {
				"down": { "uv": [ 2.5, 4, 3, 5 ], "texture": "#coal_block" },
				"up": { "uv": [ 2.5, 11, 3, 12 ], "texture": "#coal_block" },
				"north": { "uv": [ 13, 8.5, 13.5, 9 ], "texture": "#coal_block" },
				"south": { "uv": [ 2.5, 8.5, 3, 9 ], "texture": "#coal_block" },
				"west": { "uv": [ 11, 8.5, 12, 9 ], "texture": "#coal_block" },
				"east": { "uv": [ 4, 8.5, 5, 9 ], "texture": "#coal_block" }
			}
		},
		{
			"__comment": "coal_block",
			"from": [ 5.5, 7.5, 14.5 ],
			"to": [ 10.5, 8, 15 ],
			"faces": {
				"down": { "uv": [ 5.5, 1, 10.5, 1.5 ], "texture": "#coal_block" },
				"up": { "uv": [ 5.5, 14.5, 10.5, 15 ], "texture": "#coal_block" },
				"north": { "uv": [ 5.5, 8, 10.5, 8.5 ], "texture": "#coal_block" },
				"south": { "uv": [ 5.5, 8, 10.5, 8.5 ], "texture": "#coal_block" },
				"west": { "uv": [ 14.5, 8, 15, 8.5 ], "texture": "#coal_block" },
				"east": { "uv": [ 1, 8, 1.5, 8.5 ], "texture": "#coal_block" }
			}
		},
		{
			"__comment": "club33_ears_blue",
			"from": [ 1.5, 7.5, 7 ],
			"to": [ 2, 9.5, 9 ],
			"faces": {
				"down": { "uv": [ 1.5, 7, 2, 9 ], "texture": "#club33_ears_blue" },
				"up": { "uv": [ 1.5, 7, 2, 9 ], "texture": "#club33_ears_blue" },
				"north": { "uv": [ 14, 6.5, 14.5, 8.5 ], "texture": "#club33_ears_blue" },
				"south": { "uv": [ 1.5, 6.5, 2, 8.5 ], "texture": "#club33_ears_blue" },
				"west": { "uv": [ 7, 6.5, 9, 8.5 ], "texture": "#club33_ears_blue" },
				"east": { "uv": [ 7, 6.5, 9, 8.5 ], "texture": "#club33_ears_blue" }
			}
		},
		{
			"__comment": "club33_ears_blue",
			"from": [ 2.5, 7.5, 4.5 ],
			"to": [ 3, 9.5, 5.5 ],
			"faces": {
				"down": { "uv": [ 2.5, 10.5, 3, 11.5 ], "texture": "#club33_ears_blue" },
				"up": { "uv": [ 2.5, 4.5, 3, 5.5 ], "texture": "#club33_ears_blue" },
				"north": { "uv": [ 13, 6.5, 13.5, 8.5 ], "texture": "#club33_ears_blue" },
				"south": { "uv": [ 2.5, 6.5, 3, 8.5 ], "texture": "#club33_ears_blue" },
				"west": { "uv": [ 4.5, 6.5, 5.5, 8.5 ], "texture": "#club33_ears_blue" },
				"east": { "uv": [ 10.5, 6.5, 11.5, 8.5 ], "texture": "#club33_ears_blue" }
			}
		},
		{
			"__comment": "club33_ears_blue",
			"from": [ 3, 7.5, 4 ],
			"to": [ 3.5, 9.5, 4.5 ],
			"faces": {
				"down": { "uv": [ 3, 11.5, 3.5, 12 ], "texture": "#club33_ears_blue" },
				"up": { "uv": [ 3, 4, 3.5, 4.5 ], "texture": "#club33_ears_blue" },
				"north": { "uv": [ 12.5, 6.5, 13, 8.5 ], "texture": "#club33_ears_blue" },
				"south": { "uv": [ 3, 6.5, 3.5, 8.5 ], "texture": "#club33_ears_blue" },
				"west": { "uv": [ 4, 6.5, 4.5, 8.5 ], "texture": "#club33_ears_blue" },
				"east": { "uv": [ 11.5, 6.5, 12, 8.5 ], "texture": "#club33_ears_blue" }
			}
		},
		{
			"__comment": "club33_ears_blue",
			"from": [ 3.5, 7.5, 3.5 ],
			"to": [ 4, 9.5, 4 ],
			"faces": {
				"down": { "uv": [ 3.5, 12, 4, 12.5 ], "texture": "#club33_ears_blue" },
				"up": { "uv": [ 3.5, 3.5, 4, 4 ], "texture": "#club33_ears_blue" },
				"north": { "uv": [ 12, 6.5, 12.5, 8.5 ], "texture": "#club33_ears_blue" },
				"south": { "uv": [ 3.5, 6.5, 4, 8.5 ], "texture": "#club33_ears_blue" },
				"west": { "uv": [ 3.5, 6.5, 4, 8.5 ], "texture": "#club33_ears_blue" },
				"east": { "uv": [ 12, 6.5, 12.5, 8.5 ], "texture": "#club33_ears_blue" }
			}
		},
		{
			"__comment": "club33_ears_blue",
			"from": [ 4, 7.5, 3 ],
			"to": [ 4.5, 9.5, 3.5 ],
			"faces": {
				"down": { "uv": [ 4, 12.5, 4.5, 13 ], "texture": "#club33_ears_blue" },
				"up": { "uv": [ 4, 3, 4.5, 3.5 ], "texture": "#club33_ears_blue" },
				"north": { "uv": [ 11.5, 6.5, 12, 8.5 ], "texture": "#club33_ears_blue" },
				"south": { "uv": [ 4, 6.5, 4.5, 8.5 ], "texture": "#club33_ears_blue" },
				"west": { "uv": [ 3, 6.5, 3.5, 8.5 ], "texture": "#club33_ears_blue" },
				"east": { "uv": [ 12.5, 6.5, 13, 8.5 ], "texture": "#club33_ears_blue" }
			}
		},
		{
			"__comment": "club33_ears_blue",
			"from": [ 4.5, 7.5, 2.5 ],
			"to": [ 5.5, 9.5, 3 ],
			"faces": {
				"down": { "uv": [ 4.5, 13, 5.5, 13.5 ], "texture": "#club33_ears_blue" },
				"up": { "uv": [ 4.5, 2.5, 5.5, 3 ], "texture": "#club33_ears_blue" },
				"north": { "uv": [ 10.5, 6.5, 11.5, 8.5 ], "texture": "#club33_ears_blue" },
				"south": { "uv": [ 4.5, 6.5, 5.5, 8.5 ], "texture": "#club33_ears_blue" },
				"west": { "uv": [ 2.5, 6.5, 3, 8.5 ], "texture": "#club33_ears_blue" },
				"east": { "uv": [ 13, 6.5, 13.5, 8.5 ], "texture": "#club33_ears_blue" }
			}
		},
		{
			"__comment": "club33_ears_blue",
			"from": [ 9, 7.5, 2 ],
			"to": [ 10.5, 9.5, 2.5 ],
			"faces": {
				"down": { "uv": [ 9, 13.5, 10.5, 14 ], "texture": "#club33_ears_blue" },
				"up": { "uv": [ 9, 2, 10.5, 2.5 ], "texture": "#club33_ears_blue" },
				"north": { "uv": [ 5.5, 6.5, 7, 8.5 ], "texture": "#club33_ears_blue" },
				"south": { "uv": [ 9, 6.5, 10.5, 8.5 ], "texture": "#club33_ears_blue" },
				"west": { "uv": [ 2, 6.5, 2.5, 8.5 ], "texture": "#club33_ears_blue" },
				"east": { "uv": [ 13.5, 6.5, 14, 8.5 ], "texture": "#club33_ears_blue" }
			}
		},
		{
			"__comment": "club33_ears_blue",
			"from": [ 5.5, 7.5, 2 ],
			"to": [ 7, 9.5, 2.5 ],
			"faces": {
				"down": { "uv": [ 5.5, 13.5, 7, 14 ], "texture": "#club33_ears_blue" },
				"up": { "uv": [ 5.5, 2, 7, 2.5 ], "texture": "#club33_ears_blue" },
				"north": { "uv": [ 9, 6.5, 10.5, 8.5 ], "texture": "#club33_ears_blue" },
				"south": { "uv": [ 5.5, 6.5, 7, 8.5 ], "texture": "#club33_ears_blue" },
				"west": { "uv": [ 2, 6.5, 2.5, 8.5 ], "texture": "#club33_ears_blue" },
				"east": { "uv": [ 13.5, 6.5, 14, 8.5 ], "texture": "#club33_ears_blue" }
			}
		},
		{
			"__comment": "club33_ears_blue",
			"from": [ 2, 7.5, 5.5 ],
			"to": [ 2.5, 9.5, 7 ],
			"faces": {
				"down": { "uv": [ 2, 9, 2.5, 10.5 ], "texture": "#club33_ears_blue" },
				"up": { "uv": [ 2, 5.5, 2.5, 7 ], "texture": "#club33_ears_blue" },
				"north": { "uv": [ 13.5, 6.5, 14, 8.5 ], "texture": "#club33_ears_blue" },
				"south": { "uv": [ 2, 6.5, 2.5, 8.5 ], "texture": "#club33_ears_blue" },
				"west": { "uv": [ 5.5, 6.5, 7, 8.5 ], "texture": "#club33_ears_blue" },
				"east": { "uv": [ 9, 6.5, 10.5, 8.5 ], "texture": "#club33_ears_blue" }
			}
		},
		{
			"__comment": "club33_ears_blue",
			"from": [ 2, 7.5, 9 ],
			"to": [ 2.5, 9.5, 10.5 ],
			"faces": {
				"down": { "uv": [ 2, 5.5, 2.5, 7 ], "texture": "#club33_ears_blue" },
				"up": { "uv": [ 2, 9, 2.5, 10.5 ], "texture": "#club33_ears_blue" },
				"north": { "uv": [ 13.5, 6.5, 14, 8.5 ], "texture": "#club33_ears_blue" },
				"south": { "uv": [ 2, 6.5, 2.5, 8.5 ], "texture": "#club33_ears_blue" },
				"west": { "uv": [ 9, 6.5, 10.5, 8.5 ], "texture": "#club33_ears_blue" },
				"east": { "uv": [ 5.5, 6.5, 7, 8.5 ], "texture": "#club33_ears_blue" }
			}
		},
		{
			"__comment": "club33_ears_blue",
			"from": [ 2.5, 7.5, 10.5 ],
			"to": [ 3, 9.5, 11.5 ],
			"faces": {
				"down": { "uv": [ 2.5, 4.5, 3, 5.5 ], "texture": "#club33_ears_blue" },
				"up": { "uv": [ 2.5, 10.5, 3, 11.5 ], "texture": "#club33_ears_blue" },
				"north": { "uv": [ 13, 6.5, 13.5, 8.5 ], "texture": "#club33_ears_blue" },
				"south": { "uv": [ 2.5, 6.5, 3, 8.5 ], "texture": "#club33_ears_blue" },
				"west": { "uv": [ 10.5, 6.5, 11.5, 8.5 ], "texture": "#club33_ears_blue" },
				"east": { "uv": [ 4.5, 6.5, 5.5, 8.5 ], "texture": "#club33_ears_blue" }
			}
		},
		{
			"__comment": "club33_ears_blue",
			"from": [ 3, 7.5, 11.5 ],
			"to": [ 3.5, 9.5, 12 ],
			"faces": {
				"down": { "uv": [ 3, 4, 3.5, 4.5 ], "texture": "#club33_ears_blue" },
				"up": { "uv": [ 3, 11.5, 3.5, 12 ], "texture": "#club33_ears_blue" },
				"north": { "uv": [ 12.5, 6.5, 13, 8.5 ], "texture": "#club33_ears_blue" },
				"south": { "uv": [ 3, 6.5, 3.5, 8.5 ], "texture": "#club33_ears_blue" },
				"west": { "uv": [ 11.5, 6.5, 12, 8.5 ], "texture": "#club33_ears_blue" },
				"east": { "uv": [ 4, 6.5, 4.5, 8.5 ], "texture": "#club33_ears_blue" }
			}
		},
		{
			"__comment": "club33_ears_blue",
			"from": [ 3.5, 7.5, 12 ],
			"to": [ 4, 9.5, 12.5 ],
			"faces": {
				"down": { "uv": [ 3.5, 3.5, 4, 4 ], "texture": "#club33_ears_blue" },
				"up": { "uv": [ 3.5, 12, 4, 12.5 ], "texture": "#club33_ears_blue" },
				"north": { "uv": [ 12, 6.5, 12.5, 8.5 ], "texture": "#club33_ears_blue" },
				"south": { "uv": [ 3.5, 6.5, 4, 8.5 ], "texture": "#club33_ears_blue" },
				"west": { "uv": [ 12, 6.5, 12.5, 8.5 ], "texture": "#club33_ears_blue" },
				"east": { "uv": [ 3.5, 6.5, 4, 8.5 ], "texture": "#club33_ears_blue" }
			}
		},
		{
			"__comment": "club33_ears_blue",
			"from": [ 4, 7.5, 12.5 ],
			"to": [ 4.5, 9.5, 13 ],
			"faces": {
				"down": { "uv": [ 4, 3, 4.5, 3.5 ], "texture": "#club33_ears_blue" },
				"up": { "uv": [ 4, 12.5, 4.5, 13 ], "texture": "#club33_ears_blue" },
				"north": { "uv": [ 11.5, 6.5, 12, 8.5 ], "texture": "#club33_ears_blue" },
				"south": { "uv": [ 4, 6.5, 4.5, 8.5 ], "texture": "#club33_ears_blue" },
				"west": { "uv": [ 12.5, 6.5, 13, 8.5 ], "texture": "#club33_ears_blue" },
				"east": { "uv": [ 3, 6.5, 3.5, 8.5 ], "texture": "#club33_ears_blue" }
			}
		},
		{
			"__comment": "club33_ears_blue",
			"from": [ 8.5, 8.5, 14.5 ],
			"to": [ 9.5, 9, 15 ],
			"faces": {
				"down": { "uv": [ 8.5, 1, 9.5, 1.5 ], "texture": "#club33_ears_blue" },
				"up": { "uv": [ 8.5, 14.5, 9.5, 15 ], "texture": "#club33_ears_blue" },
				"north": { "uv": [ 6.5, 7, 7.5, 7.5 ], "texture": "#club33_ears_blue" },
				"south": { "uv": [ 8.5, 7, 9.5, 7.5 ], "texture": "#club33_ears_blue" },
				"west": { "uv": [ 14.5, 7, 15, 7.5 ], "texture": "#club33_ears_blue" },
				"east": { "uv": [ 1, 7, 1.5, 7.5 ], "texture": "#club33_ears_blue" }
			}
		},
		{
			"__comment": "club33_ears_blue",
			"from": [ 10.5, 7.5, 2.5 ],
			"to": [ 11.5, 9.5, 3 ],
			"faces": {
				"down": { "uv": [ 10.5, 13, 11.5, 13.5 ], "texture": "#club33_ears_blue" },
				"up": { "uv": [ 10.5, 2.5, 11.5, 3 ], "texture": "#club33_ears_blue" },
				"north": { "uv": [ 4.5, 6.5, 5.5, 8.5 ], "texture": "#club33_ears_blue" },
				"south": { "uv": [ 10.5, 6.5, 11.5, 8.5 ], "texture": "#club33_ears_blue" },
				"west": { "uv": [ 2.5, 6.5, 3, 8.5 ], "texture": "#club33_ears_blue" },
				"east": { "uv": [ 13, 6.5, 13.5, 8.5 ], "texture": "#club33_ears_blue" }
			}
		},
		{
			"__comment": "club33_ears_blue",
			"from": [ 5.5, 7.5, 13.5 ],
			"to": [ 7, 9.5, 14 ],
			"faces": {
				"down": { "uv": [ 5.5, 2, 7, 2.5 ], "texture": "#club33_ears_blue" },
				"up": { "uv": [ 5.5, 13.5, 7, 14 ], "texture": "#club33_ears_blue" },
				"north": { "uv": [ 9, 6.5, 10.5, 8.5 ], "texture": "#club33_ears_blue" },
				"south": { "uv": [ 5.5, 6.5, 7, 8.5 ], "texture": "#club33_ears_blue" },
				"west": { "uv": [ 13.5, 6.5, 14, 8.5 ], "texture": "#club33_ears_blue" },
				"east": { "uv": [ 2, 6.5, 2.5, 8.5 ], "texture": "#club33_ears_blue" }
			}
		},
		{
			"__comment": "club33_ears_blue",
			"from": [ 9, 7.5, 13.5 ],
			"to": [ 10.5, 9.5, 14 ],
			"faces": {
				"down": { "uv": [ 9, 2, 10.5, 2.5 ], "texture": "#club33_ears_blue" },
				"up": { "uv": [ 9, 13.5, 10.5, 14 ], "texture": "#club33_ears_blue" },
				"north": { "uv": [ 5.5, 6.5, 7, 8.5 ], "texture": "#club33_ears_blue" },
				"south": { "uv": [ 9, 6.5, 10.5, 8.5 ], "texture": "#club33_ears_blue" },
				"west": { "uv": [ 13.5, 6.5, 14, 8.5 ], "texture": "#club33_ears_blue" },
				"east": { "uv": [ 2, 6.5, 2.5, 8.5 ], "texture": "#club33_ears_blue" }
			}
		},
		{
			"__comment": "club33_ears_blue",
			"from": [ 10.5, 7.5, 13 ],
			"to": [ 11.5, 9.5, 13.5 ],
			"faces": {
				"down": { "uv": [ 10.5, 2.5, 11.5, 3 ], "texture": "#club33_ears_blue" },
				"up": { "uv": [ 10.5, 13, 11.5, 13.5 ], "texture": "#club33_ears_blue" },
				"north": { "uv": [ 4.5, 6.5, 5.5, 8.5 ], "texture": "#club33_ears_blue" },
				"south": { "uv": [ 10.5, 6.5, 11.5, 8.5 ], "texture": "#club33_ears_blue" },
				"west": { "uv": [ 13, 6.5, 13.5, 8.5 ], "texture": "#club33_ears_blue" },
				"east": { "uv": [ 2.5, 6.5, 3, 8.5 ], "texture": "#club33_ears_blue" }
			}
		},
		{
			"__comment": "club33_ears_blue",
			"from": [ 11.5, 7.5, 12.5 ],
			"to": [ 12, 9.5, 13 ],
			"faces": {
				"down": { "uv": [ 11.5, 3, 12, 3.5 ], "texture": "#club33_ears_blue" },
				"up": { "uv": [ 11.5, 12.5, 12, 13 ], "texture": "#club33_ears_blue" },
				"north": { "uv": [ 4, 6.5, 4.5, 8.5 ], "texture": "#club33_ears_blue" },
				"south": { "uv": [ 11.5, 6.5, 12, 8.5 ], "texture": "#club33_ears_blue" },
				"west": { "uv": [ 12.5, 6.5, 13, 8.5 ], "texture": "#club33_ears_blue" },
				"east": { "uv": [ 3, 6.5, 3.5, 8.5 ], "texture": "#club33_ears_blue" }
			}
		},
		{
			"__comment": "club33_ears_blue",
			"from": [ 12, 7.5, 12 ],
			"to": [ 12.5, 9.5, 12.5 ],
			"faces": {
				"down": { "uv": [ 12, 3.5, 12.5, 4 ], "texture": "#club33_ears_blue" },
				"up": { "uv": [ 12, 12, 12.5, 12.5 ], "texture": "#club33_ears_blue" },
				"north": { "uv": [ 3.5, 6.5, 4, 8.5 ], "texture": "#club33_ears_blue" },
				"south": { "uv": [ 12, 6.5, 12.5, 8.5 ], "texture": "#club33_ears_blue" },
				"west": { "uv": [ 12, 6.5, 12.5, 8.5 ], "texture": "#club33_ears_blue" },
				"east": { "uv": [ 3.5, 6.5, 4, 8.5 ], "texture": "#club33_ears_blue" }
			}
		},
		{
			"__comment": "club33_ears_blue",
			"from": [ 12.5, 7.5, 11.5 ],
			"to": [ 13, 9.5, 12 ],
			"faces": {
				"down": { "uv": [ 12.5, 4, 13, 4.5 ], "texture": "#club33_ears_blue" },
				"up": { "uv": [ 12.5, 11.5, 13, 12 ], "texture": "#club33_ears_blue" },
				"north": { "uv": [ 3, 6.5, 3.5, 8.5 ], "texture": "#club33_ears_blue" },
				"south": { "uv": [ 12.5, 6.5, 13, 8.5 ], "texture": "#club33_ears_blue" },
				"west": { "uv": [ 11.5, 6.5, 12, 8.5 ], "texture": "#club33_ears_blue" },
				"east": { "uv": [ 4, 6.5, 4.5, 8.5 ], "texture": "#club33_ears_blue" }
			}
		},
		{
			"__comment": "club33_ears_blue",
			"from": [ 13, 7.5, 10.5 ],
			"to": [ 13.5, 9.5, 11.5 ],
			"faces": {
				"down": { "uv": [ 13, 4.5, 13.5, 5.5 ], "texture": "#club33_ears_blue" },
				"up": { "uv": [ 13, 10.5, 13.5, 11.5 ], "texture": "#club33_ears_blue" },
				"north": { "uv": [ 2.5, 6.5, 3, 8.5 ], "texture": "#club33_ears_blue" },
				"south": { "uv": [ 13, 6.5, 13.5, 8.5 ], "texture": "#club33_ears_blue" },
				"west": { "uv": [ 10.5, 6.5, 11.5, 8.5 ], "texture": "#club33_ears_blue" },
				"east": { "uv": [ 4.5, 6.5, 5.5, 8.5 ], "texture": "#club33_ears_blue" }
			}
		},
		{
			"__comment": "club33_ears_blue",
			"from": [ 13.5, 7.5, 9 ],
			"to": [ 14, 9.5, 10.5 ],
			"faces": {
				"down": { "uv": [ 13.5, 5.5, 14, 7 ], "texture": "#club33_ears_blue" },
				"up": { "uv": [ 13.5, 9, 14, 10.5 ], "texture": "#club33_ears_blue" },
				"north": { "uv": [ 2, 6.5, 2.5, 8.5 ], "texture": "#club33_ears_blue" },
				"south": { "uv": [ 13.5, 6.5, 14, 8.5 ], "texture": "#club33_ears_blue" },
				"west": { "uv": [ 9, 6.5, 10.5, 8.5 ], "texture": "#club33_ears_blue" },
				"east": { "uv": [ 5.5, 6.5, 7, 8.5 ], "texture": "#club33_ears_blue" }
			}
		},
		{
			"__comment": "club33_ears_blue",
			"from": [ 14, 7.5, 7 ],
			"to": [ 14.5, 9.5, 9 ],
			"faces": {
				"down": { "uv": [ 14, 7, 14.5, 9 ], "texture": "#club33_ears_blue" },
				"up": { "uv": [ 14, 7, 14.5, 9 ], "texture": "#club33_ears_blue" },
				"north": { "uv": [ 1.5, 6.5, 2, 8.5 ], "texture": "#club33_ears_blue" },
				"south": { "uv": [ 14, 6.5, 14.5, 8.5 ], "texture": "#club33_ears_blue" },
				"west": { "uv": [ 7, 6.5, 9, 8.5 ], "texture": "#club33_ears_blue" },
				"east": { "uv": [ 7, 6.5, 9, 8.5 ], "texture": "#club33_ears_blue" }
			}
		},
		{
			"__comment": "club33_ears_blue",
			"from": [ 13.5, 7.5, 5.5 ],
			"to": [ 14, 9.5, 7 ],
			"faces": {
				"down": { "uv": [ 13.5, 9, 14, 10.5 ], "texture": "#club33_ears_blue" },
				"up": { "uv": [ 13.5, 5.5, 14, 7 ], "texture": "#club33_ears_blue" },
				"north": { "uv": [ 2, 6.5, 2.5, 8.5 ], "texture": "#club33_ears_blue" },
				"south": { "uv": [ 13.5, 6.5, 14, 8.5 ], "texture": "#club33_ears_blue" },
				"west": { "uv": [ 5.5, 6.5, 7, 8.5 ], "texture": "#club33_ears_blue" },
				"east": { "uv": [ 9, 6.5, 10.5, 8.5 ], "texture": "#club33_ears_blue" }
			}
		},
		{
			"__comment": "club33_ears_blue",
			"from": [ 13, 7.5, 4.5 ],
			"to": [ 13.5, 9.5, 5.5 ],
			"faces": {
				"down": { "uv": [ 13, 10.5, 13.5, 11.5 ], "texture": "#club33_ears_blue" },
				"up": { "uv": [ 13, 4.5, 13.5, 5.5 ], "texture": "#club33_ears_blue" },
				"north": { "uv": [ 2.5, 6.5, 3, 8.5 ], "texture": "#club33_ears_blue" },
				"south": { "uv": [ 13, 6.5, 13.5, 8.5 ], "texture": "#club33_ears_blue" },
				"west": { "uv": [ 4.5, 6.5, 5.5, 8.5 ], "texture": "#club33_ears_blue" },
				"east": { "uv": [ 10.5, 6.5, 11.5, 8.5 ], "texture": "#club33_ears_blue" }
			}
		},
		{
			"__comment": "club33_ears_blue",
			"from": [ 12.5, 7.5, 4 ],
			"to": [ 13, 9.5, 4.5 ],
			"faces": {
				"down": { "uv": [ 12.5, 11.5, 13, 12 ], "texture": "#club33_ears_blue" },
				"up": { "uv": [ 12.5, 4, 13, 4.5 ], "texture": "#club33_ears_blue" },
				"north": { "uv": [ 3, 6.5, 3.5, 8.5 ], "texture": "#club33_ears_blue" },
				"south": { "uv": [ 12.5, 6.5, 13, 8.5 ], "texture": "#club33_ears_blue" },
				"west": { "uv": [ 4, 6.5, 4.5, 8.5 ], "texture": "#club33_ears_blue" },
				"east": { "uv": [ 11.5, 6.5, 12, 8.5 ], "texture": "#club33_ears_blue" }
			}
		},
		{
			"__comment": "club33_ears_blue",
			"from": [ 12, 7.5, 3.5 ],
			"to": [ 12.5, 9.5, 4 ],
			"faces": {
				"down": { "uv": [ 12, 12, 12.5, 12.5 ], "texture": "#club33_ears_blue" },
				"up": { "uv": [ 12, 3.5, 12.5, 4 ], "texture": "#club33_ears_blue" },
				"north": { "uv": [ 3.5, 6.5, 4, 8.5 ], "texture": "#club33_ears_blue" },
				"south": { "uv": [ 12, 6.5, 12.5, 8.5 ], "texture": "#club33_ears_blue" },
				"west": { "uv": [ 3.5, 6.5, 4, 8.5 ], "texture": "#club33_ears_blue" },
				"east": { "uv": [ 12, 6.5, 12.5, 8.5 ], "texture": "#club33_ears_blue" }
			}
		},
		{
			"__comment": "club33_ears_blue",
			"from": [ 11.5, 7.5, 3 ],
			"to": [ 12, 9.5, 3.5 ],
			"faces": {
				"down": { "uv": [ 11.5, 12.5, 12, 13 ], "texture": "#club33_ears_blue" },
				"up": { "uv": [ 11.5, 3, 12, 3.5 ], "texture": "#club33_ears_blue" },
				"north": { "uv": [ 4, 6.5, 4.5, 8.5 ], "texture": "#club33_ears_blue" },
				"south": { "uv": [ 11.5, 6.5, 12, 8.5 ], "texture": "#club33_ears_blue" },
				"west": { "uv": [ 3, 6.5, 3.5, 8.5 ], "texture": "#club33_ears_blue" },
				"east": { "uv": [ 12.5, 6.5, 13, 8.5 ], "texture": "#club33_ears_blue" }
			}
		},
		{
			"__comment": "coal_block",
			"from": [ 1.5, 9.5, 6.5 ],
			"to": [ 2, 12.5, 9.5 ],
			"faces": {
				"down": { "uv": [ 1.5, 6.5, 2, 9.5 ], "texture": "#coal_block" },
				"up": { "uv": [ 1.5, 6.5, 2, 9.5 ], "texture": "#coal_block" },
				"north": { "uv": [ 14, 3.5, 14.5, 6.5 ], "texture": "#coal_block" },
				"south": { "uv": [ 1.5, 3.5, 2, 6.5 ], "texture": "#coal_block" },
				"west": { "uv": [ 6.5, 3.5, 9.5, 6.5 ], "texture": "#coal_block" },
				"east": { "uv": [ 6.5, 3.5, 9.5, 6.5 ], "texture": "#coal_block" }
			}
		},
		{
			"__comment": "coal_block",
			"from": [ 6.5, 9.5, 1.5 ],
			"to": [ 9.5, 12.5, 2 ],
			"faces": {
				"down": { "uv": [ 6.5, 14, 9.5, 14.5 ], "texture": "#coal_block" },
				"up": { "uv": [ 6.5, 1.5, 9.5, 2 ], "texture": "#coal_block" },
				"north": { "uv": [ 6.5, 3.5, 9.5, 6.5 ], "texture": "#coal_block" },
				"south": { "uv": [ 6.5, 3.5, 9.5, 6.5 ], "texture": "#coal_block" },
				"west": { "uv": [ 1.5, 3.5, 2, 6.5 ], "texture": "#coal_block" },
				"east": { "uv": [ 14, 3.5, 14.5, 6.5 ], "texture": "#coal_block" }
			}
		},
		{
			"__comment": "coal_block",
			"from": [ 13.5, 9.5, 9.5 ],
			"to": [ 14, 12.5, 11 ],
			"faces": {
				"down": { "uv": [ 13.5, 5, 14, 6.5 ], "texture": "#coal_block" },
				"up": { "uv": [ 13.5, 9.5, 14, 11 ], "texture": "#coal_block" },
				"north": { "uv": [ 2, 3.5, 2.5, 6.5 ], "texture": "#coal_block" },
				"south": { "uv": [ 13.5, 3.5, 14, 6.5 ], "texture": "#coal_block" },
				"west": { "uv": [ 9.5, 3.5, 11, 6.5 ], "texture": "#coal_block" },
				"east": { "uv": [ 5, 3.5, 6.5, 6.5 ], "texture": "#coal_block" }
			}
		},
		{
			"__comment": "coal_block",
			"from": [ 3.5, 9.5, 3 ],
			"to": [ 4, 12.5, 3.5 ],
			"faces": {
				"down": { "uv": [ 3.5, 12.5, 4, 13 ], "texture": "#coal_block" },
				"up": { "uv": [ 3.5, 3, 4, 3.5 ], "texture": "#coal_block" },
				"north": { "uv": [ 12, 3.5, 12.5, 6.5 ], "texture": "#coal_block" },
				"south": { "uv": [ 3.5, 3.5, 4, 6.5 ], "texture": "#coal_block" },
				"west": { "uv": [ 3, 3.5, 3.5, 6.5 ], "texture": "#coal_block" },
				"east": { "uv": [ 12.5, 3.5, 13, 6.5 ], "texture": "#coal_block" }
			}
		},
		{
			"__comment": "coal_block",
			"from": [ 3, 9.5, 3.5 ],
			"to": [ 3.5, 12.5, 4 ],
			"faces": {
				"down": { "uv": [ 3, 12, 3.5, 12.5 ], "texture": "#coal_block" },
				"up": { "uv": [ 3, 3.5, 3.5, 4 ], "texture": "#coal_block" },
				"north": { "uv": [ 12.5, 3.5, 13, 6.5 ], "texture": "#coal_block" },
				"south": { "uv": [ 3, 3.5, 3.5, 6.5 ], "texture": "#coal_block" },
				"west": { "uv": [ 3.5, 3.5, 4, 6.5 ], "texture": "#coal_block" },
				"east": { "uv": [ 12, 3.5, 12.5, 6.5 ], "texture": "#coal_block" }
			}
		},
		{
			"__comment": "coal_block",
			"from": [ 9.5, 9.5, 2 ],
			"to": [ 11, 12.5, 2.5 ],
			"faces": {
				"down": { "uv": [ 9.5, 13.5, 11, 14 ], "texture": "#coal_block" },
				"up": { "uv": [ 9.5, 2, 11, 2.5 ], "texture": "#coal_block" },
				"north": { "uv": [ 5, 3.5, 6.5, 6.5 ], "texture": "#coal_block" },
				"south": { "uv": [ 9.5, 3.5, 11, 6.5 ], "texture": "#coal_block" },
				"west": { "uv": [ 2, 3.5, 2.5, 6.5 ], "texture": "#coal_block" },
				"east": { "uv": [ 13.5, 3.5, 14, 6.5 ], "texture": "#coal_block" }
			}
		},
		{
			"__comment": "coal_block",
			"from": [ 2.5, 9.5, 4 ],
			"to": [ 3, 12.5, 5 ],
			"faces": {
				"down": { "uv": [ 2.5, 11, 3, 12 ], "texture": "#coal_block" },
				"up": { "uv": [ 2.5, 4, 3, 5 ], "texture": "#coal_block" },
				"north": { "uv": [ 13, 3.5, 13.5, 6.5 ], "texture": "#coal_block" },
				"south": { "uv": [ 2.5, 3.5, 3, 6.5 ], "texture": "#coal_block" },
				"west": { "uv": [ 4, 3.5, 5, 6.5 ], "texture": "#coal_block" },
				"east": { "uv": [ 11, 3.5, 12, 6.5 ], "texture": "#coal_block" }
			}
		},
		{
			"__comment": "coal_block",
			"from": [ 2, 9.5, 5 ],
			"to": [ 2.5, 12.5, 6.5 ],
			"faces": {
				"down": { "uv": [ 2, 9.5, 2.5, 11 ], "texture": "#coal_block" },
				"up": { "uv": [ 2, 5, 2.5, 6.5 ], "texture": "#coal_block" },
				"north": { "uv": [ 13.5, 3.5, 14, 6.5 ], "texture": "#coal_block" },
				"south": { "uv": [ 2, 3.5, 2.5, 6.5 ], "texture": "#coal_block" },
				"west": { "uv": [ 5, 3.5, 6.5, 6.5 ], "texture": "#coal_block" },
				"east": { "uv": [ 9.5, 3.5, 11, 6.5 ], "texture": "#coal_block" }
			}
		},
		{
			"__comment": "coal_block",
			"from": [ 5, 9.5, 2 ],
			"to": [ 6.5, 12.5, 2.5 ],
			"faces": {
				"down": { "uv": [ 5, 13.5, 6.5, 14 ], "texture": "#coal_block" },
				"up": { "uv": [ 5, 2, 6.5, 2.5 ], "texture": "#coal_block" },
				"north": { "uv": [ 9.5, 3.5, 11, 6.5 ], "texture": "#coal_block" },
				"south": { "uv": [ 5, 3.5, 6.5, 6.5 ], "texture": "#coal_block" },
				"west": { "uv": [ 2, 3.5, 2.5, 6.5 ], "texture": "#coal_block" },
				"east": { "uv": [ 13.5, 3.5, 14, 6.5 ], "texture": "#coal_block" }
			}
		},
		{
			"__comment": "coal_block",
			"from": [ 4, 9.5, 2.5 ],
			"to": [ 5, 12.5, 3 ],
			"faces": {
				"down": { "uv": [ 4, 13, 5, 13.5 ], "texture": "#coal_block" },
				"up": { "uv": [ 4, 2.5, 5, 3 ], "texture": "#coal_block" },
				"north": { "uv": [ 11, 3.5, 12, 6.5 ], "texture": "#coal_block" },
				"south": { "uv": [ 4, 3.5, 5, 6.5 ], "texture": "#coal_block" },
				"west": { "uv": [ 2.5, 3.5, 3, 6.5 ], "texture": "#coal_block" },
				"east": { "uv": [ 13, 3.5, 13.5, 6.5 ], "texture": "#coal_block" }
			}
		},
		{
			"__comment": "coal_block",
			"from": [ 11, 9.5, 2.5 ],
			"to": [ 12, 12.5, 3 ],
			"faces": {
				"down": { "uv": [ 11, 13, 12, 13.5 ], "texture": "#coal_block" },
				"up": { "uv": [ 11, 2.5, 12, 3 ], "texture": "#coal_block" },
				"north": { "uv": [ 4, 3.5, 5, 6.5 ], "texture": "#coal_block" },
				"south": { "uv": [ 11, 3.5, 12, 6.5 ], "texture": "#coal_block" },
				"west": { "uv": [ 2.5, 3.5, 3, 6.5 ], "texture": "#coal_block" },
				"east": { "uv": [ 13, 3.5, 13.5, 6.5 ], "texture": "#coal_block" }
			}
		},
		{
			"__comment": "coal_block",
			"from": [ 12, 9.5, 3 ],
			"to": [ 12.5, 12.5, 3.5 ],
			"faces": {
				"down": { "uv": [ 12, 12.5, 12.5, 13 ], "texture": "#coal_block" },
				"up": { "uv": [ 12, 3, 12.5, 3.5 ], "texture": "#coal_block" },
				"north": { "uv": [ 3.5, 3.5, 4, 6.5 ], "texture": "#coal_block" },
				"south": { "uv": [ 12, 3.5, 12.5, 6.5 ], "texture": "#coal_block" },
				"west": { "uv": [ 3, 3.5, 3.5, 6.5 ], "texture": "#coal_block" },
				"east": { "uv": [ 12.5, 3.5, 13, 6.5 ], "texture": "#coal_block" }
			}
		},
		{
			"__comment": "coal_block",
			"from": [ 13, 9.5, 11 ],
			"to": [ 13.5, 12.5, 12 ],
			"faces": {
				"down": { "uv": [ 13, 4, 13.5, 5 ], "texture": "#coal_block" },
				"up": { "uv": [ 13, 11, 13.5, 12 ], "texture": "#coal_block" },
				"north": { "uv": [ 2.5, 3.5, 3, 6.5 ], "texture": "#coal_block" },
				"south": { "uv": [ 13, 3.5, 13.5, 6.5 ], "texture": "#coal_block" },
				"west": { "uv": [ 11, 3.5, 12, 6.5 ], "texture": "#coal_block" },
				"east": { "uv": [ 4, 3.5, 5, 6.5 ], "texture": "#coal_block" }
			}
		},
		{
			"__comment": "coal_block",
			"from": [ 13, 9.5, 4 ],
			"to": [ 13.5, 12.5, 5 ],
			"faces": {
				"down": { "uv": [ 13, 11, 13.5, 12 ], "texture": "#coal_block" },
				"up": { "uv": [ 13, 4, 13.5, 5 ], "texture": "#coal_block" },
				"north": { "uv": [ 2.5, 3.5, 3, 6.5 ], "texture": "#coal_block" },
				"south": { "uv": [ 13, 3.5, 13.5, 6.5 ], "texture": "#coal_block" },
				"west": { "uv": [ 4, 3.5, 5, 6.5 ], "texture": "#coal_block" },
				"east": { "uv": [ 11, 3.5, 12, 6.5 ], "texture": "#coal_block" }
			}
		},
		{
			"__comment": "coal_block",
			"from": [ 14, 9.5, 6.5 ],
			"to": [ 14.5, 12.5, 9.5 ],
			"faces": {
				"down": { "uv": [ 14, 6.5, 14.5, 9.5 ], "texture": "#coal_block" },
				"up": { "uv": [ 14, 6.5, 14.5, 9.5 ], "texture": "#coal_block" },
				"north": { "uv": [ 1.5, 3.5, 2, 6.5 ], "texture": "#coal_block" },
				"south": { "uv": [ 14, 3.5, 14.5, 6.5 ], "texture": "#coal_block" },
				"west": { "uv": [ 6.5, 3.5, 9.5, 6.5 ], "texture": "#coal_block" },
				"east": { "uv": [ 6.5, 3.5, 9.5, 6.5 ], "texture": "#coal_block" }
			}
		},
		{
			"__comment": "coal_block",
			"from": [ 12.5, 9.5, 3.5 ],
			"to": [ 13, 12.5, 4 ],
			"faces": {
				"down": { "uv": [ 12.5, 12, 13, 12.5 ], "texture": "#coal_block" },
				"up": { "uv": [ 12.5, 3.5, 13, 4 ], "texture": "#coal_block" },
				"north": { "uv": [ 3, 3.5, 3.5, 6.5 ], "texture": "#coal_block" },
				"south": { "uv": [ 12.5, 3.5, 13, 6.5 ], "texture": "#coal_block" },
				"west": { "uv": [ 3.5, 3.5, 4, 6.5 ], "texture": "#coal_block" },
				"east": { "uv": [ 12, 3.5, 12.5, 6.5 ], "texture": "#coal_block" }
			}
		},
		{
			"__comment": "coal_block",
			"from": [ 9.5, 9.5, 13.5 ],
			"to": [ 11, 12.5, 14 ],
			"faces": {
				"down": { "uv": [ 9.5, 2, 11, 2.5 ], "texture": "#coal_block" },
				"up": { "uv": [ 9.5, 13.5, 11, 14 ], "texture": "#coal_block" },
				"north": { "uv": [ 5, 3.5, 6.5, 6.5 ], "texture": "#coal_block" },
				"south": { "uv": [ 9.5, 3.5, 11, 6.5 ], "texture": "#coal_block" },
				"west": { "uv": [ 13.5, 3.5, 14, 6.5 ], "texture": "#coal_block" },
				"east": { "uv": [ 2, 3.5, 2.5, 6.5 ], "texture": "#coal_block" }
			}
		},
		{
			"__comment": "coal_block",
			"from": [ 13.5, 9.5, 5 ],
			"to": [ 14, 12.5, 6.5 ],
			"faces": {
				"down": { "uv": [ 13.5, 9.5, 14, 11 ], "texture": "#coal_block" },
				"up": { "uv": [ 13.5, 5, 14, 6.5 ], "texture": "#coal_block" },
				"north": { "uv": [ 2, 3.5, 2.5, 6.5 ], "texture": "#coal_block" },
				"south": { "uv": [ 13.5, 3.5, 14, 6.5 ], "texture": "#coal_block" },
				"west": { "uv": [ 5, 3.5, 6.5, 6.5 ], "texture": "#coal_block" },
				"east": { "uv": [ 9.5, 3.5, 11, 6.5 ], "texture": "#coal_block" }
			}
		},
		{
			"__comment": "coal_block",
			"from": [ 12.5, 9.5, 12 ],
			"to": [ 13, 12.5, 12.5 ],
			"faces": {
				"down": { "uv": [ 12.5, 3.5, 13, 4 ], "texture": "#coal_block" },
				"up": { "uv": [ 12.5, 12, 13, 12.5 ], "texture": "#coal_block" },
				"north": { "uv": [ 3, 3.5, 3.5, 6.5 ], "texture": "#coal_block" },
				"south": { "uv": [ 12.5, 3.5, 13, 6.5 ], "texture": "#coal_block" },
				"west": { "uv": [ 12, 3.5, 12.5, 6.5 ], "texture": "#coal_block" },
				"east": { "uv": [ 3.5, 3.5, 4, 6.5 ], "texture": "#coal_block" }
			}
		},
		{
			"__comment": "coal_block",
			"from": [ 12, 9.5, 12.5 ],
			"to": [ 12.5, 12.5, 13 ],
			"faces": {
				"down": { "uv": [ 12, 3, 12.5, 3.5 ], "texture": "#coal_block" },
				"up": { "uv": [ 12, 12.5, 12.5, 13 ], "texture": "#coal_block" },
				"north": { "uv": [ 3.5, 3.5, 4, 6.5 ], "texture": "#coal_block" },
				"south": { "uv": [ 12, 3.5, 12.5, 6.5 ], "texture": "#coal_block" },
				"west": { "uv": [ 12.5, 3.5, 13, 6.5 ], "texture": "#coal_block" },
				"east": { "uv": [ 3, 3.5, 3.5, 6.5 ], "texture": "#coal_block" }
			}
		},
		{
			"__comment": "coal_block",
			"from": [ 11, 9.5, 13 ],
			"to": [ 12, 12.5, 13.5 ],
			"faces": {
				"down": { "uv": [ 11, 2.5, 12, 3 ], "texture": "#coal_block" },
				"up": { "uv": [ 11, 13, 12, 13.5 ], "texture": "#coal_block" },
				"north": { "uv": [ 4, 3.5, 5, 6.5 ], "texture": "#coal_block" },
				"south": { "uv": [ 11, 3.5, 12, 6.5 ], "texture": "#coal_block" },
				"west": { "uv": [ 13, 3.5, 13.5, 6.5 ], "texture": "#coal_block" },
				"east": { "uv": [ 2.5, 3.5, 3, 6.5 ], "texture": "#coal_block" }
			}
		},
		{
			"__comment": "coal_block",
			"from": [ 3.5, 9.5, 12.5 ],
			"to": [ 4, 12.5, 13 ],
			"faces": {
				"down": { "uv": [ 3.5, 3, 4, 3.5 ], "texture": "#coal_block" },
				"up": { "uv": [ 3.5, 12.5, 4, 13 ], "texture": "#coal_block" },
				"north": { "uv": [ 12, 3.5, 12.5, 6.5 ], "texture": "#coal_block" },
				"south": { "uv": [ 3.5, 3.5, 4, 6.5 ], "texture": "#coal_block" },
				"west": { "uv": [ 12.5, 3.5, 13, 6.5 ], "texture": "#coal_block" },
				"east": { "uv": [ 3, 3.5, 3.5, 6.5 ], "texture": "#coal_block" }
			}
		},
		{
			"__comment": "coal_block",
			"from": [ 4, 9.5, 13 ],
			"to": [ 5, 12.5, 13.5 ],
			"faces": {
				"down": { "uv": [ 4, 2.5, 5, 3 ], "texture": "#coal_block" },
				"up": { "uv": [ 4, 13, 5, 13.5 ], "texture": "#coal_block" },
				"north": { "uv": [ 11, 3.5, 12, 6.5 ], "texture": "#coal_block" },
				"south": { "uv": [ 4, 3.5, 5, 6.5 ], "texture": "#coal_block" },
				"west": { "uv": [ 13, 3.5, 13.5, 6.5 ], "texture": "#coal_block" },
				"east": { "uv": [ 2.5, 3.5, 3, 6.5 ], "texture": "#coal_block" }
			}
		},
		{
			"__comment": "coal_block",
			"from": [ 5, 9.5, 13.5 ],
			"to": [ 6.5, 12.5, 14 ],
			"faces": {
				"down": { "uv": [ 5, 2, 6.5, 2.5 ], "texture": "#coal_block" },
				"up": { "uv": [ 5, 13.5, 6.5, 14 ], "texture": "#coal_block" },
				"north": { "uv": [ 9.5, 3.5, 11, 6.5 ], "texture": "#coal_block" },
				"south": { "uv": [ 5, 3.5, 6.5, 6.5 ], "texture": "#coal_block" },
				"west": { "uv": [ 13.5, 3.5, 14, 6.5 ], "texture": "#coal_block" },
				"east": { "uv": [ 2, 3.5, 2.5, 6.5 ], "texture": "#coal_block" }
			}
		},
		{
			"__comment": "coal_block",
			"from": [ 6.5, 12.5, 1 ],
			"to": [ 9.5, 13, 1.5 ],
			"faces": {
				"down": { "uv": [ 6.5, 14.5, 9.5, 15 ], "texture": "#coal_block" },
				"up": { "uv": [ 6.5, 1, 9.5, 1.5 ], "texture": "#coal_block" },
				"north": { "uv": [ 6.5, 3, 9.5, 3.5 ], "texture": "#coal_block" },
				"south": { "uv": [ 6.5, 3, 9.5, 3.5 ], "texture": "#coal_block" },
				"west": { "uv": [ 1, 3, 1.5, 3.5 ], "texture": "#coal_block" },
				"east": { "uv": [ 14.5, 3, 15, 3.5 ], "texture": "#coal_block" }
			}
		},
		{
			"__comment": "coal_block",
			"from": [ 3, 9.5, 12 ],
			"to": [ 3.5, 12.5, 12.5 ],
			"faces": {
				"down": { "uv": [ 3, 3.5, 3.5, 4 ], "texture": "#coal_block" },
				"up": { "uv": [ 3, 12, 3.5, 12.5 ], "texture": "#coal_block" },
				"north": { "uv": [ 12.5, 3.5, 13, 6.5 ], "texture": "#coal_block" },
				"south": { "uv": [ 3, 3.5, 3.5, 6.5 ], "texture": "#coal_block" },
				"west": { "uv": [ 12, 3.5, 12.5, 6.5 ], "texture": "#coal_block" },
				"east": { "uv": [ 3.5, 3.5, 4, 6.5 ], "texture": "#coal_block" }
			}
		},
		{
			"__comment": "coal_block",
			"from": [ 2.5, 9.5, 11 ],
			"to": [ 3, 12.5, 12 ],
			"faces": {
				"down": { "uv": [ 2.5, 4, 3, 5 ], "texture": "#coal_block" },
				"up": { "uv": [ 2.5, 11, 3, 12 ], "texture": "#coal_block" },
				"north": { "uv": [ 13, 3.5, 13.5, 6.5 ], "texture": "#coal_block" },
				"south": { "uv": [ 2.5, 3.5, 3, 6.5 ], "texture": "#coal_block" },
				"west": { "uv": [ 11, 3.5, 12, 6.5 ], "texture": "#coal_block" },
				"east": { "uv": [ 4, 3.5, 5, 6.5 ], "texture": "#coal_block" }
			}
		},
		{
			"__comment": "coal_block",
			"from": [ 2, 9.5, 9.5 ],
			"to": [ 2.5, 12.5, 11 ],
			"faces": {
				"down": { "uv": [ 2, 5, 2.5, 6.5 ], "texture": "#coal_block" },
				"up": { "uv": [ 2, 9.5, 2.5, 11 ], "texture": "#coal_block" },
				"north": { "uv": [ 13.5, 3.5, 14, 6.5 ], "texture": "#coal_block" },
				"south": { "uv": [ 2, 3.5, 2.5, 6.5 ], "texture": "#coal_block" },
				"west": { "uv": [ 9.5, 3.5, 11, 6.5 ], "texture": "#coal_block" },
				"east": { "uv": [ 5, 3.5, 6.5, 6.5 ], "texture": "#coal_block" }
			}
		},
		{
			"__comment": "coal_block",
			"from": [ 6.5, 9.5, 14 ],
			"to": [ 9.5, 12.5, 14.5 ],
			"faces": {
				"down": { "uv": [ 6.5, 1.5, 9.5, 2 ], "texture": "#coal_block" },
				"up": { "uv": [ 6.5, 14, 9.5, 14.5 ], "texture": "#coal_block" },
				"north": { "uv": [ 6.5, 3.5, 9.5, 6.5 ], "texture": "#coal_block" },
				"south": { "uv": [ 6.5, 3.5, 9.5, 6.5 ], "texture": "#coal_block" },
				"west": { "uv": [ 14, 3.5, 14.5, 6.5 ], "texture": "#coal_block" },
				"east": { "uv": [ 1.5, 3.5, 2, 6.5 ], "texture": "#coal_block" }
			}
		},
		{
			"__comment": "stone_slab_top",
			"from": [ 6, 9, 14.5 ],
			"to": [ 10, 9.5, 15 ],
			"faces": {
				"down": { "uv": [ 6, 1, 10, 1.5 ], "texture": "#stone_slab_top" },
				"up": { "uv": [ 6, 14.5, 10, 15 ], "texture": "#stone_slab_top" },
				"north": { "uv": [ 6, 6.5, 10, 7 ], "texture": "#stone_slab_top" },
				"south": { "uv": [ 6, 6.5, 10, 7 ], "texture": "#stone_slab_top" },
				"west": { "uv": [ 14.5, 6.5, 15, 7 ], "texture": "#stone_slab_top" },
				"east": { "uv": [ 1, 6.5, 1.5, 7 ], "texture": "#stone_slab_top" }
			}
		},
		{
			"__comment": "coal_block",
			"from": [ 13.5, 6.5, 11 ],
			"to": [ 14, 7, 15 ],
			"faces": {
				"down": { "uv": [ 13.5, 1, 14, 5 ], "texture": "#coal_block" },
				"up": { "uv": [ 13.5, 11, 14, 15 ], "texture": "#coal_block" },
				"north": { "uv": [ 2, 9, 2.5, 9.5 ], "texture": "#coal_block" },
				"south": { "uv": [ 13.5, 9, 14, 9.5 ], "texture": "#coal_block" },
				"west": { "uv": [ 11, 9, 15, 9.5 ], "texture": "#coal_block" },
				"east": { "uv": [ 1, 9, 5, 9.5 ], "texture": "#coal_block" }
			}
		},
		{
			"__comment": "coal_block",
			"from": [ 1, 12.5, 6.5 ],
			"to": [ 15, 13, 9.5 ],
			"faces": {
				"down": { "uv": [ 1, 6.5, 15, 9.5 ], "texture": "#coal_block" },
				"up": { "uv": [ 1, 6.5, 15, 9.5 ], "texture": "#coal_block" },
				"north": { "uv": [ 1, 3, 15, 3.5 ], "texture": "#coal_block" },
				"south": { "uv": [ 1, 3, 15, 3.5 ], "texture": "#coal_block" },
				"west": { "uv": [ 6.5, 3, 9.5, 3.5 ], "texture": "#coal_block" },
				"east": { "uv": [ 6.5, 3, 9.5, 3.5 ], "texture": "#coal_block" }
			}
		},
		{
			"__comment": "coal_block",
			"from": [ 6.5, 12.5, 14.5 ],
			"to": [ 9.5, 13, 15 ],
			"faces": {
				"down": { "uv": [ 6.5, 1, 9.5, 1.5 ], "texture": "#coal_block" },
				"up": { "uv": [ 6.5, 14.5, 9.5, 15 ], "texture": "#coal_block" },
				"north": { "uv": [ 6.5, 3, 9.5, 3.5 ], "texture": "#coal_block" },
				"south": { "uv": [ 6.5, 3, 9.5, 3.5 ], "texture": "#coal_block" },
				"west": { "uv": [ 14.5, 3, 15, 3.5 ], "texture": "#coal_block" },
				"east": { "uv": [ 1, 3, 1.5, 3.5 ], "texture": "#coal_block" }
			}
		},
		{
			"__comment": "coal_block",
			"from": [ 5, 12.5, 14 ],
			"to": [ 11, 13, 14.5 ],
			"faces": {
				"down": { "uv": [ 5, 1.5, 11, 2 ], "texture": "#coal_block" },
				"up": { "uv": [ 5, 14, 11, 14.5 ], "texture": "#coal_block" },
				"north": { "uv": [ 5, 3, 11, 3.5 ], "texture": "#coal_block" },
				"south": { "uv": [ 5, 3, 11, 3.5 ], "texture": "#coal_block" },
				"west": { "uv": [ 14, 3, 14.5, 3.5 ], "texture": "#coal_block" },
				"east": { "uv": [ 1.5, 3, 2, 3.5 ], "texture": "#coal_block" }
			}
		},
		{
			"__comment": "coal_block",
			"from": [ 4, 12.5, 13.5 ],
			"to": [ 12, 13, 14 ],
			"faces": {
				"down": { "uv": [ 4, 2, 12, 2.5 ], "texture": "#coal_block" },
				"up": { "uv": [ 4, 13.5, 12, 14 ], "texture": "#coal_block" },
				"north": { "uv": [ 4, 3, 12, 3.5 ], "texture": "#coal_block" },
				"south": { "uv": [ 4, 3, 12, 3.5 ], "texture": "#coal_block" },
				"west": { "uv": [ 13.5, 3, 14, 3.5 ], "texture": "#coal_block" },
				"east": { "uv": [ 2, 3, 2.5, 3.5 ], "texture": "#coal_block" }
			}
		},
		{
			"__comment": "coal_block",
			"from": [ 3.5, 12.5, 13 ],
			"to": [ 12.5, 13, 13.5 ],
			"faces": {
				"down": { "uv": [ 3.5, 2.5, 12.5, 3 ], "texture": "#coal_block" },
				"up": { "uv": [ 3.5, 13, 12.5, 13.5 ], "texture": "#coal_block" },
				"north": { "uv": [ 3.5, 3, 12.5, 3.5 ], "texture": "#coal_block" },
				"south": { "uv": [ 3.5, 3, 12.5, 3.5 ], "texture": "#coal_block" },
				"west": { "uv": [ 13, 3, 13.5, 3.5 ], "texture": "#coal_block" },
				"east": { "uv": [ 2.5, 3, 3, 3.5 ], "texture": "#coal_block" }
			}
		},
		{
			"__comment": "coal_block",
			"from": [ 3, 12.5, 12.5 ],
			"to": [ 13, 13, 13 ],
			"faces": {
				"down": { "uv": [ 3, 3, 13, 3.5 ], "texture": "#coal_block" },
				"up": { "uv": [ 3, 12.5, 13, 13 ], "texture": "#coal_block" },
				"north": { "uv": [ 3, 3, 13, 3.5 ], "texture": "#coal_block" },
				"south": { "uv": [ 3, 3, 13, 3.5 ], "texture": "#coal_block" },
				"west": { "uv": [ 12.5, 3, 13, 3.5 ], "texture": "#coal_block" },
				"east": { "uv": [ 3, 3, 3.5, 3.5 ], "texture": "#coal_block" }
			}
		},
		{
			"__comment": "coal_block",
			"from": [ 2.5, 12.5, 12 ],
			"to": [ 13.5, 13, 12.5 ],
			"faces": {
				"down": { "uv": [ 2.5, 3.5, 13.5, 4 ], "texture": "#coal_block" },
				"up": { "uv": [ 2.5, 12, 13.5, 12.5 ], "texture": "#coal_block" },
				"north": { "uv": [ 2.5, 3, 13.5, 3.5 ], "texture": "#coal_block" },
				"south": { "uv": [ 2.5, 3, 13.5, 3.5 ], "texture": "#coal_block" },
				"west": { "uv": [ 12, 3, 12.5, 3.5 ], "texture": "#coal_block" },
				"east": { "uv": [ 3.5, 3, 4, 3.5 ], "texture": "#coal_block" }
			}
		},
		{
			"__comment": "coal_block",
			"from": [ 2, 12.5, 11 ],
			"to": [ 14, 13, 12 ],
			"faces": {
				"down": { "uv": [ 2, 4, 14, 5 ], "texture": "#coal_block" },
				"up": { "uv": [ 2, 11, 14, 12 ], "texture": "#coal_block" },
				"north": { "uv": [ 2, 3, 14, 3.5 ], "texture": "#coal_block" },
				"south": { "uv": [ 2, 3, 14, 3.5 ], "texture": "#coal_block" },
				"west": { "uv": [ 11, 3, 12, 3.5 ], "texture": "#coal_block" },
				"east": { "uv": [ 4, 3, 5, 3.5 ], "texture": "#coal_block" }
			}
		},
		{
			"__comment": "coal_block",
			"from": [ 1.5, 12.5, 9.5 ],
			"to": [ 14.5, 13, 11 ],
			"faces": {
				"down": { "uv": [ 1.5, 5, 14.5, 6.5 ], "texture": "#coal_block" },
				"up": { "uv": [ 1.5, 9.5, 14.5, 11 ], "texture": "#coal_block" },
				"north": { "uv": [ 1.5, 3, 14.5, 3.5 ], "texture": "#coal_block" },
				"south": { "uv": [ 1.5, 3, 14.5, 3.5 ], "texture": "#coal_block" },
				"west": { "uv": [ 9.5, 3, 11, 3.5 ], "texture": "#coal_block" },
				"east": { "uv": [ 5, 3, 6.5, 3.5 ], "texture": "#coal_block" }
			}
		},
		{
			"__comment": "coal_block",
			"from": [ 1.5, 12.5, 5 ],
			"to": [ 14.5, 13, 6.5 ],
			"faces": {
				"down": { "uv": [ 1.5, 9.5, 14.5, 11 ], "texture": "#coal_block" },
				"up": { "uv": [ 1.5, 5, 14.5, 6.5 ], "texture": "#coal_block" },
				"north": { "uv": [ 1.5, 3, 14.5, 3.5 ], "texture": "#coal_block" },
				"south": { "uv": [ 1.5, 3, 14.5, 3.5 ], "texture": "#coal_block" },
				"west": { "uv": [ 5, 3, 6.5, 3.5 ], "texture": "#coal_block" },
				"east": { "uv": [ 9.5, 3, 11, 3.5 ], "texture": "#coal_block" }
			}
		},
		{
			"__comment": "coal_block",
			"from": [ 2, 12.5, 4 ],
			"to": [ 14, 13, 5 ],
			"faces": {
				"down": { "uv": [ 2, 11, 14, 12 ], "texture": "#coal_block" },
				"up": { "uv": [ 2, 4, 14, 5 ], "texture": "#coal_block" },
				"north": { "uv": [ 2, 3, 14, 3.5 ], "texture": "#coal_block" },
				"south": { "uv": [ 2, 3, 14, 3.5 ], "texture": "#coal_block" },
				"west": { "uv": [ 4, 3, 5, 3.5 ], "texture": "#coal_block" },
				"east": { "uv": [ 11, 3, 12, 3.5 ], "texture": "#coal_block" }
			}
		},
		{
			"__comment": "coal_block",
			"from": [ 2.5, 12.5, 3.5 ],
			"to": [ 13.5, 13, 4 ],
			"faces": {
				"down": { "uv": [ 2.5, 12, 13.5, 12.5 ], "texture": "#coal_block" },
				"up": { "uv": [ 2.5, 3.5, 13.5, 4 ], "texture": "#coal_block" },
				"north": { "uv": [ 2.5, 3, 13.5, 3.5 ], "texture": "#coal_block" },
				"south": { "uv": [ 2.5, 3, 13.5, 3.5 ], "texture": "#coal_block" },
				"west": { "uv": [ 3.5, 3, 4, 3.5 ], "texture": "#coal_block" },
				"east": { "uv": [ 12, 3, 12.5, 3.5 ], "texture": "#coal_block" }
			}
		},
		{
			"__comment": "coal_block",
			"from": [ 3, 12.5, 3 ],
			"to": [ 13, 13, 3.5 ],
			"faces": {
				"down": { "uv": [ 3, 12.5, 13, 13 ], "texture": "#coal_block" },
				"up": { "uv": [ 3, 3, 13, 3.5 ], "texture": "#coal_block" },
				"north": { "uv": [ 3, 3, 13, 3.5 ], "texture": "#coal_block" },
				"south": { "uv": [ 3, 3, 13, 3.5 ], "texture": "#coal_block" },
				"west": { "uv": [ 3, 3, 3.5, 3.5 ], "texture": "#coal_block" },
				"east": { "uv": [ 12.5, 3, 13, 3.5 ], "texture": "#coal_block" }
			}
		},
		{
			"__comment": "coal_block",
			"from": [ 3.5, 12.5, 2.5 ],
			"to": [ 12.5, 13, 3 ],
			"faces": {
				"down": { "uv": [ 3.5, 13, 12.5, 13.5 ], "texture": "#coal_block" },
				"up": { "uv": [ 3.5, 2.5, 12.5, 3 ], "texture": "#coal_block" },
				"north": { "uv": [ 3.5, 3, 12.5, 3.5 ], "texture": "#coal_block" },
				"south": { "uv": [ 3.5, 3, 12.5, 3.5 ], "texture": "#coal_block" },
				"west": { "uv": [ 2.5, 3, 3, 3.5 ], "texture": "#coal_block" },
				"east": { "uv": [ 13, 3, 13.5, 3.5 ], "texture": "#coal_block" }
			}
		},
		{
			"__comment": "coal_block",
			"from": [ 4.5, 12.5, 2 ],
			"to": [ 11.5, 13, 2.5 ],
			"faces": {
				"down": { "uv": [ 4.5, 13.5, 11.5, 14 ], "texture": "#coal_block" },
				"up": { "uv": [ 4.5, 2, 11.5, 2.5 ], "texture": "#coal_block" },
				"north": { "uv": [ 4.5, 3, 11.5, 3.5 ], "texture": "#coal_block" },
				"south": { "uv": [ 4.5, 3, 11.5, 3.5 ], "texture": "#coal_block" },
				"west": { "uv": [ 2, 3, 2.5, 3.5 ], "texture": "#coal_block" },
				"east": { "uv": [ 13.5, 3, 14, 3.5 ], "texture": "#coal_block" }
			}
		},
		{
			"__comment": "coal_block",
			"from": [ 5.5, 12.5, 1.5 ],
			"to": [ 10.5, 13, 2 ],
			"faces": {
				"down": { "uv": [ 5.5, 14, 10.5, 14.5 ], "texture": "#coal_block" },
				"up": { "uv": [ 5.5, 1.5, 10.5, 2 ], "texture": "#coal_block" },
				"north": { "uv": [ 5.5, 3, 10.5, 3.5 ], "texture": "#coal_block" },
				"south": { "uv": [ 5.5, 3, 10.5, 3.5 ], "texture": "#coal_block" },
				"west": { "uv": [ 1.5, 3, 2, 3.5 ], "texture": "#coal_block" },
				"east": { "uv": [ 14, 3, 14.5, 3.5 ], "texture": "#coal_block" }
			}
		},
		{
			"__comment": "coal_block",
			"from": [ 6.5, 6.5, 14.5 ],
			"to": [ 9.5, 7, 18.5 ],
			"faces": {
				"down": { "uv": [ 6.5, 0, 9.5, 1.5 ], "texture": "#coal_block" },
				"up": { "uv": [ 6.5, 14.5, 9.5, 16 ], "texture": "#coal_block" },
				"north": { "uv": [ 6.5, 9, 9.5, 9.5 ], "texture": "#coal_block" },
				"south": { "uv": [ 6.5, 9, 9.5, 9.5 ], "texture": "#coal_block" },
				"west": { "uv": [ 14.5, 9, 16, 9.5 ], "texture": "#coal_block" },
				"east": { "uv": [ 0, 9, 1.5, 9.5 ], "texture": "#coal_block" }
			}
		},
		{
			"__comment": "coal_block",
			"from": [ 9.5, 6.5, 14 ],
			"to": [ 11, 7, 18 ],
			"faces": {
				"down": { "uv": [ 9.5, 0, 11, 2 ], "texture": "#coal_block" },
				"up": { "uv": [ 9.5, 14, 11, 16 ], "texture": "#coal_block" },
				"north": { "uv": [ 5, 9, 6.5, 9.5 ], "texture": "#coal_block" },
				"south": { "uv": [ 9.5, 9, 11, 9.5 ], "texture": "#coal_block" },
				"west": { "uv": [ 14, 9, 16, 9.5 ], "texture": "#coal_block" },
				"east": { "uv": [ 0, 9, 2, 9.5 ], "texture": "#coal_block" }
			}
		},
		{
			"__comment": "coal_block",
			"from": [ 5, 6.5, 14 ],
			"to": [ 6.5, 7, 18 ],
			"faces": {
				"down": { "uv": [ 5, 0, 6.5, 2 ], "texture": "#coal_block" },
				"up": { "uv": [ 5, 14, 6.5, 16 ], "texture": "#coal_block" },
				"north": { "uv": [ 9.5, 9, 11, 9.5 ], "texture": "#coal_block" },
				"south": { "uv": [ 5, 9, 6.5, 9.5 ], "texture": "#coal_block" },
				"west": { "uv": [ 14, 9, 16, 9.5 ], "texture": "#coal_block" },
				"east": { "uv": [ 0, 9, 2, 9.5 ], "texture": "#coal_block" }
			}
		},
		{
			"__comment": "coal_block",
			"from": [ 11, 6.5, 13.5 ],
			"to": [ 12, 7, 17.5 ],
			"faces": {
				"down": { "uv": [ 11, 0, 12, 2.5 ], "texture": "#coal_block" },
				"up": { "uv": [ 11, 13.5, 12, 16 ], "texture": "#coal_block" },
				"north": { "uv": [ 4, 9, 5, 9.5 ], "texture": "#coal_block" },
				"south": { "uv": [ 11, 9, 12, 9.5 ], "texture": "#coal_block" },
				"west": { "uv": [ 13.5, 9, 16, 9.5 ], "texture": "#coal_block" },
				"east": { "uv": [ 0, 9, 2.5, 9.5 ], "texture": "#coal_block" }
			}
		},
		{
			"__comment": "coal_block",
			"from": [ 12, 6.5, 13 ],
			"to": [ 12.5, 7, 17 ],
			"faces": {
				"down": { "uv": [ 12, 0, 12.5, 3 ], "texture": "#coal_block" },
				"up": { "uv": [ 12, 13, 12.5, 16 ], "texture": "#coal_block" },
				"north": { "uv": [ 3.5, 9, 4, 9.5 ], "texture": "#coal_block" },
				"south": { "uv": [ 12, 9, 12.5, 9.5 ], "texture": "#coal_block" },
				"west": { "uv": [ 13, 9, 16, 9.5 ], "texture": "#coal_block" },
				"east": { "uv": [ 0, 9, 3, 9.5 ], "texture": "#coal_block" }
			}
		},
		{
			"__comment": "coal_block",
			"from": [ 13, 6.5, 12 ],
			"to": [ 13.5, 7, 16 ],
			"faces": {
				"down": { "uv": [ 13, 0, 13.5, 4 ], "texture": "#coal_block" },
				"up": { "uv": [ 13, 12, 13.5, 16 ], "texture": "#coal_block" },
				"north": { "uv": [ 2.5, 9, 3, 9.5 ], "texture": "#coal_block" },
				"south": { "uv": [ 13, 9, 13.5, 9.5 ], "texture": "#coal_block" },
				"west": { "uv": [ 12, 9, 16, 9.5 ], "texture": "#coal_block" },
				"east": { "uv": [ 0, 9, 4, 9.5 ], "texture": "#coal_block" }
			}
		},
		{
			"__comment": "coal_block",
			"from": [ 2.5, 6.5, 12 ],
			"to": [ 3, 7, 16 ],
			"faces": {
				"down": { "uv": [ 2.5, 0, 3, 4 ], "texture": "#coal_block" },
				"up": { "uv": [ 2.5, 12, 3, 16 ], "texture": "#coal_block" },
				"north": { "uv": [ 13, 9, 13.5, 9.5 ], "texture": "#coal_block" },
				"south": { "uv": [ 2.5, 9, 3, 9.5 ], "texture": "#coal_block" },
				"west": { "uv": [ 12, 9, 16, 9.5 ], "texture": "#coal_block" },
				"east": { "uv": [ 0, 9, 4, 9.5 ], "texture": "#coal_block" }
			}
		},
		{
			"__comment": "coal_block",
			"from": [ 4, 6.5, 13.5 ],
			"to": [ 5, 7, 17.5 ],
			"faces": {
				"down": { "uv": [ 4, 0, 5, 2.5 ], "texture": "#coal_block" },
				"up": { "uv": [ 4, 13.5, 5, 16 ], "texture": "#coal_block" },
				"north": { "uv": [ 11, 9, 12, 9.5 ], "texture": "#coal_block" },
				"south": { "uv": [ 4, 9, 5, 9.5 ], "texture": "#coal_block" },
				"west": { "uv": [ 13.5, 9, 16, 9.5 ], "texture": "#coal_block" },
				"east": { "uv": [ 0, 9, 2.5, 9.5 ], "texture": "#coal_block" }
			}
		},
		{
			"__comment": "coal_block",
			"from": [ 3.5, 6.5, 13 ],
			"to": [ 4, 7, 17 ],
			"faces": {
				"down": { "uv": [ 3.5, 0, 4, 3 ], "texture": "#coal_block" },
				"up": { "uv": [ 3.5, 13, 4, 16 ], "texture": "#coal_block" },
				"north": { "uv": [ 12, 9, 12.5, 9.5 ], "texture": "#coal_block" },
				"south": { "uv": [ 3.5, 9, 4, 9.5 ], "texture": "#coal_block" },
				"west": { "uv": [ 13, 9, 16, 9.5 ], "texture": "#coal_block" },
				"east": { "uv": [ 0, 9, 3, 9.5 ], "texture": "#coal_block" }
			}
		},
		{
			"__comment": "coal_block",
			"from": [ 3, 6.5, 12.5 ],
			"to": [ 3.5, 7, 16.5 ],
			"faces": {
				"down": { "uv": [ 3, 0, 3.5, 3.5 ], "texture": "#coal_block" },
				"up": { "uv": [ 3, 12.5, 3.5, 16 ], "texture": "#coal_block" },
				"north": { "uv": [ 12.5, 9, 13, 9.5 ], "texture": "#coal_block" },
				"south": { "uv": [ 3, 9, 3.5, 9.5 ], "texture": "#coal_block" },
				"west": { "uv": [ 12.5, 9, 16, 9.5 ], "texture": "#coal_block" },
				"east": { "uv": [ 0, 9, 3.5, 9.5 ], "texture": "#coal_block" }
			}
		},
		{
			"__comment": "coal_block",
			"from": [ 2, 6.5, 11 ],
			"to": [ 2.5, 7, 15 ],
			"faces": {
				"down": { "uv": [ 2, 1, 2.5, 5 ], "texture": "#coal_block" },
				"up": { "uv": [ 2, 11, 2.5, 15 ], "texture": "#coal_block" },
				"north": { "uv": [ 13.5, 9, 14, 9.5 ], "texture": "#coal_block" },
				"south": { "uv": [ 2, 9, 2.5, 9.5 ], "texture": "#coal_block" },
				"west": { "uv": [ 11, 9, 15, 9.5 ], "texture": "#coal_block" },
				"east": { "uv": [ 1, 9, 5, 9.5 ], "texture": "#coal_block" }
			}
		},
		{
			"__comment": "coal_block",
			"from": [ 12.5, 6.5, 12.5 ],
			"to": [ 13, 7, 16.5 ],
			"faces": {
				"down": { "uv": [ 12.5, 0, 13, 3.5 ], "texture": "#coal_block" },
				"up": { "uv": [ 12.5, 12.5, 13, 16 ], "texture": "#coal_block" },
				"north": { "uv": [ 3, 9, 3.5, 9.5 ], "texture": "#coal_block" },
				"south": { "uv": [ 12.5, 9, 13, 9.5 ], "texture": "#coal_block" },
				"west": { "uv": [ 12.5, 9, 16, 9.5 ], "texture": "#coal_block" },
				"east": { "uv": [ 0, 9, 3.5, 9.5 ], "texture": "#coal_block" }
			}
		},
		{
			"__comment": "club33_ears_blue",
			"from": [ 7, 7.5, 14 ],
			"to": [ 9, 9.5, 14.5 ],
			"faces": {
				"down": { "uv": [ 7, 1.5, 9, 2 ], "texture": "#club33_ears_blue" },
				"up": { "uv": [ 7, 14, 9, 14.5 ], "texture": "#club33_ears_blue" },
				"north": { "uv": [ 7, 6.5, 9, 8.5 ], "texture": "#club33_ears_blue" },
				"south": { "uv": [ 7, 6.5, 9, 8.5 ], "texture": "#club33_ears_blue" },
				"west": { "uv": [ 14, 6.5, 14.5, 8.5 ], "texture": "#club33_ears_blue" },
				"east": { "uv": [ 1.5, 6.5, 2, 8.5 ], "texture": "#club33_ears_blue" }
			}
		},
		{
			"__comment": "stone_slab_top",
			"from": [ 7, 9.5, 14.5 ],
			"to": [ 9, 10, 15 ],
			"faces": {
				"down": { "uv": [ 7, 1, 9, 1.5 ], "texture": "#stone_slab_top" },
				"up": { "uv": [ 7, 14.5, 9, 15 ], "texture": "#stone_slab_top" },
				"north": { "uv": [ 7, 6, 9, 6.5 ], "texture": "#stone_slab_top" },
				"south": { "uv": [ 7, 6, 9, 6.5 ], "texture": "#stone_slab_top" },
				"west": { "uv": [ 14.5, 6, 15, 6.5 ], "texture": "#stone_slab_top" },
				"east": { "uv": [ 1, 6, 1.5, 6.5 ], "texture": "#stone_slab_top" }
			}
		},
		{
			"__comment": "stone_slab_top",
			"from": [ 8, 8.5, 14.5 ],
			"to": [ 8.5, 9, 15 ],
			"faces": {
				"down": { "uv": [ 8, 1, 8.5, 1.5 ], "texture": "#stone_slab_top" },
				"up": { "uv": [ 8, 14.5, 8.5, 15 ], "texture": "#stone_slab_top" },
				"north": { "uv": [ 7.5, 7, 8, 7.5 ], "texture": "#stone_slab_top" },
				"south": { "uv": [ 8, 7, 8.5, 7.5 ], "texture": "#stone_slab_top" },
				"west": { "uv": [ 14.5, 7, 15, 7.5 ], "texture": "#stone_slab_top" },
				"east": { "uv": [ 1, 7, 1.5, 7.5 ], "texture": "#stone_slab_top" }
			}
		},
		{
			"__comment": "club33_ears_blue",
			"from": [ 4.5, 7.5, 13 ],
			"to": [ 5.5, 9.5, 13.5 ],
			"faces": {
				"down": { "uv": [ 4.5, 2.5, 5.5, 3 ], "texture": "#club33_ears_blue" },
				"up": { "uv": [ 4.5, 13, 5.5, 13.5 ], "texture": "#club33_ears_blue" },
				"north": { "uv": [ 10.5, 6.5, 11.5, 8.5 ], "texture": "#club33_ears_blue" },
				"south": { "uv": [ 4.5, 6.5, 5.5, 8.5 ], "texture": "#club33_ears_blue" },
				"west": { "uv": [ 13, 6.5, 13.5, 8.5 ], "texture": "#club33_ears_blue" },
				"east": { "uv": [ 2.5, 6.5, 3, 8.5 ], "texture": "#club33_ears_blue" }
			}
		},
		{
			"__comment": "stone_slab_top",
			"from": [ 5.5, 8, 14.5 ],
			"to": [ 10.5, 8.5, 15 ],
			"faces": {
				"down": { "uv": [ 5.5, 1, 10.5, 1.5 ], "texture": "#stone_slab_top" },
				"up": { "uv": [ 5.5, 14.5, 10.5, 15 ], "texture": "#stone_slab_top" },
				"north": { "uv": [ 5.5, 7.5, 10.5, 8 ], "texture": "#stone_slab_top" },
				"south": { "uv": [ 5.5, 7.5, 10.5, 8 ], "texture": "#stone_slab_top" },
				"west": { "uv": [ 14.5, 7.5, 15, 8 ], "texture": "#stone_slab_top" },
				"east": { "uv": [ 1, 7.5, 1.5, 8 ], "texture": "#stone_slab_top" }
			}
		},
		{
			"__comment": "stone_slab_top",
			"from": [ 6, 8.5, 14.5 ],
			"to": [ 6.5, 9, 15 ],
			"faces": {
				"down": { "uv": [ 6, 1, 6.5, 1.5 ], "texture": "#stone_slab_top" },
				"up": { "uv": [ 6, 14.5, 6.5, 15 ], "texture": "#stone_slab_top" },
				"north": { "uv": [ 9.5, 7, 10, 7.5 ], "texture": "#stone_slab_top" },
				"south": { "uv": [ 6, 7, 6.5, 7.5 ], "texture": "#stone_slab_top" },
				"west": { "uv": [ 14.5, 7, 15, 7.5 ], "texture": "#stone_slab_top" },
				"east": { "uv": [ 1, 7, 1.5, 7.5 ], "texture": "#stone_slab_top" }
			}
		},
		{
			"__comment": "club33_ears_blue",
			"from": [ 7.5, 8.5, 14.5 ],
			"to": [ 8, 9, 15 ],
			"faces": {
				"down": { "uv": [ 7.5, 1, 8, 1.5 ], "texture": "#club33_ears_blue" },
				"up": { "uv": [ 7.5, 14.5, 8, 15 ], "texture": "#club33_ears_blue" },
				"north": { "uv": [ 8, 7, 8.5, 7.5 ], "texture": "#club33_ears_blue" },
				"south": { "uv": [ 7.5, 7, 8, 7.5 ], "texture": "#club33_ears_blue" },
				"west": { "uv": [ 14.5, 7, 15, 7.5 ], "texture": "#club33_ears_blue" },
				"east": { "uv": [ 1, 7, 1.5, 7.5 ], "texture": "#club33_ears_blue" }
			}
		},
		{
			"__comment": "club33_ears_blue",
			"from": [ 6.5, 8.5, 14.5 ],
			"to": [ 7, 9, 15 ],
			"faces": {
				"down": { "uv": [ 6.5, 1, 7, 1.5 ], "texture": "#club33_ears_blue" },
				"up": { "uv": [ 6.5, 14.5, 7, 15 ], "texture": "#club33_ears_blue" },
				"north": { "uv": [ 9, 7, 9.5, 7.5 ], "texture": "#club33_ears_blue" },
				"south": { "uv": [ 6.5, 7, 7, 7.5 ], "texture": "#club33_ears_blue" },
				"west": { "uv": [ 14.5, 7, 15, 7.5 ], "texture": "#club33_ears_blue" },
				"east": { "uv": [ 1, 7, 1.5, 7.5 ], "texture": "#club33_ears_blue" }
			}
		},
		{
			"__comment": "stone_slab_top",
			"from": [ 9.5, 8.5, 14.5 ],
			"to": [ 10, 9, 15 ],
			"faces": {
				"down": { "uv": [ 9.5, 1, 10, 1.5 ], "texture": "#stone_slab_top" },
				"up": { "uv": [ 9.5, 14.5, 10, 15 ], "texture": "#stone_slab_top" },
				"north": { "uv": [ 6, 7, 6.5, 7.5 ], "texture": "#stone_slab_top" },
				"south": { "uv": [ 9.5, 7, 10, 7.5 ], "texture": "#stone_slab_top" },
				"west": { "uv": [ 14.5, 7, 15, 7.5 ], "texture": "#stone_slab_top" },
				"east": { "uv": [ 1, 7, 1.5, 7.5 ], "texture": "#stone_slab_top" }
			}
		},
		{
			"__comment": "terracotta_yellow",
			"from": [ 10, 8.5, 14.5 ],
			"to": [ 10.5, 9, 15 ],
			"faces": {
				"down": { "uv": [ 10, 1, 10.5, 1.5 ], "texture": "#terracotta_yellow" },
				"up": { "uv": [ 10, 14.5, 10.5, 15 ], "texture": "#terracotta_yellow" },
				"north": { "uv": [ 5.5, 7, 6, 7.5 ], "texture": "#terracotta_yellow" },
				"south": { "uv": [ 10, 7, 10.5, 7.5 ], "texture": "#terracotta_yellow" },
				"west": { "uv": [ 14.5, 7, 15, 7.5 ], "texture": "#terracotta_yellow" },
				"east": { "uv": [ 1, 7, 1.5, 7.5 ], "texture": "#terracotta_yellow" }
			}
		},
		{
			"__comment": "stone_slab_top",
			"from": [ 7, 8.5, 14.5 ],
			"to": [ 7.5, 9, 15 ],
			"faces": {
				"down": { "uv": [ 7, 1, 7.5, 1.5 ], "texture": "#stone_slab_top" },
				"up": { "uv": [ 7, 14.5, 7.5, 15 ], "texture": "#stone_slab_top" },
				"north": { "uv": [ 8.5, 7, 9, 7.5 ], "texture": "#stone_slab_top" },
				"south": { "uv": [ 7, 7, 7.5, 7.5 ], "texture": "#stone_slab_top" },
				"west": { "uv": [ 14.5, 7, 15, 7.5 ], "texture": "#stone_slab_top" },
				"east": { "uv": [ 1, 7, 1.5, 7.5 ], "texture": "#stone_slab_top" }
			}
		},
		{
			"__comment": "terracotta_yellow",
			"from": [ 14.5, 7.5, 8.5 ],
			"to": [ 15, 8, 9 ],
			"faces": {
				"down": { "uv": [ 14.5, 7, 15, 7.5 ], "texture": "#terracotta_yellow" },
				"up": { "uv": [ 14.5, 8.5, 15, 9 ], "texture": "#terracotta_yellow" },
				"north": { "uv": [ 1, 8, 1.5, 8.5 ], "texture": "#terracotta_yellow" },
				"south": { "uv": [ 14.5, 8, 15, 8.5 ], "texture": "#terracotta_yellow" },
				"west": { "uv": [ 8.5, 8, 9, 8.5 ], "texture": "#terracotta_yellow" },
				"east": { "uv": [ 7, 8, 7.5, 8.5 ], "texture": "#terracotta_yellow" }
			}
		},
		{
			"__comment": "terracotta_yellow",
			"from": [ 5.5, 8.5, 14.5 ],
			"to": [ 6, 9, 15 ],
			"faces": {
				"down": { "uv": [ 5.5, 1, 6, 1.5 ], "texture": "#terracotta_yellow" },
				"up": { "uv": [ 5.5, 14.5, 6, 15 ], "texture": "#terracotta_yellow" },
				"north": { "uv": [ 10, 7, 10.5, 7.5 ], "texture": "#terracotta_yellow" },
				"south": { "uv": [ 5.5, 7, 6, 7.5 ], "texture": "#terracotta_yellow" },
				"west": { "uv": [ 14.5, 7, 15, 7.5 ], "texture": "#terracotta_yellow" },
				"east": { "uv": [ 1, 7, 1.5, 7.5 ], "texture": "#terracotta_yellow" }
			}
		},
		{
			"__comment": "coal_block",
			"from": [ 2, 7, 9.5 ],
			"to": [ 2.5, 7.5, 11 ],
			"faces": {
				"down": { "uv": [ 2, 5, 2.5, 6.5 ], "texture": "#coal_block" },
				"up": { "uv": [ 2, 9.5, 2.5, 11 ], "texture": "#coal_block" },
				"north": { "uv": [ 13.5, 8.5, 14, 9 ], "texture": "#coal_block" },
				"south": { "uv": [ 2, 8.5, 2.5, 9 ], "texture": "#coal_block" },
				"west": { "uv": [ 9.5, 8.5, 11, 9 ], "texture": "#coal_block" },
				"east": { "uv": [ 5, 8.5, 6.5, 9 ], "texture": "#coal_block" }
			}
		},
		{
			"__comment": "coal_block",
			"from": [ 14.5, 7.5, 9 ],
			"to": [ 15, 8, 10.5 ],
			"faces": {
				"down": { "uv": [ 14.5, 5.5, 15, 7 ], "texture": "#coal_block" },
				"up": { "uv": [ 14.5, 9, 15, 10.5 ], "texture": "#coal_block" },
				"north": { "uv": [ 1, 8, 1.5, 8.5 ], "texture": "#coal_block" },
				"south": { "uv": [ 14.5, 8, 15, 8.5 ], "texture": "#coal_block" },
				"west": { "uv": [ 9, 8, 10.5, 8.5 ], "texture": "#coal_block" },
				"east": { "uv": [ 5.5, 8, 7, 8.5 ], "texture": "#coal_block" }
			}
		},
		{
			"__comment": "coal_block",
			"from": [ 14, 7.5, 10.5 ],
			"to": [ 14.5, 8, 11.5 ],
			"faces": {
				"down": { "uv": [ 14, 4.5, 14.5, 5.5 ], "texture": "#coal_block" },
				"up": { "uv": [ 14, 10.5, 14.5, 11.5 ], "texture": "#coal_block" },
				"north": { "uv": [ 1.5, 8, 2, 8.5 ], "texture": "#coal_block" },
				"south": { "uv": [ 14, 8, 14.5, 8.5 ], "texture": "#coal_block" },
				"west": { "uv": [ 10.5, 8, 11.5, 8.5 ], "texture": "#coal_block" },
				"east": { "uv": [ 4.5, 8, 5.5, 8.5 ], "texture": "#coal_block" }
			}
		},
		{
			"__comment": "coal_block",
			"from": [ 11.5, 7.5, 13.5 ],
			"to": [ 12, 8, 14 ],
			"faces": {
				"down": { "uv": [ 11.5, 2, 12, 2.5 ], "texture": "#coal_block" },
				"up": { "uv": [ 11.5, 13.5, 12, 14 ], "texture": "#coal_block" },
				"north": { "uv": [ 4, 8, 4.5, 8.5 ], "texture": "#coal_block" },
				"south": { "uv": [ 11.5, 8, 12, 8.5 ], "texture": "#coal_block" },
				"west": { "uv": [ 13.5, 8, 14, 8.5 ], "texture": "#coal_block" },
				"east": { "uv": [ 2, 8, 2.5, 8.5 ], "texture": "#coal_block" }
			}
		},
		{
			"__comment": "coal_block",
			"from": [ 2.5, 7.5, 12 ],
			"to": [ 3, 8, 12.5 ],
			"faces": {
				"down": { "uv": [ 2.5, 3.5, 3, 4 ], "texture": "#coal_block" },
				"up": { "uv": [ 2.5, 12, 3, 12.5 ], "texture": "#coal_block" },
				"north": { "uv": [ 13, 8, 13.5, 8.5 ], "texture": "#coal_block" },
				"south": { "uv": [ 2.5, 8, 3, 8.5 ], "texture": "#coal_block" },
				"west": { "uv": [ 12, 8, 12.5, 8.5 ], "texture": "#coal_block" },
				"east": { "uv": [ 3.5, 8, 4, 8.5 ], "texture": "#coal_block" }
			}
		},
		{
			"__comment": "coal_block",
			"from": [ 3, 7.5, 12.5 ],
			"to": [ 3.5, 8, 13 ],
			"faces": {
				"down": { "uv": [ 3, 3, 3.5, 3.5 ], "texture": "#coal_block" },
				"up": { "uv": [ 3, 12.5, 3.5, 13 ], "texture": "#coal_block" },
				"north": { "uv": [ 12.5, 8, 13, 8.5 ], "texture": "#coal_block" },
				"south": { "uv": [ 3, 8, 3.5, 8.5 ], "texture": "#coal_block" },
				"west": { "uv": [ 12.5, 8, 13, 8.5 ], "texture": "#coal_block" },
				"east": { "uv": [ 3, 8, 3.5, 8.5 ], "texture": "#coal_block" }
			}
		},
		{
			"__comment": "coal_block",
			"from": [ 3.5, 7.5, 13 ],
			"to": [ 4, 8, 13.5 ],
			"faces": {
				"down": { "uv": [ 3.5, 2.5, 4, 3 ], "texture": "#coal_block" },
				"up": { "uv": [ 3.5, 13, 4, 13.5 ], "texture": "#coal_block" },
				"north": { "uv": [ 12, 8, 12.5, 8.5 ], "texture": "#coal_block" },
				"south": { "uv": [ 3.5, 8, 4, 8.5 ], "texture": "#coal_block" },
				"west": { "uv": [ 13, 8, 13.5, 8.5 ], "texture": "#coal_block" },
				"east": { "uv": [ 2.5, 8, 3, 8.5 ], "texture": "#coal_block" }
			}
		},
		{
			"__comment": "coal_block",
			"from": [ 4, 7.5, 13.5 ],
			"to": [ 4.5, 8, 14 ],
			"faces": {
				"down": { "uv": [ 4, 2, 4.5, 2.5 ], "texture": "#coal_block" },
				"up": { "uv": [ 4, 13.5, 4.5, 14 ], "texture": "#coal_block" },
				"north": { "uv": [ 11.5, 8, 12, 8.5 ], "texture": "#coal_block" },
				"south": { "uv": [ 4, 8, 4.5, 8.5 ], "texture": "#coal_block" },
				"west": { "uv": [ 13.5, 8, 14, 8.5 ], "texture": "#coal_block" },
				"east": { "uv": [ 2, 8, 2.5, 8.5 ], "texture": "#coal_block" }
			}
		},
		{
			"__comment": "coal_block",
			"from": [ 10.5, 7.5, 14 ],
			"to": [ 11.5, 8, 14.5 ],
			"faces": {
				"down": { "uv": [ 10.5, 1.5, 11.5, 2 ], "texture": "#coal_block" },
				"up": { "uv": [ 10.5, 14, 11.5, 14.5 ], "texture": "#coal_block" },
				"north": { "uv": [ 4.5, 8, 5.5, 8.5 ], "texture": "#coal_block" },
				"south": { "uv": [ 10.5, 8, 11.5, 8.5 ], "texture": "#coal_block" },
				"west": { "uv": [ 14, 8, 14.5, 8.5 ], "texture": "#coal_block" },
				"east": { "uv": [ 1.5, 8, 2, 8.5 ], "texture": "#coal_block" }
			}
		},
		{
			"__comment": "coal_block",
			"from": [ 4.5, 7.5, 14 ],
			"to": [ 5.5, 8, 14.5 ],
			"faces": {
				"down": { "uv": [ 4.5, 1.5, 5.5, 2 ], "texture": "#coal_block" },
				"up": { "uv": [ 4.5, 14, 5.5, 14.5 ], "texture": "#coal_block" },
				"north": { "uv": [ 10.5, 8, 11.5, 8.5 ], "texture": "#coal_block" },
				"south": { "uv": [ 4.5, 8, 5.5, 8.5 ], "texture": "#coal_block" },
				"west": { "uv": [ 14, 8, 14.5, 8.5 ], "texture": "#coal_block" },
				"east": { "uv": [ 1.5, 8, 2, 8.5 ], "texture": "#coal_block" }
			}
		},
		{
			"__comment": "coal_block",
			"from": [ 1, 7.5, 9 ],
			"to": [ 1.5, 8, 10.5 ],
			"faces": {
				"down": { "uv": [ 1, 5.5, 1.5, 7 ], "texture": "#coal_block" },
				"up": { "uv": [ 1, 9, 1.5, 10.5 ], "texture": "#coal_block" },
				"north": { "uv": [ 14.5, 8, 15, 8.5 ], "texture": "#coal_block" },
				"south": { "uv": [ 1, 8, 1.5, 8.5 ], "texture": "#coal_block" },
				"west": { "uv": [ 9, 8, 10.5, 8.5 ], "texture": "#coal_block" },
				"east": { "uv": [ 5.5, 8, 7, 8.5 ], "texture": "#coal_block" }
			}
		},
		{
			"__comment": "terracotta_yellow",
			"from": [ 1, 7.5, 8.5 ],
			"to": [ 1.5, 8, 9 ],
			"faces": {
				"down": { "uv": [ 1, 7, 1.5, 7.5 ], "texture": "#terracotta_yellow" },
				"up": { "uv": [ 1, 8.5, 1.5, 9 ], "texture": "#terracotta_yellow" },
				"north": { "uv": [ 14.5, 8, 15, 8.5 ], "texture": "#terracotta_yellow" },
				"south": { "uv": [ 1, 8, 1.5, 8.5 ], "texture": "#terracotta_yellow" },
				"west": { "uv": [ 8.5, 8, 9, 8.5 ], "texture": "#terracotta_yellow" },
				"east": { "uv": [ 7, 8, 7.5, 8.5 ], "texture": "#terracotta_yellow" }
			}
		},
		{
			"__comment": "coal_block",
			"from": [ 1.5, 7.5, 10.5 ],
			"to": [ 2, 8, 11.5 ],
			"faces": {
				"down": { "uv": [ 1.5, 4.5, 2, 5.5 ], "texture": "#coal_block" },
				"up": { "uv": [ 1.5, 10.5, 2, 11.5 ], "texture": "#coal_block" },
				"north": { "uv": [ 14, 8, 14.5, 8.5 ], "texture": "#coal_block" },
				"south": { "uv": [ 1.5, 8, 2, 8.5 ], "texture": "#coal_block" },
				"west": { "uv": [ 10.5, 8, 11.5, 8.5 ], "texture": "#coal_block" },
				"east": { "uv": [ 4.5, 8, 5.5, 8.5 ], "texture": "#coal_block" }
			}
		},
		{
			"__comment": "coal_block",
			"from": [ 2, 7.5, 11.5 ],
			"to": [ 2.5, 8, 12 ],
			"faces": {
				"down": { "uv": [ 2, 4, 2.5, 4.5 ], "texture": "#coal_block" },
				"up": { "uv": [ 2, 11.5, 2.5, 12 ], "texture": "#coal_block" },
				"north": { "uv": [ 13.5, 8, 14, 8.5 ], "texture": "#coal_block" },
				"south": { "uv": [ 2, 8, 2.5, 8.5 ], "texture": "#coal_block" },
				"west": { "uv": [ 11.5, 8, 12, 8.5 ], "texture": "#coal_block" },
				"east": { "uv": [ 4, 8, 4.5, 8.5 ], "texture": "#coal_block" }
			}
		},
		{
			"__comment": "coal_block",
			"from": [ 13.5, 7.5, 11.5 ],
			"to": [ 14, 8, 12 ],
			"faces": {
				"down": { "uv": [ 13.5, 4, 14, 4.5 ], "texture": "#coal_block" },
				"up": { "uv": [ 13.5, 11.5, 14, 12 ], "texture": "#coal_block" },
				"north": { "uv": [ 2, 8, 2.5, 8.5 ], "texture": "#coal_block" },
				"south": { "uv": [ 13.5, 8, 14, 8.5 ], "texture": "#coal_block" },
				"west": { "uv": [ 11.5, 8, 12, 8.5 ], "texture": "#coal_block" },
				"east": { "uv": [ 4, 8, 4.5, 8.5 ], "texture": "#coal_block" }
			}
		},
		{
			"__comment": "coal_block",
			"from": [ 13, 7.5, 12 ],
			"to": [ 13.5, 8, 12.5 ],
			"faces": {
				"down": { "uv": [ 13, 3.5, 13.5, 4 ], "texture": "#coal_block" },
				"up": { "uv": [ 13, 12, 13.5, 12.5 ], "texture": "#coal_block" },
				"north": { "uv": [ 2.5, 8, 3, 8.5 ], "texture": "#coal_block" },
				"south": { "uv": [ 13, 8, 13.5, 8.5 ], "texture": "#coal_block" },
				"west": { "uv": [ 12, 8, 12.5, 8.5 ], "texture": "#coal_block" },
				"east": { "uv": [ 3.5, 8, 4, 8.5 ], "texture": "#coal_block" }
			}
		},
		{
			"__comment": "coal_block",
			"from": [ 12.5, 7.5, 12.5 ],
			"to": [ 13, 8, 13 ],
			"faces": {
				"down": { "uv": [ 12.5, 3, 13, 3.5 ], "texture": "#coal_block" },
				"up": { "uv": [ 12.5, 12.5, 13, 13 ], "texture": "#coal_block" },
				"north": { "uv": [ 3, 8, 3.5, 8.5 ], "texture": "#coal_block" },
				"south": { "uv": [ 12.5, 8, 13, 8.5 ], "texture": "#coal_block" },
				"west": { "uv": [ 12.5, 8, 13, 8.5 ], "texture": "#coal_block" },
				"east": { "uv": [ 3, 8, 3.5, 8.5 ], "texture": "#coal_block" }
			}
		},
		{
			"__comment": "coal_block",
			"from": [ 12, 7.5, 13 ],
			"to": [ 12.5, 8, 13.5 ],
			"faces": {
				"down": { "uv": [ 12, 2.5, 12.5, 3 ], "texture": "#coal_block" },
				"up": { "uv": [ 12, 13, 12.5, 13.5 ], "texture": "#coal_block" },
				"north": { "uv": [ 3.5, 8, 4, 8.5 ], "texture": "#coal_block" },
				"south": { "uv": [ 12, 8, 12.5, 8.5 ], "texture": "#coal_block" },
				"west": { "uv": [ 13, 8, 13.5, 8.5 ], "texture": "#coal_block" },
				"east": { "uv": [ 2.5, 8, 3, 8.5 ], "texture": "#coal_block" }
			}
		}
	],
	"display": {
		"thirdperson_righthand": {
			"rotation":  [ -54, -41, -83 ],
			"translation":  [ 0.0013, 2.0869, -0.694 ],
			"scale":  [ 0.5, 0.5, 0.5 ]
		},
		"thirdperson_lefthand": {
			"rotation":  [ -54, -41, -83 ],
			"translation":  [ 0.0013, 2.0869, -0.694 ],
			"scale":  [ 0.5, 0.5, 0.5 ]
		},
		"firstperson_righthand": {
			"rotation":  [ -2, -49, 2 ],
			"translation":  [ 7.6521, -1.388, -11.12 ],
			"scale":  [ 0.8, 0.8, 0.8 ]
		},
		"firstperson_lefthand": {
			"rotation":  [ -2, -49, 2 ],
			"translation":  [ 7.6521, -1.388, -11.12 ],
			"scale":  [ 0.8, 0.8, 0.8 ]
		},
		"gui": {
			"rotation":  [ 13, -21, 0 ],
			"translation":  [ 0.6956, -1.39, -10.43 ],
			"scale":  [ 0.9, 0.9, 0.9 ]
		},
		"head": {
			"rotation":  [ 3, 180, 0 ],
			"translation":  [ 0, 2.7825, 0 ],
			"scale":  [ 1.53, 1.53, 1.53 ]
		},
		"ground": {
			"scale":  [ 0.8, 0.8, 0.8 ]
		},
		"fixed": {
			"rotation":  [ -3, 142, 0 ],
			"translation":  [ -0.695, -0.695, -5.565 ]
		}
	}
}
