{
	"credit": "Made with Blockbench, a free, modern block model editor by JannisX11",
	"textures": {"0": "custom/glow_test"},
	"elements": [
		{
			"name": "cube",
			"from": [9.5, 8.5, 12],
			"to": [11.5, 9.5, 13],
			"shade": true,
			"faces": {
				"north": {"uv": [4.5, 6.5, 6.5, 7.5], "texture": "#0"},
				"east": {"uv": [3, 6.5, 4, 7.5], "texture": "#0"},
				"south": {"uv": [9.5, 6.5, 11.5, 7.5], "texture": "#0"},
				"west": {"uv": [12, 6.5, 13, 7.5], "texture": "#0"},
				"up": {"uv": [9.5, 12, 11.5, 13], "texture": "#0"},
				"down": {"uv": [9.5, 3, 11.5, 4], "texture": "#0"}
			},
			"__comment": "wool_black"
		},
		{
			"name": "cube",
			"from": [4.5, 8.5, 12],
			"to": [6.5, 9.5, 13],
			"shade": true,
			"faces": {
				"north": {"uv": [9.5, 6.5, 11.5, 7.5], "texture": "#0"},
				"east": {"uv": [3, 6.5, 4, 7.5], "texture": "#0"},
				"south": {"uv": [4.5, 6.5, 6.5, 7.5], "texture": "#0"},
				"west": {"uv": [12, 6.5, 13, 7.5], "texture": "#0"},
				"up": {"uv": [4.5, 12, 6.5, 13], "texture": "#0"},
				"down": {"uv": [4.5, 3, 6.5, 4], "texture": "#0"}
			},
			"__comment": "wool_black"
		},
		{
			"name": "cube",
			"from": [3, 7, 8],
			"to": [4, 8, 12],
			"shade": true,
			"faces": {
				"north": {"uv": [12, 8, 13, 9], "texture": "#0"},
				"east": {"uv": [4, 8, 8, 9], "texture": "#0"},
				"south": {"uv": [3, 8, 4, 9], "texture": "#0"},
				"west": {"uv": [8, 8, 12, 9], "texture": "#0"},
				"up": {"uv": [3, 8, 4, 12], "texture": "#0"},
				"down": {"uv": [3, 4, 4, 8], "texture": "#0"}
			},
			"__comment": "wool_black"
		},
		{
			"name": "cube",
			"from": [6.5, 6.5, 12],
			"to": [7.5, 8.5, 13],
			"shade": true,
			"faces": {
				"north": {"uv": [8.5, 7.5, 9.5, 9.5], "texture": "#0"},
				"east": {"uv": [3, 7.5, 4, 9.5], "texture": "#0"},
				"south": {"uv": [6.5, 7.5, 7.5, 9.5], "texture": "#0"},
				"west": {"uv": [12, 7.5, 13, 9.5], "texture": "#0"},
				"up": {"uv": [6.5, 12, 7.5, 13], "texture": "#0"},
				"down": {"uv": [6.5, 3, 7.5, 4], "texture": "#0"}
			},
			"__comment": "wool_black"
		},
		{
			"name": "cube",
			"from": [8.5, 6.5, 12],
			"to": [9.5, 8.5, 13],
			"shade": true,
			"faces": {
				"north": {"uv": [6.5, 7.5, 7.5, 9.5], "texture": "#0"},
				"east": {"uv": [3, 7.5, 4, 9.5], "texture": "#0"},
				"south": {"uv": [8.5, 7.5, 9.5, 9.5], "texture": "#0"},
				"west": {"uv": [12, 7.5, 13, 9.5], "texture": "#0"},
				"up": {"uv": [8.5, 12, 9.5, 13], "texture": "#0"},
				"down": {"uv": [8.5, 3, 9.5, 4], "texture": "#0"}
			},
			"__comment": "wool_black"
		},
		{
			"name": "cube",
			"from": [4.5, 5.5, 12],
			"to": [6.5, 6.5, 13],
			"shade": true,
			"faces": {
				"north": {
					"uv": [9.5, 9.5, 11.5, 10.5],
					"texture": "#0"
				},
				"east": {"uv": [3, 9.5, 4, 10.5], "texture": "#0"},
				"south": {"uv": [4.5, 9.5, 6.5, 10.5], "texture": "#0"},
				"west": {"uv": [12, 9.5, 13, 10.5], "texture": "#0"},
				"up": {"uv": [4.5, 12, 6.5, 13], "texture": "#0"},
				"down": {"uv": [4.5, 3, 6.5, 4], "texture": "#0"}
			},
			"__comment": "wool_black"
		},
		{
			"name": "cube",
			"from": [9.5, 5.5, 12],
			"to": [11.5, 6.5, 13],
			"shade": true,
			"faces": {
				"north": {"uv": [4.5, 9.5, 6.5, 10.5], "texture": "#0"},
				"east": {"uv": [3, 9.5, 4, 10.5], "texture": "#0"},
				"south": {
					"uv": [9.5, 9.5, 11.5, 10.5],
					"texture": "#0"
				},
				"west": {"uv": [12, 9.5, 13, 10.5], "texture": "#0"},
				"up": {"uv": [9.5, 12, 11.5, 13], "texture": "#0"},
				"down": {"uv": [9.5, 3, 11.5, 4], "texture": "#0"}
			},
			"__comment": "wool_black"
		},
		{
			"name": "cube",
			"from": [11.5, 6.5, 12],
			"to": [12.5, 8.5, 13],
			"shade": true,
			"faces": {
				"north": {"uv": [3.5, 7.5, 4.5, 9.5], "texture": "#0"},
				"east": {"uv": [3, 7.5, 4, 9.5], "texture": "#0"},
				"south": {
					"uv": [11.5, 7.5, 12.5, 9.5],
					"texture": "#0"
				},
				"west": {"uv": [12, 7.5, 13, 9.5], "texture": "#0"},
				"up": {"uv": [11.5, 12, 12.5, 13], "texture": "#0"},
				"down": {"uv": [11.5, 3, 12.5, 4], "texture": "#0"}
			},
			"__comment": "wool_black"
		},
		{
			"name": "cube",
			"from": [3.5, 6.5, 12],
			"to": [4.5, 8.5, 13],
			"shade": true,
			"faces": {
				"north": {
					"uv": [11.5, 7.5, 12.5, 9.5],
					"texture": "#0"
				},
				"east": {"uv": [3, 7.5, 4, 9.5], "texture": "#0"},
				"south": {"uv": [3.5, 7.5, 4.5, 9.5], "texture": "#0"},
				"west": {"uv": [12, 7.5, 13, 9.5], "texture": "#0"},
				"up": {"uv": [3.5, 12, 4.5, 13], "texture": "#0"},
				"down": {"uv": [3.5, 3, 4.5, 4], "texture": "#0"}
			},
			"__comment": "wool_black"
		},
		{
			"name": "cube",
			"from": [7.5, 7, 12],
			"to": [8.5, 8, 13],
			"shade": true,
			"faces": {
				"north": {"uv": [7.5, 8, 8.5, 9], "texture": "#0"},
				"east": {"uv": [3, 8, 4, 9], "texture": "#0"},
				"south": {"uv": [7.5, 8, 8.5, 9], "texture": "#0"},
				"west": {"uv": [12, 8, 13, 9], "texture": "#0"},
				"up": {"uv": [7.5, 12, 8.5, 13], "texture": "#0"},
				"down": {"uv": [7.5, 3, 8.5, 4], "texture": "#0"}
			},
			"__comment": "wool_black"
		},
		{
			"name": "cube",
			"from": [12, 7, 8],
			"to": [13, 8, 12],
			"shade": true,
			"faces": {
				"north": {"uv": [3, 8, 4, 9], "texture": "#0"},
				"east": {"uv": [4, 8, 8, 9], "texture": "#0"},
				"south": {"uv": [12, 8, 13, 9], "texture": "#0"},
				"west": {"uv": [8, 8, 12, 9], "texture": "#0"},
				"up": {"uv": [12, 8, 13, 12], "texture": "#0"},
				"down": {"uv": [12, 4, 13, 8], "texture": "#0"}
			},
			"__comment": "wool_black"
		}
	],
	"display": {
		"thirdperson_righthand": {
			"rotation": [-31, -144, 24],
			"translation": [-2.782, 3.4789, 2.7826],
			"scale": [0.8, 0.8, 0.8]
		},
		"thirdperson_lefthand": {
			"rotation": [-31, -144, 24],
			"translation": [-2.782, 3.4789, 2.7826],
			"scale": [0.8, 0.8, 0.8]
		},
		"firstperson_righthand": {
			"rotation": [-49, -180, 15],
			"translation": [3.4788, 2.7826, -1.388],
			"scale": [0.7, 0.7, 0.7]
		},
		"firstperson_lefthand": {
			"rotation": [-49, -180, 15],
			"translation": [3.4788, 2.7826, -1.388],
			"scale": [0.7, 0.7, 0.7]
		},
		"gui": {
			"rotation": [19, -42, 0],
			"translation": [1.3913, 1.3913, -2.086]
		},
		"head": {
			"rotation": [0, 180, 0],
			"scale": [1.7, 1.7, 1.7]
		},
		"fixed": {
			"rotation": [-14, 155, 0],
			"translation": [-0.695, 2.0869, -1.391]
		}
	}
}
