{
	"credit": "Made by _Kastle with Blockbench. Message Kastle#4801 on Discord for inquiries. If you recieved this model from someone other than myself without context, it was probably stolen.",
	"textures": {
		"wool_black": "block/black_wool",
		"nether_brick": "block/lime_wool",
		"texture": "block/white_wool"
	},
	"elements": [
		{
			"name": "nether_brick63",
			"from": [5.5, 14.5, 7],
			"to": [10.5, 15, 9],
			"faces": {
				"north": {"uv": [5.5, 1, 10.5, 1.5], "texture": "#nether_brick"},
				"east": {"uv": [7, 1, 9, 1.5], "texture": "#nether_brick"},
				"south": {"uv": [5.5, 1, 10.5, 1.5], "texture": "#nether_brick"},
				"west": {"uv": [7, 1, 9, 1.5], "texture": "#nether_brick"},
				"up": {"uv": [5.5, 7, 10.5, 9], "texture": "#nether_brick"},
				"down": {"uv": [5.5, 7, 10.5, 9], "texture": "#nether_brick"}
			}
		},
		{
			"name": "nether_brick33",
			"from": [11.5, 13.5, 6],
			"to": [12, 14, 10],
			"faces": {
				"north": {"uv": [4, 2, 4.5, 2.5], "texture": "#nether_brick"},
				"east": {"uv": [6, 2, 10, 2.5], "texture": "#nether_brick"},
				"south": {"uv": [11.5, 2, 12, 2.5], "texture": "#nether_brick"},
				"west": {"uv": [6, 2, 10, 2.5], "texture": "#nether_brick"},
				"up": {"uv": [11.5, 6, 12, 10], "texture": "#nether_brick"},
				"down": {"uv": [11.5, 6, 12, 10], "texture": "#nether_brick"}
			}
		},
		{
			"name": "nether_brick9",
			"from": [12, 12.5, 5],
			"to": [12.5, 13, 6],
			"faces": {
				"north": {"uv": [3.50001, 3, 4.00001, 3.5], "texture": "#nether_brick"},
				"east": {"uv": [10, 3, 11, 3.5], "texture": "#nether_brick"},
				"south": {"uv": [12, 3, 12.5, 3.5], "texture": "#nether_brick"},
				"west": {"uv": [5, 3, 6, 3.5], "texture": "#nether_brick"},
				"up": {"uv": [12, 5, 12.5, 6], "texture": "#nether_brick"},
				"down": {"uv": [12, 10, 12.5, 11], "texture": "#nether_brick"}
			}
		},
		{
			"name": "nether_brick69",
			"from": [5, 14, 9.5],
			"to": [6.5, 14.5, 10.5],
			"faces": {
				"north": {"uv": [9.5, 1.5, 11, 2], "texture": "#nether_brick"},
				"east": {"uv": [5.5, 1.5, 6.5, 2], "texture": "#nether_brick"},
				"south": {"uv": [5, 1.5, 6.5, 2], "texture": "#nether_brick"},
				"west": {"uv": [9.5, 1.5, 10.5, 2], "texture": "#nether_brick"},
				"up": {"uv": [5, 9.5, 6.5, 10.5], "texture": "#nether_brick"},
				"down": {"uv": [5, 5.5, 6.5, 6.5], "texture": "#nether_brick"}
			}
		},
		{
			"name": "nether_brick64",
			"from": [5, 13.5, 10.5],
			"to": [6.5, 15, 11.5],
			"faces": {
				"north": {"uv": [9.5, 1.5, 10.5, 2], "texture": "#texture"},
				"east": {"uv": [5, 1.5, 5.5, 2], "texture": "#texture"},
				"south": {"uv": [5.5, 1.5, 6.5, 2], "texture": "#texture"},
				"west": {"uv": [10.5, 1.5, 11, 2], "texture": "#texture"},
				"up": {"uv": [5.5, 10.5, 6.5, 11], "texture": "#texture"},
				"down": {"uv": [5.5, 5, 6.5, 5.5], "texture": "#texture"}
			}
		},
		{
			"name": "nether_brick70",
			"from": [5, 14, 5.5],
			"to": [6.5, 14.5, 6.5],
			"faces": {
				"north": {"uv": [9.5, 1.5, 11, 2], "texture": "#nether_brick"},
				"east": {"uv": [9.5, 1.5, 10.5, 2], "texture": "#nether_brick"},
				"south": {"uv": [5, 1.5, 6.5, 2], "texture": "#nether_brick"},
				"west": {"uv": [5.5, 1.5, 6.5, 2], "texture": "#nether_brick"},
				"up": {"uv": [5, 5.5, 6.5, 6.5], "texture": "#nether_brick"},
				"down": {"uv": [5, 9.5, 6.5, 10.5], "texture": "#nether_brick"}
			}
		},
		{
			"name": "nether_brick65",
			"from": [5.5, 14, 5],
			"to": [6.5, 14.5, 5.5],
			"faces": {
				"north": {"uv": [9.5, 1.5, 10.5, 2], "texture": "#nether_brick"},
				"east": {"uv": [10.5, 1.5, 11, 2], "texture": "#nether_brick"},
				"south": {"uv": [5.5, 1.5, 6.5, 2], "texture": "#nether_brick"},
				"west": {"uv": [5, 1.5, 5.5, 2], "texture": "#nether_brick"},
				"up": {"uv": [5.5, 5, 6.5, 5.5], "texture": "#nether_brick"},
				"down": {"uv": [5.5, 10.5, 6.5, 11], "texture": "#nether_brick"}
			}
		},
		{
			"name": "nether_brick42",
			"from": [9.5, 14, 5],
			"to": [10.5, 14.5, 5.5],
			"faces": {
				"north": {"uv": [5.5, 1.5, 6.5, 2], "texture": "#nether_brick"},
				"east": {"uv": [10.5, 1.5, 11, 2], "texture": "#nether_brick"},
				"south": {"uv": [9.5, 1.5, 10.5, 2], "texture": "#nether_brick"},
				"west": {"uv": [5, 1.5, 5.5, 2], "texture": "#nether_brick"},
				"up": {"uv": [9.5, 5, 10.5, 5.5], "texture": "#nether_brick"},
				"down": {"uv": [9.5, 10.5, 10.5, 11], "texture": "#nether_brick"}
			}
		},
		{
			"name": "nether_brick43",
			"from": [9.5, 14, 5.5],
			"to": [11, 14.5, 6.5],
			"faces": {
				"north": {"uv": [5, 1.5, 6.5, 2], "texture": "#nether_brick"},
				"east": {"uv": [9.5, 1.5, 10.5, 2], "texture": "#nether_brick"},
				"south": {"uv": [9.5, 1.5, 11, 2], "texture": "#nether_brick"},
				"west": {"uv": [5.5, 1.5, 6.5, 2], "texture": "#nether_brick"},
				"up": {"uv": [9.5, 5.5, 11, 6.5], "texture": "#nether_brick"},
				"down": {"uv": [9.5, 9.5, 11, 10.5], "texture": "#nether_brick"}
			}
		},
		{
			"name": "nether_brick44",
			"from": [9.5, 14, 9.5],
			"to": [11, 14.5, 10.5],
			"faces": {
				"north": {"uv": [5, 1.5, 6.5, 2], "texture": "#nether_brick"},
				"east": {"uv": [5.5, 1.5, 6.5, 2], "texture": "#nether_brick"},
				"south": {"uv": [9.5, 1.5, 11, 2], "texture": "#nether_brick"},
				"west": {"uv": [9.5, 1.5, 10.5, 2], "texture": "#nether_brick"},
				"up": {"uv": [9.5, 9.5, 11, 10.5], "texture": "#nether_brick"},
				"down": {"uv": [9.5, 5.5, 11, 6.5], "texture": "#nether_brick"}
			}
		},
		{
			"name": "nether_brick45",
			"from": [9.5, 14, 10.5],
			"to": [10.5, 14.5, 11],
			"faces": {
				"north": {"uv": [5.5, 1.5, 6.5, 2], "texture": "#nether_brick"},
				"east": {"uv": [5, 1.5, 5.5, 2], "texture": "#nether_brick"},
				"south": {"uv": [9.5, 1.5, 10.5, 2], "texture": "#nether_brick"},
				"west": {"uv": [10.5, 1.5, 11, 2], "texture": "#nether_brick"},
				"up": {"uv": [9.5, 10.5, 10.5, 11], "texture": "#nether_brick"},
				"down": {"uv": [9.5, 5, 10.5, 5.5], "texture": "#nether_brick"}
			}
		},
		{
			"name": "nether_brick46",
			"from": [6.5, 14, 4.5],
			"to": [9.5, 14.5, 11],
			"faces": {
				"north": {"uv": [6.5, 1.5, 9.5, 2], "texture": "#nether_brick"},
				"east": {"uv": [5, 1.5, 11.5, 2], "texture": "#nether_brick"},
				"south": {"uv": [6.5, 1.5, 9.5, 2], "texture": "#nether_brick"},
				"west": {"uv": [4.5, 1.5, 11, 2], "texture": "#nether_brick"},
				"up": {"uv": [6.5, 4.5, 9.5, 11], "texture": "#nether_brick"},
				"down": {"uv": [6.5, 5, 9.5, 11.5], "texture": "#nether_brick"}
			}
		},
		{
			"name": "nether_brick82",
			"from": [4, 13.5, 6],
			"to": [11.5, 14, 10],
			"faces": {
				"north": {"uv": [4.5, 2, 12, 2.5], "texture": "#nether_brick"},
				"east": {"uv": [6, 2, 10, 2.5], "texture": "#nether_brick"},
				"south": {"uv": [4, 2, 11.5, 2.5], "texture": "#nether_brick"},
				"west": {"uv": [6, 2, 10, 2.5], "texture": "#nether_brick"},
				"up": {"uv": [4, 6, 11.5, 10], "texture": "#nether_brick"},
				"down": {"uv": [4, 6, 11.5, 10], "texture": "#nether_brick"}
			}
		},
		{
			"name": "nether_brick34",
			"from": [10, 13.5, 4.5],
			"to": [11, 14, 6],
			"faces": {
				"north": {"uv": [5, 2, 6, 2.5], "texture": "#nether_brick"},
				"east": {"uv": [10, 2, 11.5, 2.5], "texture": "#nether_brick"},
				"south": {"uv": [10, 2, 11, 2.5], "texture": "#nether_brick"},
				"west": {"uv": [4.5, 2, 6, 2.5], "texture": "#nether_brick"},
				"up": {"uv": [10, 4.5, 11, 6], "texture": "#nether_brick"},
				"down": {"uv": [10, 10, 11, 11.5], "texture": "#nether_brick"}
			}
		},
		{
			"name": "nether_brick10",
			"from": [12, 12.5, 10],
			"to": [12.5, 13, 11],
			"faces": {
				"north": {"uv": [3.5, 3, 4, 3.5], "texture": "#nether_brick"},
				"east": {"uv": [5.00001, 3, 6.00001, 3.5], "texture": "#nether_brick"},
				"south": {"uv": [12, 3, 12.5, 3.5], "texture": "#nether_brick"},
				"west": {"uv": [9.99999, 3, 10.99999, 3.5], "texture": "#nether_brick"},
				"up": {"uv": [12, 9.99999, 12.5, 10.99999], "texture": "#nether_brick"},
				"down": {"uv": [12, 5.00001, 12.5, 6.00001], "texture": "#nether_brick"}
			}
		},
		{
			"name": "nether_brick72",
			"from": [5, 13.5, 4.5],
			"to": [6, 14, 6],
			"faces": {
				"north": {"uv": [10, 2, 11, 2.5], "texture": "#nether_brick"},
				"east": {"uv": [10, 2, 11.5, 2.5], "texture": "#nether_brick"},
				"south": {"uv": [5, 2, 6, 2.5], "texture": "#nether_brick"},
				"west": {"uv": [4.5, 2, 6, 2.5], "texture": "#nether_brick"},
				"up": {"uv": [5, 4.5, 6, 6], "texture": "#nether_brick"},
				"down": {"uv": [5, 10, 6, 11.5], "texture": "#nether_brick"}
			}
		},
		{
			"name": "nether_brick77",
			"from": [4.5, 13.5, 10],
			"to": [5, 14, 11],
			"faces": {
				"north": {"uv": [11, 2, 11.5, 2.5], "texture": "#nether_brick"},
				"east": {"uv": [5, 2, 6, 2.5], "texture": "#nether_brick"},
				"south": {"uv": [4.5, 2, 5, 2.5], "texture": "#nether_brick"},
				"west": {"uv": [10, 2, 11, 2.5], "texture": "#nether_brick"},
				"up": {"uv": [4.5, 10, 5, 11], "texture": "#nether_brick"},
				"down": {"uv": [4.5, 5, 5, 6], "texture": "#nether_brick"}
			}
		},
		{
			"name": "nether_brick78",
			"from": [4.5, 13.5, 5],
			"to": [5, 14, 6],
			"faces": {
				"north": {"uv": [11, 2, 11.5, 2.5], "texture": "#nether_brick"},
				"east": {"uv": [10, 2, 11, 2.5], "texture": "#nether_brick"},
				"south": {"uv": [4.5, 2, 5, 2.5], "texture": "#nether_brick"},
				"west": {"uv": [5, 2, 6, 2.5], "texture": "#nether_brick"},
				"up": {"uv": [4.5, 5, 5, 6], "texture": "#nether_brick"},
				"down": {"uv": [4.5, 10, 5, 11], "texture": "#nether_brick"}
			}
		},
		{
			"name": "nether_brick54",
			"from": [6, 13.5, 4],
			"to": [10, 14, 11],
			"faces": {
				"north": {"uv": [6, 2, 10, 2.5], "texture": "#nether_brick"},
				"east": {"uv": [5, 2, 12, 2.5], "texture": "#nether_brick"},
				"south": {"uv": [6, 2, 10, 2.5], "texture": "#nether_brick"},
				"west": {"uv": [4, 2, 11, 2.5], "texture": "#nether_brick"},
				"up": {"uv": [6, 4, 10, 11], "texture": "#nether_brick"},
				"down": {"uv": [6, 5, 10, 12], "texture": "#nether_brick"}
			}
		},
		{
			"name": "nether_brick11",
			"from": [12, 12.5, 6],
			"to": [12.5, 13.5, 10],
			"faces": {
				"north": {"uv": [3.5, 2.5, 4, 3.5], "texture": "#nether_brick"},
				"east": {"uv": [6, 2.5, 10, 3.5], "texture": "#nether_brick"},
				"south": {"uv": [12, 2.5, 12.5, 3.5], "texture": "#nether_brick"},
				"west": {"uv": [6, 2.5, 10, 3.5], "texture": "#nether_brick"},
				"up": {"uv": [12, 6, 12.5, 10], "texture": "#nether_brick"},
				"down": {"uv": [12, 6, 12.5, 10], "texture": "#nether_brick"}
			}
		},
		{
			"name": "nether_brick83",
			"from": [4, 12.5, 10],
			"to": [4.5, 13.5, 11],
			"faces": {
				"north": {"uv": [11.5, 2.5, 12, 3.5], "texture": "#nether_brick"},
				"east": {"uv": [5, 2.5, 6, 3.5], "texture": "#nether_brick"},
				"south": {"uv": [4, 2.5, 4.5, 3.5], "texture": "#nether_brick"},
				"west": {"uv": [10, 2.5, 11, 3.5], "texture": "#nether_brick"},
				"up": {"uv": [4, 10, 4.5, 11], "texture": "#nether_brick"},
				"down": {"uv": [4, 5, 4.5, 6], "texture": "#nether_brick"}
			}
		},
		{
			"name": "nether_brick12",
			"from": [11, 12.5, 11],
			"to": [11.5, 13.5, 11.5],
			"faces": {
				"north": {"uv": [4.5, 2.5, 5, 3.5], "texture": "#nether_brick"},
				"east": {"uv": [4.50001, 2.5, 5.00001, 3.5], "texture": "#nether_brick"},
				"south": {"uv": [11, 2.5, 11.5, 3.5], "texture": "#nether_brick"},
				"west": {"uv": [10.99999, 2.5, 11.49999, 3.5], "texture": "#nether_brick"},
				"up": {"uv": [11, 10.99999, 11.5, 11.49999], "texture": "#nether_brick"},
				"down": {"uv": [11, 4.50001, 11.5, 5.00001], "texture": "#nether_brick"}
			}
		},
		{
			"name": "nether_brick79",
			"from": [4.5, 12.5, 11],
			"to": [5, 13.5, 11.5],
			"faces": {
				"north": {"uv": [10.99999, 2.5, 11.49999, 3.5], "texture": "#nether_brick"},
				"east": {"uv": [4.5, 2.5, 5, 3.5], "texture": "#nether_brick"},
				"south": {"uv": [4.50001, 2.5, 5.00001, 3.5], "texture": "#nether_brick"},
				"west": {"uv": [11, 2.5, 11.5, 3.5], "texture": "#nether_brick"},
				"up": {"uv": [4.50001, 11, 5.00001, 11.5], "texture": "#nether_brick"},
				"down": {"uv": [4.50001, 4.5, 5.00001, 5], "texture": "#nether_brick"}
			}
		},
		{
			"name": "nether_brick84",
			"from": [4, 12.5, 5],
			"to": [4.5, 13.5, 6],
			"faces": {
				"north": {"uv": [11.5, 2.5, 12, 3.5], "texture": "#nether_brick"},
				"east": {"uv": [10, 2.5, 11, 3.5], "texture": "#nether_brick"},
				"south": {"uv": [4, 2.5, 4.5, 3.5], "texture": "#nether_brick"},
				"west": {"uv": [5.00001, 2.5, 6.00001, 3.5], "texture": "#nether_brick"},
				"up": {"uv": [4, 5.00001, 4.5, 6.00001], "texture": "#nether_brick"},
				"down": {"uv": [4, 10, 4.5, 11], "texture": "#nether_brick"}
			}
		},
		{
			"name": "nether_brick80",
			"from": [4.5, 12.5, 4.5],
			"to": [5, 13.5, 5],
			"faces": {
				"north": {"uv": [11, 2.5, 11.5, 3.5], "texture": "#nether_brick"},
				"east": {"uv": [11, 2.5, 11.5, 3.5], "texture": "#nether_brick"},
				"south": {"uv": [4.5, 2.5, 5, 3.5], "texture": "#nether_brick"},
				"west": {"uv": [4.5, 2.5, 5, 3.5], "texture": "#nether_brick"},
				"up": {"uv": [4.5, 4.5, 5, 5], "texture": "#nether_brick"},
				"down": {"uv": [4.5, 11, 5, 11.5], "texture": "#nether_brick"}
			}
		},
		{
			"name": "nether_brick73",
			"from": [5, 12.5, 4],
			"to": [6, 13.5, 4.5],
			"faces": {
				"north": {"uv": [10, 2.5, 11, 3.5], "texture": "#nether_brick"},
				"east": {"uv": [11.5, 2.5, 12, 3.5], "texture": "#nether_brick"},
				"south": {"uv": [5, 2.5, 6, 3.5], "texture": "#nether_brick"},
				"west": {"uv": [4, 2.5, 4.5, 3.5], "texture": "#nether_brick"},
				"up": {"uv": [5, 4, 6, 4.5], "texture": "#nether_brick"},
				"down": {"uv": [5, 11.5, 6, 12], "texture": "#nether_brick"}
			}
		},
		{
			"name": "nether_brick14",
			"from": [10, 12.5, 4],
			"to": [11, 13.5, 4.5],
			"faces": {
				"north": {"uv": [5.00001, 2.5, 6.00001, 3.5], "texture": "#nether_brick"},
				"east": {"uv": [11.5, 2.5, 12, 3.5], "texture": "#nether_brick"},
				"south": {"uv": [9.99999, 2.5, 10.99999, 3.5], "texture": "#nether_brick"},
				"west": {"uv": [4, 2.5, 4.5, 3.5], "texture": "#nether_brick"},
				"up": {"uv": [9.99999, 4, 10.99999, 4.5], "texture": "#nether_brick"},
				"down": {"uv": [9.99999, 11.5, 10.99999, 12], "texture": "#nether_brick"}
			}
		},
		{
			"name": "nether_brick15",
			"from": [11, 12.5, 4.5],
			"to": [11.5, 13.5, 5],
			"faces": {
				"north": {"uv": [4.50001, 2.5, 5.00001, 3.5], "texture": "#nether_brick"},
				"east": {"uv": [11, 2.5, 11.5, 3.5], "texture": "#nether_brick"},
				"south": {"uv": [11, 2.5, 11.5, 3.5], "texture": "#nether_brick"},
				"west": {"uv": [4.5, 2.5, 5, 3.5], "texture": "#nether_brick"},
				"up": {"uv": [11, 4.5, 11.5, 5], "texture": "#nether_brick"},
				"down": {"uv": [11, 11, 11.5, 11.5], "texture": "#nether_brick"}
			}
		},
		{
			"name": "nether_brick55",
			"from": [6, 12, 3.5],
			"to": [10, 13.5, 4],
			"faces": {
				"north": {"uv": [6, 2.5, 10, 3.5], "texture": "#nether_brick"},
				"east": {"uv": [12, 2.5, 12.5, 3.5], "texture": "#nether_brick"},
				"south": {"uv": [6, 2.5, 10, 3.5], "texture": "#nether_brick"},
				"west": {"uv": [3.5, 2.5, 4, 3.5], "texture": "#nether_brick"},
				"up": {"uv": [6, 3.5, 10, 4], "texture": "#nether_brick"},
				"down": {"uv": [6, 12, 10, 12.5], "texture": "#nether_brick"}
			}
		},
		{
			"name": "nether_brick17",
			"from": [11, 12, 11.5],
			"to": [12, 12.5, 12],
			"faces": {
				"north": {"uv": [4, 3.5, 5, 4], "texture": "#nether_brick"},
				"east": {"uv": [4.00001, 3.5, 4.50001, 4], "texture": "#nether_brick"},
				"south": {"uv": [11, 3.5, 12, 4], "texture": "#nether_brick"},
				"west": {"uv": [11.49999, 3.5, 11.99999, 4], "texture": "#nether_brick"},
				"up": {"uv": [11, 11.49999, 12, 11.99999], "texture": "#nether_brick"},
				"down": {"uv": [11, 4.00001, 12, 4.50001], "texture": "#nether_brick"}
			}
		},
		{
			"name": "nether_brick6",
			"from": [11, 10.5, 3.5],
			"to": [12, 12, 4],
			"faces": {
				"north": {"uv": [4, 4, 5, 5.5], "texture": "#nether_brick"},
				"east": {"uv": [12, 4, 12.5, 5.5], "texture": "#nether_brick"},
				"south": {"uv": [11, 4, 12, 5.5], "texture": "#nether_brick"},
				"west": {"uv": [3.5, 4, 4, 5.5], "texture": "#nether_brick"},
				"up": {"uv": [11, 3.5, 12, 4], "texture": "#nether_brick"},
				"down": {"uv": [11, 12, 12, 12.5], "texture": "#nether_brick"}
			}
		},
		{
			"name": "nether_brick18",
			"from": [11.5, 12, 11],
			"to": [12.5, 12.5, 11.5],
			"faces": {
				"north": {"uv": [3.5, 3.5, 4.5, 4], "texture": "#nether_brick"},
				"east": {"uv": [4.50001, 3.5, 5.00001, 4], "texture": "#nether_brick"},
				"south": {"uv": [11.5, 3.5, 12.5, 4], "texture": "#nether_brick"},
				"west": {"uv": [10.99999, 3.5, 11.49999, 4], "texture": "#nether_brick"},
				"up": {"uv": [11.5, 10.99999, 12.5, 11.49999], "texture": "#nether_brick"},
				"down": {"uv": [11.5, 4.50001, 12.5, 5.00001], "texture": "#nether_brick"}
			}
		},
		{
			"name": "nether_brick19",
			"from": [11, 12, 4],
			"to": [12, 12.5, 4.5],
			"faces": {
				"north": {"uv": [4.00001, 3.5, 5.00001, 4], "texture": "#nether_brick"},
				"east": {"uv": [11.5, 3.5, 12, 4], "texture": "#nether_brick"},
				"south": {"uv": [10.99999, 3.5, 11.99999, 4], "texture": "#nether_brick"},
				"west": {"uv": [4, 3.5, 4.5, 4], "texture": "#nether_brick"},
				"up": {"uv": [10.99999, 4, 11.99999, 4.5], "texture": "#nether_brick"},
				"down": {"uv": [10.99999, 11.5, 11.99999, 12], "texture": "#nether_brick"}
			}
		},
		{
			"name": "nether_brick85",
			"from": [4, 12, 11.5],
			"to": [5, 12.5, 12],
			"faces": {
				"north": {"uv": [10.99999, 3.5, 11.99999, 4], "texture": "#nether_brick"},
				"east": {"uv": [4, 3.5, 4.5, 4], "texture": "#nether_brick"},
				"south": {"uv": [4.00001, 3.5, 5.00001, 4], "texture": "#nether_brick"},
				"west": {"uv": [11.5, 3.5, 12, 4], "texture": "#nether_brick"},
				"up": {"uv": [4.00001, 11.5, 5.00001, 12], "texture": "#nether_brick"},
				"down": {"uv": [4.00001, 4, 5.00001, 4.5], "texture": "#nether_brick"}
			}
		},
		{
			"name": "nether_brick7",
			"from": [10, 10.5, 3.5],
			"to": [11, 12.5, 4],
			"faces": {
				"north": {"uv": [5.00001, 3.5, 6.00001, 5.5], "texture": "#nether_brick"},
				"east": {"uv": [12, 3.5, 12.5, 5.5], "texture": "#nether_brick"},
				"south": {"uv": [9.99999, 3.5, 10.99999, 5.5], "texture": "#nether_brick"},
				"west": {"uv": [3.5, 3.5, 4, 5.5], "texture": "#nether_brick"},
				"up": {"uv": [9.99999, 3.5, 10.99999, 4], "texture": "#nether_brick"},
				"down": {"uv": [9.99999, 12, 10.99999, 12.5], "texture": "#nether_brick"}
			}
		},
		{
			"name": "nether_brick74",
			"from": [5, 10.5, 3.5],
			"to": [6, 12.5, 4],
			"faces": {
				"north": {"uv": [10, 3.5, 11, 5.5], "texture": "#nether_brick"},
				"east": {"uv": [12, 3.5, 12.5, 5.5], "texture": "#nether_brick"},
				"south": {"uv": [5, 3.5, 6, 5.5], "texture": "#nether_brick"},
				"west": {"uv": [3.5, 3.5, 4, 5.5], "texture": "#nether_brick"},
				"up": {"uv": [5, 3.5, 6, 4], "texture": "#nether_brick"},
				"down": {"uv": [5, 12, 6, 12.5], "texture": "#nether_brick"}
			}
		},
		{
			"name": "nether_brick21",
			"from": [11.5, 12, 4.5],
			"to": [12.5, 12.5, 5],
			"faces": {
				"north": {"uv": [3.50001, 3.5, 4.50001, 4], "texture": "#nether_brick"},
				"east": {"uv": [11, 3.5, 11.5, 4], "texture": "#nether_brick"},
				"south": {"uv": [11.49999, 3.5, 12.49999, 4], "texture": "#nether_brick"},
				"west": {"uv": [4.5, 3.5, 5, 4], "texture": "#nether_brick"},
				"up": {"uv": [11.49999, 4.5, 12.49999, 5], "texture": "#nether_brick"},
				"down": {"uv": [11.49999, 11, 12.49999, 11.5], "texture": "#nether_brick"}
			}
		},
		{
			"name": "nether_brick89",
			"from": [3.5, 12, 4.5],
			"to": [4.5, 12.5, 5],
			"faces": {
				"north": {"uv": [11.5, 3.5, 12.5, 4], "texture": "#nether_brick"},
				"east": {"uv": [11, 3.5, 11.5, 4], "texture": "#nether_brick"},
				"south": {"uv": [3.5, 3.5, 4.5, 4], "texture": "#nether_brick"},
				"west": {"uv": [4.50001, 3.5, 5.00001, 4], "texture": "#nether_brick"},
				"up": {"uv": [3.5, 4.50001, 4.5, 5.00001], "texture": "#nether_brick"},
				"down": {"uv": [3.5, 11, 4.5, 11.5], "texture": "#nether_brick"}
			}
		},
		{
			"name": "nether_brick86",
			"from": [4, 12, 4],
			"to": [5, 12.5, 4.5],
			"faces": {
				"north": {"uv": [11, 3.5, 12, 4], "texture": "#nether_brick"},
				"east": {"uv": [11.5, 3.5, 12, 4], "texture": "#nether_brick"},
				"south": {"uv": [4, 3.5, 5, 4], "texture": "#nether_brick"},
				"west": {"uv": [4.00001, 3.5, 4.50001, 4], "texture": "#nether_brick"},
				"up": {"uv": [4, 4.00001, 5, 4.50001], "texture": "#nether_brick"},
				"down": {"uv": [4, 11.5, 5, 12], "texture": "#nether_brick"}
			}
		},
		{
			"name": "nether_brick90",
			"from": [3.5, 12, 11],
			"to": [4.5, 12.5, 11.5],
			"faces": {
				"north": {"uv": [11.49999, 3.5, 12.49999, 4], "texture": "#nether_brick"},
				"east": {"uv": [4.5, 3.5, 5, 4], "texture": "#nether_brick"},
				"south": {"uv": [3.50001, 3.5, 4.50001, 4], "texture": "#nether_brick"},
				"west": {"uv": [11, 3.5, 11.5, 4], "texture": "#nether_brick"},
				"up": {"uv": [3.50001, 11, 4.50001, 11.5], "texture": "#nether_brick"},
				"down": {"uv": [3.50001, 4.5, 4.50001, 5], "texture": "#nether_brick"}
			}
		},
		{
			"name": "nether_brick91",
			"from": [3.5, 10.5, 4],
			"to": [4, 12, 5],
			"faces": {
				"north": {"uv": [12, 4, 12.5, 5.5], "texture": "#nether_brick"},
				"east": {"uv": [11, 4, 12, 5.5], "texture": "#nether_brick"},
				"south": {"uv": [3.5, 4, 4, 5.5], "texture": "#nether_brick"},
				"west": {"uv": [4.00001, 4, 5.00001, 5.5], "texture": "#nether_brick"},
				"up": {"uv": [3.5, 4.00001, 4, 5.00001], "texture": "#nether_brick"},
				"down": {"uv": [3.5, 11, 4, 12], "texture": "#nether_brick"}
			}
		},
		{
			"name": "nether_brick47",
			"from": [7, 11.5, 3.5],
			"to": [7.5, 12, 4],
			"faces": {
				"north": {"uv": [8.5, 4, 9, 4.5], "texture": "#nether_brick"},
				"east": {"uv": [12.5, 4, 13, 4.5], "texture": "#nether_brick"},
				"south": {"uv": [7, 4, 7.5, 4.5], "texture": "#nether_brick"},
				"west": {"uv": [3, 4, 3.5, 4.5], "texture": "#nether_brick"},
				"up": {"uv": [7, 3, 7.5, 3.5], "texture": "#nether_brick"},
				"down": {"uv": [7, 12.5, 7.5, 13], "texture": "#nether_brick"}
			}
		},
		{
			"name": "nether_brick81",
			"from": [4.5, 14, 6.5],
			"to": [11, 14.5, 9.5],
			"faces": {
				"north": {"uv": [5, 1.5, 11.5, 2], "texture": "#nether_brick"},
				"east": {"uv": [6.5, 1.5, 9.5, 2], "texture": "#nether_brick"},
				"south": {"uv": [4.5, 1.5, 11, 2], "texture": "#nether_brick"},
				"west": {"uv": [6.5, 1.5, 9.5, 2], "texture": "#nether_brick"},
				"up": {"uv": [4.5, 6.5, 11, 9.5], "texture": "#nether_brick"},
				"down": {"uv": [4.5, 6.5, 11, 9.5], "texture": "#nether_brick"}
			}
		},
		{
			"name": "nether_brick94",
			"from": [3.5, 10.5, 5],
			"to": [4, 12.5, 11],
			"faces": {
				"north": {"uv": [12, 3.5, 12.5, 5.5], "texture": "#nether_brick"},
				"east": {"uv": [5, 3.5, 11, 5.5], "texture": "#nether_brick"},
				"south": {"uv": [3.5, 3.5, 4, 5.5], "texture": "#nether_brick"},
				"west": {"uv": [5, 3.5, 11, 5.5], "texture": "#nether_brick"},
				"up": {"uv": [3.5, 5, 4, 11], "texture": "#nether_brick"},
				"down": {"uv": [3.5, 5, 4, 11], "texture": "#nether_brick"}
			}
		},
		{
			"name": "nether_brick1",
			"from": [12, 10.5, 4],
			"to": [12.5, 12, 5],
			"faces": {
				"north": {"uv": [3.5, 4, 4, 5.5], "texture": "#nether_brick"},
				"east": {"uv": [11, 4, 12, 5.5], "texture": "#nether_brick"},
				"south": {"uv": [12, 4, 12.5, 5.5], "texture": "#nether_brick"},
				"west": {"uv": [4, 4, 5, 5.5], "texture": "#nether_brick"},
				"up": {"uv": [12, 4, 12.5, 5], "texture": "#nether_brick"},
				"down": {"uv": [12, 11, 12.5, 12], "texture": "#nether_brick"}
			}
		},
		{
			"name": "nether_brick2",
			"from": [12, 10.5, 5],
			"to": [12.5, 12.5, 11],
			"faces": {
				"north": {"uv": [3.5, 3.5, 4, 5.5], "texture": "#nether_brick"},
				"east": {"uv": [5, 3.5, 11, 5.5], "texture": "#nether_brick"},
				"south": {"uv": [12, 3.5, 12.5, 5.5], "texture": "#nether_brick"},
				"west": {"uv": [5, 3.5, 11, 5.5], "texture": "#nether_brick"},
				"up": {"uv": [12, 5, 12.5, 11], "texture": "#nether_brick"},
				"down": {"uv": [12, 5, 12.5, 11], "texture": "#nether_brick"}
			}
		},
		{
			"name": "nether_brick87",
			"from": [4, 10.5, 12],
			"to": [12, 12, 12.5],
			"faces": {
				"north": {"uv": [9.49999, 4, 11.99999, 5.5], "texture": "#nether_brick"},
				"east": {"uv": [3.5, 4, 4, 5.5], "texture": "#nether_brick"},
				"south": {"uv": [4.00001, 4, 6.50001, 5.5], "texture": "#nether_brick"},
				"west": {"uv": [12, 4, 12.5, 5.5], "texture": "#nether_brick"},
				"up": {"uv": [4.00001, 12, 6.50001, 12.5], "texture": "#nether_brick"},
				"down": {"uv": [4.00001, 3.5, 6.50001, 4], "texture": "#nether_brick"}
			}
		},
		{
			"name": "nether_brick88",
			"from": [4, 10.5, 3.5],
			"to": [5, 12, 4],
			"faces": {
				"north": {"uv": [11, 4, 12, 5.5], "texture": "#nether_brick"},
				"east": {"uv": [12, 4, 12.5, 5.5], "texture": "#nether_brick"},
				"south": {"uv": [4, 4, 5, 5.5], "texture": "#nether_brick"},
				"west": {"uv": [3.50001, 4, 4.00001, 5.5], "texture": "#nether_brick"},
				"up": {"uv": [4, 3.50001, 5, 4.00001], "texture": "#nether_brick"},
				"down": {"uv": [4, 12, 5, 12.5], "texture": "#nether_brick"}
			}
		},
		{
			"name": "nether_brick37",
			"from": [11, 13.5, 5],
			"to": [11.5, 14, 6],
			"faces": {
				"north": {"uv": [4.5, 2, 5, 2.5], "texture": "#nether_brick"},
				"east": {"uv": [10, 2, 11, 2.5], "texture": "#nether_brick"},
				"south": {"uv": [11, 2, 11.5, 2.5], "texture": "#nether_brick"},
				"west": {"uv": [5, 2, 6, 2.5], "texture": "#nether_brick"},
				"up": {"uv": [11, 5, 11.5, 6], "texture": "#nether_brick"},
				"down": {"uv": [11, 10, 11.5, 11], "texture": "#nether_brick"}
			}
		},
		{
			"name": "nether_brick25",
			"from": [11.5, 12.5, 5],
			"to": [12, 13.5, 6],
			"faces": {
				"north": {"uv": [4, 2.5, 4.5, 3.5], "texture": "#nether_brick"},
				"east": {"uv": [10, 2.5, 11, 3.5], "texture": "#nether_brick"},
				"south": {"uv": [11.5, 2.5, 12, 3.5], "texture": "#nether_brick"},
				"west": {"uv": [5, 2.5, 6, 3.5], "texture": "#nether_brick"},
				"up": {"uv": [11.5, 5, 12, 6], "texture": "#nether_brick"},
				"down": {"uv": [11.5, 10, 12, 11], "texture": "#nether_brick"}
			}
		},
		{
			"name": "nether_brick38",
			"from": [11, 13.5, 10],
			"to": [11.5, 14, 11],
			"faces": {
				"north": {"uv": [4.5, 2, 5, 2.5], "texture": "#nether_brick"},
				"east": {"uv": [5, 2, 6, 2.5], "texture": "#nether_brick"},
				"south": {"uv": [11, 2, 11.5, 2.5], "texture": "#nether_brick"},
				"west": {"uv": [10, 2, 11, 2.5], "texture": "#nether_brick"},
				"up": {"uv": [11, 10, 11.5, 11], "texture": "#nether_brick"},
				"down": {"uv": [11, 5, 11.5, 6], "texture": "#nether_brick"}
			}
		},
		{
			"name": "nether_brick26",
			"from": [11.5, 12.5, 10],
			"to": [12, 13.5, 11],
			"faces": {
				"north": {"uv": [4, 2.5, 4.5, 3.5], "texture": "#nether_brick"},
				"east": {"uv": [5.00001, 2.5, 6.00001, 3.5], "texture": "#nether_brick"},
				"south": {"uv": [11.5, 2.5, 12, 3.5], "texture": "#nether_brick"},
				"west": {"uv": [9.99999, 2.5, 10.99999, 3.5], "texture": "#nether_brick"},
				"up": {"uv": [11.5, 9.99999, 12, 10.99999], "texture": "#nether_brick"},
				"down": {"uv": [11.5, 5.00001, 12, 6.00001], "texture": "#nether_brick"}
			}
		},
		{
			"name": "nether_brick48",
			"from": [11, 14, 6],
			"to": [11.5, 14.5, 10],
			"faces": {
				"north": {"uv": [4.5, 1.5, 5, 2], "texture": "#nether_brick"},
				"east": {"uv": [6, 1.5, 10, 2], "texture": "#nether_brick"},
				"south": {"uv": [11, 1.5, 11.5, 2], "texture": "#nether_brick"},
				"west": {"uv": [6, 1.5, 10, 2], "texture": "#nether_brick"},
				"up": {"uv": [11, 6, 11.5, 10], "texture": "#nether_brick"},
				"down": {"uv": [11, 6, 11.5, 10], "texture": "#nether_brick"}
			}
		},
		{
			"name": "nether_brick92",
			"from": [3.5, 12.5, 6],
			"to": [4, 13.5, 10],
			"faces": {
				"north": {"uv": [12, 2.5, 12.5, 3.5], "texture": "#nether_brick"},
				"east": {"uv": [6, 2.5, 10, 3.5], "texture": "#nether_brick"},
				"south": {"uv": [3.5, 2.5, 4, 3.5], "texture": "#nether_brick"},
				"west": {"uv": [6, 2.5, 10, 3.5], "texture": "#nether_brick"},
				"up": {"uv": [3.5, 6, 4, 10], "texture": "#nether_brick"},
				"down": {"uv": [3.5, 6, 4, 10], "texture": "#nether_brick"}
			}
		},
		{
			"name": "nether_brick3",
			"from": [12, 10.5, 11],
			"to": [12.5, 12, 12],
			"faces": {
				"north": {"uv": [3.5, 4, 4, 5.5], "texture": "#nether_brick"},
				"east": {"uv": [4, 4, 5, 5.5], "texture": "#nether_brick"},
				"south": {"uv": [12, 4, 12.5, 5.5], "texture": "#nether_brick"},
				"west": {"uv": [11, 4, 12, 5.5], "texture": "#nether_brick"},
				"up": {"uv": [12, 11, 12.5, 12], "texture": "#nether_brick"},
				"down": {"uv": [12, 4, 12.5, 5], "texture": "#nether_brick"}
			}
		},
		{
			"name": "nether_brick66",
			"from": [6, 14.5, 6],
			"to": [10, 15, 10],
			"faces": {
				"north": {"uv": [6, 1, 10, 1.5], "texture": "#nether_brick"},
				"east": {"uv": [6, 1, 10, 1.5], "texture": "#nether_brick"},
				"south": {"uv": [6, 1, 10, 1.5], "texture": "#nether_brick"},
				"west": {"uv": [6, 1, 10, 1.5], "texture": "#nether_brick"},
				"up": {"uv": [6, 6, 10, 10], "texture": "#nether_brick"},
				"down": {"uv": [6, 6, 10, 10], "texture": "#nether_brick"}
			}
		},
		{
			"name": "wool_black",
			"from": [0, 14.5, 7.5],
			"to": [6, 16.5, 8],
			"faces": {
				"north": {"uv": [10.5, 0, 15.5, 2], "texture": "#wool_black"},
				"east": {"uv": [8, 0, 8.5, 2], "texture": "#wool_black"},
				"south": {"uv": [0.5, 0, 5.5, 2], "texture": "#wool_black"},
				"west": {"uv": [7.5, 0, 8, 2], "texture": "#wool_black"},
				"up": {"uv": [0.5, 7.5, 5.5, 8], "texture": "#wool_black"},
				"down": {"uv": [0.5, 8, 5.5, 8.5], "texture": "#wool_black"}
			}
		},
		{
			"name": "wool_black",
			"from": [0.5, 16.5, 7.5],
			"to": [5.5, 17.5, 8],
			"faces": {
				"north": {"uv": [11.5, 14, 14.5, 15], "texture": "#wool_black"},
				"east": {"uv": [8, 14, 8.5, 15], "texture": "#wool_black"},
				"south": {"uv": [1.5, 14, 4.5, 15], "texture": "#wool_black"},
				"west": {"uv": [7.5, 14, 8, 15], "texture": "#wool_black"},
				"up": {"uv": [1.5, 7.5, 4.5, 8], "texture": "#wool_black"},
				"down": {"uv": [1.5, 8, 4.5, 8.5], "texture": "#wool_black"}
			}
		},
		{
			"name": "nether_brick75",
			"from": [5, 12, 12],
			"to": [11, 12.5, 12.5],
			"faces": {
				"north": {"uv": [10, 3.5, 11, 4], "texture": "#nether_brick"},
				"east": {"uv": [3.5, 3.5, 4, 4], "texture": "#nether_brick"},
				"south": {"uv": [5, 3.5, 6, 4], "texture": "#nether_brick"},
				"west": {"uv": [12, 3.5, 12.5, 4], "texture": "#nether_brick"},
				"up": {"uv": [5, 12, 6, 12.5], "texture": "#nether_brick"},
				"down": {"uv": [5, 3.5, 6, 4], "texture": "#nether_brick"}
			}
		},
		{
			"name": "nether_brick31",
			"from": [8.5, 11.5, 3.5],
			"to": [9, 12, 4],
			"faces": {
				"north": {"uv": [7, 4, 7.5, 4.5], "texture": "#nether_brick"},
				"east": {"uv": [12.5, 4, 13, 4.5], "texture": "#nether_brick"},
				"south": {"uv": [8.5, 4, 9, 4.5], "texture": "#nether_brick"},
				"west": {"uv": [3, 4, 3.5, 4.5], "texture": "#nether_brick"},
				"up": {"uv": [8.5, 3, 9, 3.5], "texture": "#nether_brick"},
				"down": {"uv": [8.5, 12.5, 9, 13], "texture": "#nether_brick"}
			}
		},
		{
			"name": "white_wool",
			"from": [6, 11.5, 3.5],
			"to": [7, 12, 4],
			"faces": {
				"north": {"uv": [9, 4, 10, 4.5], "texture": "#wool_black"},
				"east": {"uv": [12.5, 4, 13, 4.5], "texture": "#wool_black"},
				"south": {"uv": [6, 4, 7, 4.5], "texture": "#wool_black"},
				"west": {"uv": [3, 4, 3.5, 4.5], "texture": "#wool_black"},
				"up": {"uv": [6, 3, 7, 3.5], "texture": "#wool_black"},
				"down": {"uv": [6, 12.5, 7, 13], "texture": "#wool_black"}
			}
		},
		{
			"name": "white_wool1",
			"from": [7.5, 11.5, 3.5],
			"to": [8.5, 12, 4],
			"faces": {
				"north": {"uv": [7.5, 4, 8.5, 4.5], "texture": "#wool_black"},
				"east": {"uv": [12.5, 4, 13, 4.5], "texture": "#wool_black"},
				"south": {"uv": [7.5, 4, 8.5, 4.5], "texture": "#wool_black"},
				"west": {"uv": [3, 4, 3.5, 4.5], "texture": "#wool_black"},
				"up": {"uv": [7.5, 3, 8.5, 3.5], "texture": "#wool_black"},
				"down": {"uv": [7.5, 12.5, 8.5, 13], "texture": "#wool_black"}
			}
		},
		{
			"name": "white_wool2",
			"from": [9, 11.5, 3.5],
			"to": [10, 12, 4],
			"faces": {
				"north": {"uv": [6, 4, 7, 4.5], "texture": "#wool_black"},
				"east": {"uv": [12.5, 4, 13, 4.5], "texture": "#wool_black"},
				"south": {"uv": [9, 4, 10, 4.5], "texture": "#wool_black"},
				"west": {"uv": [3, 4, 3.5, 4.5], "texture": "#wool_black"},
				"up": {"uv": [9, 3, 10, 3.5], "texture": "#wool_black"},
				"down": {"uv": [9, 12.5, 10, 13], "texture": "#wool_black"}
			}
		},
		{
			"name": "nether_brick93",
			"from": [3.5, 10.5, 11],
			"to": [4, 12, 12],
			"faces": {
				"north": {"uv": [11.99999, 4, 12.49999, 5.5], "texture": "#nether_brick"},
				"east": {"uv": [4, 4, 5, 5.5], "texture": "#nether_brick"},
				"south": {"uv": [3.50001, 4, 4.00001, 5.5], "texture": "#nether_brick"},
				"west": {"uv": [11, 4, 12, 5.5], "texture": "#nether_brick"},
				"up": {"uv": [3.50001, 11, 4.00001, 12], "texture": "#nether_brick"},
				"down": {"uv": [3.50001, 4, 4.00001, 5], "texture": "#nether_brick"}
			}
		},
		{
			"name": "wool_black",
			"from": [4, 10, 3.5],
			"to": [12, 10.5, 4],
			"faces": {
				"north": {"uv": [1, 5, 2, 6], "texture": "#wool_black"},
				"east": {"uv": [1, 5, 2, 6], "texture": "#wool_black"},
				"south": {"uv": [1, 5, 2, 6], "texture": "#wool_black"},
				"west": {"uv": [1, 5, 2, 6], "texture": "#wool_black"},
				"up": {"uv": [1, 5, 2, 6], "texture": "#wool_black"},
				"down": {"uv": [1, 5, 2, 6], "texture": "#wool_black"}
			}
		},
		{
			"name": "wool_black",
			"from": [4, 10, 12],
			"to": [12, 10.5, 12.5],
			"faces": {
				"north": {"uv": [1, 5, 2, 6], "texture": "#wool_black"},
				"east": {"uv": [1, 5, 2, 6], "texture": "#wool_black"},
				"south": {"uv": [1, 5, 2, 6], "texture": "#wool_black"},
				"west": {"uv": [1, 5, 2, 6], "texture": "#wool_black"},
				"up": {"uv": [1, 5, 2, 6], "texture": "#wool_black"},
				"down": {"uv": [1, 5, 2, 6], "texture": "#wool_black"}
			}
		},
		{
			"name": "wool_black",
			"from": [12, 10, 4],
			"to": [12.5, 10.5, 12],
			"faces": {
				"north": {"uv": [1, 5, 2, 6], "texture": "#wool_black"},
				"east": {"uv": [1, 5, 2, 6], "texture": "#wool_black"},
				"south": {"uv": [1, 5, 2, 6], "texture": "#wool_black"},
				"west": {"uv": [1, 5, 2, 6], "texture": "#wool_black"},
				"up": {"uv": [1, 5, 2, 6], "texture": "#wool_black"},
				"down": {"uv": [1, 5, 2, 6], "texture": "#wool_black"}
			}
		},
		{
			"name": "wool_black",
			"from": [3.5, 10, 4],
			"to": [4, 10.5, 12],
			"faces": {
				"north": {"uv": [1, 5, 2, 6], "texture": "#wool_black"},
				"east": {"uv": [1, 5, 2, 6], "texture": "#wool_black"},
				"south": {"uv": [1, 5, 2, 6], "texture": "#wool_black"},
				"west": {"uv": [1, 5, 2, 6], "texture": "#wool_black"},
				"up": {"uv": [1, 5, 2, 6], "texture": "#wool_black"},
				"down": {"uv": [1, 5, 2, 6], "texture": "#wool_black"}
			}
		},
		{
			"name": "nether_brick76",
			"from": [5, 12, 11.5],
			"to": [11, 13.5, 12],
			"faces": {
				"north": {"uv": [9.49999, 3, 10.99999, 4], "texture": "#nether_brick"},
				"east": {"uv": [4, 3, 4.5, 4], "texture": "#nether_brick"},
				"south": {"uv": [5.00001, 3, 6.50001, 4], "texture": "#nether_brick"},
				"west": {"uv": [11.5, 3, 12, 4], "texture": "#nether_brick"},
				"up": {"uv": [5.00001, 11.5, 6.50001, 12], "texture": "#nether_brick"},
				"down": {"uv": [5.00001, 4, 6.50001, 4.5], "texture": "#nether_brick"}
			}
		},
		{
			"name": "nether_brick62",
			"from": [7, 14.5, 5.5],
			"to": [9, 15, 10.5],
			"faces": {
				"north": {"uv": [7, 1, 9, 1.5], "texture": "#nether_brick"},
				"east": {"uv": [5.5, 1, 10.5, 1.5], "texture": "#nether_brick"},
				"south": {"uv": [7, 1, 9, 1.5], "texture": "#nether_brick"},
				"west": {"uv": [5.5, 1, 10.5, 1.5], "texture": "#nether_brick"},
				"up": {"uv": [7, 5.5, 9, 10.5], "texture": "#nether_brick"},
				"down": {"uv": [7, 5.5, 9, 10.5], "texture": "#nether_brick"}
			}
		},
		{
			"name": "nether_brick62",
			"from": [7, 14, 11],
			"to": [9, 14.5, 11.5],
			"faces": {
				"north": {"uv": [7, 1.5, 9, 2], "texture": "#nether_brick"},
				"east": {"uv": [4.5, 1.5, 5, 2], "texture": "#nether_brick"},
				"south": {"uv": [7, 1.5, 9, 2], "texture": "#nether_brick"},
				"west": {"uv": [11, 1.5, 11.5, 2], "texture": "#nether_brick"},
				"up": {"uv": [7, 11, 9, 11.5], "texture": "#nether_brick"},
				"down": {"uv": [7, 4.5, 9, 5], "texture": "#nether_brick"}
			}
		},
		{
			"name": "nether_brick62",
			"from": [7, 13, 10.5],
			"to": [9, 14, 11.5],
			"faces": {
				"north": {"uv": [9, 2.5, 11, 3], "texture": "#nether_brick"},
				"east": {"uv": [4.5, 2.5, 5, 3], "texture": "#nether_brick"},
				"south": {"uv": [5, 2.5, 7, 3], "texture": "#nether_brick"},
				"west": {"uv": [11, 2.5, 11.5, 3], "texture": "#nether_brick"},
				"up": {"uv": [5, 11, 7, 11.5], "texture": "#nether_brick"},
				"down": {"uv": [5, 4.5, 7, 5], "texture": "#nether_brick"}
			}
		},
		{
			"name": "wool_black",
			"from": [1, 17.5, 7.5],
			"to": [5, 18, 8],
			"faces": {
				"north": {"uv": [11.5, 14, 14.5, 15], "texture": "#wool_black"},
				"east": {"uv": [8, 14, 8.5, 15], "texture": "#wool_black"},
				"south": {"uv": [1.5, 14, 4.5, 15], "texture": "#wool_black"},
				"west": {"uv": [7.5, 14, 8, 15], "texture": "#wool_black"},
				"up": {"uv": [1.5, 7.5, 4.5, 8], "texture": "#wool_black"},
				"down": {"uv": [1.5, 8, 4.5, 8.5], "texture": "#wool_black"}
			}
		},
		{
			"name": "wool_black",
			"from": [2, 18, 7.5],
			"to": [4, 18.5, 8],
			"faces": {
				"north": {"uv": [11.5, 14, 14.5, 15], "texture": "#wool_black"},
				"east": {"uv": [8, 14, 8.5, 15], "texture": "#wool_black"},
				"south": {"uv": [1.5, 14, 4.5, 15], "texture": "#wool_black"},
				"west": {"uv": [7.5, 14, 8, 15], "texture": "#wool_black"},
				"up": {"uv": [1.5, 7.5, 4.5, 8], "texture": "#wool_black"},
				"down": {"uv": [1.5, 8, 4.5, 8.5], "texture": "#wool_black"}
			}
		},
		{
			"name": "wool_black",
			"from": [1, 13, 7.5],
			"to": [5, 13.5, 8],
			"faces": {
				"north": {"uv": [11.5, 14, 14.5, 15], "texture": "#wool_black"},
				"east": {"uv": [8, 14, 8.5, 15], "texture": "#wool_black"},
				"south": {"uv": [1.5, 14, 4.5, 15], "texture": "#wool_black"},
				"west": {"uv": [7.5, 14, 8, 15], "texture": "#wool_black"},
				"up": {"uv": [1.5, 7.5, 4.5, 8], "texture": "#wool_black"},
				"down": {"uv": [1.5, 8, 4.5, 8.5], "texture": "#wool_black"}
			}
		},
		{
			"name": "wool_black",
			"from": [0.5, 13.5, 7.5],
			"to": [5.5, 14.5, 8],
			"faces": {
				"north": {"uv": [11.5, 14, 14.5, 15], "texture": "#wool_black"},
				"east": {"uv": [8, 14, 8.5, 15], "texture": "#wool_black"},
				"south": {"uv": [1.5, 14, 4.5, 15], "texture": "#wool_black"},
				"west": {"uv": [7.5, 14, 8, 15], "texture": "#wool_black"},
				"up": {"uv": [1.5, 7.5, 4.5, 8], "texture": "#wool_black"},
				"down": {"uv": [1.5, 8, 4.5, 8.5], "texture": "#wool_black"}
			}
		},
		{
			"name": "wool_black",
			"from": [2, 12.5, 7.5],
			"to": [4, 13, 8],
			"faces": {
				"north": {"uv": [11.5, 14, 14.5, 15], "texture": "#wool_black"},
				"east": {"uv": [8, 14, 8.5, 15], "texture": "#wool_black"},
				"south": {"uv": [1.5, 14, 4.5, 15], "texture": "#wool_black"},
				"west": {"uv": [7.5, 14, 8, 15], "texture": "#wool_black"},
				"up": {"uv": [1.5, 7.5, 4.5, 8], "texture": "#wool_black"},
				"down": {"uv": [1.5, 8, 4.5, 8.5], "texture": "#wool_black"}
			}
		},
		{
			"name": "wool_black",
			"from": [12, 12.5, 7.5],
			"to": [14, 13, 8],
			"faces": {
				"north": {"uv": [11.5, 14, 14.5, 15], "texture": "#wool_black"},
				"east": {"uv": [8, 14, 8.5, 15], "texture": "#wool_black"},
				"south": {"uv": [1.5, 14, 4.5, 15], "texture": "#wool_black"},
				"west": {"uv": [7.5, 14, 8, 15], "texture": "#wool_black"},
				"up": {"uv": [1.5, 7.5, 4.5, 8], "texture": "#wool_black"},
				"down": {"uv": [1.5, 8, 4.5, 8.5], "texture": "#wool_black"}
			}
		},
		{
			"name": "wool_black",
			"from": [11, 13, 7.5],
			"to": [15, 13.5, 8],
			"faces": {
				"north": {"uv": [11.5, 14, 14.5, 15], "texture": "#wool_black"},
				"east": {"uv": [8, 14, 8.5, 15], "texture": "#wool_black"},
				"south": {"uv": [1.5, 14, 4.5, 15], "texture": "#wool_black"},
				"west": {"uv": [7.5, 14, 8, 15], "texture": "#wool_black"},
				"up": {"uv": [1.5, 7.5, 4.5, 8], "texture": "#wool_black"},
				"down": {"uv": [1.5, 8, 4.5, 8.5], "texture": "#wool_black"}
			}
		},
		{
			"name": "wool_black",
			"from": [10.5, 13.5, 7.5],
			"to": [15.5, 14.5, 8],
			"faces": {
				"north": {"uv": [11.5, 14, 14.5, 15], "texture": "#wool_black"},
				"east": {"uv": [8, 14, 8.5, 15], "texture": "#wool_black"},
				"south": {"uv": [1.5, 14, 4.5, 15], "texture": "#wool_black"},
				"west": {"uv": [7.5, 14, 8, 15], "texture": "#wool_black"},
				"up": {"uv": [1.5, 7.5, 4.5, 8], "texture": "#wool_black"},
				"down": {"uv": [1.5, 8, 4.5, 8.5], "texture": "#wool_black"}
			}
		},
		{
			"name": "wool_black",
			"from": [10.5, 16.5, 7.5],
			"to": [15.5, 17.5, 8],
			"faces": {
				"north": {"uv": [11.5, 14, 14.5, 15], "texture": "#wool_black"},
				"east": {"uv": [8, 14, 8.5, 15], "texture": "#wool_black"},
				"south": {"uv": [1.5, 14, 4.5, 15], "texture": "#wool_black"},
				"west": {"uv": [7.5, 14, 8, 15], "texture": "#wool_black"},
				"up": {"uv": [1.5, 7.5, 4.5, 8], "texture": "#wool_black"},
				"down": {"uv": [1.5, 8, 4.5, 8.5], "texture": "#wool_black"}
			}
		},
		{
			"name": "wool_black",
			"from": [10, 14.5, 7.5],
			"to": [16, 16.5, 8],
			"faces": {
				"north": {"uv": [10.5, 0, 15.5, 2], "texture": "#wool_black"},
				"east": {"uv": [8, 0, 8.5, 2], "texture": "#wool_black"},
				"south": {"uv": [0.5, 0, 5.5, 2], "texture": "#wool_black"},
				"west": {"uv": [7.5, 0, 8, 2], "texture": "#wool_black"},
				"up": {"uv": [0.5, 7.5, 5.5, 8], "texture": "#wool_black"},
				"down": {"uv": [0.5, 8, 5.5, 8.5], "texture": "#wool_black"}
			}
		},
		{
			"name": "wool_black",
			"from": [11, 17.5, 7.5],
			"to": [15, 18, 8],
			"faces": {
				"north": {"uv": [11.5, 14, 14.5, 15], "texture": "#wool_black"},
				"east": {"uv": [8, 14, 8.5, 15], "texture": "#wool_black"},
				"south": {"uv": [1.5, 14, 4.5, 15], "texture": "#wool_black"},
				"west": {"uv": [7.5, 14, 8, 15], "texture": "#wool_black"},
				"up": {"uv": [1.5, 7.5, 4.5, 8], "texture": "#wool_black"},
				"down": {"uv": [1.5, 8, 4.5, 8.5], "texture": "#wool_black"}
			}
		},
		{
			"name": "wool_black",
			"from": [12, 18, 7.5],
			"to": [14, 18.5, 8],
			"faces": {
				"north": {"uv": [11.5, 14, 14.5, 15], "texture": "#wool_black"},
				"east": {"uv": [8, 14, 8.5, 15], "texture": "#wool_black"},
				"south": {"uv": [1.5, 14, 4.5, 15], "texture": "#wool_black"},
				"west": {"uv": [7.5, 14, 8, 15], "texture": "#wool_black"},
				"up": {"uv": [1.5, 7.5, 4.5, 8], "texture": "#wool_black"},
				"down": {"uv": [1.5, 8, 4.5, 8.5], "texture": "#wool_black"}
			}
		},
		{
			"name": "nether_brick55",
			"from": [6, 10.5, 3.5],
			"to": [10, 11.5, 4],
			"faces": {
				"north": {"uv": [6, 2.5, 10, 3.5], "texture": "#nether_brick"},
				"east": {"uv": [12, 2.5, 12.5, 3.5], "texture": "#nether_brick"},
				"south": {"uv": [6, 2.5, 10, 3.5], "texture": "#nether_brick"},
				"west": {"uv": [3.5, 2.5, 4, 3.5], "texture": "#nether_brick"},
				"up": {"uv": [6, 3.5, 10, 4], "texture": "#nether_brick"},
				"down": {"uv": [6, 12, 10, 12.5], "texture": "#nether_brick"}
			}
		},
		{
			"name": "nether_brick64",
			"from": [9.5, 13.5, 10.5],
			"to": [11, 15, 11.5],
			"faces": {
				"north": {"uv": [5, 1, 6.5, 2.5], "texture": "#texture"},
				"east": {"uv": [4.5, 1, 5.5, 2.5], "texture": "#texture"},
				"south": {"uv": [9.5, 1, 11, 2.5], "texture": "#texture"},
				"west": {"uv": [10.5, 1, 11.5, 2.5], "texture": "#texture"},
				"up": {"uv": [9.5, 10.5, 11, 11.5], "texture": "#texture"},
				"down": {"uv": [9.5, 4.5, 11, 5.5], "texture": "#texture"}
			}
		},
		{
			"name": "nether_brick64",
			"from": [4.5, 13.5, 11],
			"to": [5, 14.5, 11.5],
			"faces": {
				"north": {"uv": [9.5, 1.5, 10.5, 2], "texture": "#texture"},
				"east": {"uv": [5, 1.5, 5.5, 2], "texture": "#texture"},
				"south": {"uv": [5.5, 1.5, 6.5, 2], "texture": "#texture"},
				"west": {"uv": [10.5, 1.5, 11, 2], "texture": "#texture"},
				"up": {"uv": [5.5, 10.5, 6.5, 11], "texture": "#texture"},
				"down": {"uv": [5.5, 5, 6.5, 5.5], "texture": "#texture"}
			}
		},
		{
			"name": "nether_brick64",
			"from": [11, 13.5, 11],
			"to": [11.5, 14.5, 11.5],
			"faces": {
				"north": {"uv": [9.5, 1.5, 10.5, 2], "texture": "#texture"},
				"east": {"uv": [5, 1.5, 5.5, 2], "texture": "#texture"},
				"south": {"uv": [5.5, 1.5, 6.5, 2], "texture": "#texture"},
				"west": {"uv": [10.5, 1.5, 11, 2], "texture": "#texture"},
				"up": {"uv": [5.5, 10.5, 6.5, 11], "texture": "#texture"},
				"down": {"uv": [5.5, 5, 6.5, 5.5], "texture": "#texture"}
			}
		},
		{
			"name": "nether_brick64",
			"from": [6.5, 13.5, 11],
			"to": [7, 14.5, 11.5],
			"faces": {
				"north": {"uv": [9.5, 1.5, 10.5, 2], "texture": "#texture"},
				"east": {"uv": [5, 1.5, 5.5, 2], "texture": "#texture"},
				"south": {"uv": [5.5, 1.5, 6.5, 2], "texture": "#texture"},
				"west": {"uv": [10.5, 1.5, 11, 2], "texture": "#texture"},
				"up": {"uv": [5.5, 10.5, 6.5, 11], "texture": "#texture"},
				"down": {"uv": [5.5, 5, 6.5, 5.5], "texture": "#texture"}
			}
		},
		{
			"name": "nether_brick64",
			"from": [9, 13.5, 11],
			"to": [9.5, 14.5, 11.5],
			"faces": {
				"north": {"uv": [9.5, 1.5, 10.5, 2], "texture": "#texture"},
				"east": {"uv": [5, 1.5, 5.5, 2], "texture": "#texture"},
				"south": {"uv": [5.5, 1.5, 6.5, 2], "texture": "#texture"},
				"west": {"uv": [10.5, 1.5, 11, 2], "texture": "#texture"},
				"up": {"uv": [5.5, 10.5, 6.5, 11], "texture": "#texture"},
				"down": {"uv": [5.5, 5, 6.5, 5.5], "texture": "#texture"}
			}
		},
		{
			"name": "nether_brick64",
			"from": [5.375, 13.75, 11],
			"to": [6.125, 14.5, 11.75],
			"faces": {
				"north": {"uv": [9.5, 1.5, 10.5, 2], "texture": "#wool_black"},
				"east": {"uv": [5, 1.5, 5.5, 2], "texture": "#wool_black"},
				"south": {"uv": [5.5, 1.5, 6.5, 2], "texture": "#wool_black"},
				"west": {"uv": [10.5, 1.5, 11, 2], "texture": "#wool_black"},
				"up": {"uv": [5.5, 10.5, 6.5, 11], "texture": "#wool_black"},
				"down": {"uv": [5.5, 5, 6.5, 5.5], "texture": "#wool_black"}
			}
		},
		{
			"name": "nether_brick64",
			"from": [9.875, 13.75, 11],
			"to": [10.625, 14.5, 11.75],
			"faces": {
				"north": {"uv": [9.5, 1.5, 10.5, 2], "texture": "#wool_black"},
				"east": {"uv": [5, 1.5, 5.5, 2], "texture": "#wool_black"},
				"south": {"uv": [5.5, 1.5, 6.5, 2], "texture": "#wool_black"},
				"west": {"uv": [10.5, 1.5, 11, 2], "texture": "#wool_black"},
				"up": {"uv": [5.5, 10.5, 6.5, 11], "texture": "#wool_black"},
				"down": {"uv": [5.5, 5, 6.5, 5.5], "texture": "#wool_black"}
			}
		},
		{
			"name": "nether_brick64",
			"from": [9.5, 14, 11],
			"to": [11, 14.25, 12],
			"faces": {
				"north": {"uv": [9.5, 1.5, 10.5, 2], "texture": "#wool_black"},
				"east": {"uv": [5, 1.5, 5.5, 2], "texture": "#wool_black"},
				"south": {"uv": [5.5, 1.5, 6.5, 2], "texture": "#wool_black"},
				"west": {"uv": [10.5, 1.5, 11, 2], "texture": "#wool_black"},
				"up": {"uv": [5.5, 10.5, 6.5, 11], "texture": "#wool_black"},
				"down": {"uv": [5.5, 5, 6.5, 5.5], "texture": "#wool_black"}
			}
		},
		{
			"name": "nether_brick64",
			"from": [5, 14, 11],
			"to": [6.5, 14.25, 12],
			"faces": {
				"north": {"uv": [9.5, 1.5, 10.5, 2], "texture": "#wool_black"},
				"east": {"uv": [5, 1.5, 5.5, 2], "texture": "#wool_black"},
				"south": {"uv": [5.5, 1.5, 6.5, 2], "texture": "#wool_black"},
				"west": {"uv": [10.5, 1.5, 11, 2], "texture": "#wool_black"},
				"up": {"uv": [5.5, 10.5, 6.5, 11], "texture": "#wool_black"},
				"down": {"uv": [5.5, 5, 6.5, 5.5], "texture": "#wool_black"}
			}
		}
	],
	"display": {
		"thirdperson_righthand": {
			"rotation": [73, -148, 47],
			"translation": [-2.084, 0.6963, -2.086],
			"scale": [0.7, 0.7, 0.7]
		},
		"thirdperson_lefthand": {
			"rotation": [73, -148, 47],
			"translation": [-2.084, 0.6963, -2.086],
			"scale": [0.7, 0.7, 0.7]
		},
		"firstperson_righthand": {
			"rotation": [-7, -62, 5],
			"translation": [4.1739, -3.375, -5.564]
		},
		"firstperson_lefthand": {
			"rotation": [-7, -62, 5],
			"translation": [4.1739, -3.375, -5.564]
		},
		"gui": {
			"rotation": [0, -32, 0],
			"translation": [0, -6, 0]
		},
		"head": {
			"rotation": [0, 180, 0],
			"translation": [0, -0.9, 0],
			"scale": [1.81, 1.81, 1.81]
		},
		"fixed": {
			"rotation": [0, 180, 0],
			"translation": [0, -6, -0.66]
		}
	}
}
