{
	"__comment": "Designed by Gamerkm with Cubik Studio - https://cubik.studio",
	"textures": {
		"particle": "block/e_particle",
		"coal_block": "block/coal_block",
		"wool_green": "custom/old_wool/old_wool_colored_green",
		"terracotta_yellow": "block/glowstone",
		"shulker_green": "custom/old_shulkerbox/old_green_shulker_box",
		"quartz_block_top": "block/quartz_block_top",
		"madhatter_10_06": "custom/madhatter_10_06"
	},
	"elements": [ 	 
		{
			"__comment": "shulker_green",
			"from": [ 7, 9, 1.5 ],
			"to": [ 9, 10, 2 ],
			"faces": {
				"down": { "uv": [ 7, 14, 9, 14.5 ], "texture": "#shulker_green" },
				"up": { "uv": [ 7, 1.5, 9, 2 ], "texture": "#shulker_green" },
				"north": { "uv": [ 7, 6, 9, 7 ], "texture": "#shulker_green" },
				"south": { "uv": [ 7, 6, 9, 7 ], "texture": "#shulker_green" },
				"west": { "uv": [ 1.5, 6, 2, 7 ], "texture": "#shulker_green" },
				"east": { "uv": [ 14, 6, 14.5, 7 ], "texture": "#shulker_green" }
			}
		},
		{
			"__comment": "shulker_green1",
			"from": [ 1.5, 9, 7 ],
			"to": [ 2, 10, 9 ],
			"faces": {
				"down": { "uv": [ 1.5, 7, 2, 9 ], "texture": "#shulker_green" },
				"up": { "uv": [ 1.5, 7, 2, 9 ], "texture": "#shulker_green" },
				"north": { "uv": [ 14, 6, 14.5, 7 ], "texture": "#shulker_green" },
				"south": { "uv": [ 1.5, 6, 2, 7 ], "texture": "#shulker_green" },
				"west": { "uv": [ 7, 6, 9, 7 ], "texture": "#shulker_green" },
				"east": { "uv": [ 7, 6, 9, 7 ], "texture": "#shulker_green" }
			}
		},
		{
			"__comment": "shulker_green2",
			"from": [ 2.5, 9, 4.5 ],
			"to": [ 3, 10, 5.5 ],
			"faces": {
				"down": { "uv": [ 2.5, 10.5, 3, 11.5 ], "texture": "#shulker_green" },
				"up": { "uv": [ 2.5, 4.5, 3, 5.5 ], "texture": "#shulker_green" },
				"north": { "uv": [ 13, 6, 13.5, 7 ], "texture": "#shulker_green" },
				"south": { "uv": [ 2.5, 6, 3, 7 ], "texture": "#shulker_green" },
				"west": { "uv": [ 4.5, 6, 5.5, 7 ], "texture": "#shulker_green" },
				"east": { "uv": [ 10.5, 6, 11.5, 7 ], "texture": "#shulker_green" }
			}
		},
		{
			"__comment": "shulker_green3",
			"from": [ 3, 9, 4 ],
			"to": [ 3.5, 10, 4.5 ],
			"faces": {
				"down": { "uv": [ 3, 11.5, 3.5, 12 ], "texture": "#shulker_green" },
				"up": { "uv": [ 3, 4, 3.5, 4.5 ], "texture": "#shulker_green" },
				"north": { "uv": [ 12.5, 6, 13, 7 ], "texture": "#shulker_green" },
				"south": { "uv": [ 3, 6, 3.5, 7 ], "texture": "#shulker_green" },
				"west": { "uv": [ 4, 6, 4.5, 7 ], "texture": "#shulker_green" },
				"east": { "uv": [ 11.5, 6, 12, 7 ], "texture": "#shulker_green" }
			}
		},
		{
			"__comment": "shulker_green4",
			"from": [ 3.5, 9, 3.5 ],
			"to": [ 4, 10, 4 ],
			"faces": {
				"down": { "uv": [ 3.5, 12, 4, 12.5 ], "texture": "#shulker_green" },
				"up": { "uv": [ 3.5, 3.5, 4, 4 ], "texture": "#shulker_green" },
				"north": { "uv": [ 12, 6, 12.5, 7 ], "texture": "#shulker_green" },
				"south": { "uv": [ 3.5, 6, 4, 7 ], "texture": "#shulker_green" },
				"west": { "uv": [ 3.5, 6, 4, 7 ], "texture": "#shulker_green" },
				"east": { "uv": [ 12, 6, 12.5, 7 ], "texture": "#shulker_green" }
			}
		},
		{
			"__comment": "shulker_green5",
			"from": [ 4, 9, 3 ],
			"to": [ 4.5, 10, 3.5 ],
			"faces": {
				"down": { "uv": [ 4, 12.5, 4.5, 13 ], "texture": "#shulker_green" },
				"up": { "uv": [ 4, 3, 4.5, 3.5 ], "texture": "#shulker_green" },
				"north": { "uv": [ 11.5, 6, 12, 7 ], "texture": "#shulker_green" },
				"south": { "uv": [ 4, 6, 4.5, 7 ], "texture": "#shulker_green" },
				"west": { "uv": [ 3, 6, 3.5, 7 ], "texture": "#shulker_green" },
				"east": { "uv": [ 12.5, 6, 13, 7 ], "texture": "#shulker_green" }
			}
		},
		{
			"__comment": "shulker_green6",
			"from": [ 4.5, 9, 2.5 ],
			"to": [ 5.5, 10, 3 ],
			"faces": {
				"down": { "uv": [ 4.5, 13, 5.5, 13.5 ], "texture": "#shulker_green" },
				"up": { "uv": [ 4.5, 2.5, 5.5, 3 ], "texture": "#shulker_green" },
				"north": { "uv": [ 10.5, 6, 11.5, 7 ], "texture": "#shulker_green" },
				"south": { "uv": [ 4.5, 6, 5.5, 7 ], "texture": "#shulker_green" },
				"west": { "uv": [ 2.5, 6, 3, 7 ], "texture": "#shulker_green" },
				"east": { "uv": [ 13, 6, 13.5, 7 ], "texture": "#shulker_green" }
			}
		},
		{
			"__comment": "shulker_green7",
			"from": [ 9, 9, 2 ],
			"to": [ 10.5, 10, 2.5 ],
			"faces": {
				"down": { "uv": [ 9, 13.5, 10.5, 14 ], "texture": "#shulker_green" },
				"up": { "uv": [ 9, 2, 10.5, 2.5 ], "texture": "#shulker_green" },
				"north": { "uv": [ 5.5, 6, 7, 7 ], "texture": "#shulker_green" },
				"south": { "uv": [ 9, 6, 10.5, 7 ], "texture": "#shulker_green" },
				"west": { "uv": [ 2, 6, 2.5, 7 ], "texture": "#shulker_green" },
				"east": { "uv": [ 13.5, 6, 14, 7 ], "texture": "#shulker_green" }
			}
		},
		{
			"__comment": "shulker_green8",
			"from": [ 5.5, 9, 2 ],
			"to": [ 7, 10, 2.5 ],
			"faces": {
				"down": { "uv": [ 5.5, 13.5, 7, 14 ], "texture": "#shulker_green" },
				"up": { "uv": [ 5.5, 2, 7, 2.5 ], "texture": "#shulker_green" },
				"north": { "uv": [ 9, 6, 10.5, 7 ], "texture": "#shulker_green" },
				"south": { "uv": [ 5.5, 6, 7, 7 ], "texture": "#shulker_green" },
				"west": { "uv": [ 2, 6, 2.5, 7 ], "texture": "#shulker_green" },
				"east": { "uv": [ 13.5, 6, 14, 7 ], "texture": "#shulker_green" }
			}
		},
		{
			"__comment": "shulker_green9",
			"from": [ 2, 9, 5.5 ],
			"to": [ 2.5, 10, 7 ],
			"faces": {
				"down": { "uv": [ 2, 9, 2.5, 10.5 ], "texture": "#shulker_green" },
				"up": { "uv": [ 2, 5.5, 2.5, 7 ], "texture": "#shulker_green" },
				"north": { "uv": [ 13.5, 6, 14, 7 ], "texture": "#shulker_green" },
				"south": { "uv": [ 2, 6, 2.5, 7 ], "texture": "#shulker_green" },
				"west": { "uv": [ 5.5, 6, 7, 7 ], "texture": "#shulker_green" },
				"east": { "uv": [ 9, 6, 10.5, 7 ], "texture": "#shulker_green" }
			}
		},
		{
			"__comment": "shulker_green10",
			"from": [ 2, 9, 9 ],
			"to": [ 2.5, 10, 10.5 ],
			"faces": {
				"down": { "uv": [ 2, 5.5, 2.5, 7 ], "texture": "#shulker_green" },
				"up": { "uv": [ 2, 9, 2.5, 10.5 ], "texture": "#shulker_green" },
				"north": { "uv": [ 13.5, 6, 14, 7 ], "texture": "#shulker_green" },
				"south": { "uv": [ 2, 6, 2.5, 7 ], "texture": "#shulker_green" },
				"west": { "uv": [ 9, 6, 10.5, 7 ], "texture": "#shulker_green" },
				"east": { "uv": [ 5.5, 6, 7, 7 ], "texture": "#shulker_green" }
			}
		},
		{
			"__comment": "shulker_green11",
			"from": [ 2.5, 9, 10.5 ],
			"to": [ 3, 10, 11.5 ],
			"faces": {
				"down": { "uv": [ 2.5, 4.5, 3, 5.5 ], "texture": "#shulker_green" },
				"up": { "uv": [ 2.5, 10.5, 3, 11.5 ], "texture": "#shulker_green" },
				"north": { "uv": [ 13, 6, 13.5, 7 ], "texture": "#shulker_green" },
				"south": { "uv": [ 2.5, 6, 3, 7 ], "texture": "#shulker_green" },
				"west": { "uv": [ 10.5, 6, 11.5, 7 ], "texture": "#shulker_green" },
				"east": { "uv": [ 4.5, 6, 5.5, 7 ], "texture": "#shulker_green" }
			}
		},
		{
			"__comment": "shulker_green12",
			"from": [ 3, 9, 11.5 ],
			"to": [ 3.5, 10, 12 ],
			"faces": {
				"down": { "uv": [ 3, 4, 3.5, 4.5 ], "texture": "#shulker_green" },
				"up": { "uv": [ 3, 11.5, 3.5, 12 ], "texture": "#shulker_green" },
				"north": { "uv": [ 12.5, 6, 13, 7 ], "texture": "#shulker_green" },
				"south": { "uv": [ 3, 6, 3.5, 7 ], "texture": "#shulker_green" },
				"west": { "uv": [ 11.5, 6, 12, 7 ], "texture": "#shulker_green" },
				"east": { "uv": [ 4, 6, 4.5, 7 ], "texture": "#shulker_green" }
			}
		},
		{
			"__comment": "shulker_green13",
			"from": [ 3.5, 9, 12 ],
			"to": [ 4, 10, 12.5 ],
			"faces": {
				"down": { "uv": [ 3.5, 3.5, 4, 4 ], "texture": "#shulker_green" },
				"up": { "uv": [ 3.5, 12, 4, 12.5 ], "texture": "#shulker_green" },
				"north": { "uv": [ 12, 6, 12.5, 7 ], "texture": "#shulker_green" },
				"south": { "uv": [ 3.5, 6, 4, 7 ], "texture": "#shulker_green" },
				"west": { "uv": [ 12, 6, 12.5, 7 ], "texture": "#shulker_green" },
				"east": { "uv": [ 3.5, 6, 4, 7 ], "texture": "#shulker_green" }
			}
		},
		{
			"__comment": "shulker_green14",
			"from": [ 4, 9, 12.5 ],
			"to": [ 4.5, 10, 13 ],
			"faces": {
				"down": { "uv": [ 4, 3, 4.5, 3.5 ], "texture": "#shulker_green" },
				"up": { "uv": [ 4, 12.5, 4.5, 13 ], "texture": "#shulker_green" },
				"north": { "uv": [ 11.5, 6, 12, 7 ], "texture": "#shulker_green" },
				"south": { "uv": [ 4, 6, 4.5, 7 ], "texture": "#shulker_green" },
				"west": { "uv": [ 12.5, 6, 13, 7 ], "texture": "#shulker_green" },
				"east": { "uv": [ 3, 6, 3.5, 7 ], "texture": "#shulker_green" }
			}
		},
		{
			"__comment": "shulker_green15",
			"from": [ 10.5, 9, 2.5 ],
			"to": [ 11.5, 10, 3 ],
			"faces": {
				"down": { "uv": [ 10.5, 13, 11.5, 13.5 ], "texture": "#shulker_green" },
				"up": { "uv": [ 10.5, 2.5, 11.5, 3 ], "texture": "#shulker_green" },
				"north": { "uv": [ 4.5, 6, 5.5, 7 ], "texture": "#shulker_green" },
				"south": { "uv": [ 10.5, 6, 11.5, 7 ], "texture": "#shulker_green" },
				"west": { "uv": [ 2.5, 6, 3, 7 ], "texture": "#shulker_green" },
				"east": { "uv": [ 13, 6, 13.5, 7 ], "texture": "#shulker_green" }
			}
		},
		{
			"__comment": "shulker_green16",
			"from": [ 5.5, 9, 13.5 ],
			"to": [ 7, 10, 14 ],
			"faces": {
				"down": { "uv": [ 5.5, 2, 7, 2.5 ], "texture": "#shulker_green" },
				"up": { "uv": [ 5.5, 13.5, 7, 14 ], "texture": "#shulker_green" },
				"north": { "uv": [ 9, 6, 10.5, 7 ], "texture": "#shulker_green" },
				"south": { "uv": [ 5.5, 6, 7, 7 ], "texture": "#shulker_green" },
				"west": { "uv": [ 13.5, 6, 14, 7 ], "texture": "#shulker_green" },
				"east": { "uv": [ 2, 6, 2.5, 7 ], "texture": "#shulker_green" }
			}
		},
		{
			"__comment": "shulker_green17",
			"from": [ 9, 9, 13.5 ],
			"to": [ 10.5, 10, 14 ],
			"faces": {
				"down": { "uv": [ 9, 2, 10.5, 2.5 ], "texture": "#shulker_green" },
				"up": { "uv": [ 9, 13.5, 10.5, 14 ], "texture": "#shulker_green" },
				"north": { "uv": [ 5.5, 6, 7, 7 ], "texture": "#shulker_green" },
				"south": { "uv": [ 9, 6, 10.5, 7 ], "texture": "#shulker_green" },
				"west": { "uv": [ 13.5, 6, 14, 7 ], "texture": "#shulker_green" },
				"east": { "uv": [ 2, 6, 2.5, 7 ], "texture": "#shulker_green" }
			}
		},
		{
			"__comment": "shulker_green18",
			"from": [ 10.5, 9, 13 ],
			"to": [ 11.5, 10, 13.5 ],
			"faces": {
				"down": { "uv": [ 10.5, 2.5, 11.5, 3 ], "texture": "#shulker_green" },
				"up": { "uv": [ 10.5, 13, 11.5, 13.5 ], "texture": "#shulker_green" },
				"north": { "uv": [ 4.5, 6, 5.5, 7 ], "texture": "#shulker_green" },
				"south": { "uv": [ 10.5, 6, 11.5, 7 ], "texture": "#shulker_green" },
				"west": { "uv": [ 13, 6, 13.5, 7 ], "texture": "#shulker_green" },
				"east": { "uv": [ 2.5, 6, 3, 7 ], "texture": "#shulker_green" }
			}
		},
		{
			"__comment": "shulker_green19",
			"from": [ 11.5, 9, 12.5 ],
			"to": [ 12, 10, 13 ],
			"faces": {
				"down": { "uv": [ 11.5, 3, 12, 3.5 ], "texture": "#shulker_green" },
				"up": { "uv": [ 11.5, 12.5, 12, 13 ], "texture": "#shulker_green" },
				"north": { "uv": [ 4, 6, 4.5, 7 ], "texture": "#shulker_green" },
				"south": { "uv": [ 11.5, 6, 12, 7 ], "texture": "#shulker_green" },
				"west": { "uv": [ 12.5, 6, 13, 7 ], "texture": "#shulker_green" },
				"east": { "uv": [ 3, 6, 3.5, 7 ], "texture": "#shulker_green" }
			}
		},
		{
			"__comment": "shulker_green20",
			"from": [ 12, 9, 12 ],
			"to": [ 12.5, 10, 12.5 ],
			"faces": {
				"down": { "uv": [ 12, 3.5, 12.5, 4 ], "texture": "#shulker_green" },
				"up": { "uv": [ 12, 12, 12.5, 12.5 ], "texture": "#shulker_green" },
				"north": { "uv": [ 3.5, 6, 4, 7 ], "texture": "#shulker_green" },
				"south": { "uv": [ 12, 6, 12.5, 7 ], "texture": "#shulker_green" },
				"west": { "uv": [ 12, 6, 12.5, 7 ], "texture": "#shulker_green" },
				"east": { "uv": [ 3.5, 6, 4, 7 ], "texture": "#shulker_green" }
			}
		},
		{
			"__comment": "shulker_green21",
			"from": [ 12.5, 9, 11.5 ],
			"to": [ 13, 10, 12 ],
			"faces": {
				"down": { "uv": [ 12.5, 4, 13, 4.5 ], "texture": "#shulker_green" },
				"up": { "uv": [ 12.5, 11.5, 13, 12 ], "texture": "#shulker_green" },
				"north": { "uv": [ 3, 6, 3.5, 7 ], "texture": "#shulker_green" },
				"south": { "uv": [ 12.5, 6, 13, 7 ], "texture": "#shulker_green" },
				"west": { "uv": [ 11.5, 6, 12, 7 ], "texture": "#shulker_green" },
				"east": { "uv": [ 4, 6, 4.5, 7 ], "texture": "#shulker_green" }
			}
		},
		{
			"__comment": "shulker_green22",
			"from": [ 13, 9, 10.5 ],
			"to": [ 13.5, 10, 11.5 ],
			"faces": {
				"down": { "uv": [ 13, 4.5, 13.5, 5.5 ], "texture": "#shulker_green" },
				"up": { "uv": [ 13, 10.5, 13.5, 11.5 ], "texture": "#shulker_green" },
				"north": { "uv": [ 2.5, 6, 3, 7 ], "texture": "#shulker_green" },
				"south": { "uv": [ 13, 6, 13.5, 7 ], "texture": "#shulker_green" },
				"west": { "uv": [ 10.5, 6, 11.5, 7 ], "texture": "#shulker_green" },
				"east": { "uv": [ 4.5, 6, 5.5, 7 ], "texture": "#shulker_green" }
			}
		},
		{
			"__comment": "shulker_green23",
			"from": [ 13.5, 9, 9 ],
			"to": [ 14, 10, 10.5 ],
			"faces": {
				"down": { "uv": [ 13.5, 5.5, 14, 7 ], "texture": "#shulker_green" },
				"up": { "uv": [ 13.5, 9, 14, 10.5 ], "texture": "#shulker_green" },
				"north": { "uv": [ 2, 6, 2.5, 7 ], "texture": "#shulker_green" },
				"south": { "uv": [ 13.5, 6, 14, 7 ], "texture": "#shulker_green" },
				"west": { "uv": [ 9, 6, 10.5, 7 ], "texture": "#shulker_green" },
				"east": { "uv": [ 5.5, 6, 7, 7 ], "texture": "#shulker_green" }
			}
		},
		{
			"__comment": "shulker_green24",
			"from": [ 14, 9, 7 ],
			"to": [ 14.5, 10, 9 ],
			"faces": {
				"down": { "uv": [ 14, 7, 14.5, 9 ], "texture": "#shulker_green" },
				"up": { "uv": [ 14, 7, 14.5, 9 ], "texture": "#shulker_green" },
				"north": { "uv": [ 1.5, 6, 2, 7 ], "texture": "#shulker_green" },
				"south": { "uv": [ 14, 6, 14.5, 7 ], "texture": "#shulker_green" },
				"west": { "uv": [ 7, 6, 9, 7 ], "texture": "#shulker_green" },
				"east": { "uv": [ 7, 6, 9, 7 ], "texture": "#shulker_green" }
			}
		},
		{
			"__comment": "shulker_green25",
			"from": [ 13.5, 9, 5.5 ],
			"to": [ 14, 10, 7 ],
			"faces": {
				"down": { "uv": [ 13.5, 9, 14, 10.5 ], "texture": "#shulker_green" },
				"up": { "uv": [ 13.5, 5.5, 14, 7 ], "texture": "#shulker_green" },
				"north": { "uv": [ 2, 6, 2.5, 7 ], "texture": "#shulker_green" },
				"south": { "uv": [ 13.5, 6, 14, 7 ], "texture": "#shulker_green" },
				"west": { "uv": [ 5.5, 6, 7, 7 ], "texture": "#shulker_green" },
				"east": { "uv": [ 9, 6, 10.5, 7 ], "texture": "#shulker_green" }
			}
		},
		{
			"__comment": "shulker_green26",
			"from": [ 13, 9, 4.5 ],
			"to": [ 13.5, 10, 5.5 ],
			"faces": {
				"down": { "uv": [ 13, 10.5, 13.5, 11.5 ], "texture": "#shulker_green" },
				"up": { "uv": [ 13, 4.5, 13.5, 5.5 ], "texture": "#shulker_green" },
				"north": { "uv": [ 2.5, 6, 3, 7 ], "texture": "#shulker_green" },
				"south": { "uv": [ 13, 6, 13.5, 7 ], "texture": "#shulker_green" },
				"west": { "uv": [ 4.5, 6, 5.5, 7 ], "texture": "#shulker_green" },
				"east": { "uv": [ 10.5, 6, 11.5, 7 ], "texture": "#shulker_green" }
			}
		},
		{
			"__comment": "shulker_green27",
			"from": [ 12.5, 9, 4 ],
			"to": [ 13, 10, 4.5 ],
			"faces": {
				"down": { "uv": [ 12.5, 11.5, 13, 12 ], "texture": "#shulker_green" },
				"up": { "uv": [ 12.5, 4, 13, 4.5 ], "texture": "#shulker_green" },
				"north": { "uv": [ 3, 6, 3.5, 7 ], "texture": "#shulker_green" },
				"south": { "uv": [ 12.5, 6, 13, 7 ], "texture": "#shulker_green" },
				"west": { "uv": [ 4, 6, 4.5, 7 ], "texture": "#shulker_green" },
				"east": { "uv": [ 11.5, 6, 12, 7 ], "texture": "#shulker_green" }
			}
		},
		{
			"__comment": "shulker_green28",
			"from": [ 12, 9, 3.5 ],
			"to": [ 12.5, 10, 4 ],
			"faces": {
				"down": { "uv": [ 12, 12, 12.5, 12.5 ], "texture": "#shulker_green" },
				"up": { "uv": [ 12, 3.5, 12.5, 4 ], "texture": "#shulker_green" },
				"north": { "uv": [ 3.5, 6, 4, 7 ], "texture": "#shulker_green" },
				"south": { "uv": [ 12, 6, 12.5, 7 ], "texture": "#shulker_green" },
				"west": { "uv": [ 3.5, 6, 4, 7 ], "texture": "#shulker_green" },
				"east": { "uv": [ 12, 6, 12.5, 7 ], "texture": "#shulker_green" }
			}
		},
		{
			"__comment": "shulker_green29",
			"from": [ 11.5, 9, 3 ],
			"to": [ 12, 10, 3.5 ],
			"faces": {
				"down": { "uv": [ 11.5, 12.5, 12, 13 ], "texture": "#shulker_green" },
				"up": { "uv": [ 11.5, 3, 12, 3.5 ], "texture": "#shulker_green" },
				"north": { "uv": [ 4, 6, 4.5, 7 ], "texture": "#shulker_green" },
				"south": { "uv": [ 11.5, 6, 12, 7 ], "texture": "#shulker_green" },
				"west": { "uv": [ 3, 6, 3.5, 7 ], "texture": "#shulker_green" },
				"east": { "uv": [ 12.5, 6, 13, 7 ], "texture": "#shulker_green" }
			}
		},
		{
			"__comment": "shulker_green30",
			"from": [ 1.5, 10, 6.5 ],
			"to": [ 2, 12, 9.5 ],
			"faces": {
				"down": { "uv": [ 1.5, 6.5, 2, 9.5 ], "texture": "#shulker_green" },
				"up": { "uv": [ 1.5, 6.5, 2, 9.5 ], "texture": "#shulker_green" },
				"north": { "uv": [ 14, 4, 14.5, 6 ], "texture": "#shulker_green" },
				"south": { "uv": [ 1.5, 4, 2, 6 ], "texture": "#shulker_green" },
				"west": { "uv": [ 6.5, 4, 9.5, 6 ], "texture": "#shulker_green" },
				"east": { "uv": [ 6.5, 4, 9.5, 6 ], "texture": "#shulker_green" }
			}
		},
		{
			"__comment": "shulker_green31",
			"from": [ 6.5, 10, 1.5 ],
			"to": [ 9.5, 12, 2 ],
			"faces": {
				"down": { "uv": [ 6.5, 14, 9.5, 14.5 ], "texture": "#shulker_green" },
				"up": { "uv": [ 6.5, 1.5, 9.5, 2 ], "texture": "#shulker_green" },
				"north": { "uv": [ 6.5, 4, 9.5, 6 ], "texture": "#shulker_green" },
				"south": { "uv": [ 6.5, 4, 9.5, 6 ], "texture": "#shulker_green" },
				"west": { "uv": [ 1.5, 4, 2, 6 ], "texture": "#shulker_green" },
				"east": { "uv": [ 14, 4, 14.5, 6 ], "texture": "#shulker_green" }
			}
		},
		{
			"__comment": "shulker_green32",
			"from": [ 13.5, 10, 9.5 ],
			"to": [ 14, 12, 11 ],
			"faces": {
				"down": { "uv": [ 13.5, 5, 14, 6.5 ], "texture": "#shulker_green" },
				"up": { "uv": [ 13.5, 9.5, 14, 11 ], "texture": "#shulker_green" },
				"north": { "uv": [ 2, 4, 2.5, 6 ], "texture": "#shulker_green" },
				"south": { "uv": [ 13.5, 4, 14, 6 ], "texture": "#shulker_green" },
				"west": { "uv": [ 9.5, 4, 11, 6 ], "texture": "#shulker_green" },
				"east": { "uv": [ 5, 4, 6.5, 6 ], "texture": "#shulker_green" }
			}
		},
		{
			"__comment": "shulker_green33",
			"from": [ 3.5, 10, 3 ],
			"to": [ 4, 12, 3.5 ],
			"faces": {
				"down": { "uv": [ 3.5, 12.5, 4, 13 ], "texture": "#shulker_green" },
				"up": { "uv": [ 3.5, 3, 4, 3.5 ], "texture": "#shulker_green" },
				"north": { "uv": [ 12, 4, 12.5, 6 ], "texture": "#shulker_green" },
				"south": { "uv": [ 3.5, 4, 4, 6 ], "texture": "#shulker_green" },
				"west": { "uv": [ 3, 4, 3.5, 6 ], "texture": "#shulker_green" },
				"east": { "uv": [ 12.5, 4, 13, 6 ], "texture": "#shulker_green" }
			}
		},
		{
			"__comment": "shulker_green34",
			"from": [ 3, 10, 3.5 ],
			"to": [ 3.5, 12, 4 ],
			"faces": {
				"down": { "uv": [ 3, 12, 3.5, 12.5 ], "texture": "#shulker_green" },
				"up": { "uv": [ 3, 3.5, 3.5, 4 ], "texture": "#shulker_green" },
				"north": { "uv": [ 12.5, 4, 13, 6 ], "texture": "#shulker_green" },
				"south": { "uv": [ 3, 4, 3.5, 6 ], "texture": "#shulker_green" },
				"west": { "uv": [ 3.5, 4, 4, 6 ], "texture": "#shulker_green" },
				"east": { "uv": [ 12, 4, 12.5, 6 ], "texture": "#shulker_green" }
			}
		},
		{
			"__comment": "shulker_green35",
			"from": [ 9.5, 10, 2 ],
			"to": [ 11, 12, 2.5 ],
			"faces": {
				"down": { "uv": [ 9.5, 13.5, 11, 14 ], "texture": "#shulker_green" },
				"up": { "uv": [ 9.5, 2, 11, 2.5 ], "texture": "#shulker_green" },
				"north": { "uv": [ 5, 4, 6.5, 6 ], "texture": "#shulker_green" },
				"south": { "uv": [ 9.5, 4, 11, 6 ], "texture": "#shulker_green" },
				"west": { "uv": [ 2, 4, 2.5, 6 ], "texture": "#shulker_green" },
				"east": { "uv": [ 13.5, 4, 14, 6 ], "texture": "#shulker_green" }
			}
		},
		{
			"__comment": "shulker_green36",
			"from": [ 2.5, 10, 4 ],
			"to": [ 3, 12, 5 ],
			"faces": {
				"down": { "uv": [ 2.5, 11, 3, 12 ], "texture": "#shulker_green" },
				"up": { "uv": [ 2.5, 4, 3, 5 ], "texture": "#shulker_green" },
				"north": { "uv": [ 13, 4, 13.5, 6 ], "texture": "#shulker_green" },
				"south": { "uv": [ 2.5, 4, 3, 6 ], "texture": "#shulker_green" },
				"west": { "uv": [ 4, 4, 5, 6 ], "texture": "#shulker_green" },
				"east": { "uv": [ 11, 4, 12, 6 ], "texture": "#shulker_green" }
			}
		},
		{
			"__comment": "shulker_green37",
			"from": [ 2, 10, 5 ],
			"to": [ 2.5, 12, 6.5 ],
			"faces": {
				"down": { "uv": [ 2, 9.5, 2.5, 11 ], "texture": "#shulker_green" },
				"up": { "uv": [ 2, 5, 2.5, 6.5 ], "texture": "#shulker_green" },
				"north": { "uv": [ 13.5, 4, 14, 6 ], "texture": "#shulker_green" },
				"south": { "uv": [ 2, 4, 2.5, 6 ], "texture": "#shulker_green" },
				"west": { "uv": [ 5, 4, 6.5, 6 ], "texture": "#shulker_green" },
				"east": { "uv": [ 9.5, 4, 11, 6 ], "texture": "#shulker_green" }
			}
		},
		{
			"__comment": "shulker_green38",
			"from": [ 5, 10, 2 ],
			"to": [ 6.5, 12, 2.5 ],
			"faces": {
				"down": { "uv": [ 5, 13.5, 6.5, 14 ], "texture": "#shulker_green" },
				"up": { "uv": [ 5, 2, 6.5, 2.5 ], "texture": "#shulker_green" },
				"north": { "uv": [ 9.5, 4, 11, 6 ], "texture": "#shulker_green" },
				"south": { "uv": [ 5, 4, 6.5, 6 ], "texture": "#shulker_green" },
				"west": { "uv": [ 2, 4, 2.5, 6 ], "texture": "#shulker_green" },
				"east": { "uv": [ 13.5, 4, 14, 6 ], "texture": "#shulker_green" }
			}
		},
		{
			"__comment": "shulker_green39",
			"from": [ 4, 10, 2.5 ],
			"to": [ 5, 12, 3 ],
			"faces": {
				"down": { "uv": [ 4, 13, 5, 13.5 ], "texture": "#shulker_green" },
				"up": { "uv": [ 4, 2.5, 5, 3 ], "texture": "#shulker_green" },
				"north": { "uv": [ 11, 4, 12, 6 ], "texture": "#shulker_green" },
				"south": { "uv": [ 4, 4, 5, 6 ], "texture": "#shulker_green" },
				"west": { "uv": [ 2.5, 4, 3, 6 ], "texture": "#shulker_green" },
				"east": { "uv": [ 13, 4, 13.5, 6 ], "texture": "#shulker_green" }
			}
		},
		{
			"__comment": "shulker_green40",
			"from": [ 11, 10, 2.5 ],
			"to": [ 12, 12, 3 ],
			"faces": {
				"down": { "uv": [ 11, 13, 12, 13.5 ], "texture": "#shulker_green" },
				"up": { "uv": [ 11, 2.5, 12, 3 ], "texture": "#shulker_green" },
				"north": { "uv": [ 4, 4, 5, 6 ], "texture": "#shulker_green" },
				"south": { "uv": [ 11, 4, 12, 6 ], "texture": "#shulker_green" },
				"west": { "uv": [ 2.5, 4, 3, 6 ], "texture": "#shulker_green" },
				"east": { "uv": [ 13, 4, 13.5, 6 ], "texture": "#shulker_green" }
			}
		},
		{
			"__comment": "shulker_green41",
			"from": [ 12, 10, 3 ],
			"to": [ 12.5, 12, 3.5 ],
			"faces": {
				"down": { "uv": [ 12, 12.5, 12.5, 13 ], "texture": "#shulker_green" },
				"up": { "uv": [ 12, 3, 12.5, 3.5 ], "texture": "#shulker_green" },
				"north": { "uv": [ 3.5, 4, 4, 6 ], "texture": "#shulker_green" },
				"south": { "uv": [ 12, 4, 12.5, 6 ], "texture": "#shulker_green" },
				"west": { "uv": [ 3, 4, 3.5, 6 ], "texture": "#shulker_green" },
				"east": { "uv": [ 12.5, 4, 13, 6 ], "texture": "#shulker_green" }
			}
		},
		{
			"__comment": "shulker_green42",
			"from": [ 13, 10, 11 ],
			"to": [ 13.5, 12, 12 ],
			"faces": {
				"down": { "uv": [ 13, 4, 13.5, 5 ], "texture": "#shulker_green" },
				"up": { "uv": [ 13, 11, 13.5, 12 ], "texture": "#shulker_green" },
				"north": { "uv": [ 2.5, 4, 3, 6 ], "texture": "#shulker_green" },
				"south": { "uv": [ 13, 4, 13.5, 6 ], "texture": "#shulker_green" },
				"west": { "uv": [ 11, 4, 12, 6 ], "texture": "#shulker_green" },
				"east": { "uv": [ 4, 4, 5, 6 ], "texture": "#shulker_green" }
			}
		},
		{
			"__comment": "shulker_green43",
			"from": [ 13, 10, 4 ],
			"to": [ 13.5, 12, 5 ],
			"faces": {
				"down": { "uv": [ 13, 11, 13.5, 12 ], "texture": "#shulker_green" },
				"up": { "uv": [ 13, 4, 13.5, 5 ], "texture": "#shulker_green" },
				"north": { "uv": [ 2.5, 4, 3, 6 ], "texture": "#shulker_green" },
				"south": { "uv": [ 13, 4, 13.5, 6 ], "texture": "#shulker_green" },
				"west": { "uv": [ 4, 4, 5, 6 ], "texture": "#shulker_green" },
				"east": { "uv": [ 11, 4, 12, 6 ], "texture": "#shulker_green" }
			}
		},
		{
			"__comment": "shulker_green44",
			"from": [ 14, 10, 6.5 ],
			"to": [ 14.5, 12, 9.5 ],
			"faces": {
				"down": { "uv": [ 14, 6.5, 14.5, 9.5 ], "texture": "#shulker_green" },
				"up": { "uv": [ 14, 6.5, 14.5, 9.5 ], "texture": "#shulker_green" },
				"north": { "uv": [ 1.5, 4, 2, 6 ], "texture": "#shulker_green" },
				"south": { "uv": [ 14, 4, 14.5, 6 ], "texture": "#shulker_green" },
				"west": { "uv": [ 6.5, 4, 9.5, 6 ], "texture": "#shulker_green" },
				"east": { "uv": [ 6.5, 4, 9.5, 6 ], "texture": "#shulker_green" }
			}
		},
		{
			"__comment": "shulker_green45",
			"from": [ 12.5, 10, 3.5 ],
			"to": [ 13, 12, 4 ],
			"faces": {
				"down": { "uv": [ 12.5, 12, 13, 12.5 ], "texture": "#shulker_green" },
				"up": { "uv": [ 12.5, 3.5, 13, 4 ], "texture": "#shulker_green" },
				"north": { "uv": [ 3, 4, 3.5, 6 ], "texture": "#shulker_green" },
				"south": { "uv": [ 12.5, 4, 13, 6 ], "texture": "#shulker_green" },
				"west": { "uv": [ 3.5, 4, 4, 6 ], "texture": "#shulker_green" },
				"east": { "uv": [ 12, 4, 12.5, 6 ], "texture": "#shulker_green" }
			}
		},
		{
			"__comment": "shulker_green46",
			"from": [ 9.5, 10, 13.5 ],
			"to": [ 11, 12, 14 ],
			"faces": {
				"down": { "uv": [ 9.5, 2, 11, 2.5 ], "texture": "#shulker_green" },
				"up": { "uv": [ 9.5, 13.5, 11, 14 ], "texture": "#shulker_green" },
				"north": { "uv": [ 5, 4, 6.5, 6 ], "texture": "#shulker_green" },
				"south": { "uv": [ 9.5, 4, 11, 6 ], "texture": "#shulker_green" },
				"west": { "uv": [ 13.5, 4, 14, 6 ], "texture": "#shulker_green" },
				"east": { "uv": [ 2, 4, 2.5, 6 ], "texture": "#shulker_green" }
			}
		},
		{
			"__comment": "shulker_green47",
			"from": [ 13.5, 10, 5 ],
			"to": [ 14, 12, 6.5 ],
			"faces": {
				"down": { "uv": [ 13.5, 9.5, 14, 11 ], "texture": "#shulker_green" },
				"up": { "uv": [ 13.5, 5, 14, 6.5 ], "texture": "#shulker_green" },
				"north": { "uv": [ 2, 4, 2.5, 6 ], "texture": "#shulker_green" },
				"south": { "uv": [ 13.5, 4, 14, 6 ], "texture": "#shulker_green" },
				"west": { "uv": [ 5, 4, 6.5, 6 ], "texture": "#shulker_green" },
				"east": { "uv": [ 9.5, 4, 11, 6 ], "texture": "#shulker_green" }
			}
		},
		{
			"__comment": "shulker_green48",
			"from": [ 12.5, 10, 12 ],
			"to": [ 13, 12, 12.5 ],
			"faces": {
				"down": { "uv": [ 12.5, 3.5, 13, 4 ], "texture": "#shulker_green" },
				"up": { "uv": [ 12.5, 12, 13, 12.5 ], "texture": "#shulker_green" },
				"north": { "uv": [ 3, 4, 3.5, 6 ], "texture": "#shulker_green" },
				"south": { "uv": [ 12.5, 4, 13, 6 ], "texture": "#shulker_green" },
				"west": { "uv": [ 12, 4, 12.5, 6 ], "texture": "#shulker_green" },
				"east": { "uv": [ 3.5, 4, 4, 6 ], "texture": "#shulker_green" }
			}
		},
		{
			"__comment": "shulker_green49",
			"from": [ 12, 10, 12.5 ],
			"to": [ 12.5, 12, 13 ],
			"faces": {
				"down": { "uv": [ 12, 3, 12.5, 3.5 ], "texture": "#shulker_green" },
				"up": { "uv": [ 12, 12.5, 12.5, 13 ], "texture": "#shulker_green" },
				"north": { "uv": [ 3.5, 4, 4, 6 ], "texture": "#shulker_green" },
				"south": { "uv": [ 12, 4, 12.5, 6 ], "texture": "#shulker_green" },
				"west": { "uv": [ 12.5, 4, 13, 6 ], "texture": "#shulker_green" },
				"east": { "uv": [ 3, 4, 3.5, 6 ], "texture": "#shulker_green" }
			}
		},
		{
			"__comment": "shulker_green50",
			"from": [ 11, 10, 13 ],
			"to": [ 12, 12, 13.5 ],
			"faces": {
				"down": { "uv": [ 11, 2.5, 12, 3 ], "texture": "#shulker_green" },
				"up": { "uv": [ 11, 13, 12, 13.5 ], "texture": "#shulker_green" },
				"north": { "uv": [ 4, 4, 5, 6 ], "texture": "#shulker_green" },
				"south": { "uv": [ 11, 4, 12, 6 ], "texture": "#shulker_green" },
				"west": { "uv": [ 13, 4, 13.5, 6 ], "texture": "#shulker_green" },
				"east": { "uv": [ 2.5, 4, 3, 6 ], "texture": "#shulker_green" }
			}
		},
		{
			"__comment": "shulker_green51",
			"from": [ 3.5, 10, 12.5 ],
			"to": [ 4, 12, 13 ],
			"faces": {
				"down": { "uv": [ 3.5, 3, 4, 3.5 ], "texture": "#shulker_green" },
				"up": { "uv": [ 3.5, 12.5, 4, 13 ], "texture": "#shulker_green" },
				"north": { "uv": [ 12, 4, 12.5, 6 ], "texture": "#shulker_green" },
				"south": { "uv": [ 3.5, 4, 4, 6 ], "texture": "#shulker_green" },
				"west": { "uv": [ 12.5, 4, 13, 6 ], "texture": "#shulker_green" },
				"east": { "uv": [ 3, 4, 3.5, 6 ], "texture": "#shulker_green" }
			}
		},
		{
			"__comment": "shulker_green52",
			"from": [ 4, 10, 13 ],
			"to": [ 5, 12, 13.5 ],
			"faces": {
				"down": { "uv": [ 4, 2.5, 5, 3 ], "texture": "#shulker_green" },
				"up": { "uv": [ 4, 13, 5, 13.5 ], "texture": "#shulker_green" },
				"north": { "uv": [ 11, 4, 12, 6 ], "texture": "#shulker_green" },
				"south": { "uv": [ 4, 4, 5, 6 ], "texture": "#shulker_green" },
				"west": { "uv": [ 13, 4, 13.5, 6 ], "texture": "#shulker_green" },
				"east": { "uv": [ 2.5, 4, 3, 6 ], "texture": "#shulker_green" }
			}
		},
		{
			"__comment": "shulker_green53",
			"from": [ 5, 10, 13.5 ],
			"to": [ 6.5, 12, 14 ],
			"faces": {
				"down": { "uv": [ 5, 2, 6.5, 2.5 ], "texture": "#shulker_green" },
				"up": { "uv": [ 5, 13.5, 6.5, 14 ], "texture": "#shulker_green" },
				"north": { "uv": [ 9.5, 4, 11, 6 ], "texture": "#shulker_green" },
				"south": { "uv": [ 5, 4, 6.5, 6 ], "texture": "#shulker_green" },
				"west": { "uv": [ 13.5, 4, 14, 6 ], "texture": "#shulker_green" },
				"east": { "uv": [ 2, 4, 2.5, 6 ], "texture": "#shulker_green" }
			}
		},
		{
			"__comment": "shulker_green54",
			"from": [ 6.5, 12, 1 ],
			"to": [ 9.5, 15, 1.5 ],
			"faces": {
				"down": { "uv": [ 6.5, 14.5, 9.5, 15 ], "texture": "#shulker_green" },
				"up": { "uv": [ 6.5, 1, 9.5, 1.5 ], "texture": "#shulker_green" },
				"north": { "uv": [ 6.5, 1, 9.5, 4 ], "texture": "#shulker_green" },
				"south": { "uv": [ 6.5, 1, 9.5, 4 ], "texture": "#shulker_green" },
				"west": { "uv": [ 1, 1, 1.5, 4 ], "texture": "#shulker_green" },
				"east": { "uv": [ 14.5, 1, 15, 4 ], "texture": "#shulker_green" }
			}
		},
		{
			"__comment": "shulker_green55",
			"from": [ 3, 10, 12 ],
			"to": [ 3.5, 12, 12.5 ],
			"faces": {
				"down": { "uv": [ 3, 3.5, 3.5, 4 ], "texture": "#shulker_green" },
				"up": { "uv": [ 3, 12, 3.5, 12.5 ], "texture": "#shulker_green" },
				"north": { "uv": [ 12.5, 4, 13, 6 ], "texture": "#shulker_green" },
				"south": { "uv": [ 3, 4, 3.5, 6 ], "texture": "#shulker_green" },
				"west": { "uv": [ 12, 4, 12.5, 6 ], "texture": "#shulker_green" },
				"east": { "uv": [ 3.5, 4, 4, 6 ], "texture": "#shulker_green" }
			}
		},
		{
			"__comment": "shulker_green56",
			"from": [ 2.5, 10, 11 ],
			"to": [ 3, 12, 12 ],
			"faces": {
				"down": { "uv": [ 2.5, 4, 3, 5 ], "texture": "#shulker_green" },
				"up": { "uv": [ 2.5, 11, 3, 12 ], "texture": "#shulker_green" },
				"north": { "uv": [ 13, 4, 13.5, 6 ], "texture": "#shulker_green" },
				"south": { "uv": [ 2.5, 4, 3, 6 ], "texture": "#shulker_green" },
				"west": { "uv": [ 11, 4, 12, 6 ], "texture": "#shulker_green" },
				"east": { "uv": [ 4, 4, 5, 6 ], "texture": "#shulker_green" }
			}
		},
		{
			"__comment": "shulker_green57",
			"from": [ 2, 10, 9.5 ],
			"to": [ 2.5, 12, 11 ],
			"faces": {
				"down": { "uv": [ 2, 5, 2.5, 6.5 ], "texture": "#shulker_green" },
				"up": { "uv": [ 2, 9.5, 2.5, 11 ], "texture": "#shulker_green" },
				"north": { "uv": [ 13.5, 4, 14, 6 ], "texture": "#shulker_green" },
				"south": { "uv": [ 2, 4, 2.5, 6 ], "texture": "#shulker_green" },
				"west": { "uv": [ 9.5, 4, 11, 6 ], "texture": "#shulker_green" },
				"east": { "uv": [ 5, 4, 6.5, 6 ], "texture": "#shulker_green" }
			}
		},
		{
			"__comment": "shulker_green58",
			"from": [ 6.5, 10, 14 ],
			"to": [ 9.5, 12, 14.5 ],
			"faces": {
				"down": { "uv": [ 6.5, 1.5, 9.5, 2 ], "texture": "#shulker_green" },
				"up": { "uv": [ 6.5, 14, 9.5, 14.5 ], "texture": "#shulker_green" },
				"north": { "uv": [ 6.5, 4, 9.5, 6 ], "texture": "#shulker_green" },
				"south": { "uv": [ 6.5, 4, 9.5, 6 ], "texture": "#shulker_green" },
				"west": { "uv": [ 14, 4, 14.5, 6 ], "texture": "#shulker_green" },
				"east": { "uv": [ 1.5, 4, 2, 6 ], "texture": "#shulker_green" }
			}
		},
		{
			"__comment": "shulker_green59",
			"from": [ 6.5, 12, 14.5 ],
			"to": [ 9.5, 15, 15 ],
			"faces": {
				"down": { "uv": [ 6.5, 1, 9.5, 1.5 ], "texture": "#shulker_green" },
				"up": { "uv": [ 6.5, 14.5, 9.5, 15 ], "texture": "#shulker_green" },
				"north": { "uv": [ 6.5, 1, 9.5, 4 ], "texture": "#shulker_green" },
				"south": { "uv": [ 6.5, 1, 9.5, 4 ], "texture": "#shulker_green" },
				"west": { "uv": [ 14.5, 1, 15, 4 ], "texture": "#shulker_green" },
				"east": { "uv": [ 1, 1, 1.5, 4 ], "texture": "#shulker_green" }
			}
		},
		{
			"__comment": "shulker_green60",
			"from": [ 5, 12, 14 ],
			"to": [ 11, 15, 14.5 ],
			"faces": {
				"down": { "uv": [ 5, 1.5, 11, 2 ], "texture": "#shulker_green" },
				"up": { "uv": [ 5, 14, 11, 14.5 ], "texture": "#shulker_green" },
				"north": { "uv": [ 5, 1, 11, 4 ], "texture": "#shulker_green" },
				"south": { "uv": [ 5, 1, 11, 4 ], "texture": "#shulker_green" },
				"west": { "uv": [ 14, 1, 14.5, 4 ], "texture": "#shulker_green" },
				"east": { "uv": [ 1.5, 1, 2, 4 ], "texture": "#shulker_green" }
			}
		},
		{
			"__comment": "shulker_green61",
			"from": [ 4, 12, 13.5 ],
			"to": [ 12, 15, 14 ],
			"faces": {
				"down": { "uv": [ 4, 2, 12, 2.5 ], "texture": "#shulker_green" },
				"up": { "uv": [ 4, 13.5, 12, 14 ], "texture": "#shulker_green" },
				"north": { "uv": [ 4, 1, 12, 4 ], "texture": "#shulker_green" },
				"south": { "uv": [ 4, 1, 12, 4 ], "texture": "#shulker_green" },
				"west": { "uv": [ 13.5, 1, 14, 4 ], "texture": "#shulker_green" },
				"east": { "uv": [ 2, 1, 2.5, 4 ], "texture": "#shulker_green" }
			}
		},
		{
			"__comment": "shulker_green62",
			"from": [ 3.5, 12, 13 ],
			"to": [ 12.5, 15, 13.5 ],
			"faces": {
				"down": { "uv": [ 3.5, 2.5, 12.5, 3 ], "texture": "#shulker_green" },
				"up": { "uv": [ 3.5, 13, 12.5, 13.5 ], "texture": "#shulker_green" },
				"north": { "uv": [ 3.5, 1, 12.5, 4 ], "texture": "#shulker_green" },
				"south": { "uv": [ 3.5, 1, 12.5, 4 ], "texture": "#shulker_green" },
				"west": { "uv": [ 13, 1, 13.5, 4 ], "texture": "#shulker_green" },
				"east": { "uv": [ 2.5, 1, 3, 4 ], "texture": "#shulker_green" }
			}
		},
		{
			"__comment": "shulker_green63",
			"from": [ 3, 12, 12.5 ],
			"to": [ 13, 15, 13 ],
			"faces": {
				"down": { "uv": [ 3, 3, 13, 3.5 ], "texture": "#shulker_green" },
				"up": { "uv": [ 3, 12.5, 13, 13 ], "texture": "#shulker_green" },
				"north": { "uv": [ 3, 1, 13, 4 ], "texture": "#shulker_green" },
				"south": { "uv": [ 3, 1, 13, 4 ], "texture": "#shulker_green" },
				"west": { "uv": [ 12.5, 1, 13, 4 ], "texture": "#shulker_green" },
				"east": { "uv": [ 3, 1, 3.5, 4 ], "texture": "#shulker_green" }
			}
		},
		{
			"__comment": "shulker_green64",
			"from": [ 2.5, 12, 12 ],
			"to": [ 13.5, 15, 12.5 ],
			"faces": {
				"down": { "uv": [ 2.5, 3.5, 13.5, 4 ], "texture": "#shulker_green" },
				"up": { "uv": [ 2.5, 12, 13.5, 12.5 ], "texture": "#shulker_green" },
				"north": { "uv": [ 2.5, 1, 13.5, 4 ], "texture": "#shulker_green" },
				"south": { "uv": [ 2.5, 1, 13.5, 4 ], "texture": "#shulker_green" },
				"west": { "uv": [ 12, 1, 12.5, 4 ], "texture": "#shulker_green" },
				"east": { "uv": [ 3.5, 1, 4, 4 ], "texture": "#shulker_green" }
			}
		},
		{
			"__comment": "shulker_green65",
			"from": [ 2, 12, 11 ],
			"to": [ 14, 15, 12 ],
			"faces": {
				"down": { "uv": [ 2, 4, 14, 5 ], "texture": "#shulker_green" },
				"up": { "uv": [ 2, 11, 14, 12 ], "texture": "#shulker_green" },
				"north": { "uv": [ 2, 1, 14, 4 ], "texture": "#shulker_green" },
				"south": { "uv": [ 2, 1, 14, 4 ], "texture": "#shulker_green" },
				"west": { "uv": [ 11, 1, 12, 4 ], "texture": "#shulker_green" },
				"east": { "uv": [ 4, 1, 5, 4 ], "texture": "#shulker_green" }
			}
		},
		{
			"__comment": "shulker_green66",
			"from": [ 1.5, 12, 5 ],
			"to": [ 14.5, 15, 6.5 ],
			"faces": {
				"down": { "uv": [ 1.5, 9.5, 14.5, 11 ], "texture": "#shulker_green" },
				"up": { "uv": [ 1.5, 5, 14.5, 6.5 ], "texture": "#shulker_green" },
				"north": { "uv": [ 1.5, 1, 14.5, 4 ], "texture": "#shulker_green" },
				"south": { "uv": [ 1.5, 1, 14.5, 4 ], "texture": "#shulker_green" },
				"west": { "uv": [ 5, 1, 6.5, 4 ], "texture": "#shulker_green" },
				"east": { "uv": [ 9.5, 1, 11, 4 ], "texture": "#shulker_green" }
			}
		},
		{
			"__comment": "shulker_green67",
			"from": [ 2, 12, 4 ],
			"to": [ 14, 15, 5 ],
			"faces": {
				"down": { "uv": [ 2, 11, 14, 12 ], "texture": "#shulker_green" },
				"up": { "uv": [ 2, 4, 14, 5 ], "texture": "#shulker_green" },
				"north": { "uv": [ 2, 1, 14, 4 ], "texture": "#shulker_green" },
				"south": { "uv": [ 2, 1, 14, 4 ], "texture": "#shulker_green" },
				"west": { "uv": [ 4, 1, 5, 4 ], "texture": "#shulker_green" },
				"east": { "uv": [ 11, 1, 12, 4 ], "texture": "#shulker_green" }
			}
		},
		{
			"__comment": "shulker_green68",
			"from": [ 2.5, 12, 3.5 ],
			"to": [ 13.5, 15, 4 ],
			"faces": {
				"down": { "uv": [ 2.5, 12, 13.5, 12.5 ], "texture": "#shulker_green" },
				"up": { "uv": [ 2.5, 3.5, 13.5, 4 ], "texture": "#shulker_green" },
				"north": { "uv": [ 2.5, 1, 13.5, 4 ], "texture": "#shulker_green" },
				"south": { "uv": [ 2.5, 1, 13.5, 4 ], "texture": "#shulker_green" },
				"west": { "uv": [ 3.5, 1, 4, 4 ], "texture": "#shulker_green" },
				"east": { "uv": [ 12, 1, 12.5, 4 ], "texture": "#shulker_green" }
			}
		},
		{
			"__comment": "shulker_green69",
			"from": [ 3, 12, 3 ],
			"to": [ 13, 15, 3.5 ],
			"faces": {
				"down": { "uv": [ 3, 12.5, 13, 13 ], "texture": "#shulker_green" },
				"up": { "uv": [ 3, 3, 13, 3.5 ], "texture": "#shulker_green" },
				"north": { "uv": [ 3, 1, 13, 4 ], "texture": "#shulker_green" },
				"south": { "uv": [ 3, 1, 13, 4 ], "texture": "#shulker_green" },
				"west": { "uv": [ 3, 1, 3.5, 4 ], "texture": "#shulker_green" },
				"east": { "uv": [ 12.5, 1, 13, 4 ], "texture": "#shulker_green" }
			}
		},
		{
			"__comment": "shulker_green70",
			"from": [ 3.5, 12, 2.5 ],
			"to": [ 12.5, 15, 3 ],
			"faces": {
				"down": { "uv": [ 3.5, 13, 12.5, 13.5 ], "texture": "#shulker_green" },
				"up": { "uv": [ 3.5, 2.5, 12.5, 3 ], "texture": "#shulker_green" },
				"north": { "uv": [ 3.5, 1, 12.5, 4 ], "texture": "#shulker_green" },
				"south": { "uv": [ 3.5, 1, 12.5, 4 ], "texture": "#shulker_green" },
				"west": { "uv": [ 2.5, 1, 3, 4 ], "texture": "#shulker_green" },
				"east": { "uv": [ 13, 1, 13.5, 4 ], "texture": "#shulker_green" }
			}
		},
		{
			"__comment": "shulker_green71",
			"from": [ 4.5, 12, 2 ],
			"to": [ 11.5, 15, 2.5 ],
			"faces": {
				"down": { "uv": [ 4.5, 13.5, 11.5, 14 ], "texture": "#shulker_green" },
				"up": { "uv": [ 4.5, 2, 11.5, 2.5 ], "texture": "#shulker_green" },
				"north": { "uv": [ 4.5, 1, 11.5, 4 ], "texture": "#shulker_green" },
				"south": { "uv": [ 4.5, 1, 11.5, 4 ], "texture": "#shulker_green" },
				"west": { "uv": [ 2, 1, 2.5, 4 ], "texture": "#shulker_green" },
				"east": { "uv": [ 13.5, 1, 14, 4 ], "texture": "#shulker_green" }
			}
		},
		{
			"__comment": "shulker_green72",
			"from": [ 5.5, 12, 1.5 ],
			"to": [ 10.5, 15, 2 ],
			"faces": {
				"down": { "uv": [ 5.5, 14, 10.5, 14.5 ], "texture": "#shulker_green" },
				"up": { "uv": [ 5.5, 1.5, 10.5, 2 ], "texture": "#shulker_green" },
				"north": { "uv": [ 5.5, 1, 10.5, 4 ], "texture": "#shulker_green" },
				"south": { "uv": [ 5.5, 1, 10.5, 4 ], "texture": "#shulker_green" },
				"west": { "uv": [ 1.5, 1, 2, 4 ], "texture": "#shulker_green" },
				"east": { "uv": [ 14, 1, 14.5, 4 ], "texture": "#shulker_green" }
			}
		},
		{
			"__comment": "shulker_green73",
			"from": [ 7, 9, 14 ],
			"to": [ 9, 10, 14.5 ],
			"faces": {
				"down": { "uv": [ 7, 1.5, 9, 2 ], "texture": "#shulker_green" },
				"up": { "uv": [ 7, 14, 9, 14.5 ], "texture": "#shulker_green" },
				"north": { "uv": [ 7, 6, 9, 7 ], "texture": "#shulker_green" },
				"south": { "uv": [ 7, 6, 9, 7 ], "texture": "#shulker_green" },
				"west": { "uv": [ 14, 6, 14.5, 7 ], "texture": "#shulker_green" },
				"east": { "uv": [ 1.5, 6, 2, 7 ], "texture": "#shulker_green" }
			}
		},
		{
			"__comment": "shulker_green74",
			"from": [ 4.5, 9, 13 ],
			"to": [ 5.5, 10, 13.5 ],
			"faces": {
				"down": { "uv": [ 4.5, 2.5, 5.5, 3 ], "texture": "#shulker_green" },
				"up": { "uv": [ 4.5, 13, 5.5, 13.5 ], "texture": "#shulker_green" },
				"north": { "uv": [ 10.5, 6, 11.5, 7 ], "texture": "#shulker_green" },
				"south": { "uv": [ 4.5, 6, 5.5, 7 ], "texture": "#shulker_green" },
				"west": { "uv": [ 13, 6, 13.5, 7 ], "texture": "#shulker_green" },
				"east": { "uv": [ 2.5, 6, 3, 7 ], "texture": "#shulker_green" }
			}
		},
		{
			"__comment": "shulker_green75",
			"from": [ 1, 12, 6.5 ],
			"to": [ 15, 15, 9.5 ],
			"faces": {
				"down": { "uv": [ 1, 6.5, 15, 9.5 ], "texture": "#shulker_green" },
				"up": { "uv": [ 1, 6.5, 15, 9.5 ], "texture": "#shulker_green" },
				"north": { "uv": [ 1, 1, 15, 4 ], "texture": "#shulker_green" },
				"south": { "uv": [ 1, 1, 15, 4 ], "texture": "#shulker_green" },
				"west": { "uv": [ 6.5, 1, 9.5, 4 ], "texture": "#shulker_green" },
				"east": { "uv": [ 6.5, 1, 9.5, 4 ], "texture": "#shulker_green" }
			}
		},
		{
			"__comment": "shulker_green76",
			"from": [ 2.5, 5.5, 14.5 ],
			"to": [ 13.5, 6, 15 ],
			"faces": {
				"down": { "uv": [ 2.5, 1, 13.5, 1.5 ], "texture": "#shulker_green" },
				"up": { "uv": [ 2.5, 14.5, 13.5, 15 ], "texture": "#shulker_green" },
				"north": { "uv": [ 2.5, 10, 13.5, 10.5 ], "texture": "#shulker_green" },
				"south": { "uv": [ 2.5, 10, 13.5, 10.5 ], "texture": "#shulker_green" },
				"west": { "uv": [ 14.5, 10, 15, 10.5 ], "texture": "#shulker_green" },
				"east": { "uv": [ 1, 10, 1.5, 10.5 ], "texture": "#shulker_green" }
			}
		},
		{
			"__comment": "shulker_green77",
			"from": [ 1, 15, 5 ],
			"to": [ 15, 17, 6.5 ],
			"faces": {
				"down": { "uv": [ 1, 9.5, 15, 11 ], "texture": "#shulker_green" },
				"up": { "uv": [ 1, 5, 15, 6.5 ], "texture": "#shulker_green" },
				"north": { "uv": [ 1, 0, 15, 1 ], "texture": "#shulker_green" },
				"south": { "uv": [ 1, 0, 15, 1 ], "texture": "#shulker_green" },
				"west": { "uv": [ 5, 0, 6.5, 1 ], "texture": "#shulker_green" },
				"east": { "uv": [ 9.5, 0, 11, 1 ], "texture": "#shulker_green" }
			}
		},
		{
			"__comment": "shulker_green78",
			"from": [ 0.5, 15, 6.5 ],
			"to": [ 15.5, 17, 9.5 ],
			"faces": {
				"down": { "uv": [ 0.5, 6.5, 15.5, 9.5 ], "texture": "#shulker_green" },
				"up": { "uv": [ 0.5, 6.5, 15.5, 9.5 ], "texture": "#shulker_green" },
				"north": { "uv": [ 0.5, 0, 15.5, 1 ], "texture": "#shulker_green" },
				"south": { "uv": [ 0.5, 0, 15.5, 1 ], "texture": "#shulker_green" },
				"west": { "uv": [ 6.5, 0, 9.5, 1 ], "texture": "#shulker_green" },
				"east": { "uv": [ 6.5, 0, 9.5, 1 ], "texture": "#shulker_green" }
			}
		},
		{
			"__comment": "shulker_green79",
			"from": [ 1, 15, 9.5 ],
			"to": [ 15, 17, 11 ],
			"faces": {
				"down": { "uv": [ 1, 5, 15, 6.5 ], "texture": "#shulker_green" },
				"up": { "uv": [ 1, 9.5, 15, 11 ], "texture": "#shulker_green" },
				"north": { "uv": [ 1, 0, 15, 1 ], "texture": "#shulker_green" },
				"south": { "uv": [ 1, 0, 15, 1 ], "texture": "#shulker_green" },
				"west": { "uv": [ 9.5, 0, 11, 1 ], "texture": "#shulker_green" },
				"east": { "uv": [ 5, 0, 6.5, 1 ], "texture": "#shulker_green" }
			}
		},
		{
			"__comment": "shulker_green80",
			"from": [ 3.5, 15, 2 ],
			"to": [ 12.5, 17, 2.5 ],
			"faces": {
				"down": { "uv": [ 3.5, 13.5, 12.5, 14 ], "texture": "#shulker_green" },
				"up": { "uv": [ 3.5, 2, 12.5, 2.5 ], "texture": "#shulker_green" },
				"north": { "uv": [ 3.5, 0, 12.5, 1 ], "texture": "#shulker_green" },
				"south": { "uv": [ 3.5, 0, 12.5, 1 ], "texture": "#shulker_green" },
				"west": { "uv": [ 2, 0, 2.5, 1 ], "texture": "#shulker_green" },
				"east": { "uv": [ 13.5, 0, 14, 1 ], "texture": "#shulker_green" }
			}
		},
		{
			"__comment": "shulker_green81",
			"from": [ 1.5, 15, 4 ],
			"to": [ 14.5, 17, 5 ],
			"faces": {
				"down": { "uv": [ 1.5, 11, 14.5, 12 ], "texture": "#shulker_green" },
				"up": { "uv": [ 1.5, 4, 14.5, 5 ], "texture": "#shulker_green" },
				"north": { "uv": [ 1.5, 0, 14.5, 1 ], "texture": "#shulker_green" },
				"south": { "uv": [ 1.5, 0, 14.5, 1 ], "texture": "#shulker_green" },
				"west": { "uv": [ 4, 0, 5, 1 ], "texture": "#shulker_green" },
				"east": { "uv": [ 11, 0, 12, 1 ], "texture": "#shulker_green" }
			}
		},
		{
			"__comment": "shulker_green82",
			"from": [ 3, 15, 2.5 ],
			"to": [ 13, 17, 3 ],
			"faces": {
				"down": { "uv": [ 3, 13, 13, 13.5 ], "texture": "#shulker_green" },
				"up": { "uv": [ 3, 2.5, 13, 3 ], "texture": "#shulker_green" },
				"north": { "uv": [ 3, 0, 13, 1 ], "texture": "#shulker_green" },
				"south": { "uv": [ 3, 0, 13, 1 ], "texture": "#shulker_green" },
				"west": { "uv": [ 2.5, 0, 3, 1 ], "texture": "#shulker_green" },
				"east": { "uv": [ 13, 0, 13.5, 1 ], "texture": "#shulker_green" }
			}
		},
		{
			"__comment": "shulker_green83",
			"from": [ 6.5, 15, 0.5 ],
			"to": [ 9.5, 17, 1 ],
			"faces": {
				"down": { "uv": [ 6.5, 15, 9.5, 15.5 ], "texture": "#shulker_green" },
				"up": { "uv": [ 6.5, 0.5, 9.5, 1 ], "texture": "#shulker_green" },
				"north": { "uv": [ 6.5, 0, 9.5, 1 ], "texture": "#shulker_green" },
				"south": { "uv": [ 6.5, 0, 9.5, 1 ], "texture": "#shulker_green" },
				"west": { "uv": [ 0.5, 0, 1, 1 ], "texture": "#shulker_green" },
				"east": { "uv": [ 15, 0, 15.5, 1 ], "texture": "#shulker_green" }
			}
		},
		{
			"__comment": "shulker_green84",
			"from": [ 5, 15, 1 ],
			"to": [ 11, 17, 1.5 ],
			"faces": {
				"down": { "uv": [ 5, 14.5, 11, 15 ], "texture": "#shulker_green" },
				"up": { "uv": [ 5, 1, 11, 1.5 ], "texture": "#shulker_green" },
				"north": { "uv": [ 5, 0, 11, 1 ], "texture": "#shulker_green" },
				"south": { "uv": [ 5, 0, 11, 1 ], "texture": "#shulker_green" },
				"west": { "uv": [ 1, 0, 1.5, 1 ], "texture": "#shulker_green" },
				"east": { "uv": [ 14.5, 0, 15, 1 ], "texture": "#shulker_green" }
			}
		},
		{
			"__comment": "shulker_green85",
			"from": [ 4, 15, 1.5 ],
			"to": [ 12, 17, 2 ],
			"faces": {
				"down": { "uv": [ 4, 14, 12, 14.5 ], "texture": "#shulker_green" },
				"up": { "uv": [ 4, 1.5, 12, 2 ], "texture": "#shulker_green" },
				"north": { "uv": [ 4, 0, 12, 1 ], "texture": "#shulker_green" },
				"south": { "uv": [ 4, 0, 12, 1 ], "texture": "#shulker_green" },
				"west": { "uv": [ 1.5, 0, 2, 1 ], "texture": "#shulker_green" },
				"east": { "uv": [ 14, 0, 14.5, 1 ], "texture": "#shulker_green" }
			}
		},
		{
			"__comment": "shulker_green86",
			"from": [ 1.5, 15, 11 ],
			"to": [ 14.5, 17, 12 ],
			"faces": {
				"down": { "uv": [ 1.5, 4, 14.5, 5 ], "texture": "#shulker_green" },
				"up": { "uv": [ 1.5, 11, 14.5, 12 ], "texture": "#shulker_green" },
				"north": { "uv": [ 1.5, 0, 14.5, 1 ], "texture": "#shulker_green" },
				"south": { "uv": [ 1.5, 0, 14.5, 1 ], "texture": "#shulker_green" },
				"west": { "uv": [ 11, 0, 12, 1 ], "texture": "#shulker_green" },
				"east": { "uv": [ 4, 0, 5, 1 ], "texture": "#shulker_green" }
			}
		},
		{
			"__comment": "shulker_green87",
			"from": [ 2, 15, 3.5 ],
			"to": [ 14, 17, 4 ],
			"faces": {
				"down": { "uv": [ 2, 12, 14, 12.5 ], "texture": "#shulker_green" },
				"up": { "uv": [ 2, 3.5, 14, 4 ], "texture": "#shulker_green" },
				"north": { "uv": [ 2, 0, 14, 1 ], "texture": "#shulker_green" },
				"south": { "uv": [ 2, 0, 14, 1 ], "texture": "#shulker_green" },
				"west": { "uv": [ 3.5, 0, 4, 1 ], "texture": "#shulker_green" },
				"east": { "uv": [ 12, 0, 12.5, 1 ], "texture": "#shulker_green" }
			}
		},
		{
			"__comment": "shulker_green88",
			"from": [ 2.5, 15, 3 ],
			"to": [ 13.5, 17, 3.5 ],
			"faces": {
				"down": { "uv": [ 2.5, 12.5, 13.5, 13 ], "texture": "#shulker_green" },
				"up": { "uv": [ 2.5, 3, 13.5, 3.5 ], "texture": "#shulker_green" },
				"north": { "uv": [ 2.5, 0, 13.5, 1 ], "texture": "#shulker_green" },
				"south": { "uv": [ 2.5, 0, 13.5, 1 ], "texture": "#shulker_green" },
				"west": { "uv": [ 3, 0, 3.5, 1 ], "texture": "#shulker_green" },
				"east": { "uv": [ 12.5, 0, 13, 1 ], "texture": "#shulker_green" }
			}
		},
		{
			"__comment": "shulker_green89",
			"from": [ 6.5, 15, 15 ],
			"to": [ 9.5, 17, 15.5 ],
			"faces": {
				"down": { "uv": [ 6.5, 0.5, 9.5, 1 ], "texture": "#shulker_green" },
				"up": { "uv": [ 6.5, 15, 9.5, 15.5 ], "texture": "#shulker_green" },
				"north": { "uv": [ 6.5, 0, 9.5, 1 ], "texture": "#shulker_green" },
				"south": { "uv": [ 6.5, 0, 9.5, 1 ], "texture": "#shulker_green" },
				"west": { "uv": [ 15, 0, 15.5, 1 ], "texture": "#shulker_green" },
				"east": { "uv": [ 0.5, 0, 1, 1 ], "texture": "#shulker_green" }
			}
		},
		{
			"__comment": "shulker_green90",
			"from": [ 5, 15, 14.5 ],
			"to": [ 11, 17, 15 ],
			"faces": {
				"down": { "uv": [ 5, 1, 11, 1.5 ], "texture": "#shulker_green" },
				"up": { "uv": [ 5, 14.5, 11, 15 ], "texture": "#shulker_green" },
				"north": { "uv": [ 5, 0, 11, 1 ], "texture": "#shulker_green" },
				"south": { "uv": [ 5, 0, 11, 1 ], "texture": "#shulker_green" },
				"west": { "uv": [ 14.5, 0, 15, 1 ], "texture": "#shulker_green" },
				"east": { "uv": [ 1, 0, 1.5, 1 ], "texture": "#shulker_green" }
			}
		},
		{
			"__comment": "shulker_green91",
			"from": [ 4, 15, 14 ],
			"to": [ 12, 17, 14.5 ],
			"faces": {
				"down": { "uv": [ 4, 1.5, 12, 2 ], "texture": "#shulker_green" },
				"up": { "uv": [ 4, 14, 12, 14.5 ], "texture": "#shulker_green" },
				"north": { "uv": [ 4, 0, 12, 1 ], "texture": "#shulker_green" },
				"south": { "uv": [ 4, 0, 12, 1 ], "texture": "#shulker_green" },
				"west": { "uv": [ 14, 0, 14.5, 1 ], "texture": "#shulker_green" },
				"east": { "uv": [ 1.5, 0, 2, 1 ], "texture": "#shulker_green" }
			}
		},
		{
			"__comment": "shulker_green92",
			"from": [ 3.5, 15, 13.5 ],
			"to": [ 12.5, 17, 14 ],
			"faces": {
				"down": { "uv": [ 3.5, 2, 12.5, 2.5 ], "texture": "#shulker_green" },
				"up": { "uv": [ 3.5, 13.5, 12.5, 14 ], "texture": "#shulker_green" },
				"north": { "uv": [ 3.5, 0, 12.5, 1 ], "texture": "#shulker_green" },
				"south": { "uv": [ 3.5, 0, 12.5, 1 ], "texture": "#shulker_green" },
				"west": { "uv": [ 13.5, 0, 14, 1 ], "texture": "#shulker_green" },
				"east": { "uv": [ 2, 0, 2.5, 1 ], "texture": "#shulker_green" }
			}
		},
		{
			"__comment": "shulker_green93",
			"from": [ 3, 15, 13 ],
			"to": [ 13, 17, 13.5 ],
			"faces": {
				"down": { "uv": [ 3, 2.5, 13, 3 ], "texture": "#shulker_green" },
				"up": { "uv": [ 3, 13, 13, 13.5 ], "texture": "#shulker_green" },
				"north": { "uv": [ 3, 0, 13, 1 ], "texture": "#shulker_green" },
				"south": { "uv": [ 3, 0, 13, 1 ], "texture": "#shulker_green" },
				"west": { "uv": [ 13, 0, 13.5, 1 ], "texture": "#shulker_green" },
				"east": { "uv": [ 2.5, 0, 3, 1 ], "texture": "#shulker_green" }
			}
		},
		{
			"__comment": "shulker_green94",
			"from": [ 2.5, 15, 12.5 ],
			"to": [ 13.5, 17, 13 ],
			"faces": {
				"down": { "uv": [ 2.5, 3, 13.5, 3.5 ], "texture": "#shulker_green" },
				"up": { "uv": [ 2.5, 12.5, 13.5, 13 ], "texture": "#shulker_green" },
				"north": { "uv": [ 2.5, 0, 13.5, 1 ], "texture": "#shulker_green" },
				"south": { "uv": [ 2.5, 0, 13.5, 1 ], "texture": "#shulker_green" },
				"west": { "uv": [ 12.5, 0, 13, 1 ], "texture": "#shulker_green" },
				"east": { "uv": [ 3, 0, 3.5, 1 ], "texture": "#shulker_green" }
			}
		},
		{
			"__comment": "shulker_green95",
			"from": [ 2, 15, 12 ],
			"to": [ 14, 17, 12.5 ],
			"faces": {
				"down": { "uv": [ 2, 3.5, 14, 4 ], "texture": "#shulker_green" },
				"up": { "uv": [ 2, 12, 14, 12.5 ], "texture": "#shulker_green" },
				"north": { "uv": [ 2, 0, 14, 1 ], "texture": "#shulker_green" },
				"south": { "uv": [ 2, 0, 14, 1 ], "texture": "#shulker_green" },
				"west": { "uv": [ 12, 0, 12.5, 1 ], "texture": "#shulker_green" },
				"east": { "uv": [ 3.5, 0, 4, 1 ], "texture": "#shulker_green" }
			}
		},
		{
			"__comment": "shulker_green96",
			"from": [ 1.5, 12, 9.5 ],
			"to": [ 14.5, 15, 11 ],
			"faces": {
				"down": { "uv": [ 1.5, 5, 14.5, 6.5 ], "texture": "#shulker_green" },
				"up": { "uv": [ 1.5, 9.5, 14.5, 11 ], "texture": "#shulker_green" },
				"north": { "uv": [ 1.5, 1, 14.5, 4 ], "texture": "#shulker_green" },
				"south": { "uv": [ 1.5, 1, 14.5, 4 ], "texture": "#shulker_green" },
				"west": { "uv": [ 9.5, 1, 11, 4 ], "texture": "#shulker_green" },
				"east": { "uv": [ 5, 1, 6.5, 4 ], "texture": "#shulker_green" }
			}
		},
		{
			"__comment": "shulker_green97",
			"from": [ -1, 5.5, 6.5 ],
			"to": [ 17, 6, 9.5 ],
			"faces": {
				"down": { "uv": [ 0, 6.5, 16, 9.5 ], "texture": "#shulker_green" },
				"up": { "uv": [ 0, 6.5, 16, 9.5 ], "texture": "#shulker_green" },
				"north": { "uv": [ 0, 10, 16, 10.5 ], "texture": "#shulker_green" },
				"south": { "uv": [ 0, 10, 16, 10.5 ], "texture": "#shulker_green" },
				"west": { "uv": [ 6.5, 10, 9.5, 10.5 ], "texture": "#shulker_green" },
				"east": { "uv": [ 6.5, 10, 9.5, 10.5 ], "texture": "#shulker_green" }
			}
		},
		{
			"__comment": "shulker_green98",
			"from": [ 6.5, 5.5, -1 ],
			"to": [ 9.5, 6, -0.5 ],
			"faces": {
				"down": { "uv": [ 6.5, 0.5, 9.5, 1 ], "texture": "#shulker_green" },
				"up": { "uv": [ 6.5, 15, 9.5, 15.5 ], "texture": "#shulker_green" },
				"north": { "uv": [ 6.5, 10, 9.5, 10.5 ], "texture": "#shulker_green" },
				"south": { "uv": [ 6.5, 10, 9.5, 10.5 ], "texture": "#shulker_green" },
				"west": { "uv": [ 15, 10, 15.5, 10.5 ], "texture": "#shulker_green" },
				"east": { "uv": [ 0.5, 10, 1, 10.5 ], "texture": "#shulker_green" }
			}
		},
		{
			"__comment": "shulker_green99",
			"from": [ 4, 5.5, 0 ],
			"to": [ 12, 6, 0.5 ],
			"faces": {
				"down": { "uv": [ 4, 15.5, 12, 16 ], "texture": "#shulker_green" },
				"up": { "uv": [ 4, 0, 12, 0.5 ], "texture": "#shulker_green" },
				"north": { "uv": [ 4, 10, 12, 10.5 ], "texture": "#shulker_green" },
				"south": { "uv": [ 4, 10, 12, 10.5 ], "texture": "#shulker_green" },
				"west": { "uv": [ 0, 10, 0.5, 10.5 ], "texture": "#shulker_green" },
				"east": { "uv": [ 15.5, 10, 16, 10.5 ], "texture": "#shulker_green" }
			}
		},
		{
			"__comment": "shulker_green100",
			"from": [ -0.5, 5.5, 5 ],
			"to": [ 16.5, 6, 6.5 ],
			"faces": {
				"down": { "uv": [ 0, 9.5, 16, 11 ], "texture": "#shulker_green" },
				"up": { "uv": [ 0, 5, 16, 6.5 ], "texture": "#shulker_green" },
				"north": { "uv": [ 0, 10, 16, 10.5 ], "texture": "#shulker_green" },
				"south": { "uv": [ 0, 10, 16, 10.5 ], "texture": "#shulker_green" },
				"west": { "uv": [ 5, 10, 6.5, 10.5 ], "texture": "#shulker_green" },
				"east": { "uv": [ 9.5, 10, 11, 10.5 ], "texture": "#shulker_green" }
			}
		},
		{
			"__comment": "shulker_green101",
			"from": [ 0, 5.5, 4 ],
			"to": [ 16, 6, 5 ],
			"faces": {
				"down": { "uv": [ 0, 11, 16, 12 ], "texture": "#shulker_green" },
				"up": { "uv": [ 0, 4, 16, 5 ], "texture": "#shulker_green" },
				"north": { "uv": [ 0, 10, 16, 10.5 ], "texture": "#shulker_green" },
				"south": { "uv": [ 0, 10, 16, 10.5 ], "texture": "#shulker_green" },
				"west": { "uv": [ 4, 10, 5, 10.5 ], "texture": "#shulker_green" },
				"east": { "uv": [ 11, 10, 12, 10.5 ], "texture": "#shulker_green" }
			}
		},
		{
			"__comment": "shulker_green102",
			"from": [ 2, 5.5, 1.5 ],
			"to": [ 14, 6, 2 ],
			"faces": {
				"down": { "uv": [ 2, 14, 14, 14.5 ], "texture": "#shulker_green" },
				"up": { "uv": [ 2, 1.5, 14, 2 ], "texture": "#shulker_green" },
				"north": { "uv": [ 2, 10, 14, 10.5 ], "texture": "#shulker_green" },
				"south": { "uv": [ 2, 10, 14, 10.5 ], "texture": "#shulker_green" },
				"west": { "uv": [ 1.5, 10, 2, 10.5 ], "texture": "#shulker_green" },
				"east": { "uv": [ 14, 10, 14.5, 10.5 ], "texture": "#shulker_green" }
			}
		},
		{
			"__comment": "shulker_green103",
			"from": [ 5, 5.5, -0.5 ],
			"to": [ 11, 6, 0 ],
			"faces": {
				"down": { "uv": [ 5, 0, 11, 0.5 ], "texture": "#shulker_green" },
				"up": { "uv": [ 5, 15.5, 11, 16 ], "texture": "#shulker_green" },
				"north": { "uv": [ 5, 10, 11, 10.5 ], "texture": "#shulker_green" },
				"south": { "uv": [ 5, 10, 11, 10.5 ], "texture": "#shulker_green" },
				"west": { "uv": [ 15.5, 10, 16, 10.5 ], "texture": "#shulker_green" },
				"east": { "uv": [ 0, 10, 0.5, 10.5 ], "texture": "#shulker_green" }
			}
		},
		{
			"__comment": "shulker_green104",
			"from": [ 0.5, 5.5, 3 ],
			"to": [ 15.5, 6, 4 ],
			"faces": {
				"down": { "uv": [ 0.5, 12, 15.5, 13 ], "texture": "#shulker_green" },
				"up": { "uv": [ 0.5, 3, 15.5, 4 ], "texture": "#shulker_green" },
				"north": { "uv": [ 0.5, 10, 15.5, 10.5 ], "texture": "#shulker_green" },
				"south": { "uv": [ 0.5, 10, 15.5, 10.5 ], "texture": "#shulker_green" },
				"west": { "uv": [ 3, 10, 4, 10.5 ], "texture": "#shulker_green" },
				"east": { "uv": [ 12, 10, 13, 10.5 ], "texture": "#shulker_green" }
			}
		},
		{
			"__comment": "shulker_green105",
			"from": [ 1, 5.5, 2.5 ],
			"to": [ 15, 6, 3 ],
			"faces": {
				"down": { "uv": [ 1, 13, 15, 13.5 ], "texture": "#shulker_green" },
				"up": { "uv": [ 1, 2.5, 15, 3 ], "texture": "#shulker_green" },
				"north": { "uv": [ 1, 10, 15, 10.5 ], "texture": "#shulker_green" },
				"south": { "uv": [ 1, 10, 15, 10.5 ], "texture": "#shulker_green" },
				"west": { "uv": [ 2.5, 10, 3, 10.5 ], "texture": "#shulker_green" },
				"east": { "uv": [ 13, 10, 13.5, 10.5 ], "texture": "#shulker_green" }
			}
		},
		{
			"__comment": "shulker_green106",
			"from": [ 1.5, 5.5, 2 ],
			"to": [ 14.5, 6, 2.5 ],
			"faces": {
				"down": { "uv": [ 1.5, 13.5, 14.5, 14 ], "texture": "#shulker_green" },
				"up": { "uv": [ 1.5, 2, 14.5, 2.5 ], "texture": "#shulker_green" },
				"north": { "uv": [ 1.5, 10, 14.5, 10.5 ], "texture": "#shulker_green" },
				"south": { "uv": [ 1.5, 10, 14.5, 10.5 ], "texture": "#shulker_green" },
				"west": { "uv": [ 2, 10, 2.5, 10.5 ], "texture": "#shulker_green" },
				"east": { "uv": [ 13.5, 10, 14, 10.5 ], "texture": "#shulker_green" }
			}
		},
		{
			"__comment": "shulker_green107",
			"from": [ -0.5, 5.5, 9.5 ],
			"to": [ 16.5, 6, 11 ],
			"faces": {
				"down": { "uv": [ 0, 5, 16, 6.5 ], "texture": "#shulker_green" },
				"up": { "uv": [ 0, 9.5, 16, 11 ], "texture": "#shulker_green" },
				"north": { "uv": [ 0, 10, 16, 10.5 ], "texture": "#shulker_green" },
				"south": { "uv": [ 0, 10, 16, 10.5 ], "texture": "#shulker_green" },
				"west": { "uv": [ 9.5, 10, 11, 10.5 ], "texture": "#shulker_green" },
				"east": { "uv": [ 5, 10, 6.5, 10.5 ], "texture": "#shulker_green" }
			}
		},
		{
			"__comment": "shulker_green108",
			"from": [ 0, 5.5, 11 ],
			"to": [ 16, 6, 12 ],
			"faces": {
				"down": { "uv": [ 0, 4, 16, 5 ], "texture": "#shulker_green" },
				"up": { "uv": [ 0, 11, 16, 12 ], "texture": "#shulker_green" },
				"north": { "uv": [ 0, 10, 16, 10.5 ], "texture": "#shulker_green" },
				"south": { "uv": [ 0, 10, 16, 10.5 ], "texture": "#shulker_green" },
				"west": { "uv": [ 11, 10, 12, 10.5 ], "texture": "#shulker_green" },
				"east": { "uv": [ 4, 10, 5, 10.5 ], "texture": "#shulker_green" }
			}
		},
		{
			"__comment": "shulker_green109",
			"from": [ 0.5, 5.5, 12 ],
			"to": [ 15.5, 6, 13 ],
			"faces": {
				"down": { "uv": [ 0.5, 3, 15.5, 4 ], "texture": "#shulker_green" },
				"up": { "uv": [ 0.5, 12, 15.5, 13 ], "texture": "#shulker_green" },
				"north": { "uv": [ 0.5, 10, 15.5, 10.5 ], "texture": "#shulker_green" },
				"south": { "uv": [ 0.5, 10, 15.5, 10.5 ], "texture": "#shulker_green" },
				"west": { "uv": [ 12, 10, 13, 10.5 ], "texture": "#shulker_green" },
				"east": { "uv": [ 3, 10, 4, 10.5 ], "texture": "#shulker_green" }
			}
		},
		{
			"__comment": "shulker_green110",
			"from": [ 1, 5.5, 13 ],
			"to": [ 15, 6, 13.5 ],
			"faces": {
				"down": { "uv": [ 1, 2.5, 15, 3 ], "texture": "#shulker_green" },
				"up": { "uv": [ 1, 13, 15, 13.5 ], "texture": "#shulker_green" },
				"north": { "uv": [ 1, 10, 15, 10.5 ], "texture": "#shulker_green" },
				"south": { "uv": [ 1, 10, 15, 10.5 ], "texture": "#shulker_green" },
				"west": { "uv": [ 13, 10, 13.5, 10.5 ], "texture": "#shulker_green" },
				"east": { "uv": [ 2.5, 10, 3, 10.5 ], "texture": "#shulker_green" }
			}
		},
		{
			"__comment": "shulker_green111",
			"from": [ 2, 5.5, 14 ],
			"to": [ 14, 6, 14.5 ],
			"faces": {
				"down": { "uv": [ 2, 1.5, 14, 2 ], "texture": "#shulker_green" },
				"up": { "uv": [ 2, 14, 14, 14.5 ], "texture": "#shulker_green" },
				"north": { "uv": [ 2, 10, 14, 10.5 ], "texture": "#shulker_green" },
				"south": { "uv": [ 2, 10, 14, 10.5 ], "texture": "#shulker_green" },
				"west": { "uv": [ 14, 10, 14.5, 10.5 ], "texture": "#shulker_green" },
				"east": { "uv": [ 1.5, 10, 2, 10.5 ], "texture": "#shulker_green" }
			}
		},
		{
			"__comment": "shulker_green112",
			"from": [ 2.5, 5.5, 1 ],
			"to": [ 13.5, 6, 1.5 ],
			"faces": {
				"down": { "uv": [ 2.5, 14.5, 13.5, 15 ], "texture": "#shulker_green" },
				"up": { "uv": [ 2.5, 1, 13.5, 1.5 ], "texture": "#shulker_green" },
				"north": { "uv": [ 2.5, 10, 13.5, 10.5 ], "texture": "#shulker_green" },
				"south": { "uv": [ 2.5, 10, 13.5, 10.5 ], "texture": "#shulker_green" },
				"west": { "uv": [ 1, 10, 1.5, 10.5 ], "texture": "#shulker_green" },
				"east": { "uv": [ 14.5, 10, 15, 10.5 ], "texture": "#shulker_green" }
			}
		},
		{
			"__comment": "shulker_green113",
			"from": [ 3, 5.5, 0.5 ],
			"to": [ 13, 6, 1 ],
			"faces": {
				"down": { "uv": [ 3, 15, 13, 15.5 ], "texture": "#shulker_green" },
				"up": { "uv": [ 3, 0.5, 13, 1 ], "texture": "#shulker_green" },
				"north": { "uv": [ 3, 10, 13, 10.5 ], "texture": "#shulker_green" },
				"south": { "uv": [ 3, 10, 13, 10.5 ], "texture": "#shulker_green" },
				"west": { "uv": [ 0.5, 10, 1, 10.5 ], "texture": "#shulker_green" },
				"east": { "uv": [ 15, 10, 15.5, 10.5 ], "texture": "#shulker_green" }
			}
		},
		{
			"__comment": "shulker_green114",
			"from": [ 3, 5.5, 15 ],
			"to": [ 13, 6, 15.5 ],
			"faces": {
				"down": { "uv": [ 3, 0.5, 13, 1 ], "texture": "#shulker_green" },
				"up": { "uv": [ 3, 15, 13, 15.5 ], "texture": "#shulker_green" },
				"north": { "uv": [ 3, 10, 13, 10.5 ], "texture": "#shulker_green" },
				"south": { "uv": [ 3, 10, 13, 10.5 ], "texture": "#shulker_green" },
				"west": { "uv": [ 15, 10, 15.5, 10.5 ], "texture": "#shulker_green" },
				"east": { "uv": [ 0.5, 10, 1, 10.5 ], "texture": "#shulker_green" }
			}
		},
		{
			"__comment": "shulker_green115",
			"from": [ 1.5, 5.5, 13.5 ],
			"to": [ 14.5, 6, 14 ],
			"faces": {
				"down": { "uv": [ 1.5, 2, 14.5, 2.5 ], "texture": "#shulker_green" },
				"up": { "uv": [ 1.5, 13.5, 14.5, 14 ], "texture": "#shulker_green" },
				"north": { "uv": [ 1.5, 10, 14.5, 10.5 ], "texture": "#shulker_green" },
				"south": { "uv": [ 1.5, 10, 14.5, 10.5 ], "texture": "#shulker_green" },
				"west": { "uv": [ 13.5, 10, 14, 10.5 ], "texture": "#shulker_green" },
				"east": { "uv": [ 2, 10, 2.5, 10.5 ], "texture": "#shulker_green" }
			}
		},
		{
			"__comment": "shulker_green116",
			"from": [ 6.5, 5.5, 16.5 ],
			"to": [ 9.5, 6, 17 ],
			"faces": {
				"down": { "uv": [ 6.5, 15, 9.5, 15.5 ], "texture": "#shulker_green" },
				"up": { "uv": [ 6.5, 0.5, 9.5, 1 ], "texture": "#shulker_green" },
				"north": { "uv": [ 6.5, 10, 9.5, 10.5 ], "texture": "#shulker_green" },
				"south": { "uv": [ 6.5, 10, 9.5, 10.5 ], "texture": "#shulker_green" },
				"west": { "uv": [ 0.5, 10, 1, 10.5 ], "texture": "#shulker_green" },
				"east": { "uv": [ 15, 10, 15.5, 10.5 ], "texture": "#shulker_green" }
			}
		},
		{
			"__comment": "shulker_green117",
			"from": [ 5, 5.5, 16 ],
			"to": [ 11, 6, 16.5 ],
			"faces": {
				"down": { "uv": [ 5, 15.5, 11, 16 ], "texture": "#shulker_green" },
				"up": { "uv": [ 5, 0, 11, 0.5 ], "texture": "#shulker_green" },
				"north": { "uv": [ 5, 10, 11, 10.5 ], "texture": "#shulker_green" },
				"south": { "uv": [ 5, 10, 11, 10.5 ], "texture": "#shulker_green" },
				"west": { "uv": [ 0, 10, 0.5, 10.5 ], "texture": "#shulker_green" },
				"east": { "uv": [ 15.5, 10, 16, 10.5 ], "texture": "#shulker_green" }
			}
		},
		{
			"__comment": "shulker_green118",
			"from": [ 4, 5.5, 15.5 ],
			"to": [ 12, 6, 16 ],
			"faces": {
				"down": { "uv": [ 4, 0, 12, 0.5 ], "texture": "#shulker_green" },
				"up": { "uv": [ 4, 15.5, 12, 16 ], "texture": "#shulker_green" },
				"north": { "uv": [ 4, 10, 12, 10.5 ], "texture": "#shulker_green" },
				"south": { "uv": [ 4, 10, 12, 10.5 ], "texture": "#shulker_green" },
				"west": { "uv": [ 15.5, 10, 16, 10.5 ], "texture": "#shulker_green" },
				"east": { "uv": [ 0, 10, 0.5, 10.5 ], "texture": "#shulker_green" }
			}
		},
		{
			"__comment": "wool_green",
			"from": [ 7, 6, 1.5 ],
			"to": [ 9, 9, 2 ],
			"faces": {
				"down": { "uv": [ 7, 14, 9, 14.5 ], "texture": "#wool_green" },
				"up": { "uv": [ 7, 1.5, 9, 2 ], "texture": "#wool_green" },
				"north": { "uv": [ 7, 7, 9, 10 ], "texture": "#wool_green" },
				"south": { "uv": [ 7, 7, 9, 10 ], "texture": "#wool_green" },
				"west": { "uv": [ 1.5, 7, 2, 10 ], "texture": "#wool_green" },
				"east": { "uv": [ 14, 7, 14.5, 10 ], "texture": "#wool_green" }
			}
		},
		{
			"__comment": "wool_green1",
			"from": [ 1.5, 6, 7 ],
			"to": [ 2, 9, 9 ],
			"faces": {
				"down": { "uv": [ 1.5, 7, 2, 9 ], "texture": "#wool_green" },
				"up": { "uv": [ 1.5, 7, 2, 9 ], "texture": "#wool_green" },
				"north": { "uv": [ 14, 7, 14.5, 10 ], "texture": "#wool_green" },
				"south": { "uv": [ 1.5, 7, 2, 10 ], "texture": "#wool_green" },
				"west": { "uv": [ 7, 7, 9, 10 ], "texture": "#wool_green" },
				"east": { "uv": [ 7, 7, 9, 10 ], "texture": "#wool_green" }
			}
		},
		{
			"__comment": "wool_green2",
			"from": [ 2.5, 6, 4.5 ],
			"to": [ 3, 9, 5.5 ],
			"faces": {
				"down": { "uv": [ 2.5, 10.5, 3, 11.5 ], "texture": "#wool_green" },
				"up": { "uv": [ 2.5, 4.5, 3, 5.5 ], "texture": "#wool_green" },
				"north": { "uv": [ 13, 7, 13.5, 10 ], "texture": "#wool_green" },
				"south": { "uv": [ 2.5, 7, 3, 10 ], "texture": "#wool_green" },
				"west": { "uv": [ 4.5, 7, 5.5, 10 ], "texture": "#wool_green" },
				"east": { "uv": [ 10.5, 7, 11.5, 10 ], "texture": "#wool_green" }
			}
		},
		{
			"__comment": "wool_green3",
			"from": [ 3, 6, 4 ],
			"to": [ 3.5, 9, 4.5 ],
			"faces": {
				"down": { "uv": [ 3, 11.5, 3.5, 12 ], "texture": "#wool_green" },
				"up": { "uv": [ 3, 4, 3.5, 4.5 ], "texture": "#wool_green" },
				"north": { "uv": [ 12.5, 7, 13, 10 ], "texture": "#wool_green" },
				"south": { "uv": [ 3, 7, 3.5, 10 ], "texture": "#wool_green" },
				"west": { "uv": [ 4, 7, 4.5, 10 ], "texture": "#wool_green" },
				"east": { "uv": [ 11.5, 7, 12, 10 ], "texture": "#wool_green" }
			}
		},
		{
			"__comment": "wool_green4",
			"from": [ 3.5, 6, 3.5 ],
			"to": [ 4, 9, 4 ],
			"faces": {
				"down": { "uv": [ 3.5, 12, 4, 12.5 ], "texture": "#wool_green" },
				"up": { "uv": [ 3.5, 3.5, 4, 4 ], "texture": "#wool_green" },
				"north": { "uv": [ 12, 7, 12.5, 10 ], "texture": "#wool_green" },
				"south": { "uv": [ 3.5, 7, 4, 10 ], "texture": "#wool_green" },
				"west": { "uv": [ 3.5, 7, 4, 10 ], "texture": "#wool_green" },
				"east": { "uv": [ 12, 7, 12.5, 10 ], "texture": "#wool_green" }
			}
		},
		{
			"__comment": "wool_green5",
			"from": [ 4, 6, 3 ],
			"to": [ 4.5, 9, 3.5 ],
			"faces": {
				"down": { "uv": [ 4, 12.5, 4.5, 13 ], "texture": "#wool_green" },
				"up": { "uv": [ 4, 3, 4.5, 3.5 ], "texture": "#wool_green" },
				"north": { "uv": [ 11.5, 7, 12, 10 ], "texture": "#wool_green" },
				"south": { "uv": [ 4, 7, 4.5, 10 ], "texture": "#wool_green" },
				"west": { "uv": [ 3, 7, 3.5, 10 ], "texture": "#wool_green" },
				"east": { "uv": [ 12.5, 7, 13, 10 ], "texture": "#wool_green" }
			}
		},
		{
			"__comment": "wool_green6",
			"from": [ 4.5, 6, 2.5 ],
			"to": [ 5.5, 9, 3 ],
			"faces": {
				"down": { "uv": [ 4.5, 13, 5.5, 13.5 ], "texture": "#wool_green" },
				"up": { "uv": [ 4.5, 2.5, 5.5, 3 ], "texture": "#wool_green" },
				"north": { "uv": [ 10.5, 7, 11.5, 10 ], "texture": "#wool_green" },
				"south": { "uv": [ 4.5, 7, 5.5, 10 ], "texture": "#wool_green" },
				"west": { "uv": [ 2.5, 7, 3, 10 ], "texture": "#wool_green" },
				"east": { "uv": [ 13, 7, 13.5, 10 ], "texture": "#wool_green" }
			}
		},
		{
			"__comment": "wool_green7",
			"from": [ 9, 6, 2 ],
			"to": [ 10.5, 9, 2.5 ],
			"faces": {
				"down": { "uv": [ 9, 13.5, 10.5, 14 ], "texture": "#wool_green" },
				"up": { "uv": [ 9, 2, 10.5, 2.5 ], "texture": "#wool_green" },
				"north": { "uv": [ 5.5, 7, 7, 10 ], "texture": "#wool_green" },
				"south": { "uv": [ 9, 7, 10.5, 10 ], "texture": "#wool_green" },
				"west": { "uv": [ 2, 7, 2.5, 10 ], "texture": "#wool_green" },
				"east": { "uv": [ 13.5, 7, 14, 10 ], "texture": "#wool_green" }
			}
		},
		{
			"__comment": "wool_green8",
			"from": [ 5.5, 6, 2 ],
			"to": [ 7, 9, 2.5 ],
			"faces": {
				"down": { "uv": [ 5.5, 13.5, 7, 14 ], "texture": "#wool_green" },
				"up": { "uv": [ 5.5, 2, 7, 2.5 ], "texture": "#wool_green" },
				"north": { "uv": [ 9, 7, 10.5, 10 ], "texture": "#wool_green" },
				"south": { "uv": [ 5.5, 7, 7, 10 ], "texture": "#wool_green" },
				"west": { "uv": [ 2, 7, 2.5, 10 ], "texture": "#wool_green" },
				"east": { "uv": [ 13.5, 7, 14, 10 ], "texture": "#wool_green" }
			}
		},
		{
			"__comment": "wool_green9",
			"from": [ 2, 6, 5.5 ],
			"to": [ 2.5, 9, 7 ],
			"faces": {
				"down": { "uv": [ 2, 9, 2.5, 10.5 ], "texture": "#wool_green" },
				"up": { "uv": [ 2, 5.5, 2.5, 7 ], "texture": "#wool_green" },
				"north": { "uv": [ 13.5, 7, 14, 10 ], "texture": "#wool_green" },
				"south": { "uv": [ 2, 7, 2.5, 10 ], "texture": "#wool_green" },
				"west": { "uv": [ 5.5, 7, 7, 10 ], "texture": "#wool_green" },
				"east": { "uv": [ 9, 7, 10.5, 10 ], "texture": "#wool_green" }
			}
		},
		{
			"__comment": "wool_green10",
			"from": [ 2, 6, 9 ],
			"to": [ 2.5, 9, 10.5 ],
			"faces": {
				"down": { "uv": [ 2, 5.5, 2.5, 7 ], "texture": "#wool_green" },
				"up": { "uv": [ 2, 9, 2.5, 10.5 ], "texture": "#wool_green" },
				"north": { "uv": [ 13.5, 7, 14, 10 ], "texture": "#wool_green" },
				"south": { "uv": [ 2, 7, 2.5, 10 ], "texture": "#wool_green" },
				"west": { "uv": [ 9, 7, 10.5, 10 ], "texture": "#wool_green" },
				"east": { "uv": [ 5.5, 7, 7, 10 ], "texture": "#wool_green" }
			}
		},
		{
			"__comment": "wool_green11",
			"from": [ 2.5, 6, 10.5 ],
			"to": [ 3, 9, 11.5 ],
			"faces": {
				"down": { "uv": [ 2.5, 4.5, 3, 5.5 ], "texture": "#wool_green" },
				"up": { "uv": [ 2.5, 10.5, 3, 11.5 ], "texture": "#wool_green" },
				"north": { "uv": [ 13, 7, 13.5, 10 ], "texture": "#wool_green" },
				"south": { "uv": [ 2.5, 7, 3, 10 ], "texture": "#wool_green" },
				"west": { "uv": [ 10.5, 7, 11.5, 10 ], "texture": "#wool_green" },
				"east": { "uv": [ 4.5, 7, 5.5, 10 ], "texture": "#wool_green" }
			}
		},
		{
			"__comment": "wool_green12",
			"from": [ 3, 6, 11.5 ],
			"to": [ 3.5, 9, 12 ],
			"faces": {
				"down": { "uv": [ 3, 4, 3.5, 4.5 ], "texture": "#wool_green" },
				"up": { "uv": [ 3, 11.5, 3.5, 12 ], "texture": "#wool_green" },
				"north": { "uv": [ 12.5, 7, 13, 10 ], "texture": "#wool_green" },
				"south": { "uv": [ 3, 7, 3.5, 10 ], "texture": "#wool_green" },
				"west": { "uv": [ 11.5, 7, 12, 10 ], "texture": "#wool_green" },
				"east": { "uv": [ 4, 7, 4.5, 10 ], "texture": "#wool_green" }
			}
		},
		{
			"__comment": "wool_green13",
			"from": [ 3.5, 6, 12 ],
			"to": [ 4, 9, 12.5 ],
			"faces": {
				"down": { "uv": [ 3.5, 3.5, 4, 4 ], "texture": "#wool_green" },
				"up": { "uv": [ 3.5, 12, 4, 12.5 ], "texture": "#wool_green" },
				"north": { "uv": [ 12, 7, 12.5, 10 ], "texture": "#wool_green" },
				"south": { "uv": [ 3.5, 7, 4, 10 ], "texture": "#wool_green" },
				"west": { "uv": [ 12, 7, 12.5, 10 ], "texture": "#wool_green" },
				"east": { "uv": [ 3.5, 7, 4, 10 ], "texture": "#wool_green" }
			}
		},
		{
			"__comment": "wool_green14",
			"from": [ 4, 6, 12.5 ],
			"to": [ 4.5, 9, 13 ],
			"faces": {
				"down": { "uv": [ 4, 3, 4.5, 3.5 ], "texture": "#wool_green" },
				"up": { "uv": [ 4, 12.5, 4.5, 13 ], "texture": "#wool_green" },
				"north": { "uv": [ 11.5, 7, 12, 10 ], "texture": "#wool_green" },
				"south": { "uv": [ 4, 7, 4.5, 10 ], "texture": "#wool_green" },
				"west": { "uv": [ 12.5, 7, 13, 10 ], "texture": "#wool_green" },
				"east": { "uv": [ 3, 7, 3.5, 10 ], "texture": "#wool_green" }
			}
		},
		{
			"__comment": "wool_green15",
			"from": [ 10.5, 6, 2.5 ],
			"to": [ 11.5, 9, 3 ],
			"faces": {
				"down": { "uv": [ 10.5, 13, 11.5, 13.5 ], "texture": "#wool_green" },
				"up": { "uv": [ 10.5, 2.5, 11.5, 3 ], "texture": "#wool_green" },
				"north": { "uv": [ 4.5, 7, 5.5, 10 ], "texture": "#wool_green" },
				"south": { "uv": [ 10.5, 7, 11.5, 10 ], "texture": "#wool_green" },
				"west": { "uv": [ 2.5, 7, 3, 10 ], "texture": "#wool_green" },
				"east": { "uv": [ 13, 7, 13.5, 10 ], "texture": "#wool_green" }
			}
		},
		{
			"__comment": "wool_green16",
			"from": [ 5.5, 6, 13.5 ],
			"to": [ 7, 9, 14 ],
			"faces": {
				"down": { "uv": [ 5.5, 2, 7, 2.5 ], "texture": "#wool_green" },
				"up": { "uv": [ 5.5, 13.5, 7, 14 ], "texture": "#wool_green" },
				"north": { "uv": [ 9, 7, 10.5, 10 ], "texture": "#wool_green" },
				"south": { "uv": [ 5.5, 7, 7, 10 ], "texture": "#wool_green" },
				"west": { "uv": [ 13.5, 7, 14, 10 ], "texture": "#wool_green" },
				"east": { "uv": [ 2, 7, 2.5, 10 ], "texture": "#wool_green" }
			}
		},
		{
			"__comment": "wool_green18",
			"from": [ 10.5, 6, 13 ],
			"to": [ 11.5, 9, 13.5 ],
			"faces": {
				"down": { "uv": [ 10.5, 2.5, 11.5, 3 ], "texture": "#wool_green" },
				"up": { "uv": [ 10.5, 13, 11.5, 13.5 ], "texture": "#wool_green" },
				"north": { "uv": [ 4.5, 7, 5.5, 10 ], "texture": "#wool_green" },
				"south": { "uv": [ 10.5, 7, 11.5, 10 ], "texture": "#wool_green" },
				"west": { "uv": [ 13, 7, 13.5, 10 ], "texture": "#wool_green" },
				"east": { "uv": [ 2.5, 7, 3, 10 ], "texture": "#wool_green" }
			}
		},
		{
			"__comment": "wool_green19",
			"from": [ 11.5, 6, 12.5 ],
			"to": [ 12, 9, 13 ],
			"faces": {
				"down": { "uv": [ 11.5, 3, 12, 3.5 ], "texture": "#wool_green" },
				"up": { "uv": [ 11.5, 12.5, 12, 13 ], "texture": "#wool_green" },
				"north": { "uv": [ 4, 7, 4.5, 10 ], "texture": "#wool_green" },
				"south": { "uv": [ 11.5, 7, 12, 10 ], "texture": "#wool_green" },
				"west": { "uv": [ 12.5, 7, 13, 10 ], "texture": "#wool_green" },
				"east": { "uv": [ 3, 7, 3.5, 10 ], "texture": "#wool_green" }
			}
		},
		{
			"__comment": "wool_green20",
			"from": [ 12, 6, 12 ],
			"to": [ 12.5, 9, 12.5 ],
			"faces": {
				"down": { "uv": [ 12, 3.5, 12.5, 4 ], "texture": "#wool_green" },
				"up": { "uv": [ 12, 12, 12.5, 12.5 ], "texture": "#wool_green" },
				"north": { "uv": [ 3.5, 7, 4, 10 ], "texture": "#wool_green" },
				"south": { "uv": [ 12, 7, 12.5, 10 ], "texture": "#wool_green" },
				"west": { "uv": [ 12, 7, 12.5, 10 ], "texture": "#wool_green" },
				"east": { "uv": [ 3.5, 7, 4, 10 ], "texture": "#wool_green" }
			}
		},
		{
			"__comment": "wool_green21",
			"from": [ 12.5, 6, 11.5 ],
			"to": [ 13, 9, 12 ],
			"faces": {
				"down": { "uv": [ 12.5, 4, 13, 4.5 ], "texture": "#wool_green" },
				"up": { "uv": [ 12.5, 11.5, 13, 12 ], "texture": "#wool_green" },
				"north": { "uv": [ 3, 7, 3.5, 10 ], "texture": "#wool_green" },
				"south": { "uv": [ 12.5, 7, 13, 10 ], "texture": "#wool_green" },
				"west": { "uv": [ 11.5, 7, 12, 10 ], "texture": "#wool_green" },
				"east": { "uv": [ 4, 7, 4.5, 10 ], "texture": "#wool_green" }
			}
		},
		{
			"__comment": "wool_green22",
			"from": [ 13, 6, 10.5 ],
			"to": [ 13.5, 9, 11.5 ],
			"faces": {
				"down": { "uv": [ 13, 4.5, 13.5, 5.5 ], "texture": "#wool_green" },
				"up": { "uv": [ 13, 10.5, 13.5, 11.5 ], "texture": "#wool_green" },
				"north": { "uv": [ 2.5, 7, 3, 10 ], "texture": "#wool_green" },
				"south": { "uv": [ 13, 7, 13.5, 10 ], "texture": "#wool_green" },
				"west": { "uv": [ 10.5, 7, 11.5, 10 ], "texture": "#wool_green" },
				"east": { "uv": [ 4.5, 7, 5.5, 10 ], "texture": "#wool_green" }
			}
		},
		{
			"__comment": "wool_green23",
			"from": [ 13.5, 6, 9 ],
			"to": [ 14, 9, 10.5 ],
			"faces": {
				"down": { "uv": [ 13.5, 5.5, 14, 7 ], "texture": "#wool_green" },
				"up": { "uv": [ 13.5, 9, 14, 10.5 ], "texture": "#wool_green" },
				"north": { "uv": [ 2, 7, 2.5, 10 ], "texture": "#wool_green" },
				"south": { "uv": [ 13.5, 7, 14, 10 ], "texture": "#wool_green" },
				"west": { "uv": [ 9, 7, 10.5, 10 ], "texture": "#wool_green" },
				"east": { "uv": [ 5.5, 7, 7, 10 ], "texture": "#wool_green" }
			}
		},
		{
			"__comment": "wool_green24",
			"from": [ 14, 6, 7 ],
			"to": [ 14.5, 9, 9 ],
			"faces": {
				"down": { "uv": [ 14, 7, 14.5, 9 ], "texture": "#wool_green" },
				"up": { "uv": [ 14, 7, 14.5, 9 ], "texture": "#wool_green" },
				"north": { "uv": [ 1.5, 7, 2, 10 ], "texture": "#wool_green" },
				"south": { "uv": [ 14, 7, 14.5, 10 ], "texture": "#wool_green" },
				"west": { "uv": [ 7, 7, 9, 10 ], "texture": "#wool_green" },
				"east": { "uv": [ 7, 7, 9, 10 ], "texture": "#wool_green" }
			}
		},
		{
			"__comment": "wool_green25",
			"from": [ 13.5, 6, 5.5 ],
			"to": [ 14, 9, 7 ],
			"faces": {
				"down": { "uv": [ 13.5, 9, 14, 10.5 ], "texture": "#wool_green" },
				"up": { "uv": [ 13.5, 5.5, 14, 7 ], "texture": "#wool_green" },
				"north": { "uv": [ 2, 7, 2.5, 10 ], "texture": "#wool_green" },
				"south": { "uv": [ 13.5, 7, 14, 10 ], "texture": "#wool_green" },
				"west": { "uv": [ 5.5, 7, 7, 10 ], "texture": "#wool_green" },
				"east": { "uv": [ 9, 7, 10.5, 10 ], "texture": "#wool_green" }
			}
		},
		{
			"__comment": "wool_green26",
			"from": [ 13, 6, 4.5 ],
			"to": [ 13.5, 9, 5.5 ],
			"faces": {
				"down": { "uv": [ 13, 10.5, 13.5, 11.5 ], "texture": "#wool_green" },
				"up": { "uv": [ 13, 4.5, 13.5, 5.5 ], "texture": "#wool_green" },
				"north": { "uv": [ 2.5, 7, 3, 10 ], "texture": "#wool_green" },
				"south": { "uv": [ 13, 7, 13.5, 10 ], "texture": "#wool_green" },
				"west": { "uv": [ 4.5, 7, 5.5, 10 ], "texture": "#wool_green" },
				"east": { "uv": [ 10.5, 7, 11.5, 10 ], "texture": "#wool_green" }
			}
		},
		{
			"__comment": "wool_green27",
			"from": [ 12.5, 6, 4 ],
			"to": [ 13, 9, 4.5 ],
			"faces": {
				"down": { "uv": [ 12.5, 11.5, 13, 12 ], "texture": "#wool_green" },
				"up": { "uv": [ 12.5, 4, 13, 4.5 ], "texture": "#wool_green" },
				"north": { "uv": [ 3, 7, 3.5, 10 ], "texture": "#wool_green" },
				"south": { "uv": [ 12.5, 7, 13, 10 ], "texture": "#wool_green" },
				"west": { "uv": [ 4, 7, 4.5, 10 ], "texture": "#wool_green" },
				"east": { "uv": [ 11.5, 7, 12, 10 ], "texture": "#wool_green" }
			}
		},
		{
			"__comment": "wool_green28",
			"from": [ 12, 6, 3.5 ],
			"to": [ 12.5, 9, 4 ],
			"faces": {
				"down": { "uv": [ 12, 12, 12.5, 12.5 ], "texture": "#wool_green" },
				"up": { "uv": [ 12, 3.5, 12.5, 4 ], "texture": "#wool_green" },
				"north": { "uv": [ 3.5, 7, 4, 10 ], "texture": "#wool_green" },
				"south": { "uv": [ 12, 7, 12.5, 10 ], "texture": "#wool_green" },
				"west": { "uv": [ 3.5, 7, 4, 10 ], "texture": "#wool_green" },
				"east": { "uv": [ 12, 7, 12.5, 10 ], "texture": "#wool_green" }
			}
		},
		{
			"__comment": "wool_green29",
			"from": [ 11.5, 6, 3 ],
			"to": [ 12, 9, 3.5 ],
			"faces": {
				"down": { "uv": [ 11.5, 12.5, 12, 13 ], "texture": "#wool_green" },
				"up": { "uv": [ 11.5, 3, 12, 3.5 ], "texture": "#wool_green" },
				"north": { "uv": [ 4, 7, 4.5, 10 ], "texture": "#wool_green" },
				"south": { "uv": [ 11.5, 7, 12, 10 ], "texture": "#wool_green" },
				"west": { "uv": [ 3, 7, 3.5, 10 ], "texture": "#wool_green" },
				"east": { "uv": [ 12.5, 7, 13, 10 ], "texture": "#wool_green" }
			}
		},
		{
			"__comment": "wool_green30",
			"from": [ 7, 6, 14 ],
			"to": [ 9, 9, 14.5 ],
			"faces": {
				"down": { "uv": [ 7, 1.5, 9, 2 ], "texture": "#wool_green" },
				"up": { "uv": [ 7, 14, 9, 14.5 ], "texture": "#wool_green" },
				"north": { "uv": [ 7, 7, 9, 10 ], "texture": "#wool_green" },
				"south": { "uv": [ 7, 7, 9, 10 ], "texture": "#wool_green" },
				"west": { "uv": [ 14, 7, 14.5, 10 ], "texture": "#wool_green" },
				"east": { "uv": [ 1.5, 7, 2, 10 ], "texture": "#wool_green" }
			}
		},
		{
			"__comment": "wool_green31",
			"from": [ 4.5, 6, 13 ],
			"to": [ 5.5, 9, 13.5 ],
			"faces": {
				"down": { "uv": [ 4.5, 2.5, 5.5, 3 ], "texture": "#wool_green" },
				"up": { "uv": [ 4.5, 13, 5.5, 13.5 ], "texture": "#wool_green" },
				"north": { "uv": [ 10.5, 7, 11.5, 10 ], "texture": "#wool_green" },
				"south": { "uv": [ 4.5, 7, 5.5, 10 ], "texture": "#wool_green" },
				"west": { "uv": [ 13, 7, 13.5, 10 ], "texture": "#wool_green" },
				"east": { "uv": [ 2.5, 7, 3, 10 ], "texture": "#wool_green" }
			}
		},
		{
			"__comment": "wool_green17",
			"from": [ 9, 6, 13.5 ],
			"to": [ 10.5, 9, 14 ],
			"faces": {
				"down": { "uv": [ 9, 2, 10.5, 2.5 ], "texture": "#wool_green" },
				"up": { "uv": [ 9, 13.5, 10.5, 14 ], "texture": "#wool_green" },
				"north": { "uv": [ 5.5, 7, 7, 10 ], "texture": "#wool_green" },
				"south": { "uv": [ 9, 7, 10.5, 10 ], "texture": "#wool_green" },
				"west": { "uv": [ 13.5, 7, 14, 10 ], "texture": "#wool_green" },
				"east": { "uv": [ 2, 7, 2.5, 10 ], "texture": "#wool_green" }
			}
		},
		{
			"__comment": "madhatter_10_06",
			"from": [ 6, 6, 14.5 ],
			"to": [ 10, 12, 15 ],
			"rotation": { "origin": [ 6, 6, 14.5 ], "axis": "x", "angle": 22.5 },
			"faces": {
				"down": { "uv": [ 4, 3.5, 8, 4 ], "texture": "#quartz_block_top" },
				"up": { "uv": [ 4, 12, 8, 12.5 ], "texture": "#quartz_block_top" },
				"north": { "uv": [ 8, 3.5, 12, 10 ], "texture": "#quartz_block_top" },
				"south": { "uv": [ 2, 0, 13, 16 ], "texture": "#madhatter_10_06" },
				"west": { "uv": [ 3.5, 3.5, 4, 10 ], "texture": "#quartz_block_top" },
				"east": { "uv": [ 12, 3.5, 12.5, 10 ], "texture": "#quartz_block_top" }
			}
		}
	],
	"display": {
		"thirdperson_righthand": {
			"rotation":  [ -54, -41, -83 ],
			"translation":  [ 0.0013, 2.0869, -0.694 ],
			"scale":  [ 0.4, 0.5, 0.4 ]
		},
		"thirdperson_lefthand": {
			"rotation":  [ -54, -41, -83 ],
			"translation":  [ 0.0013, 2.0869, -0.694 ],
			"scale":  [ 0.4, 0.5, 0.4 ]
		},
		"firstperson_righthand": {
			"rotation":  [ -2, -49, 2 ],
			"translation":  [ 7.6521, -1.388, -11.12 ],
			"scale":  [ 0.7, 0.8, 0.8 ]
		},
		"firstperson_lefthand": {
			"rotation":  [ -2, -49, 2 ],
			"translation":  [ 7.6521, -1.388, -11.12 ],
			"scale":  [ 0.7, 0.8, 0.8 ]
		},
		"gui": {
			"rotation":  [ -4, -44, 2 ],
			"translation":  [ 0, -2.78, -7.647 ],
			"scale":  [ 0.8, 0.9391, 0.8 ]
		},
		"head": {
			"rotation":  [ 3, 90, 0 ],
			"translation":  [ 0, 4.8694, 0 ],
			"scale":  [ 1.5, 1.54, 1.5 ]
		},
		"ground": {
			"scale":  [ 0.8, 0.9, 0.8 ]
		},
		"fixed": {
			"rotation":  [ -3, 142, 0 ],
			"translation":  [ 0.6963, -1.39, -5.565 ],
			"scale":  [ 0.9, 1, 0.9 ]
		}
	}
}
