{
	"__comment": "Designed by Mouskegamer with Cubik Studio - https://cubik.studio",
	"textures": {
		"particle": "custom/red_wool",
		"texture": "block/black_concrete",
		"texture1": "block/quartz_block_top"
	},
	"elements": [ 	 
		{
			"__comment": "Box1",
			"from": [ -7, 11.5, 8 ],
			"to": [ 9, 12.5, 10 ],
			"faces": {
				"down": { "uv": [ 6.5, 3, 7.5, 11 ], "texture": "#texture", "rotation": 270 },
				"up": { "uv": [ 6.5, 5, 7.5, 13 ], "texture": "#texture", "rotation": 90 },
				"north": { "uv": [ 5, 15, 13, 16 ], "texture": "#texture" },
				"south": { "uv": [ 3, 15, 11, 16 ], "texture": "#texture" },
				"west": { "uv": [ 6.5, 15, 7.5, 16 ], "texture": "#texture" },
				"east": { "uv": [ 8.5, 15, 9.5, 16 ], "texture": "#texture" }
			}
		},
		{
			"__comment": "Box2",
			"from": [ -6, 4.5, 8 ],
			"to": [ -5, 11.5, 10 ],
			"faces": {
				"down": { "uv": [ 10, 6, 11, 8 ], "texture": "#texture" },
				"up": { "uv": [ 10, 8, 11, 10 ], "texture": "#texture" },
				"north": { "uv": [ 5, 4.5, 6, 11.5 ], "texture": "#texture" },
				"south": { "uv": [ 10, 4.5, 11, 11.5 ], "texture": "#texture" },
				"west": { "uv": [ 8, 4.5, 10, 11.5 ], "texture": "#texture" },
				"east": { "uv": [ 6, 4.5, 8, 11.5 ], "texture": "#texture" }
			}
		},
		{
			"__comment": "Box2",
			"from": [ 8, 4.5, 8 ],
			"to": [ 9, 11.5, 10 ],
			"faces": {
				"down": { "uv": [ 9.5, 7, 10.5, 8 ], "texture": "#texture" },
				"up": { "uv": [ 9.5, 8, 10.5, 9 ], "texture": "#texture" },
				"north": { "uv": [ 5.5, 4.5, 6.5, 9.5 ], "texture": "#texture" },
				"south": { "uv": [ 9.5, 4.5, 10.5, 9.5 ], "texture": "#texture" },
				"west": { "uv": [ 8, 4.5, 9, 9.5 ], "texture": "#texture" },
				"east": { "uv": [ 7, 4.5, 8, 9.5 ], "texture": "#texture" }
			}
		},
		{
			"__comment": "Box2",
			"from": [ 10.5, 9.5, 8.5 ],
			"to": [ 12, 10.5, 9.5 ],
			"faces": {
				"down": { "uv": [ 9.5, 6, 10.5, 8 ], "texture": "#texture" },
				"up": { "uv": [ 9.5, 8, 10.5, 10 ], "texture": "#texture" },
				"north": { "uv": [ 5.5, 4.5, 6.5, 11.5 ], "texture": "#texture" },
				"south": { "uv": [ 9.5, 4.5, 10.5, 11.5 ], "texture": "#texture" },
				"west": { "uv": [ 8, 4.5, 10, 11.5 ], "texture": "#texture" },
				"east": { "uv": [ 6, 4.5, 8, 11.5 ], "texture": "#texture" }
			}
		},
		{
			"__comment": "Box2",
			"from": [ 10.5, 10.5, 8.5 ],
			"to": [ 13, 11.5, 9.5 ],
			"faces": {
				"down": { "uv": [ 9.5, 6, 10.5, 8 ], "texture": "#texture" },
				"up": { "uv": [ 9.5, 8, 10.5, 10 ], "texture": "#texture" },
				"north": { "uv": [ 5.5, 4.5, 6.5, 11.5 ], "texture": "#texture" },
				"south": { "uv": [ 9.5, 4.5, 10.5, 11.5 ], "texture": "#texture" },
				"west": { "uv": [ 8, 4.5, 10, 11.5 ], "texture": "#texture" },
				"east": { "uv": [ 6, 4.5, 8, 11.5 ], "texture": "#texture" }
			}
		},
		{
			"__comment": "Box2",
			"from": [ 5, 17.5, 8.5 ],
			"to": [ 9.5, 18.5, 9.5 ],
			"faces": {
				"down": { "uv": [ 9.5, 6, 10.5, 8 ], "texture": "#texture" },
				"up": { "uv": [ 9.5, 8, 10.5, 10 ], "texture": "#texture" },
				"north": { "uv": [ 5.5, 4.5, 6.5, 11.5 ], "texture": "#texture" },
				"south": { "uv": [ 9.5, 4.5, 10.5, 11.5 ], "texture": "#texture" },
				"west": { "uv": [ 8, 4.5, 10, 11.5 ], "texture": "#texture" },
				"east": { "uv": [ 6, 4.5, 8, 11.5 ], "texture": "#texture" }
			}
		},
		{
			"__comment": "Box2",
			"from": [ 6, 19, 8.5 ],
			"to": [ 12, 19.5, 9.5 ],
			"faces": {
				"down": { "uv": [ 9.5, 6, 10.5, 8 ], "texture": "#texture" },
				"up": { "uv": [ 9.5, 8, 10.5, 10 ], "texture": "#texture" },
				"north": { "uv": [ 5.5, 4.5, 6.5, 11.5 ], "texture": "#texture" },
				"south": { "uv": [ 9.5, 4.5, 10.5, 11.5 ], "texture": "#texture" },
				"west": { "uv": [ 8, 4.5, 10, 11.5 ], "texture": "#texture" },
				"east": { "uv": [ 6, 4.5, 8, 11.5 ], "texture": "#texture" }
			}
		},
		{
			"__comment": "Box2",
			"from": [ 0, 12.5, 7.5 ],
			"to": [ 3, 13.5, 8.5 ],
			"faces": {
				"down": { "uv": [ 9.5, 6, 10.5, 8 ], "texture": "#particle" },
				"up": { "uv": [ 9.5, 8, 10.5, 10 ], "texture": "#particle" },
				"north": { "uv": [ 5.5, 4.5, 16, 7 ], "texture": "#particle" },
				"south": { "uv": [ 9.5, 4.5, 10.5, 11.5 ], "texture": "#particle" },
				"west": { "uv": [ 8, 4.5, 10, 11.5 ], "texture": "#particle" },
				"east": { "uv": [ 6, 4.5, 8, 11.5 ], "texture": "#particle" }
			}
		},
		{
			"__comment": "Box2",
			"from": [ 3, 12.5, 7.5 ],
			"to": [ 4, 14.5, 8.5 ],
			"faces": {
				"down": { "uv": [ 9.5, 6, 10.5, 8 ], "texture": "#particle" },
				"up": { "uv": [ 9.5, 8, 10.5, 10 ], "texture": "#particle" },
				"north": { "uv": [ 5.5, 4.5, 6.5, 11.5 ], "texture": "#particle" },
				"south": { "uv": [ 9.5, 4.5, 10.5, 11.5 ], "texture": "#particle" },
				"west": { "uv": [ 8, 4.5, 10, 11.5 ], "texture": "#particle" },
				"east": { "uv": [ 6, 4.5, 8, 11.5 ], "texture": "#particle" }
			}
		},
		{
			"__comment": "Box2",
			"from": [ 4, 12.5, 7.5 ],
			"to": [ 5, 15.5, 8.5 ],
			"faces": {
				"down": { "uv": [ 9.5, 6, 10.5, 8 ], "texture": "#particle" },
				"up": { "uv": [ 9.5, 8, 10.5, 10 ], "texture": "#particle" },
				"north": { "uv": [ 5.5, 4.5, 6.5, 11.5 ], "texture": "#particle" },
				"south": { "uv": [ 9.5, 4.5, 10.5, 11.5 ], "texture": "#particle" },
				"west": { "uv": [ 8, 4.5, 10, 11.5 ], "texture": "#particle" },
				"east": { "uv": [ 6, 4.5, 8, 11.5 ], "texture": "#particle" }
			}
		},
		{
			"__comment": "Box2",
			"from": [ 5, 12.5, 7.5 ],
			"to": [ 6, 16.5, 8.5 ],
			"faces": {
				"down": { "uv": [ 9.5, 6, 10.5, 8 ], "texture": "#particle" },
				"up": { "uv": [ 9.5, 8, 10.5, 10 ], "texture": "#particle" },
				"north": { "uv": [ 5.5, 4.5, 6.5, 11.5 ], "texture": "#particle" },
				"south": { "uv": [ 9.5, 4.5, 10.5, 11.5 ], "texture": "#particle" },
				"west": { "uv": [ 8, 4.5, 10, 11.5 ], "texture": "#particle" },
				"east": { "uv": [ 6, 4.5, 8, 11.5 ], "texture": "#particle" }
			}
		},
		{
			"__comment": "Box2",
			"from": [ 6, 12.5, 7.5 ],
			"to": [ 7, 17, 8.5 ],
			"faces": {
				"down": { "uv": [ 9.5, 6, 10.5, 8 ], "texture": "#particle" },
				"up": { "uv": [ 9.5, 8, 10.5, 10 ], "texture": "#particle" },
				"north": { "uv": [ 5.5, 4.5, 6.5, 11.5 ], "texture": "#particle" },
				"south": { "uv": [ 9.5, 4.5, 10.5, 11.5 ], "texture": "#particle" },
				"west": { "uv": [ 8, 4.5, 10, 11.5 ], "texture": "#particle" },
				"east": { "uv": [ 6, 4.5, 8, 11.5 ], "texture": "#particle" }
			}
		},
		{
			"__comment": "Box2",
			"from": [ 7, 12.5, 7.5 ],
			"to": [ 8, 16, 8.5 ],
			"faces": {
				"down": { "uv": [ 9.5, 6, 10.5, 8 ], "texture": "#particle" },
				"up": { "uv": [ 9.5, 8, 10.5, 10 ], "texture": "#particle" },
				"north": { "uv": [ 5.5, 4.5, 6.5, 11.5 ], "texture": "#particle" },
				"south": { "uv": [ 9.5, 4.5, 10.5, 11.5 ], "texture": "#particle" },
				"west": { "uv": [ 8, 4.5, 10, 11.5 ], "texture": "#particle" },
				"east": { "uv": [ 6, 4.5, 8, 11.5 ], "texture": "#particle" }
			}
		},
		{
			"__comment": "Box2",
			"from": [ -1, 12.5, 7.5 ],
			"to": [ 0, 14.5, 8.5 ],
			"faces": {
				"down": { "uv": [ 9.5, 6, 10.5, 8 ], "texture": "#particle" },
				"up": { "uv": [ 9.5, 8, 10.5, 10 ], "texture": "#particle" },
				"north": { "uv": [ 5.5, 4.5, 6.5, 11.5 ], "texture": "#particle" },
				"south": { "uv": [ 9.5, 4.5, 10.5, 11.5 ], "texture": "#particle" },
				"west": { "uv": [ 8, 4.5, 10, 11.5 ], "texture": "#particle" },
				"east": { "uv": [ 6, 4.5, 8, 11.5 ], "texture": "#particle" }
			}
		},
		{
			"__comment": "Box2",
			"from": [ -2, 12.5, 7.5 ],
			"to": [ -1, 15.5, 8.5 ],
			"faces": {
				"down": { "uv": [ 9.5, 6, 10.5, 8 ], "texture": "#particle" },
				"up": { "uv": [ 9.5, 8, 10.5, 10 ], "texture": "#particle" },
				"north": { "uv": [ 5.5, 4.5, 6.5, 11.5 ], "texture": "#particle" },
				"south": { "uv": [ 9.5, 4.5, 10.5, 11.5 ], "texture": "#particle" },
				"west": { "uv": [ 8, 4.5, 10, 11.5 ], "texture": "#particle" },
				"east": { "uv": [ 6, 4.5, 8, 11.5 ], "texture": "#particle" }
			}
		},
		{
			"__comment": "Box2",
			"from": [ -3, 12.5, 7.5 ],
			"to": [ -2, 16.5, 8.5 ],
			"faces": {
				"down": { "uv": [ 9.5, 6, 10.5, 8 ], "texture": "#particle" },
				"up": { "uv": [ 9.5, 8, 10.5, 10 ], "texture": "#particle" },
				"north": { "uv": [ 5.5, 4.5, 6.5, 11.5 ], "texture": "#particle" },
				"south": { "uv": [ 9.5, 4.5, 10.5, 11.5 ], "texture": "#particle" },
				"west": { "uv": [ 8, 4.5, 10, 11.5 ], "texture": "#particle" },
				"east": { "uv": [ 6, 4.5, 8, 11.5 ], "texture": "#particle" }
			}
		},
		{
			"__comment": "Box2",
			"from": [ -4, 12.5, 7.5 ],
			"to": [ -3, 17, 8.5 ],
			"faces": {
				"down": { "uv": [ 9.5, 6, 10.5, 8 ], "texture": "#particle" },
				"up": { "uv": [ 9.5, 8, 10.5, 10 ], "texture": "#particle" },
				"north": { "uv": [ 5.5, 4.5, 6.5, 11.5 ], "texture": "#particle" },
				"south": { "uv": [ 9.5, 4.5, 10.5, 11.5 ], "texture": "#particle" },
				"west": { "uv": [ 8, 4.5, 10, 11.5 ], "texture": "#particle" },
				"east": { "uv": [ 6, 4.5, 8, 11.5 ], "texture": "#particle" }
			}
		},
		{
			"__comment": "Box2",
			"from": [ -5, 12.5, 7.5 ],
			"to": [ -4, 16, 8.5 ],
			"faces": {
				"down": { "uv": [ 9.5, 6, 10.5, 8 ], "texture": "#particle" },
				"up": { "uv": [ 9.5, 8, 10.5, 10 ], "texture": "#particle" },
				"north": { "uv": [ 5.5, 4.5, 6.5, 11.5 ], "texture": "#particle" },
				"south": { "uv": [ 9.5, 4.5, 10.5, 11.5 ], "texture": "#particle" },
				"west": { "uv": [ 8, 4.5, 10, 11.5 ], "texture": "#particle" },
				"east": { "uv": [ 6, 4.5, 8, 11.5 ], "texture": "#particle" }
			}
		},
		{
			"__comment": "Box2",
			"from": [ -5, 11.5, 7.5 ],
			"to": [ 8, 12.5, 8.5 ],
			"faces": {
				"down": { "uv": [ 9, 6, 10, 8 ], "texture": "#particle" },
				"up": { "uv": [ 9.5, 8, 10.5, 10 ], "texture": "#particle" },
				"north": { "uv": [ 0, 4.5, 16, 9 ], "texture": "#particle" },
				"south": { "uv": [ 9.5, 4.5, 10.5, 12 ], "texture": "#particle" },
				"west": { "uv": [ 8, 4.5, 9.5, 11.5 ], "texture": "#particle" },
				"east": { "uv": [ 6, 4.5, 8, 11.5 ], "texture": "#particle" }
			}
		},
		{
			"__comment": "Box2",
			"from": [ 12, 11.5, 8.5 ],
			"to": [ 13.5, 13, 9.5 ],
			"faces": {
				"down": { "uv": [ 9.5, 6, 10.5, 8 ], "texture": "#texture1" },
				"up": { "uv": [ 9.5, 8, 10.5, 10 ], "texture": "#texture1" },
				"north": { "uv": [ 5.5, 4.5, 6.5, 11.5 ], "texture": "#texture1" },
				"south": { "uv": [ 9.5, 4.5, 10.5, 11.5 ], "texture": "#texture1" },
				"west": { "uv": [ 8, 4.5, 10, 11.5 ], "texture": "#texture1" },
				"east": { "uv": [ 6, 4.5, 8, 11.5 ], "texture": "#texture1" }
			}
		},
		{
			"__comment": "Box2",
			"from": [ 8.5, 13.5, 8.5 ],
			"to": [ 10, 15, 9.5 ],
			"faces": {
				"down": { "uv": [ 9.5, 6, 10.5, 8 ], "texture": "#texture1" },
				"up": { "uv": [ 9.5, 8, 10.5, 10 ], "texture": "#texture1" },
				"north": { "uv": [ 5.5, 4.5, 6.5, 11.5 ], "texture": "#texture1" },
				"south": { "uv": [ 9.5, 4.5, 10.5, 11.5 ], "texture": "#texture1" },
				"west": { "uv": [ 8, 4.5, 10, 11.5 ], "texture": "#texture1" },
				"east": { "uv": [ 6, 4.5, 8, 11.5 ], "texture": "#texture1" }
			}
		},
		{
			"__comment": "Box2",
			"from": [ 12.5, 16, 8.5 ],
			"to": [ 14, 17.5, 9.5 ],
			"faces": {
				"down": { "uv": [ 9.5, 6, 10.5, 8 ], "texture": "#texture1" },
				"up": { "uv": [ 9.5, 8, 10.5, 10 ], "texture": "#texture1" },
				"north": { "uv": [ 5.5, 4.5, 6.5, 11.5 ], "texture": "#texture1" },
				"south": { "uv": [ 9.5, 4.5, 10.5, 11.5 ], "texture": "#texture1" },
				"west": { "uv": [ 8, 4.5, 10, 11.5 ], "texture": "#texture1" },
				"east": { "uv": [ 6, 4.5, 8, 11.5 ], "texture": "#texture1" }
			}
		},
		{
			"__comment": "Box2",
			"from": [ 13.5, 11.5, 8.5 ],
			"to": [ 14, 13, 9.5 ],
			"faces": {
				"down": { "uv": [ 9.5, 6, 10.5, 8 ], "texture": "#texture" },
				"up": { "uv": [ 9.5, 8, 10.5, 10 ], "texture": "#texture" },
				"north": { "uv": [ 5.5, 4.5, 6.5, 11.5 ], "texture": "#texture" },
				"south": { "uv": [ 9.5, 4.5, 10.5, 11.5 ], "texture": "#texture" },
				"west": { "uv": [ 8, 4.5, 10, 11.5 ], "texture": "#texture" },
				"east": { "uv": [ 6, 4.5, 8, 11.5 ], "texture": "#texture" }
			}
		},
		{
			"__comment": "Box2",
			"from": [ 6, 16, 8.5 ],
			"to": [ 7.5, 17.5, 9.5 ],
			"faces": {
				"down": { "uv": [ 9.5, 6, 10.5, 8 ], "texture": "#texture1" },
				"up": { "uv": [ 9.5, 8, 10.5, 10 ], "texture": "#texture1" },
				"north": { "uv": [ 5.5, 4.5, 6.5, 11.5 ], "texture": "#texture1" },
				"south": { "uv": [ 9.5, 4.5, 10.5, 11.5 ], "texture": "#texture1" },
				"west": { "uv": [ 8, 4.5, 10, 11.5 ], "texture": "#texture1" },
				"east": { "uv": [ 6, 4.5, 8, 11.5 ], "texture": "#texture1" }
			}
		},
		{
			"__comment": "Box2",
			"from": [ 5, 12.5, 8.5 ],
			"to": [ 6.5, 14, 9.5 ],
			"faces": {
				"down": { "uv": [ 9.5, 6, 10.5, 8 ], "texture": "#texture1" },
				"up": { "uv": [ 9.5, 8, 10.5, 10 ], "texture": "#texture1" },
				"north": { "uv": [ 5.5, 4.5, 6.5, 11.5 ], "texture": "#texture1" },
				"south": { "uv": [ 9.5, 4.5, 10.5, 11.5 ], "texture": "#texture1" },
				"west": { "uv": [ 8, 4.5, 10, 11.5 ], "texture": "#texture1" },
				"east": { "uv": [ 6, 4.5, 8, 11.5 ], "texture": "#texture1" }
			}
		},
		{
			"__comment": "Box2",
			"from": [ 5, 14, 8.5 ],
			"to": [ 6, 17.5, 9.5 ],
			"faces": {
				"down": { "uv": [ 9.5, 6, 10.5, 8 ], "texture": "#texture" },
				"up": { "uv": [ 9.5, 8, 10.5, 10 ], "texture": "#texture" },
				"north": { "uv": [ 5.5, 4.5, 6.5, 11.5 ], "texture": "#texture" },
				"south": { "uv": [ 9.5, 4.5, 10.5, 11.5 ], "texture": "#texture" },
				"west": { "uv": [ 8, 4.5, 10, 11.5 ], "texture": "#texture" },
				"east": { "uv": [ 6, 4.5, 8, 11.5 ], "texture": "#texture" }
			}
		},
		{
			"__comment": "Box2",
			"from": [ 9, 9.5, 8.5 ],
			"to": [ 10.5, 11, 9.5 ],
			"faces": {
				"down": { "uv": [ 9.5, 6, 10.5, 8 ], "texture": "#texture1" },
				"up": { "uv": [ 9.5, 8, 10.5, 10 ], "texture": "#texture1" },
				"north": { "uv": [ 5.5, 4.5, 6.5, 11.5 ], "texture": "#texture1" },
				"south": { "uv": [ 9.5, 4.5, 10.5, 11.5 ], "texture": "#texture1" },
				"west": { "uv": [ 8, 4.5, 10, 11.5 ], "texture": "#texture1" },
				"east": { "uv": [ 6, 4.5, 8, 11.5 ], "texture": "#texture1" }
			}
		},
		{
			"__comment": "Box2",
			"from": [ 9.5, 17.5, 8.5 ],
			"to": [ 11, 19, 9.5 ],
			"faces": {
				"down": { "uv": [ 9.5, 6, 10.5, 8 ], "texture": "#texture1" },
				"up": { "uv": [ 9.5, 8, 10.5, 10 ], "texture": "#texture1" },
				"north": { "uv": [ 5.5, 4.5, 6.5, 11.5 ], "texture": "#texture1" },
				"south": { "uv": [ 9.5, 4.5, 10.5, 11.5 ], "texture": "#texture1" },
				"west": { "uv": [ 8, 4.5, 10, 11.5 ], "texture": "#texture1" },
				"east": { "uv": [ 6, 4.5, 8, 11.5 ], "texture": "#texture1" }
			}
		},
		{
			"__comment": "Box2",
			"from": [ 11, 17.5, 8.5 ],
			"to": [ 13, 18.5, 9.5 ],
			"faces": {
				"down": { "uv": [ 9.5, 6, 10.5, 8 ], "texture": "#texture" },
				"up": { "uv": [ 9.5, 8, 10.5, 10 ], "texture": "#texture" },
				"north": { "uv": [ 5.5, 4.5, 6.5, 11.5 ], "texture": "#texture" },
				"south": { "uv": [ 9.5, 4.5, 10.5, 11.5 ], "texture": "#texture" },
				"west": { "uv": [ 8, 4.5, 10, 11.5 ], "texture": "#texture" },
				"east": { "uv": [ 6, 4.5, 8, 11.5 ], "texture": "#texture" }
			}
		},
		{
			"__comment": "Box2",
			"from": [ 6, 18.5, 8.5 ],
			"to": [ 9.5, 19, 9.5 ],
			"faces": {
				"down": { "uv": [ 9.5, 6, 10.5, 8 ], "texture": "#texture" },
				"up": { "uv": [ 9.5, 8, 10.5, 10 ], "texture": "#texture" },
				"north": { "uv": [ 5.5, 4.5, 6.5, 11.5 ], "texture": "#texture" },
				"south": { "uv": [ 9.5, 4.5, 10.5, 11.5 ], "texture": "#texture" },
				"west": { "uv": [ 8, 4.5, 10, 11.5 ], "texture": "#texture" },
				"east": { "uv": [ 6, 4.5, 8, 11.5 ], "texture": "#texture" }
			}
		},
		{
			"__comment": "Box2",
			"from": [ 11, 18.5, 8.5 ],
			"to": [ 12, 19, 9.5 ],
			"faces": {
				"down": { "uv": [ 9.5, 6, 10.5, 8 ], "texture": "#texture" },
				"up": { "uv": [ 9.5, 8, 10.5, 10 ], "texture": "#texture" },
				"north": { "uv": [ 5.5, 4.5, 6.5, 11.5 ], "texture": "#texture" },
				"south": { "uv": [ 9.5, 4.5, 10.5, 11.5 ], "texture": "#texture" },
				"west": { "uv": [ 8, 4.5, 10, 11.5 ], "texture": "#texture" },
				"east": { "uv": [ 6, 4.5, 8, 11.5 ], "texture": "#texture" }
			}
		},
		{
			"__comment": "Box2",
			"from": [ 10, 13, 8.5 ],
			"to": [ 14, 16, 9.5 ],
			"faces": {
				"down": { "uv": [ 9.5, 6, 10.5, 8 ], "texture": "#texture" },
				"up": { "uv": [ 9.5, 8, 10.5, 10 ], "texture": "#texture" },
				"north": { "uv": [ 5.5, 4.5, 6.5, 11.5 ], "texture": "#texture" },
				"south": { "uv": [ 9.5, 4.5, 10.5, 11.5 ], "texture": "#texture" },
				"west": { "uv": [ 8, 4.5, 10, 11.5 ], "texture": "#texture" },
				"east": { "uv": [ 6, 4.5, 8, 11.5 ], "texture": "#texture" }
			}
		},
		{
			"__comment": "Box2",
			"from": [ 7.5, 16, 8.5 ],
			"to": [ 12.5, 17.5, 9.5 ],
			"faces": {
				"down": { "uv": [ 9.5, 6, 10.5, 8 ], "texture": "#texture" },
				"up": { "uv": [ 9.5, 8, 10.5, 10 ], "texture": "#texture" },
				"north": { "uv": [ 5.5, 4.5, 6.5, 11.5 ], "texture": "#texture" },
				"south": { "uv": [ 9.5, 4.5, 10.5, 11.5 ], "texture": "#texture" },
				"west": { "uv": [ 8, 4.5, 10, 11.5 ], "texture": "#texture" },
				"east": { "uv": [ 6, 4.5, 8, 11.5 ], "texture": "#texture" }
			}
		},
		{
			"__comment": "Box2",
			"from": [ 9, 11.5, 8.5 ],
			"to": [ 12, 13, 9.5 ],
			"faces": {
				"down": { "uv": [ 9.5, 6, 10.5, 8 ], "texture": "#texture" },
				"up": { "uv": [ 9.5, 8, 10.5, 10 ], "texture": "#texture" },
				"north": { "uv": [ 5.5, 4.5, 6.5, 11.5 ], "texture": "#texture" },
				"south": { "uv": [ 9.5, 4.5, 10.5, 11.5 ], "texture": "#texture" },
				"west": { "uv": [ 8, 4.5, 10, 11.5 ], "texture": "#texture" },
				"east": { "uv": [ 6, 4.5, 8, 11.5 ], "texture": "#texture" }
			}
		},
		{
			"__comment": "Box2",
			"from": [ 9, 11, 8.5 ],
			"to": [ 10.5, 11.5, 9.5 ],
			"faces": {
				"down": { "uv": [ 9.5, 6, 10.5, 8 ], "texture": "#texture" },
				"up": { "uv": [ 9.5, 8, 10.5, 10 ], "texture": "#texture" },
				"north": { "uv": [ 5.5, 4.5, 6.5, 11.5 ], "texture": "#texture" },
				"south": { "uv": [ 9.5, 4.5, 10.5, 11.5 ], "texture": "#texture" },
				"west": { "uv": [ 8, 4.5, 10, 11.5 ], "texture": "#texture" },
				"east": { "uv": [ 6, 4.5, 8, 11.5 ], "texture": "#texture" }
			}
		},
		{
			"__comment": "Box2",
			"from": [ 9, 13, 8.5 ],
			"to": [ 10, 13.5, 9.5 ],
			"faces": {
				"down": { "uv": [ 9.5, 6, 10.5, 8 ], "texture": "#texture" },
				"up": { "uv": [ 9.5, 8, 10.5, 10 ], "texture": "#texture" },
				"north": { "uv": [ 5.5, 4.5, 6.5, 11.5 ], "texture": "#texture" },
				"south": { "uv": [ 9.5, 4.5, 10.5, 11.5 ], "texture": "#texture" },
				"west": { "uv": [ 8, 4.5, 10, 11.5 ], "texture": "#texture" },
				"east": { "uv": [ 6, 4.5, 8, 11.5 ], "texture": "#texture" }
			}
		},
		{
			"__comment": "Box2",
			"from": [ 6.5, 12.5, 8.5 ],
			"to": [ 9, 13.5, 9.5 ],
			"faces": {
				"down": { "uv": [ 9.5, 6, 10.5, 8 ], "texture": "#texture" },
				"up": { "uv": [ 9.5, 8, 10.5, 10 ], "texture": "#texture" },
				"north": { "uv": [ 5.5, 4.5, 6.5, 11.5 ], "texture": "#texture" },
				"south": { "uv": [ 9.5, 4.5, 10.5, 11.5 ], "texture": "#texture" },
				"west": { "uv": [ 8, 4.5, 10, 11.5 ], "texture": "#texture" },
				"east": { "uv": [ 6, 4.5, 8, 11.5 ], "texture": "#texture" }
			}
		},
		{
			"__comment": "Box2",
			"from": [ 8.5, 15, 8.5 ],
			"to": [ 10, 16, 9.5 ],
			"faces": {
				"down": { "uv": [ 9.5, 6, 10.5, 8 ], "texture": "#texture" },
				"up": { "uv": [ 9.5, 8, 10.5, 10 ], "texture": "#texture" },
				"north": { "uv": [ 5.5, 4.5, 6.5, 11.5 ], "texture": "#texture" },
				"south": { "uv": [ 9.5, 4.5, 10.5, 11.5 ], "texture": "#texture" },
				"west": { "uv": [ 8, 4.5, 10, 11.5 ], "texture": "#texture" },
				"east": { "uv": [ 6, 4.5, 8, 11.5 ], "texture": "#texture" }
			}
		},
		{
			"__comment": "Box2",
			"from": [ 6, 14, 8.5 ],
			"to": [ 8.5, 16, 9.5 ],
			"faces": {
				"down": { "uv": [ 9.5, 6, 10.5, 8 ], "texture": "#texture" },
				"up": { "uv": [ 9.5, 8, 10.5, 10 ], "texture": "#texture" },
				"north": { "uv": [ 5.5, 4.5, 6.5, 11.5 ], "texture": "#texture" },
				"south": { "uv": [ 9.5, 4.5, 10.5, 11.5 ], "texture": "#texture" },
				"west": { "uv": [ 8, 4.5, 10, 11.5 ], "texture": "#texture" },
				"east": { "uv": [ 6, 4.5, 8, 11.5 ], "texture": "#texture" }
			}
		},
		{
			"__comment": "Box2",
			"from": [ 6.5, 13.5, 8.5 ],
			"to": [ 8.5, 14, 9.5 ],
			"faces": {
				"down": { "uv": [ 9.5, 6, 10.5, 8 ], "texture": "#texture" },
				"up": { "uv": [ 9.5, 8, 10.5, 10 ], "texture": "#texture" },
				"north": { "uv": [ 5.5, 4.5, 6.5, 11.5 ], "texture": "#texture" },
				"south": { "uv": [ 9.5, 4.5, 10.5, 11.5 ], "texture": "#texture" },
				"west": { "uv": [ 8, 4.5, 10, 11.5 ], "texture": "#texture" },
				"east": { "uv": [ 6, 4.5, 8, 11.5 ], "texture": "#texture" }
			}
		},
		{
			"__comment": "Box2",
			"from": [ 6, 9.5, 8.5 ],
			"to": [ 8, 10.5, 9.5 ],
			"faces": {
				"down": { "uv": [ 9.5, 6, 10.5, 8 ], "texture": "#texture" },
				"up": { "uv": [ 9.5, 8, 10.5, 10 ], "texture": "#texture" },
				"north": { "uv": [ 5.5, 4.5, 6.5, 11.5 ], "texture": "#texture" },
				"south": { "uv": [ 9.5, 4.5, 10.5, 11.5 ], "texture": "#texture" },
				"west": { "uv": [ 8, 4.5, 10, 11.5 ], "texture": "#texture" },
				"east": { "uv": [ 6, 4.5, 8, 11.5 ], "texture": "#texture" }
			}
		},
		{
			"__comment": "Box2",
			"from": [ 5, 10.5, 8.5 ],
			"to": [ 8, 11.5, 9.5 ],
			"faces": {
				"down": { "uv": [ 9.5, 6, 10.5, 8 ], "texture": "#texture" },
				"up": { "uv": [ 9.5, 8, 10.5, 10 ], "texture": "#texture" },
				"north": { "uv": [ 5.5, 4.5, 6.5, 11.5 ], "texture": "#texture" },
				"south": { "uv": [ 9.5, 4.5, 10.5, 11.5 ], "texture": "#texture" },
				"west": { "uv": [ 8, 4.5, 10, 11.5 ], "texture": "#texture" },
				"east": { "uv": [ 6, 4.5, 8, 11.5 ], "texture": "#texture" }
			}
		},
		{
			"__comment": "Box2",
			"from": [ 4, 11.5, 8.5 ],
			"to": [ 5, 17.5, 9.5 ],
			"faces": {
				"down": { "uv": [ 9.5, 6, 10.5, 8 ], "texture": "#texture" },
				"up": { "uv": [ 9.5, 8, 10.5, 10 ], "texture": "#texture" },
				"north": { "uv": [ 5.5, 4.5, 6.5, 11.5 ], "texture": "#texture" },
				"south": { "uv": [ 9.5, 4.5, 10.5, 11.5 ], "texture": "#texture" },
				"west": { "uv": [ 8, 4.5, 10, 11.5 ], "texture": "#texture" },
				"east": { "uv": [ 6, 4.5, 8, 11.5 ], "texture": "#texture" }
			}
		},
		{
			"__comment": "Box2",
			"from": [ -2, 16, 8.5 ],
			"to": [ -1, 17.5, 9.5 ],
			"faces": {
				"down": { "uv": [ 10, 11.5, 8, 4.5 ], "texture": "#texture", "rotation": 90 },
				"up": { "uv": [ 6, 4.5, 8, 11.5 ], "texture": "#texture", "rotation": 270 },
				"north": { "uv": [ 6.5, 11.5, 5.5, 4.5 ], "texture": "#texture", "rotation": 270 },
				"south": { "uv": [ 10.5, 11.5, 9.5, 4.5 ], "texture": "#texture", "rotation": 90 },
				"west": { "uv": [ 10.5, 10, 9.5, 8 ], "texture": "#texture", "rotation": 90 },
				"east": { "uv": [ 9.5, 6, 10.5, 8 ], "texture": "#texture", "rotation": 270 }
			}
		},
		{
			"__comment": "Box2",
			"from": [ -3, 16, 8.5 ],
			"to": [ -2, 18.5, 9.5 ],
			"faces": {
				"down": { "uv": [ 10, 11.5, 8, 4.5 ], "texture": "#texture", "rotation": 90 },
				"up": { "uv": [ 6, 4.5, 8, 11.5 ], "texture": "#texture", "rotation": 270 },
				"north": { "uv": [ 6.5, 11.5, 5.5, 4.5 ], "texture": "#texture", "rotation": 270 },
				"south": { "uv": [ 10.5, 11.5, 9.5, 4.5 ], "texture": "#texture", "rotation": 90 },
				"west": { "uv": [ 10.5, 10, 9.5, 8 ], "texture": "#texture", "rotation": 90 },
				"east": { "uv": [ 9.5, 6, 10.5, 8 ], "texture": "#texture", "rotation": 270 }
			}
		},
		{
			"__comment": "Box2",
			"from": [ -4.5, 17.5, 8.5 ],
			"to": [ -3, 19, 9.5 ],
			"faces": {
				"down": { "uv": [ 10, 11.5, 8, 4.5 ], "texture": "#texture1", "rotation": 90 },
				"up": { "uv": [ 6, 4.5, 8, 11.5 ], "texture": "#texture1", "rotation": 270 },
				"north": { "uv": [ 6.5, 11.5, 5.5, 4.5 ], "texture": "#texture1", "rotation": 270 },
				"south": { "uv": [ 10.5, 11.5, 9.5, 4.5 ], "texture": "#texture1", "rotation": 90 },
				"west": { "uv": [ 10.5, 10, 9.5, 8 ], "texture": "#texture1", "rotation": 90 },
				"east": { "uv": [ 9.5, 6, 10.5, 8 ], "texture": "#texture1", "rotation": 270 }
			}
		},
		{
			"__comment": "Box2",
			"from": [ -7.5, 15.5, 8.5 ],
			"to": [ -4.5, 19.5, 9.5 ],
			"faces": {
				"down": { "uv": [ 10, 11.5, 8, 4.5 ], "texture": "#texture", "rotation": 90 },
				"up": { "uv": [ 6, 4.5, 8, 11.5 ], "texture": "#texture", "rotation": 270 },
				"north": { "uv": [ 6.5, 11.5, 5.5, 4.5 ], "texture": "#texture", "rotation": 270 },
				"south": { "uv": [ 10.5, 11.5, 9.5, 4.5 ], "texture": "#texture", "rotation": 90 },
				"west": { "uv": [ 10.5, 10, 9.5, 8 ], "texture": "#texture", "rotation": 90 },
				"east": { "uv": [ 9.5, 6, 10.5, 8 ], "texture": "#texture", "rotation": 270 }
			}
		},
		{
			"__comment": "Box2",
			"from": [ -4.5, 19, 8.5 ],
			"to": [ -3, 19.5, 9.5 ],
			"faces": {
				"down": { "uv": [ 10, 11.5, 8, 4.5 ], "texture": "#texture", "rotation": 90 },
				"up": { "uv": [ 6, 4.5, 8, 11.5 ], "texture": "#texture", "rotation": 270 },
				"north": { "uv": [ 6.5, 11.5, 5.5, 4.5 ], "texture": "#texture", "rotation": 270 },
				"south": { "uv": [ 10.5, 11.5, 9.5, 4.5 ], "texture": "#texture", "rotation": 90 },
				"west": { "uv": [ 10.5, 10, 9.5, 8 ], "texture": "#texture", "rotation": 90 },
				"east": { "uv": [ 9.5, 6, 10.5, 8 ], "texture": "#texture", "rotation": 270 }
			}
		},
		{
			"__comment": "Box2",
			"from": [ -4.5, 14.5, 8.5 ],
			"to": [ -3, 17.5, 9.5 ],
			"faces": {
				"down": { "uv": [ 10, 11.5, 8, 4.5 ], "texture": "#texture", "rotation": 90 },
				"up": { "uv": [ 6, 4.5, 8, 11.5 ], "texture": "#texture", "rotation": 270 },
				"north": { "uv": [ 6.5, 11.5, 5.5, 4.5 ], "texture": "#texture", "rotation": 270 },
				"south": { "uv": [ 10.5, 11.5, 9.5, 4.5 ], "texture": "#texture", "rotation": 90 },
				"west": { "uv": [ 10.5, 10, 9.5, 8 ], "texture": "#texture", "rotation": 90 },
				"east": { "uv": [ 9.5, 6, 10.5, 8 ], "texture": "#texture", "rotation": 270 }
			}
		},
		{
			"__comment": "Box2",
			"from": [ -3, 14.5, 8.5 ],
			"to": [ -2.5, 16, 9.5 ],
			"faces": {
				"down": { "uv": [ 10, 11.5, 8, 4.5 ], "texture": "#texture", "rotation": 90 },
				"up": { "uv": [ 6, 4.5, 8, 11.5 ], "texture": "#texture", "rotation": 270 },
				"north": { "uv": [ 6.5, 11.5, 5.5, 4.5 ], "texture": "#texture", "rotation": 270 },
				"south": { "uv": [ 10.5, 11.5, 9.5, 4.5 ], "texture": "#texture", "rotation": 90 },
				"west": { "uv": [ 10.5, 10, 9.5, 8 ], "texture": "#texture", "rotation": 90 },
				"east": { "uv": [ 9.5, 6, 10.5, 8 ], "texture": "#texture", "rotation": 270 }
			}
		},
		{
			"__comment": "Box2",
			"from": [ -2.5, 14.5, 8.5 ],
			"to": [ -1, 16, 9.5 ],
			"faces": {
				"down": { "uv": [ 10, 11.5, 8, 4.5 ], "texture": "#texture1", "rotation": 90 },
				"up": { "uv": [ 6, 4.5, 8, 11.5 ], "texture": "#texture1", "rotation": 270 },
				"north": { "uv": [ 6.5, 11.5, 5.5, 4.5 ], "texture": "#texture1", "rotation": 270 },
				"south": { "uv": [ 10.5, 11.5, 9.5, 4.5 ], "texture": "#texture1", "rotation": 90 },
				"west": { "uv": [ 10.5, 10, 9.5, 8 ], "texture": "#texture1", "rotation": 90 },
				"east": { "uv": [ 9.5, 6, 10.5, 8 ], "texture": "#texture1", "rotation": 270 }
			}
		},
		{
			"__comment": "Box2",
			"from": [ -2, 11.5, 8.5 ],
			"to": [ -1, 13.5, 9.5 ],
			"faces": {
				"down": { "uv": [ 10, 11.5, 8, 4.5 ], "texture": "#texture", "rotation": 90 },
				"up": { "uv": [ 6, 4.5, 8, 11.5 ], "texture": "#texture", "rotation": 270 },
				"north": { "uv": [ 6.5, 11.5, 5.5, 4.5 ], "texture": "#texture", "rotation": 270 },
				"south": { "uv": [ 10.5, 11.5, 9.5, 4.5 ], "texture": "#texture", "rotation": 90 },
				"west": { "uv": [ 10.5, 10, 9.5, 8 ], "texture": "#texture", "rotation": 90 },
				"east": { "uv": [ 9.5, 6, 10.5, 8 ], "texture": "#texture", "rotation": 270 }
			}
		},
		{
			"__comment": "Box2",
			"from": [ -3, 10.5, 8.5 ],
			"to": [ -2, 13.5, 9.5 ],
			"faces": {
				"down": { "uv": [ 10, 11.5, 8, 4.5 ], "texture": "#texture", "rotation": 90 },
				"up": { "uv": [ 6, 4.5, 8, 11.5 ], "texture": "#texture", "rotation": 270 },
				"north": { "uv": [ 6.5, 11.5, 5.5, 4.5 ], "texture": "#texture", "rotation": 270 },
				"south": { "uv": [ 10.5, 11.5, 9.5, 4.5 ], "texture": "#texture", "rotation": 90 },
				"west": { "uv": [ 10.5, 10, 9.5, 8 ], "texture": "#texture", "rotation": 90 },
				"east": { "uv": [ 9.5, 6, 10.5, 8 ], "texture": "#texture", "rotation": 270 }
			}
		},
		{
			"__comment": "Box2",
			"from": [ -9, 9.5, 8.5 ],
			"to": [ -3, 10.5, 9.5 ],
			"faces": {
				"down": { "uv": [ 10, 11.5, 8, 4.5 ], "texture": "#texture", "rotation": 90 },
				"up": { "uv": [ 6, 4.5, 8, 11.5 ], "texture": "#texture", "rotation": 270 },
				"north": { "uv": [ 6.5, 11.5, 5.5, 4.5 ], "texture": "#texture", "rotation": 270 },
				"south": { "uv": [ 10.5, 11.5, 9.5, 4.5 ], "texture": "#texture", "rotation": 90 },
				"west": { "uv": [ 10.5, 10, 9.5, 8 ], "texture": "#texture", "rotation": 90 },
				"east": { "uv": [ 9.5, 6, 10.5, 8 ], "texture": "#texture", "rotation": 270 }
			}
		},
		{
			"__comment": "Box2",
			"from": [ -5.5, 10.5, 8.5 ],
			"to": [ -4, 12, 9.5 ],
			"faces": {
				"down": { "uv": [ 10, 11.5, 8, 4.5 ], "texture": "#texture1", "rotation": 90 },
				"up": { "uv": [ 6, 4.5, 8, 11.5 ], "texture": "#texture1", "rotation": 270 },
				"north": { "uv": [ 6.5, 11.5, 5.5, 4.5 ], "texture": "#texture1", "rotation": 270 },
				"south": { "uv": [ 10.5, 11.5, 9.5, 4.5 ], "texture": "#texture1", "rotation": 90 },
				"west": { "uv": [ 10.5, 10, 9.5, 8 ], "texture": "#texture1", "rotation": 90 },
				"east": { "uv": [ 9.5, 6, 10.5, 8 ], "texture": "#texture1", "rotation": 270 }
			}
		},
		{
			"__comment": "Box2",
			"from": [ -9, 10.5, 8.5 ],
			"to": [ -5.5, 11.5, 9.5 ],
			"faces": {
				"down": { "uv": [ 10, 11.5, 8, 4.5 ], "texture": "#texture", "rotation": 90 },
				"up": { "uv": [ 6, 4.5, 8, 11.5 ], "texture": "#texture", "rotation": 270 },
				"north": { "uv": [ 6.5, 11.5, 5.5, 4.5 ], "texture": "#texture", "rotation": 270 },
				"south": { "uv": [ 10.5, 11.5, 9.5, 4.5 ], "texture": "#texture", "rotation": 90 },
				"west": { "uv": [ 10.5, 10, 9.5, 8 ], "texture": "#texture", "rotation": 90 },
				"east": { "uv": [ 9.5, 6, 10.5, 8 ], "texture": "#texture", "rotation": 270 }
			}
		},
		{
			"__comment": "Box2",
			"from": [ -10, 10.5, 8.5 ],
			"to": [ -9, 15, 9.5 ],
			"faces": {
				"down": { "uv": [ 10, 11.5, 8, 4.5 ], "texture": "#texture", "rotation": 90 },
				"up": { "uv": [ 6, 4.5, 8, 11.5 ], "texture": "#texture", "rotation": 270 },
				"north": { "uv": [ 6.5, 11.5, 5.5, 4.5 ], "texture": "#texture", "rotation": 270 },
				"south": { "uv": [ 10.5, 11.5, 9.5, 4.5 ], "texture": "#texture", "rotation": 90 },
				"west": { "uv": [ 10.5, 10, 9.5, 8 ], "texture": "#texture", "rotation": 90 },
				"east": { "uv": [ 9.5, 6, 10.5, 8 ], "texture": "#texture", "rotation": 270 }
			}
		},
		{
			"__comment": "Box2",
			"from": [ -9, 11.5, 8.5 ],
			"to": [ -7.5, 13, 9.5 ],
			"faces": {
				"down": { "uv": [ 10, 11.5, 8, 4.5 ], "texture": "#texture1", "rotation": 90 },
				"up": { "uv": [ 6, 4.5, 8, 11.5 ], "texture": "#texture1", "rotation": 270 },
				"north": { "uv": [ 6.5, 11.5, 5.5, 4.5 ], "texture": "#texture1", "rotation": 270 },
				"south": { "uv": [ 10.5, 11.5, 9.5, 4.5 ], "texture": "#texture1", "rotation": 90 },
				"west": { "uv": [ 10.5, 10, 9.5, 8 ], "texture": "#texture1", "rotation": 90 },
				"east": { "uv": [ 9.5, 6, 10.5, 8 ], "texture": "#texture1", "rotation": 270 }
			}
		},
		{
			"__comment": "Box2",
			"from": [ -11, 11.5, 8.5 ],
			"to": [ -10.5, 17.5, 9.5 ],
			"faces": {
				"down": { "uv": [ 10, 11.5, 8, 4.5 ], "texture": "#texture", "rotation": 90 },
				"up": { "uv": [ 6, 4.5, 8, 11.5 ], "texture": "#texture", "rotation": 270 },
				"north": { "uv": [ 6.5, 11.5, 5.5, 4.5 ], "texture": "#texture", "rotation": 270 },
				"south": { "uv": [ 10.5, 11.5, 9.5, 4.5 ], "texture": "#texture", "rotation": 90 },
				"west": { "uv": [ 10.5, 10, 9.5, 8 ], "texture": "#texture", "rotation": 90 },
				"east": { "uv": [ 9.5, 6, 10.5, 8 ], "texture": "#texture", "rotation": 270 }
			}
		},
		{
			"__comment": "Box2",
			"from": [ -9, 13, 8.5 ],
			"to": [ -7.5, 18, 9.5 ],
			"faces": {
				"down": { "uv": [ 10, 11.5, 8, 4.5 ], "texture": "#texture", "rotation": 90 },
				"up": { "uv": [ 6, 4.5, 8, 11.5 ], "texture": "#texture", "rotation": 270 },
				"north": { "uv": [ 6.5, 11.5, 5.5, 4.5 ], "texture": "#texture", "rotation": 270 },
				"south": { "uv": [ 10.5, 11.5, 9.5, 4.5 ], "texture": "#texture", "rotation": 90 },
				"west": { "uv": [ 10.5, 10, 9.5, 8 ], "texture": "#texture", "rotation": 90 },
				"east": { "uv": [ 9.5, 6, 10.5, 8 ], "texture": "#texture", "rotation": 270 }
			}
		},
		{
			"__comment": "Box2",
			"from": [ -10.5, 11.5, 8.5 ],
			"to": [ -10, 15, 9.5 ],
			"faces": {
				"down": { "uv": [ 10, 11.5, 8, 4.5 ], "texture": "#texture", "rotation": 90 },
				"up": { "uv": [ 6, 4.5, 8, 11.5 ], "texture": "#texture", "rotation": 270 },
				"north": { "uv": [ 6.5, 11.5, 5.5, 4.5 ], "texture": "#texture", "rotation": 270 },
				"south": { "uv": [ 10.5, 11.5, 9.5, 4.5 ], "texture": "#texture", "rotation": 90 },
				"west": { "uv": [ 10.5, 10, 9.5, 8 ], "texture": "#texture", "rotation": 90 },
				"east": { "uv": [ 9.5, 6, 10.5, 8 ], "texture": "#texture", "rotation": 270 }
			}
		},
		{
			"__comment": "Box2",
			"from": [ -10.5, 15, 8.5 ],
			"to": [ -9, 16.5, 9.5 ],
			"faces": {
				"down": { "uv": [ 10, 11.5, 8, 4.5 ], "texture": "#texture1", "rotation": 90 },
				"up": { "uv": [ 6, 4.5, 8, 11.5 ], "texture": "#texture1", "rotation": 270 },
				"north": { "uv": [ 6.5, 11.5, 5.5, 4.5 ], "texture": "#texture1", "rotation": 270 },
				"south": { "uv": [ 10.5, 11.5, 9.5, 4.5 ], "texture": "#texture1", "rotation": 90 },
				"west": { "uv": [ 10.5, 10, 9.5, 8 ], "texture": "#texture1", "rotation": 90 },
				"east": { "uv": [ 9.5, 6, 10.5, 8 ], "texture": "#texture1", "rotation": 270 }
			}
		},
		{
			"__comment": "Box2",
			"from": [ -10.5, 16.5, 8.5 ],
			"to": [ -10, 17.5, 9.5 ],
			"faces": {
				"down": { "uv": [ 10, 11.5, 8, 4.5 ], "texture": "#texture", "rotation": 90 },
				"up": { "uv": [ 6, 4.5, 8, 11.5 ], "texture": "#texture", "rotation": 270 },
				"north": { "uv": [ 6.5, 11.5, 5.5, 4.5 ], "texture": "#texture", "rotation": 270 },
				"south": { "uv": [ 10.5, 11.5, 9.5, 4.5 ], "texture": "#texture", "rotation": 90 },
				"west": { "uv": [ 10.5, 10, 9.5, 8 ], "texture": "#texture", "rotation": 90 },
				"east": { "uv": [ 9.5, 6, 10.5, 8 ], "texture": "#texture", "rotation": 270 }
			}
		},
		{
			"__comment": "Box2",
			"from": [ -10, 16.5, 8.5 ],
			"to": [ -9, 18.5, 9.5 ],
			"faces": {
				"down": { "uv": [ 10, 11.5, 8, 4.5 ], "texture": "#texture", "rotation": 90 },
				"up": { "uv": [ 6, 4.5, 8, 11.5 ], "texture": "#texture", "rotation": 270 },
				"north": { "uv": [ 6.5, 11.5, 5.5, 4.5 ], "texture": "#texture", "rotation": 270 },
				"south": { "uv": [ 10.5, 11.5, 9.5, 4.5 ], "texture": "#texture", "rotation": 90 },
				"west": { "uv": [ 10.5, 10, 9.5, 8 ], "texture": "#texture", "rotation": 90 },
				"east": { "uv": [ 9.5, 6, 10.5, 8 ], "texture": "#texture", "rotation": 270 }
			}
		},
		{
			"__comment": "Box2",
			"from": [ -9, 18, 8.5 ],
			"to": [ -7.5, 19.5, 9.5 ],
			"faces": {
				"down": { "uv": [ 10, 11.5, 8, 4.5 ], "texture": "#texture1", "rotation": 90 },
				"up": { "uv": [ 6, 4.5, 8, 11.5 ], "texture": "#texture1", "rotation": 270 },
				"north": { "uv": [ 6.5, 11.5, 5.5, 4.5 ], "texture": "#texture1", "rotation": 270 },
				"south": { "uv": [ 10.5, 11.5, 9.5, 4.5 ], "texture": "#texture1", "rotation": 90 },
				"west": { "uv": [ 10.5, 10, 9.5, 8 ], "texture": "#texture1", "rotation": 90 },
				"east": { "uv": [ 9.5, 6, 10.5, 8 ], "texture": "#texture1", "rotation": 270 }
			}
		},
		{
			"__comment": "Box2",
			"from": [ -6.5, 14, 8.5 ],
			"to": [ -5, 15.5, 9.5 ],
			"faces": {
				"down": { "uv": [ 10, 11.5, 8, 4.5 ], "texture": "#texture1", "rotation": 90 },
				"up": { "uv": [ 6, 4.5, 8, 11.5 ], "texture": "#texture1", "rotation": 270 },
				"north": { "uv": [ 6.5, 11.5, 5.5, 4.5 ], "texture": "#texture1", "rotation": 270 },
				"south": { "uv": [ 10.5, 11.5, 9.5, 4.5 ], "texture": "#texture1", "rotation": 90 },
				"west": { "uv": [ 10.5, 10, 9.5, 8 ], "texture": "#texture1", "rotation": 90 },
				"east": { "uv": [ 9.5, 6, 10.5, 8 ], "texture": "#texture1", "rotation": 270 }
			}
		},
		{
			"__comment": "Box2",
			"from": [ -7.5, 11.5, 8.5 ],
			"to": [ -5.5, 14, 9.5 ],
			"faces": {
				"down": { "uv": [ 10, 11.5, 8, 4.5 ], "texture": "#texture", "rotation": 90 },
				"up": { "uv": [ 6, 4.5, 8, 11.5 ], "texture": "#texture", "rotation": 270 },
				"north": { "uv": [ 6.5, 11.5, 5.5, 4.5 ], "texture": "#texture", "rotation": 270 },
				"south": { "uv": [ 10.5, 11.5, 9.5, 4.5 ], "texture": "#texture", "rotation": 90 },
				"west": { "uv": [ 10.5, 10, 9.5, 8 ], "texture": "#texture", "rotation": 90 },
				"east": { "uv": [ 9.5, 6, 10.5, 8 ], "texture": "#texture", "rotation": 270 }
			}
		},
		{
			"__comment": "Box2",
			"from": [ -7.5, 14, 8.5 ],
			"to": [ -6.5, 15.5, 9.5 ],
			"faces": {
				"down": { "uv": [ 10, 11.5, 8, 4.5 ], "texture": "#texture", "rotation": 90 },
				"up": { "uv": [ 6, 4.5, 8, 11.5 ], "texture": "#texture", "rotation": 270 },
				"north": { "uv": [ 6.5, 11.5, 5.5, 4.5 ], "texture": "#texture", "rotation": 270 },
				"south": { "uv": [ 10.5, 11.5, 9.5, 4.5 ], "texture": "#texture", "rotation": 90 },
				"west": { "uv": [ 10.5, 10, 9.5, 8 ], "texture": "#texture", "rotation": 90 },
				"east": { "uv": [ 9.5, 6, 10.5, 8 ], "texture": "#texture", "rotation": 270 }
			}
		},
		{
			"__comment": "Box2",
			"from": [ -5.5, 12, 8.5 ],
			"to": [ -5, 14, 9.5 ],
			"faces": {
				"down": { "uv": [ 10, 11.5, 8, 4.5 ], "texture": "#texture", "rotation": 90 },
				"up": { "uv": [ 6, 4.5, 8, 11.5 ], "texture": "#texture", "rotation": 270 },
				"north": { "uv": [ 6.5, 11.5, 5.5, 4.5 ], "texture": "#texture", "rotation": 270 },
				"south": { "uv": [ 10.5, 11.5, 9.5, 4.5 ], "texture": "#texture", "rotation": 90 },
				"west": { "uv": [ 10.5, 10, 9.5, 8 ], "texture": "#texture", "rotation": 90 },
				"east": { "uv": [ 9.5, 6, 10.5, 8 ], "texture": "#texture", "rotation": 270 }
			}
		},
		{
			"__comment": "Box2",
			"from": [ -5, 12, 8.5 ],
			"to": [ -4, 14.5, 9.5 ],
			"faces": {
				"down": { "uv": [ 10, 11.5, 8, 4.5 ], "texture": "#texture", "rotation": 90 },
				"up": { "uv": [ 6, 4.5, 8, 11.5 ], "texture": "#texture", "rotation": 270 },
				"north": { "uv": [ 6.5, 11.5, 5.5, 4.5 ], "texture": "#texture", "rotation": 270 },
				"south": { "uv": [ 10.5, 11.5, 9.5, 4.5 ], "texture": "#texture", "rotation": 90 },
				"west": { "uv": [ 10.5, 10, 9.5, 8 ], "texture": "#texture", "rotation": 90 },
				"east": { "uv": [ 9.5, 6, 10.5, 8 ], "texture": "#texture", "rotation": 270 }
			}
		},
		{
			"__comment": "Box2",
			"from": [ -5, 14.5, 8.5 ],
			"to": [ -4.5, 15.5, 9.5 ],
			"faces": {
				"down": { "uv": [ 10, 11.5, 8, 4.5 ], "texture": "#texture", "rotation": 90 },
				"up": { "uv": [ 6, 4.5, 8, 11.5 ], "texture": "#texture", "rotation": 270 },
				"north": { "uv": [ 6.5, 11.5, 5.5, 4.5 ], "texture": "#texture", "rotation": 270 },
				"south": { "uv": [ 10.5, 11.5, 9.5, 4.5 ], "texture": "#texture", "rotation": 90 },
				"west": { "uv": [ 10.5, 10, 9.5, 8 ], "texture": "#texture", "rotation": 90 },
				"east": { "uv": [ 9.5, 6, 10.5, 8 ], "texture": "#texture", "rotation": 270 }
			}
		},
		{
			"__comment": "Box2",
			"from": [ -4, 10.5, 8.5 ],
			"to": [ -3, 14.5, 9.5 ],
			"faces": {
				"down": { "uv": [ 10, 11.5, 8, 4.5 ], "texture": "#texture", "rotation": 90 },
				"up": { "uv": [ 6, 4.5, 8, 11.5 ], "texture": "#texture", "rotation": 270 },
				"north": { "uv": [ 6.5, 11.5, 5.5, 4.5 ], "texture": "#texture", "rotation": 270 },
				"south": { "uv": [ 10.5, 11.5, 9.5, 4.5 ], "texture": "#texture", "rotation": 90 },
				"west": { "uv": [ 10.5, 10, 9.5, 8 ], "texture": "#texture", "rotation": 90 },
				"east": { "uv": [ 9.5, 6, 10.5, 8 ], "texture": "#texture", "rotation": 270 }
			}
		},
		{
			"__comment": "Box2",
			"from": [ -3, 13.5, 8.5 ],
			"to": [ -1, 14.5, 9.5 ],
			"faces": {
				"down": { "uv": [ 10, 11.5, 8, 4.5 ], "texture": "#texture", "rotation": 90 },
				"up": { "uv": [ 6, 4.5, 8, 11.5 ], "texture": "#texture", "rotation": 270 },
				"north": { "uv": [ 6.5, 11.5, 5.5, 4.5 ], "texture": "#texture", "rotation": 270 },
				"south": { "uv": [ 10.5, 11.5, 9.5, 4.5 ], "texture": "#texture", "rotation": 90 },
				"west": { "uv": [ 10.5, 10, 9.5, 8 ], "texture": "#texture", "rotation": 90 },
				"east": { "uv": [ 9.5, 6, 10.5, 8 ], "texture": "#texture", "rotation": 270 }
			}
		}
	],
	"display": {
		"thirdperson_righthand": {
			"rotation":  [ 0, 90, 0 ],
			"translation":  [ 0, 0, -2.782 ],
			"scale":  [ 0.3, 0.3, 0.3 ]
		},
		"thirdperson_lefthand": {
			"rotation":  [ 0, 90, 0 ],
			"translation":  [ 0, 0, 0.6956 ],
			"scale":  [ 0.3, 0.3, 0.3 ]
		},
		"firstperson_righthand": {
			"rotation":  [ 0, 122, 0 ],
			"translation":  [ -0.695, 3.4782, 0.6956 ],
			"scale":  [ 0.3, 0.3, 0.3 ]
		},
		"firstperson_lefthand": {
			"rotation":  [ 0, 122, 0 ],
			"translation":  [ 2.0869, 1.3913, 1.3913 ],
			"scale":  [ 0.3, 0.3, 0.3 ]
		},
		"gui": {
			"rotation":  [ 23, 152, 0 ],
			"translation":  [ -2.782, -1.39, 0 ],
			"scale":  [ 0.5, 0.5, 0.5 ]
		},
		"head": {
			"translation":  [ 6.5, 3, 0 ]
		},
		"ground": {
			"translation":  [ 2.7826, 1.3912, 0 ],
			"scale":  [ 0.5, 0.5, 0.5 ]
		},
		"fixed": {
			"translation":  [ 4.5, -2.086, 0 ],
			"scale":  [ 0.7, 0.7, 0.7 ]
		}
	}
}
