{
	"__comment": "Designed by Mouskegamer with Cubik Studio - https://cubik.studio",
	"textures": {
		"0": "block/yellow_wool",
		"wool_red": "block/lime_wool"
	},
	"elements": [ 	 
		{
			"__comment": "shulker_gray",
			"from": [ 10.5, 10.5, 3.5 ],
			"to": [ 12, 12.5, 4 ],
			"faces": {
				"down": { "uv": [ 10.49999, 12, 11.99999, 12.5 ], "texture": "#wool_red" },
				"up": { "uv": [ 10.49999, 3.500001, 11.99999, 4.000001 ], "texture": "#wool_red" },
				"north": { "uv": [ 4.000006, 3.5, 5.500006, 5.5 ], "texture": "#wool_red" },
				"south": { "uv": [ 10.49999, 3.5, 11.99999, 5.5 ], "texture": "#wool_red" },
				"west": { "uv": [ 3.500001, 3.5, 4.000001, 5.5 ], "texture": "#wool_red" },
				"east": { "uv": [ 12, 3.5, 12.5, 5.5 ], "texture": "#wool_red" }
			}
		},
		{
			"__comment": "shulker_gray1",
			"from": [ 3.5, 10.5, 4 ],
			"to": [ 4, 12.5, 5.5 ],
			"faces": {
				"down": { "uv": [ 3.5, 10.49999, 4, 11.99999 ], "texture": "#wool_red" },
				"up": { "uv": [ 3.5, 4.000008, 4, 5.500008 ], "texture": "#wool_red" },
				"north": { "uv": [ 12, 3.5, 12.5, 5.5 ], "texture": "#wool_red" },
				"south": { "uv": [ 3.5, 3.5, 4, 5.5 ], "texture": "#wool_red" },
				"west": { "uv": [ 4.000007, 3.5, 5.500007, 5.5 ], "texture": "#wool_red" },
				"east": { "uv": [ 10.49999, 3.5, 11.99999, 5.5 ], "texture": "#wool_red" }
			}
		},
		{
			"__comment": "shulker_gray2",
			"from": [ 12, 10.5, 4 ],
			"to": [ 12.5, 12.5, 5.5 ],
			"faces": {
				"down": { "uv": [ 12, 10.5, 12.5, 12 ], "texture": "#wool_red" },
				"up": { "uv": [ 12, 4, 12.5, 5.5 ], "texture": "#wool_red" },
				"north": { "uv": [ 3.500002, 3.5, 4.000002, 5.5 ], "texture": "#wool_red" },
				"south": { "uv": [ 12, 3.5, 12.5, 5.5 ], "texture": "#wool_red" },
				"west": { "uv": [ 4, 3.5, 5.5, 5.5 ], "texture": "#wool_red" },
				"east": { "uv": [ 10.5, 3.5, 12, 5.5 ], "texture": "#wool_red" }
			}
		},
		{
			"__comment": "shulker_gray3",
			"from": [ 4, 10.5, 12 ],
			"to": [ 5.5, 12.5, 12.5 ],
			"faces": {
				"down": { "uv": [ 4.000007, 3.5, 5.500007, 4 ], "texture": "#wool_red" },
				"up": { "uv": [ 4.000007, 12, 5.500007, 12.5 ], "texture": "#wool_red" },
				"north": { "uv": [ 10.49999, 3.5, 11.99999, 5.5 ], "texture": "#wool_red" },
				"south": { "uv": [ 4.000007, 3.5, 5.500007, 5.5 ], "texture": "#wool_red" },
				"west": { "uv": [ 12, 3.5, 12.5, 5.5 ], "texture": "#wool_red" },
				"east": { "uv": [ 3.5, 3.5, 4, 5.5 ], "texture": "#wool_red" }
			}
		},
		{
			"__comment": "shulker_gray4",
			"from": [ 4, 10.5, 3.5 ],
			"to": [ 5.5, 12.5, 4 ],
			"faces": {
				"down": { "uv": [ 4, 12, 5.5, 12.5 ], "texture": "#wool_red" },
				"up": { "uv": [ 4, 3.500005, 5.5, 4.000005 ], "texture": "#wool_red" },
				"north": { "uv": [ 10.5, 3.5, 12, 5.5 ], "texture": "#wool_red" },
				"south": { "uv": [ 4, 3.5, 5.5, 5.5 ], "texture": "#wool_red" },
				"west": { "uv": [ 3.500005, 3.5, 4.000005, 5.5 ], "texture": "#wool_red" },
				"east": { "uv": [ 12, 3.5, 12.5, 5.5 ], "texture": "#wool_red" }
			}
		},
		{
			"__comment": "shulker_gray5",
			"from": [ 12, 10.5, 10.5 ],
			"to": [ 12.5, 12.5, 12 ],
			"faces": {
				"down": { "uv": [ 12, 4.000006, 12.5, 5.500006 ], "texture": "#wool_red" },
				"up": { "uv": [ 12, 10.49999, 12.5, 11.99999 ], "texture": "#wool_red" },
				"north": { "uv": [ 3.499998, 3.5, 3.999998, 5.5 ], "texture": "#wool_red" },
				"south": { "uv": [ 12, 3.5, 12.5, 5.5 ], "texture": "#wool_red" },
				"west": { "uv": [ 10.49999, 3.5, 11.99999, 5.5 ], "texture": "#wool_red" },
				"east": { "uv": [ 4.000006, 3.5, 5.500006, 5.5 ], "texture": "#wool_red" }
			}
		},
		{
			"__comment": "shulker_gray6",
			"from": [ 3, 10.5, 5.5 ],
			"to": [ 3.5, 12.5, 10.5 ],
			"faces": {
				"down": { "uv": [ 3.000004, 5.499997, 3.500004, 10.5 ], "texture": "#wool_red" },
				"up": { "uv": [ 3.000004, 5.500003, 3.500004, 10.5 ], "texture": "#wool_red" },
				"north": { "uv": [ 12.5, 3.5, 13, 5.5 ], "texture": "#wool_red" },
				"south": { "uv": [ 3.000004, 3.5, 3.500004, 5.5 ], "texture": "#wool_red" },
				"west": { "uv": [ 5.500003, 3.5, 10.5, 5.5 ], "texture": "#wool_red" },
				"east": { "uv": [ 5.499997, 3.5, 10.5, 5.5 ], "texture": "#wool_red" }
			}
		},
		{
			"__comment": "shulker_gray7",
			"from": [ 12.5, 10.5, 5.5 ],
			"to": [ 13, 12.5, 10.5 ],
			"faces": {
				"down": { "uv": [ 12.5, 5.500002, 13, 10.5 ], "texture": "#wool_red" },
				"up": { "uv": [ 12.5, 5.499998, 13, 10.5 ], "texture": "#wool_red" },
				"north": { "uv": [ 2.999998, 3.5, 3.499998, 5.5 ], "texture": "#wool_red" },
				"south": { "uv": [ 12.5, 3.5, 13, 5.5 ], "texture": "#wool_red" },
				"west": { "uv": [ 5.499998, 3.5, 10.5, 5.5 ], "texture": "#wool_red" },
				"east": { "uv": [ 5.500002, 3.5, 10.5, 5.5 ], "texture": "#wool_red" }
			}
		},
		{
			"__comment": "shulker_gray8",
			"from": [ 10, 10.5, 3 ],
			"to": [ 10.5, 11, 3.5 ],
			"faces": {
				"down": { "uv": [ 10, 12.5, 10.5, 13 ], "texture": "#wool_red" },
				"up": { "uv": [ 10, 3, 10.5, 3.5 ], "texture": "#wool_red" },
				"north": { "uv": [ 5.5, 5, 6, 5.5 ], "texture": "#wool_red" },
				"south": { "uv": [ 10, 5, 10.5, 5.5 ], "texture": "#wool_red" },
				"west": { "uv": [ 3, 5, 3.5, 5.5 ], "texture": "#wool_red" },
				"east": { "uv": [ 12.5, 5, 13, 5.5 ], "texture": "#wool_red" }
			}
		},
		{
			"__comment": "shulker_gray9",
			"from": [ 3.5, 10.5, 10.5 ],
			"to": [ 4, 12.5, 12 ],
			"faces": {
				"down": { "uv": [ 3.500004, 4, 4.000004, 5.5 ], "texture": "#wool_red" },
				"up": { "uv": [ 3.500004, 10.5, 4.000004, 12 ], "texture": "#wool_red" },
				"north": { "uv": [ 12, 3.5, 12.5, 5.5 ], "texture": "#wool_red" },
				"south": { "uv": [ 3.500004, 3.5, 4.000004, 5.5 ], "texture": "#wool_red" },
				"west": { "uv": [ 10.5, 3.5, 12, 5.5 ], "texture": "#wool_red" },
				"east": { "uv": [ 4, 3.5, 5.5, 5.5 ], "texture": "#wool_red" }
			}
		},
		{
			"__comment": "shulker_gray10",
			"from": [ 11.5, 12.5, 11.5 ],
			"to": [ 12, 13.5, 12 ],
			"faces": {
				"down": { "uv": [ 11.5, 4.000004, 12, 4.500004 ], "texture": "#wool_red" },
				"up": { "uv": [ 11.5, 11.5, 12, 12 ], "texture": "#wool_red" },
				"north": { "uv": [ 4, 2.5, 4.5, 3.5 ], "texture": "#wool_red" },
				"south": { "uv": [ 11.5, 2.5, 12, 3.5 ], "texture": "#wool_red" },
				"west": { "uv": [ 11.5, 2.5, 12, 3.5 ], "texture": "#wool_red" },
				"east": { "uv": [ 4.000004, 2.5, 4.500004, 3.5 ], "texture": "#wool_red" }
			}
		},
		{
			"__comment": "shulker_gray11",
			"from": [ 10.5, 10.5, 12 ],
			"to": [ 12, 12.5, 12.5 ],
			"faces": {
				"down": { "uv": [ 10.5, 3.500004, 12, 4.000004 ], "texture": "#wool_red" },
				"up": { "uv": [ 10.5, 12, 12, 12.5 ], "texture": "#wool_red" },
				"north": { "uv": [ 3.999997, 3.5, 5.499997, 5.5 ], "texture": "#wool_red" },
				"south": { "uv": [ 10.5, 3.5, 12, 5.5 ], "texture": "#wool_red" },
				"west": { "uv": [ 12, 3.5, 12.5, 5.5 ], "texture": "#wool_red" },
				"east": { "uv": [ 3.500004, 3.5, 4.000004, 5.5 ], "texture": "#wool_red" }
			}
		},
		{
			"__comment": "wool_red",
			"from": [ 6, 10, 3 ],
			"to": [ 10, 10.5, 3.5 ],
			"faces": {
				"down": { "uv": [ 6.000002, 12.5, 10, 13 ], "texture": "#wool_red" },
				"up": { "uv": [ 6.000002, 3, 10, 3.5 ], "texture": "#wool_red" },
				"north": { "uv": [ 5.999998, 5.5, 9.999998, 6 ], "texture": "#wool_red" },
				"south": { "uv": [ 6.000002, 5.5, 10, 6 ], "texture": "#wool_red" },
				"west": { "uv": [ 3, 5.5, 3.5, 6 ], "texture": "#wool_red" },
				"east": { "uv": [ 12.5, 5.5, 13, 6 ], "texture": "#wool_red" }
			}
		},
		{
			"__comment": "wool_red1",
			"from": [ 4, 10, 3.5 ],
			"to": [ 12, 10.5, 4 ],
			"faces": {
				"down": { "uv": [ 4.000004, 12, 12, 12.5 ], "texture": "#wool_red" },
				"up": { "uv": [ 4.000004, 3.5, 12, 4 ], "texture": "#wool_red" },
				"north": { "uv": [ 3.999996, 5.5, 12, 6 ], "texture": "#wool_red" },
				"south": { "uv": [ 4.000004, 5.5, 12, 6 ], "texture": "#wool_red" },
				"west": { "uv": [ 3.5, 5.5, 4, 6 ], "texture": "#wool_red" },
				"east": { "uv": [ 12, 5.5, 12.5, 6 ], "texture": "#wool_red" }
			}
		},
		{
			"__comment": "wool_red2",
			"from": [ 12.5, 10, 6 ],
			"to": [ 13, 10.5, 10 ],
			"faces": {
				"down": { "uv": [ 12.5, 6, 13, 10 ], "texture": "#wool_red" },
				"up": { "uv": [ 12.5, 6, 13, 10 ], "texture": "#wool_red" },
				"north": { "uv": [ 3, 5.5, 3.5, 6 ], "texture": "#wool_red" },
				"south": { "uv": [ 12.5, 5.5, 13, 6 ], "texture": "#wool_red" },
				"west": { "uv": [ 6, 5.5, 10, 6 ], "texture": "#wool_red" },
				"east": { "uv": [ 6, 5.5, 10, 6 ], "texture": "#wool_red" }
			}
		},
		{
			"__comment": "wool_red3",
			"from": [ 12, 10, 4 ],
			"to": [ 12.5, 10.5, 12.5 ],
			"faces": {
				"down": { "uv": [ 12, 3.5, 12.5, 12 ], "texture": "#wool_red" },
				"up": { "uv": [ 12, 4, 12.5, 12.5 ], "texture": "#wool_red" },
				"north": { "uv": [ 3.5, 5.5, 4, 6 ], "texture": "#wool_red" },
				"south": { "uv": [ 12, 5.5, 12.5, 6 ], "texture": "#wool_red" },
				"west": { "uv": [ 4, 5.5, 12.5, 6 ], "texture": "#wool_red" },
				"east": { "uv": [ 3.5, 5.5, 12, 6 ], "texture": "#wool_red" }
			}
		},
		{
			"__comment": "wool_red4",
			"from": [ 3.5, 10, 4 ],
			"to": [ 4, 10.5, 12.5 ],
			"faces": {
				"down": { "uv": [ 3.5, 3.5, 4, 12 ], "texture": "#wool_red" },
				"up": { "uv": [ 3.5, 4, 4, 12.5 ], "texture": "#wool_red" },
				"north": { "uv": [ 12, 5.5, 12.5, 6 ], "texture": "#wool_red" },
				"south": { "uv": [ 3.5, 5.5, 4, 6 ], "texture": "#wool_red" },
				"west": { "uv": [ 4, 5.5, 12.5, 6 ], "texture": "#wool_red" },
				"east": { "uv": [ 3.5, 5.5, 12, 6 ], "texture": "#wool_red" }
			}
		},
		{
			"__comment": "wool_red5",
			"from": [ 4, 10, 12.5 ],
			"to": [ 4.5, 10.5, 13 ],
			"faces": {
				"down": { "uv": [ 4, 3.5, 4.5, 4 ], "texture": "#wool_red" },
				"up": { "uv": [ 4, 12, 4.5, 12.5 ], "texture": "#wool_red" },
				"north": { "uv": [ 11.5, 5, 12, 5.5 ], "texture": "#wool_red" },
				"south": { "uv": [ 4, 5, 4.5, 5.5 ], "texture": "#wool_red" },
				"west": { "uv": [ 12, 5, 12.5, 5.5 ], "texture": "#wool_red" },
				"east": { "uv": [ 3.5, 5, 4, 5.5 ], "texture": "#wool_red" }
			}
		},
		{
			"__comment": "shulker_gray21",
			"from": [ 12, 12.5, 4.5 ],
			"to": [ 12.5, 13.5, 6 ],
			"faces": {
				"down": { "uv": [ 12, 10.00001, 12.5, 11.50001 ], "texture": "#wool_red" },
				"up": { "uv": [ 12, 4.499989, 12.5, 5.999989 ], "texture": "#wool_red" },
				"north": { "uv": [ 3.5, 2.5, 4, 3.5 ], "texture": "#wool_red" },
				"south": { "uv": [ 12, 2.5, 12.5, 3.5 ], "texture": "#wool_red" },
				"west": { "uv": [ 4.499989, 2.5, 5.999989, 3.5 ], "texture": "#wool_red" },
				"east": { "uv": [ 10.00001, 2.5, 11.50001, 3.5 ], "texture": "#wool_red" }
			}
		},
		{
			"__comment": "shulker_gray22",
			"from": [ 4.5, 12.5, 3.5 ],
			"to": [ 6, 13.5, 4 ],
			"faces": {
				"down": { "uv": [ 4.5, 12, 6, 12.5 ], "texture": "#wool_red" },
				"up": { "uv": [ 4.5, 3.499996, 6, 3.999996 ], "texture": "#wool_red" },
				"north": { "uv": [ 10, 2.5, 11.5, 3.5 ], "texture": "#wool_red" },
				"south": { "uv": [ 4.5, 2.5, 6, 3.5 ], "texture": "#wool_red" },
				"west": { "uv": [ 3.499996, 2.5, 3.999996, 3.5 ], "texture": "#wool_red" },
				"east": { "uv": [ 12, 2.5, 12.5, 3.5 ], "texture": "#wool_red" }
			}
		},
		{
			"__comment": "shulker_gray23",
			"from": [ 10, 12.5, 12 ],
			"to": [ 11.5, 13.5, 12.5 ],
			"faces": {
				"down": { "uv": [ 10, 3.500004, 11.5, 4.000004 ], "texture": "#wool_red" },
				"up": { "uv": [ 10, 12, 11.5, 12.5 ], "texture": "#wool_red" },
				"north": { "uv": [ 4.5, 2.5, 6, 3.5 ], "texture": "#wool_red" },
				"south": { "uv": [ 10, 2.5, 11.5, 3.5 ], "texture": "#wool_red" },
				"west": { "uv": [ 12, 2.5, 12.5, 3.5 ], "texture": "#wool_red" },
				"east": { "uv": [ 3.500004, 2.5, 4.000004, 3.5 ], "texture": "#wool_red" }
			}
		},
		{
			"__comment": "shulker_gray24",
			"from": [ 4.5, 12.5, 12 ],
			"to": [ 6, 13.5, 12.5 ],
			"faces": {
				"down": { "uv": [ 4.5, 3.500004, 6, 4.000004 ], "texture": "#wool_red" },
				"up": { "uv": [ 4.5, 12, 6, 12.5 ], "texture": "#wool_red" },
				"north": { "uv": [ 10, 2.5, 11.5, 3.5 ], "texture": "#wool_red" },
				"south": { "uv": [ 4.5, 2.5, 6, 3.5 ], "texture": "#wool_red" },
				"west": { "uv": [ 12, 2.5, 12.5, 3.5 ], "texture": "#wool_red" },
				"east": { "uv": [ 3.500004, 2.5, 4.000004, 3.5 ], "texture": "#wool_red" }
			}
		},
		{
			"__comment": "shulker_gray25",
			"from": [ 4.5, 10.5, 13 ],
			"to": [ 5, 11, 14 ],
			"faces": {
				"down": { "uv": [ 4.5, 2.000008, 5, 3.000008 ], "texture": "#wool_red" },
				"up": { "uv": [ 4.5, 12.99999, 5, 13.99999 ], "texture": "#wool_red" },
				"north": { "uv": [ 11, 5, 11.5, 5.5 ], "texture": "#wool_red" },
				"south": { "uv": [ 4.5, 5, 5, 5.5 ], "texture": "#wool_red" },
				"west": { "uv": [ 12.99999, 5, 13.99999, 5.5 ], "texture": "#wool_red" },
				"east": { "uv": [ 2.000008, 5, 3.000008, 5.5 ], "texture": "#wool_red" }
			}
		},
		{
			"__comment": "shulker_gray26",
			"from": [ 6, 12.5, 3 ],
			"to": [ 10, 13.5, 3.5 ],
			"faces": {
				"down": { "uv": [ 6, 12.5, 10, 13 ], "texture": "#wool_red" },
				"up": { "uv": [ 6, 2.999996, 10, 3.499996 ], "texture": "#wool_red" },
				"north": { "uv": [ 6, 2.5, 10, 3.5 ], "texture": "#wool_red" },
				"south": { "uv": [ 6, 2.5, 10, 3.5 ], "texture": "#wool_red" },
				"west": { "uv": [ 2.999996, 2.5, 3.499996, 3.5 ], "texture": "#wool_red" },
				"east": { "uv": [ 12.5, 2.5, 13, 3.5 ], "texture": "#wool_red" }
			}
		},
		{
			"__comment": "shulker_gray27",
			"from": [ 12.5, 12.5, 6 ],
			"to": [ 13, 13.5, 10 ],
			"faces": {
				"down": { "uv": [ 12.5, 6.000031, 13, 10.00003 ], "texture": "#wool_red" },
				"up": { "uv": [ 12.5, 5.999969, 13, 9.999969 ], "texture": "#wool_red" },
				"north": { "uv": [ 3, 2.5, 3.5, 3.5 ], "texture": "#wool_red" },
				"south": { "uv": [ 12.5, 2.5, 13, 3.5 ], "texture": "#wool_red" },
				"west": { "uv": [ 5.999969, 2.5, 9.999969, 3.5 ], "texture": "#wool_red" },
				"east": { "uv": [ 6.000031, 2.5, 10.00003, 3.5 ], "texture": "#wool_red" }
			}
		},
		{
			"__comment": "shulker_gray28",
			"from": [ 12, 12.5, 10 ],
			"to": [ 12.5, 13.5, 11.5 ],
			"faces": {
				"down": { "uv": [ 12, 4.500011, 12.5, 6.000011 ], "texture": "#wool_red" },
				"up": { "uv": [ 12, 9.999989, 12.5, 11.49999 ], "texture": "#wool_red" },
				"north": { "uv": [ 3.5, 2.5, 4, 3.5 ], "texture": "#wool_red" },
				"south": { "uv": [ 12, 2.5, 12.5, 3.5 ], "texture": "#wool_red" },
				"west": { "uv": [ 9.999989, 2.5, 11.49999, 3.5 ], "texture": "#wool_red" },
				"east": { "uv": [ 4.500011, 2.5, 6.000011, 3.5 ], "texture": "#wool_red" }
			}
		},
		{
			"__comment": "shulker_gray29",
			"from": [ 3.5, 12.5, 4.5 ],
			"to": [ 4, 13.5, 6 ],
			"faces": {
				"down": { "uv": [ 3.5, 10.00001, 4, 11.50001 ], "texture": "#wool_red" },
				"up": { "uv": [ 3.5, 4.499989, 4, 5.999989 ], "texture": "#wool_red" },
				"north": { "uv": [ 12, 2.5, 12.5, 3.5 ], "texture": "#wool_red" },
				"south": { "uv": [ 3.5, 2.5, 4, 3.5 ], "texture": "#wool_red" },
				"west": { "uv": [ 4.499989, 2.5, 5.999989, 3.5 ], "texture": "#wool_red" },
				"east": { "uv": [ 10.00001, 2.5, 11.50001, 3.5 ], "texture": "#wool_red" }
			}
		},
		{
			"__comment": "shulker_gray30",
			"from": [ 3.5, 12.5, 10 ],
			"to": [ 4, 13.5, 11.5 ],
			"faces": {
				"down": { "uv": [ 3.5, 4.500011, 4, 6.000011 ], "texture": "#wool_red" },
				"up": { "uv": [ 3.5, 9.999989, 4, 11.49999 ], "texture": "#wool_red" },
				"north": { "uv": [ 12, 2.5, 12.5, 3.5 ], "texture": "#wool_red" },
				"south": { "uv": [ 3.5, 2.5, 4, 3.5 ], "texture": "#wool_red" },
				"west": { "uv": [ 9.999989, 2.5, 11.49999, 3.5 ], "texture": "#wool_red" },
				"east": { "uv": [ 4.500011, 2.5, 6.000011, 3.5 ], "texture": "#wool_red" }
			}
		},
		{
			"__comment": "shulker_gray31",
			"from": [ 3, 12.5, 6 ],
			"to": [ 3.5, 13.5, 10 ],
			"faces": {
				"down": { "uv": [ 3, 6.000031, 3.5, 10.00003 ], "texture": "#wool_red" },
				"up": { "uv": [ 3, 5.999969, 3.5, 9.999969 ], "texture": "#wool_red" },
				"north": { "uv": [ 12.5, 2.5, 13, 3.5 ], "texture": "#wool_red" },
				"south": { "uv": [ 3, 2.5, 3.5, 3.5 ], "texture": "#wool_red" },
				"west": { "uv": [ 5.999969, 2.5, 9.999969, 3.5 ], "texture": "#wool_red" },
				"east": { "uv": [ 6.000031, 2.5, 10.00003, 3.5 ], "texture": "#wool_red" }
			}
		},
		{
			"__comment": "shulker_gray32",
			"from": [ 4, 13.5, 4.4999 ],
			"to": [ 12, 14, 10.4999 ],
			"faces": {
				"down": { "uv": [ 4, 4.500053, 12, 10.50005 ], "texture": "#wool_red" },
				"up": { "uv": [ 4, 4.499947, 12, 10.49995 ], "texture": "#wool_red" },
				"north": { "uv": [ 4, 2, 12, 2.5 ], "texture": "#wool_red" },
				"south": { "uv": [ 4, 2, 12, 2.5 ], "texture": "#wool_red" },
				"west": { "uv": [ 4.499947, 2, 10.49995, 2.5 ], "texture": "#wool_red" },
				"east": { "uv": [ 4.500053, 2, 10.50005, 2.5 ], "texture": "#wool_red" }
			}
		},
		{
			"__comment": "shulker_gray33",
			"from": [ 11.5, 12.5, 4 ],
			"to": [ 12, 13.5, 4.5 ],
			"faces": {
				"down": { "uv": [ 11.5, 11.5, 12, 12 ], "texture": "#wool_red" },
				"up": { "uv": [ 11.5, 3.999996, 12, 4.499996 ], "texture": "#wool_red" },
				"north": { "uv": [ 4, 2.5, 4.5, 3.5 ], "texture": "#wool_red" },
				"south": { "uv": [ 11.5, 2.5, 12, 3.5 ], "texture": "#wool_red" },
				"west": { "uv": [ 3.999996, 2.5, 4.499996, 3.5 ], "texture": "#wool_red" },
				"east": { "uv": [ 11.5, 2.5, 12, 3.5 ], "texture": "#wool_red" }
			}
		},
		{
			"__comment": "shulker_gray34",
			"from": [ 4, 12.5, 4 ],
			"to": [ 4.5, 13.5, 4.5 ],
			"faces": {
				"down": { "uv": [ 4, 11.5, 4.5, 12 ], "texture": "#wool_red" },
				"up": { "uv": [ 4, 3.999996, 4.5, 4.499996 ], "texture": "#wool_red" },
				"north": { "uv": [ 11.5, 2.5, 12, 3.5 ], "texture": "#wool_red" },
				"south": { "uv": [ 4, 2.5, 4.5, 3.5 ], "texture": "#wool_red" },
				"west": { "uv": [ 3.999996, 2.5, 4.499996, 3.5 ], "texture": "#wool_red" },
				"east": { "uv": [ 11.5, 2.5, 12, 3.5 ], "texture": "#wool_red" }
			}
		},
		{
			"__comment": "shulker_gray35",
			"from": [ 4, 12.5, 11.5 ],
			"to": [ 4.5, 13.5, 12 ],
			"faces": {
				"down": { "uv": [ 4, 4.000004, 4.5, 4.500004 ], "texture": "#wool_red" },
				"up": { "uv": [ 4, 11.5, 4.5, 12 ], "texture": "#wool_red" },
				"north": { "uv": [ 11.5, 2.5, 12, 3.5 ], "texture": "#wool_red" },
				"south": { "uv": [ 4, 2.5, 4.5, 3.5 ], "texture": "#wool_red" },
				"west": { "uv": [ 11.5, 2.5, 12, 3.5 ], "texture": "#wool_red" },
				"east": { "uv": [ 4.000004, 2.5, 4.500004, 3.5 ], "texture": "#wool_red" }
			}
		},
		{
			"__comment": "shulker_gray36",
			"from": [ 10, 12.5, 3.5 ],
			"to": [ 11.5, 13.5, 4 ],
			"faces": {
				"down": { "uv": [ 10, 12, 11.5, 12.5 ], "texture": "#wool_red" },
				"up": { "uv": [ 10, 3.499996, 11.5, 3.999996 ], "texture": "#wool_red" },
				"north": { "uv": [ 4.5, 2.5, 6, 3.5 ], "texture": "#wool_red" },
				"south": { "uv": [ 10, 2.5, 11.5, 3.5 ], "texture": "#wool_red" },
				"west": { "uv": [ 3.499996, 2.5, 3.999996, 3.5 ], "texture": "#wool_red" },
				"east": { "uv": [ 12, 2.5, 12.5, 3.5 ], "texture": "#wool_red" }
			}
		},
		{
			"__comment": "shulker_gray37",
			"from": [ 6, 13.5, 12 ],
			"to": [ 10, 14, 12.5 ],
			"faces": {
				"down": { "uv": [ 6, 3.500004, 10, 4.000004 ], "texture": "#wool_red" },
				"up": { "uv": [ 6, 12, 10, 12.5 ], "texture": "#wool_red" },
				"north": { "uv": [ 6, 2, 10, 2.5 ], "texture": "#wool_red" },
				"south": { "uv": [ 6, 2, 10, 2.5 ], "texture": "#wool_red" },
				"west": { "uv": [ 12, 2, 12.5, 2.5 ], "texture": "#wool_red" },
				"east": { "uv": [ 3.500004, 2, 4.000004, 2.5 ], "texture": "#wool_red" }
			}
		},
		{
			"__comment": "shulker_gray38",
			"from": [ 4.5, 13.5, 4 ],
			"to": [ 11.5, 14, 4.5 ],
			"faces": {
				"down": { "uv": [ 4.5, 11.5, 11.5, 12 ], "texture": "#wool_red" },
				"up": { "uv": [ 4.5, 3.999996, 11.5, 4.499996 ], "texture": "#wool_red" },
				"north": { "uv": [ 4.5, 2, 11.5, 2.5 ], "texture": "#wool_red" },
				"south": { "uv": [ 4.5, 2, 11.5, 2.5 ], "texture": "#wool_red" },
				"west": { "uv": [ 3.999996, 2, 4.499996, 2.5 ], "texture": "#wool_red" },
				"east": { "uv": [ 11.5, 2, 12, 2.5 ], "texture": "#wool_red" }
			}
		},
		{
			"__comment": "shulker_gray39",
			"from": [ 4.5, 13.5, 11.5 ],
			"to": [ 11.5, 14, 12 ],
			"faces": {
				"down": { "uv": [ 4.5, 4.000004, 11.5, 4.500004 ], "texture": "#wool_red" },
				"up": { "uv": [ 4.5, 11.5, 11.5, 12 ], "texture": "#wool_red" },
				"north": { "uv": [ 4.5, 2, 11.5, 2.5 ], "texture": "#wool_red" },
				"south": { "uv": [ 4.5, 2, 11.5, 2.5 ], "texture": "#wool_red" },
				"west": { "uv": [ 11.5, 2, 12, 2.5 ], "texture": "#wool_red" },
				"east": { "uv": [ 4.000004, 2, 4.500004, 2.5 ], "texture": "#wool_red" }
			}
		},
		{
			"__comment": "shulker_gray40",
			"from": [ 3.5, 13.5, 6 ],
			"to": [ 4, 14, 10 ],
			"faces": {
				"down": { "uv": [ 3.5, 6.000031, 4, 10.00003 ], "texture": "#wool_red" },
				"up": { "uv": [ 3.5, 5.999969, 4, 9.999969 ], "texture": "#wool_red" },
				"north": { "uv": [ 12, 2, 12.5, 2.5 ], "texture": "#wool_red" },
				"south": { "uv": [ 3.5, 2, 4, 2.5 ], "texture": "#wool_red" },
				"west": { "uv": [ 5.999969, 2, 9.999969, 2.5 ], "texture": "#wool_red" },
				"east": { "uv": [ 6.000031, 2, 10.00003, 2.5 ], "texture": "#wool_red" }
			}
		},
		{
			"__comment": "shulker_gray41",
			"from": [ 12, 13.5, 6 ],
			"to": [ 12.5, 14, 10 ],
			"faces": {
				"down": { "uv": [ 12, 6.000031, 12.5, 10.00003 ], "texture": "#wool_red" },
				"up": { "uv": [ 12, 5.999969, 12.5, 9.999969 ], "texture": "#wool_red" },
				"north": { "uv": [ 3.5, 2, 4, 2.5 ], "texture": "#wool_red" },
				"south": { "uv": [ 12, 2, 12.5, 2.5 ], "texture": "#wool_red" },
				"west": { "uv": [ 5.999969, 2, 9.999969, 2.5 ], "texture": "#wool_red" },
				"east": { "uv": [ 6.000031, 2, 10.00003, 2.5 ], "texture": "#wool_red" }
			}
		},
		{
			"__comment": "shulker_gray42",
			"from": [ 6, 13.5, 3.5 ],
			"to": [ 10, 14, 4 ],
			"faces": {
				"down": { "uv": [ 6, 12, 10, 12.5 ], "texture": "#wool_red" },
				"up": { "uv": [ 6, 3.499996, 10, 3.999996 ], "texture": "#wool_red" },
				"north": { "uv": [ 6, 2, 10, 2.5 ], "texture": "#wool_red" },
				"south": { "uv": [ 6, 2, 10, 2.5 ], "texture": "#wool_red" },
				"west": { "uv": [ 3.499996, 2, 3.999996, 2.5 ], "texture": "#wool_red" },
				"east": { "uv": [ 12, 2, 12.5, 2.5 ], "texture": "#wool_red" }
			}
		},
		{
			"__comment": "shulker_gray25",
			"from": [ 5.5, 10.5, 13.5 ],
			"to": [ 10.5, 11, 17 ],
			"faces": {
				"down": { "uv": [ 5.5, 0, 10.5, 2.500027 ], "texture": "#wool_red" },
				"up": { "uv": [ 5.5, 13.49997, 10.5, 16 ], "texture": "#wool_red" },
				"north": { "uv": [ 5.5, 5, 10.5, 5.5 ], "texture": "#wool_red" },
				"south": { "uv": [ 5.5, 5, 10.5, 5.5 ], "texture": "#wool_red" },
				"west": { "uv": [ 13.49997, 5, 16, 5.5 ], "texture": "#wool_red" },
				"east": { "uv": [ 0, 5, 2.500027, 5.5 ], "texture": "#wool_red" }
			}
		},
		{
			"__comment": "shulker_gray25",
			"from": [ 4.5, 10, 12.5 ],
			"to": [ 5.5, 10.5, 16.5 ],
			"faces": {
				"down": { "uv": [ 4.5, 0, 5.5, 3.500031 ], "texture": "#wool_red" },
				"up": { "uv": [ 4.5, 12.49997, 5.5, 16 ], "texture": "#wool_red" },
				"north": { "uv": [ 10.5, 5.5, 11.5, 6 ], "texture": "#wool_red" },
				"south": { "uv": [ 4.5, 5.5, 5.5, 6 ], "texture": "#wool_red" },
				"west": { "uv": [ 12.49997, 5.5, 16, 6 ], "texture": "#wool_red" },
				"east": { "uv": [ 0, 5.5, 3.500031, 6 ], "texture": "#wool_red" }
			}
		},
		{
			"__comment": "shulker_gray25",
			"from": [ 10.5, 10, 12.5 ],
			"to": [ 11.5, 10.5, 16.5 ],
			"faces": {
				"down": { "uv": [ 10.5, 0, 11.5, 3.500031 ], "texture": "#wool_red" },
				"up": { "uv": [ 10.5, 12.49997, 11.5, 16 ], "texture": "#wool_red" },
				"north": { "uv": [ 4.5, 5.5, 5.5, 6 ], "texture": "#wool_red" },
				"south": { "uv": [ 10.5, 5.5, 11.5, 6 ], "texture": "#wool_red" },
				"west": { "uv": [ 12.49997, 5.5, 16, 6 ], "texture": "#wool_red" },
				"east": { "uv": [ 0, 5.5, 3.500031, 6 ], "texture": "#wool_red" }
			}
		},
		{
			"__comment": "shulker_gray25",
			"from": [ 11.5, 10, 13 ],
			"to": [ 12, 10.5, 16 ],
			"faces": {
				"down": { "uv": [ 11.5, 0.000022888, 12, 3.000023 ], "texture": "#wool_red" },
				"up": { "uv": [ 11.5, 12.99998, 12, 15.99998 ], "texture": "#wool_red" },
				"north": { "uv": [ 4, 5.5, 4.5, 6 ], "texture": "#wool_red" },
				"south": { "uv": [ 11.5, 5.5, 12, 6 ], "texture": "#wool_red" },
				"west": { "uv": [ 12.99998, 5.5, 15.99998, 6 ], "texture": "#wool_red" },
				"east": { "uv": [ 0.000022888, 5.5, 3.000023, 6 ], "texture": "#wool_red" }
			}
		},
		{
			"__comment": "shulker_gray25",
			"from": [ 4, 10, 13 ],
			"to": [ 4.5, 10.5, 16 ],
			"faces": {
				"down": { "uv": [ 4, 0.000022888, 4.5, 3.000023 ], "texture": "#wool_red" },
				"up": { "uv": [ 4, 12.99998, 4.5, 15.99998 ], "texture": "#wool_red" },
				"north": { "uv": [ 11.5, 5.5, 12, 6 ], "texture": "#wool_red" },
				"south": { "uv": [ 4, 5.5, 4.5, 6 ], "texture": "#wool_red" },
				"west": { "uv": [ 12.99998, 5.5, 15.99998, 6 ], "texture": "#wool_red" },
				"east": { "uv": [ 0.000022888, 5.5, 3.000023, 6 ], "texture": "#wool_red" }
			}
		},
		{
			"__comment": "shulker_gray25",
			"from": [ 3.5, 10, 12.5 ],
			"to": [ 4, 10.5, 14.5 ],
			"faces": {
				"down": { "uv": [ 3.5, 1.500015, 4, 3.500015 ], "texture": "#wool_red" },
				"up": { "uv": [ 3.5, 12.49998, 4, 14.49998 ], "texture": "#wool_red" },
				"north": { "uv": [ 12, 5.5, 12.5, 6 ], "texture": "#wool_red" },
				"south": { "uv": [ 3.5, 5.5, 4, 6 ], "texture": "#wool_red" },
				"west": { "uv": [ 12.49998, 5.5, 14.49998, 6 ], "texture": "#wool_red" },
				"east": { "uv": [ 1.500015, 5.5, 3.500015, 6 ], "texture": "#wool_red" }
			}
		},
		{
			"__comment": "shulker_gray25",
			"from": [ 12, 10, 12.5 ],
			"to": [ 12.5, 10.5, 14.5 ],
			"faces": {
				"down": { "uv": [ 12, 1.500015, 12.5, 3.500015 ], "texture": "#wool_red" },
				"up": { "uv": [ 12, 12.49998, 12.5, 14.49998 ], "texture": "#wool_red" },
				"north": { "uv": [ 3.5, 5.5, 4, 6 ], "texture": "#wool_red" },
				"south": { "uv": [ 12, 5.5, 12.5, 6 ], "texture": "#wool_red" },
				"west": { "uv": [ 12.49998, 5.5, 14.49998, 6 ], "texture": "#wool_red" },
				"east": { "uv": [ 1.500015, 5.5, 3.500015, 6 ], "texture": "#wool_red" }
			}
		},
		{
			"__comment": "shulker_gray25",
			"from": [ 5, 10.5, 13 ],
			"to": [ 5.5, 11, 15.5 ],
			"faces": {
				"down": { "uv": [ 5, 0.5000191, 5.5, 3.000019 ], "texture": "#wool_red" },
				"up": { "uv": [ 5, 12.99998, 5.5, 15.49998 ], "texture": "#wool_red" },
				"north": { "uv": [ 10.5, 5, 11, 5.5 ], "texture": "#wool_red" },
				"south": { "uv": [ 5, 5, 5.5, 5.5 ], "texture": "#wool_red" },
				"west": { "uv": [ 12.99998, 5, 15.49998, 5.5 ], "texture": "#wool_red" },
				"east": { "uv": [ 0.5000191, 5, 3.000019, 5.5 ], "texture": "#wool_red" }
			}
		},
		{
			"__comment": "shulker_gray25",
			"from": [ 10.5, 10.5, 13 ],
			"to": [ 11, 11, 15.5 ],
			"faces": {
				"down": { "uv": [ 10.5, 0.5000191, 11, 3.000019 ], "texture": "#wool_red" },
				"up": { "uv": [ 10.5, 12.99998, 11, 15.49998 ], "texture": "#wool_red" },
				"north": { "uv": [ 5, 5, 5.5, 5.5 ], "texture": "#wool_red" },
				"south": { "uv": [ 10.5, 5, 11, 5.5 ], "texture": "#wool_red" },
				"west": { "uv": [ 12.99998, 5, 15.49998, 5.5 ], "texture": "#wool_red" },
				"east": { "uv": [ 0.5000191, 5, 3.000019, 5.5 ], "texture": "#wool_red" }
			}
		},
		{
			"__comment": "shulker_gray8",
			"from": [ 5.5, 11, 3 ],
			"to": [ 10.5, 12.5, 3.5 ],
			"faces": {
				"down": { "uv": [ 5.499996, 12.5, 10.5, 13 ], "texture": "#wool_red" },
				"up": { "uv": [ 5.499996, 3, 10.5, 3.5 ], "texture": "#wool_red" },
				"north": { "uv": [ 5.500004, 3.5, 10.5, 5 ], "texture": "#wool_red" },
				"south": { "uv": [ 5.499996, 3.5, 10.5, 5 ], "texture": "#wool_red" },
				"west": { "uv": [ 3, 3.5, 3.5, 5 ], "texture": "#wool_red" },
				"east": { "uv": [ 12.5, 3.5, 13, 5 ], "texture": "#wool_red" }
			}
		},
		{
			"__comment": "shulker_gray8",
			"from": [ 7, 10.5, 3 ],
			"to": [ 7.5, 11, 3.5 ],
			"faces": {
				"down": { "uv": [ 7, 12.5, 7.5, 13 ], "texture": "#wool_red" },
				"up": { "uv": [ 7, 3, 7.5, 3.5 ], "texture": "#wool_red" },
				"north": { "uv": [ 8.5, 5, 9, 5.5 ], "texture": "#wool_red" },
				"south": { "uv": [ 7, 5, 7.5, 5.5 ], "texture": "#wool_red" },
				"west": { "uv": [ 3, 5, 3.5, 5.5 ], "texture": "#wool_red" },
				"east": { "uv": [ 12.5, 5, 13, 5.5 ], "texture": "#wool_red" }
			}
		},
		{
			"__comment": "shulker_gray8",
			"from": [ 5.5, 10.5, 3 ],
			"to": [ 6, 11, 3.5 ],
			"faces": {
				"down": { "uv": [ 5.5, 12.5, 6, 13 ], "texture": "#wool_red" },
				"up": { "uv": [ 5.5, 3, 6, 3.5 ], "texture": "#wool_red" },
				"north": { "uv": [ 10, 5, 10.5, 5.5 ], "texture": "#wool_red" },
				"south": { "uv": [ 5.5, 5, 6, 5.5 ], "texture": "#wool_red" },
				"west": { "uv": [ 3, 5, 3.5, 5.5 ], "texture": "#wool_red" },
				"east": { "uv": [ 12.5, 5, 13, 5.5 ], "texture": "#wool_red" }
			}
		},
		{
			"__comment": "shulker_gray8",
			"from": [ 8.5, 10.5, 3 ],
			"to": [ 9, 11, 3.5 ],
			"faces": {
				"down": { "uv": [ 8.5, 12.5, 9, 13 ], "texture": "#wool_red" },
				"up": { "uv": [ 8.5, 3, 9, 3.5 ], "texture": "#wool_red" },
				"north": { "uv": [ 7, 5, 7.5, 5.5 ], "texture": "#wool_red" },
				"south": { "uv": [ 8.5, 5, 9, 5.5 ], "texture": "#wool_red" },
				"west": { "uv": [ 3, 5, 3.5, 5.5 ], "texture": "#wool_red" },
				"east": { "uv": [ 12.5, 5, 13, 5.5 ], "texture": "#wool_red" }
			}
		},
		{
			"__comment": "wool_red5",
			"from": [ 3, 10, 6 ],
			"to": [ 3.5, 10.5, 10 ],
			"faces": {
				"down": { "uv": [ 3, 6, 3.5, 10 ], "texture": "#wool_red" },
				"up": { "uv": [ 3, 6, 3.5, 10 ], "texture": "#wool_red" },
				"north": { "uv": [ 12.5, 5.5, 13, 6 ], "texture": "#wool_red" },
				"south": { "uv": [ 3, 5.5, 3.5, 6 ], "texture": "#wool_red" },
				"west": { "uv": [ 6, 5.5, 10, 6 ], "texture": "#wool_red" },
				"east": { "uv": [ 6, 5.5, 10, 6 ], "texture": "#wool_red" }
			}
		},
		{
			"__comment": "wool_red5",
			"from": [ 5.5, 10.5, 13 ],
			"to": [ 10.5, 11, 13.5 ],
			"faces": {
				"down": { "uv": [ 5.5, 2.5, 10.5, 3 ], "texture": "#wool_red" },
				"up": { "uv": [ 5.5, 13, 10.5, 13.5 ], "texture": "#wool_red" },
				"north": { "uv": [ 5.5, 5, 10.5, 5.5 ], "texture": "#wool_red" },
				"south": { "uv": [ 5.5, 5, 10.5, 5.5 ], "texture": "#wool_red" },
				"west": { "uv": [ 13, 5, 13.5, 5.5 ], "texture": "#wool_red" },
				"east": { "uv": [ 2.5, 5, 3, 5.5 ], "texture": "#wool_red" }
			}
		},
		{
			"__comment": "wool_red5",
			"from": [ 4.5, 10.5, 12.5 ],
			"to": [ 5.5, 11, 13 ],
			"faces": {
				"down": { "uv": [ 4.5, 3, 5.5, 3.5 ], "texture": "#wool_red" },
				"up": { "uv": [ 4.5, 12.5, 5.5, 13 ], "texture": "#wool_red" },
				"north": { "uv": [ 10.5, 5, 11.5, 5.5 ], "texture": "#wool_red" },
				"south": { "uv": [ 4.5, 5, 5.5, 5.5 ], "texture": "#wool_red" },
				"west": { "uv": [ 12.5, 5, 13, 5.5 ], "texture": "#wool_red" },
				"east": { "uv": [ 3, 5, 3.5, 5.5 ], "texture": "#wool_red" }
			}
		},
		{
			"__comment": "shulker_gray25",
			"from": [ 11, 10.5, 13 ],
			"to": [ 11.5, 11, 14 ],
			"faces": {
				"down": { "uv": [ 11, 2.000008, 11.5, 3.000008 ], "texture": "#wool_red" },
				"up": { "uv": [ 11, 12.99999, 11.5, 13.99999 ], "texture": "#wool_red" },
				"north": { "uv": [ 4.5, 5, 5, 5.5 ], "texture": "#wool_red" },
				"south": { "uv": [ 11, 5, 11.5, 5.5 ], "texture": "#wool_red" },
				"west": { "uv": [ 12.99999, 5, 13.99999, 5.5 ], "texture": "#wool_red" },
				"east": { "uv": [ 2.000008, 5, 3.000008, 5.5 ], "texture": "#wool_red" }
			}
		},
		{
			"__comment": "wool_red5",
			"from": [ 10.5, 10.5, 12.5 ],
			"to": [ 11.5, 11, 13 ],
			"faces": {
				"down": { "uv": [ 10.5, 3, 11.5, 3.5 ], "texture": "#wool_red" },
				"up": { "uv": [ 10.5, 12.5, 11.5, 13 ], "texture": "#wool_red" },
				"north": { "uv": [ 4.5, 5, 5.5, 5.5 ], "texture": "#wool_red" },
				"south": { "uv": [ 10.5, 5, 11.5, 5.5 ], "texture": "#wool_red" },
				"west": { "uv": [ 12.5, 5, 13, 5.5 ], "texture": "#wool_red" },
				"east": { "uv": [ 3, 5, 3.5, 5.5 ], "texture": "#wool_red" }
			}
		},
		{
			"__comment": "wool_red5",
			"from": [ 11.5, 10, 12.5 ],
			"to": [ 12, 10.5, 13 ],
			"faces": {
				"down": { "uv": [ 11.5, 3, 12, 3.5 ], "texture": "#wool_red" },
				"up": { "uv": [ 11.5, 12.5, 12, 13 ], "texture": "#wool_red" },
				"north": { "uv": [ 4, 5.5, 4.5, 6 ], "texture": "#wool_red" },
				"south": { "uv": [ 11.5, 5.5, 12, 6 ], "texture": "#wool_red" },
				"west": { "uv": [ 12.5, 5.5, 13, 6 ], "texture": "#wool_red" },
				"east": { "uv": [ 3, 5.5, 3.5, 6 ], "texture": "#wool_red" }
			}
		},
		{
			"__comment": "shulker_gray32",
			"from": [ 4.5, 14, 8 ],
			"to": [ 11.5, 14.5, 11 ],
			"faces": {
				"down": { "uv": [ 4, 4.500053, 11, 7.500053 ], "texture": "#wool_red" },
				"up": { "uv": [ 4, 4.499947, 11, 7.499947 ], "texture": "#wool_red" },
				"north": { "uv": [ 4, 2, 11, 2.5 ], "texture": "#wool_red" },
				"south": { "uv": [ 4, 2, 11, 2.5 ], "texture": "#wool_red" },
				"west": { "uv": [ 4.499947, 2, 7.499947, 2.5 ], "texture": "#wool_red" },
				"east": { "uv": [ 4.500053, 2, 7.500053, 2.5 ], "texture": "#wool_red" }
			}
		},
		{
			"__comment": "shulker_gray32",
			"from": [ 4.5, 14, 5 ],
			"to": [ 11.5, 14.5, 8 ],
			"faces": {
				"down": { "uv": [ 4, 4.500053, 11, 7.500053 ], "texture": "#wool_red" },
				"up": { "uv": [ 4, 4.499947, 11, 7.499947 ], "texture": "#wool_red" },
				"north": { "uv": [ 4, 2, 11, 2.5 ], "texture": "#wool_red" },
				"south": { "uv": [ 4, 2, 11, 2.5 ], "texture": "#wool_red" },
				"west": { "uv": [ 4.499947, 2, 7.499947, 2.5 ], "texture": "#wool_red" },
				"east": { "uv": [ 4.500053, 2, 7.500053, 2.5 ], "texture": "#wool_red" }
			}
		},
		{
			"__comment": "shulker_gray32",
			"from": [ 4, 13.5, 10.4999 ],
			"to": [ 12, 14, 11.4999 ],
			"faces": {
				"down": { "uv": [ 4, 4.500053, 12, 5.500053 ], "texture": "#wool_red" },
				"up": { "uv": [ 4, 4.499947, 12, 5.499947 ], "texture": "#wool_red" },
				"north": { "uv": [ 4, 2, 12, 2.5 ], "texture": "#wool_red" },
				"south": { "uv": [ 4, 2, 12, 2.5 ], "texture": "#wool_red" },
				"west": { "uv": [ 4.499947, 2, 5.499947, 2.5 ], "texture": "#wool_red" },
				"east": { "uv": [ 4.500053, 2, 5.500053, 2.5 ], "texture": "#wool_red" }
			}
		},
		{
			"__comment": "shulker_gray3",
			"from": [ 5.5, 10.5, 12.5 ],
			"to": [ 6, 12.5, 13 ],
			"faces": {
				"down": { "uv": [ 4.000007, 3.5, 5.500007, 4 ], "texture": "#wool_red" },
				"up": { "uv": [ 4.000007, 12, 5.500007, 12.5 ], "texture": "#wool_red" },
				"north": { "uv": [ 10.49999, 3.5, 11.99999, 5.5 ], "texture": "#wool_red" },
				"south": { "uv": [ 4.000007, 3.5, 5.500007, 5.5 ], "texture": "#wool_red" },
				"west": { "uv": [ 12, 3.5, 12.5, 5.5 ], "texture": "#wool_red" },
				"east": { "uv": [ 3.5, 3.5, 4, 5.5 ], "texture": "#wool_red" }
			}
		},
		{
			"__comment": "shulker_gray3",
			"from": [ 10, 10.5, 12.5 ],
			"to": [ 10.5, 12.5, 13 ],
			"faces": {
				"down": { "uv": [ 4.000007, 3.5, 5.500007, 4 ], "texture": "#wool_red" },
				"up": { "uv": [ 4.000007, 12, 5.500007, 12.5 ], "texture": "#wool_red" },
				"north": { "uv": [ 10.49999, 3.5, 11.99999, 5.5 ], "texture": "#wool_red" },
				"south": { "uv": [ 4.000007, 3.5, 5.500007, 5.5 ], "texture": "#wool_red" },
				"west": { "uv": [ 12, 3.5, 12.5, 5.5 ], "texture": "#wool_red" },
				"east": { "uv": [ 3.5, 3.5, 4, 5.5 ], "texture": "#wool_red" }
			}
		},
		{
			"__comment": "shulker_gray3",
			"from": [ 6, 11.5, 12.5 ],
			"to": [ 6.5, 13, 13 ],
			"faces": {
				"down": { "uv": [ 4.000007, 3.5, 5.500007, 4 ], "texture": "#0" },
				"up": { "uv": [ 4.000007, 12, 5.500007, 12.5 ], "texture": "#0" },
				"north": { "uv": [ 10.49999, 3.5, 11.99999, 5.5 ], "texture": "#0" },
				"south": { "uv": [ 4.000007, 3.5, 5.500007, 5.5 ], "texture": "#0" },
				"west": { "uv": [ 12, 3.5, 12.5, 5.5 ], "texture": "#0" },
				"east": { "uv": [ 3.5, 3.5, 4, 5.5 ], "texture": "#0" }
			}
		},
		{
			"__comment": "shulker_gray3",
			"from": [ 7, 11.5, 12.5 ],
			"to": [ 7.5, 13, 13 ],
			"faces": {
				"down": { "uv": [ 4.000007, 3.5, 5.500007, 4 ], "texture": "#0" },
				"up": { "uv": [ 4.000007, 12, 5.500007, 12.5 ], "texture": "#0" },
				"north": { "uv": [ 10.49999, 3.5, 11.99999, 5.5 ], "texture": "#0" },
				"south": { "uv": [ 4.000007, 3.5, 5.500007, 5.5 ], "texture": "#0" },
				"west": { "uv": [ 12, 3.5, 12.5, 5.5 ], "texture": "#0" },
				"east": { "uv": [ 3.5, 3.5, 4, 5.5 ], "texture": "#0" }
			}
		},
		{
			"__comment": "shulker_gray3",
			"from": [ 8.5, 11.5, 12.5 ],
			"to": [ 9, 13, 13 ],
			"faces": {
				"down": { "uv": [ 4.000007, 3.5, 5.500007, 4 ], "texture": "#0" },
				"up": { "uv": [ 4.000007, 12, 5.500007, 12.5 ], "texture": "#0" },
				"north": { "uv": [ 10.49999, 3.5, 11.99999, 5.5 ], "texture": "#0" },
				"south": { "uv": [ 4.000007, 3.5, 5.500007, 5.5 ], "texture": "#0" },
				"west": { "uv": [ 12, 3.5, 12.5, 5.5 ], "texture": "#0" },
				"east": { "uv": [ 3.5, 3.5, 4, 5.5 ], "texture": "#0" }
			}
		},
		{
			"__comment": "shulker_gray3",
			"from": [ 6.5, 11.5, 12.5 ],
			"to": [ 7, 12, 13 ],
			"faces": {
				"down": { "uv": [ 4.000007, 3.5, 5.500007, 4 ], "texture": "#0" },
				"up": { "uv": [ 4.000007, 12, 5.500007, 12.5 ], "texture": "#0" },
				"north": { "uv": [ 10.49999, 3.5, 11.5, 4 ], "texture": "#0" },
				"south": { "uv": [ 4.000007, 3.5, 5, 4.5 ], "texture": "#0" },
				"west": { "uv": [ 12, 3.5, 12.5, 4.5 ], "texture": "#0" },
				"east": { "uv": [ 3.5, 3.5, 4, 4 ], "texture": "#0" }
			}
		},
		{
			"__comment": "shulker_gray3",
			"from": [ 6.5, 12.5, 12.5 ],
			"to": [ 7, 13, 13 ],
			"faces": {
				"down": { "uv": [ 4.000007, 3.5, 5.500007, 4 ], "texture": "#0" },
				"up": { "uv": [ 4.000007, 12, 5.500007, 12.5 ], "texture": "#0" },
				"north": { "uv": [ 10.49999, 3.5, 11.5, 4 ], "texture": "#0" },
				"south": { "uv": [ 4.000007, 3.5, 5, 4.5 ], "texture": "#0" },
				"west": { "uv": [ 12, 3.5, 12.5, 4.5 ], "texture": "#0" },
				"east": { "uv": [ 3.5, 3.5, 4, 4 ], "texture": "#0" }
			}
		},
		{
			"__comment": "shulker_gray3",
			"from": [ 6.5, 12, 12.5 ],
			"to": [ 7, 12.5, 13 ],
			"faces": {
				"down": { "uv": [ 4.000007, 3.5, 5.500007, 4 ], "texture": "#wool_red" },
				"up": { "uv": [ 4.000007, 12, 5.500007, 12.5 ], "texture": "#wool_red" },
				"north": { "uv": [ 10.49999, 3.5, 11.5, 4 ], "texture": "#wool_red" },
				"south": { "uv": [ 4.000007, 3.5, 5, 4.5 ], "texture": "#wool_red" },
				"west": { "uv": [ 12, 3.5, 12.5, 4.5 ], "texture": "#wool_red" },
				"east": { "uv": [ 3.5, 3.5, 4, 4 ], "texture": "#wool_red" }
			}
		},
		{
			"__comment": "shulker_gray3",
			"from": [ 6, 13, 12.5 ],
			"to": [ 6.5, 13.5, 13 ],
			"faces": {
				"down": { "uv": [ 4.000007, 3.5, 5.500007, 4 ], "texture": "#0" },
				"up": { "uv": [ 4.000007, 12, 5.500007, 12.5 ], "texture": "#0" },
				"north": { "uv": [ 10.49999, 3.5, 11.5, 4 ], "texture": "#0" },
				"south": { "uv": [ 4.000007, 3.5, 5, 4.5 ], "texture": "#0" },
				"west": { "uv": [ 12, 3.5, 12.5, 4.5 ], "texture": "#0" },
				"east": { "uv": [ 3.5, 3.5, 4, 4 ], "texture": "#0" }
			}
		},
		{
			"__comment": "shulker_gray3",
			"from": [ 7, 13, 12.5 ],
			"to": [ 7.5, 13.5, 13 ],
			"faces": {
				"down": { "uv": [ 4.000007, 3.5, 5.500007, 4 ], "texture": "#0" },
				"up": { "uv": [ 4.000007, 12, 5.500007, 12.5 ], "texture": "#0" },
				"north": { "uv": [ 10.49999, 3.5, 11.5, 4 ], "texture": "#0" },
				"south": { "uv": [ 4.000007, 3.5, 5, 4.5 ], "texture": "#0" },
				"west": { "uv": [ 12, 3.5, 12.5, 4.5 ], "texture": "#0" },
				"east": { "uv": [ 3.5, 3.5, 4, 4 ], "texture": "#0" }
			}
		},
		{
			"__comment": "shulker_gray3",
			"from": [ 6.5, 13, 12.5 ],
			"to": [ 7, 13.5, 13 ],
			"faces": {
				"down": { "uv": [ 4.000007, 3.5, 5.500007, 4 ], "texture": "#wool_red" },
				"up": { "uv": [ 4.000007, 12, 5.500007, 12.5 ], "texture": "#wool_red" },
				"north": { "uv": [ 10.49999, 3.5, 11.5, 4 ], "texture": "#wool_red" },
				"south": { "uv": [ 4.000007, 3.5, 5, 4.5 ], "texture": "#wool_red" },
				"west": { "uv": [ 12, 3.5, 12.5, 4.5 ], "texture": "#wool_red" },
				"east": { "uv": [ 3.5, 3.5, 4, 4 ], "texture": "#wool_red" }
			}
		},
		{
			"__comment": "shulker_gray3",
			"from": [ 7.5, 11.5, 12.5 ],
			"to": [ 8.5, 13, 13 ],
			"faces": {
				"down": { "uv": [ 4.000007, 3.5, 5.500007, 4 ], "texture": "#wool_red" },
				"up": { "uv": [ 4.000007, 12, 5.500007, 12.5 ], "texture": "#wool_red" },
				"north": { "uv": [ 10.49999, 3.5, 11.99999, 5.5 ], "texture": "#wool_red" },
				"south": { "uv": [ 4.000007, 3.5, 5.500007, 5.5 ], "texture": "#wool_red" },
				"west": { "uv": [ 12, 3.5, 12.5, 5.5 ], "texture": "#wool_red" },
				"east": { "uv": [ 3.5, 3.5, 4, 5.5 ], "texture": "#wool_red" }
			}
		},
		{
			"__comment": "shulker_gray3",
			"from": [ 9, 12, 12.5 ],
			"to": [ 9.5, 12.5, 13 ],
			"faces": {
				"down": { "uv": [ 4.000007, 3.5, 5.500007, 4 ], "texture": "#0" },
				"up": { "uv": [ 4.000007, 12, 5.500007, 12.5 ], "texture": "#0" },
				"north": { "uv": [ 10.49999, 3.5, 11.5, 4 ], "texture": "#0" },
				"south": { "uv": [ 4.000007, 3.5, 5, 4.5 ], "texture": "#0" },
				"west": { "uv": [ 12, 3.5, 12.5, 4.5 ], "texture": "#0" },
				"east": { "uv": [ 3.5, 3.5, 4, 4 ], "texture": "#0" }
			}
		},
		{
			"__comment": "shulker_gray3",
			"from": [ 9.5, 12.5, 12.5 ],
			"to": [ 10, 13, 13 ],
			"faces": {
				"down": { "uv": [ 4.000007, 3.5, 5.500007, 4 ], "texture": "#0" },
				"up": { "uv": [ 4.000007, 12, 5.500007, 12.5 ], "texture": "#0" },
				"north": { "uv": [ 10.49999, 3.5, 11.5, 4 ], "texture": "#0" },
				"south": { "uv": [ 4.000007, 3.5, 5, 4.5 ], "texture": "#0" },
				"west": { "uv": [ 12, 3.5, 12.5, 4.5 ], "texture": "#0" },
				"east": { "uv": [ 3.5, 3.5, 4, 4 ], "texture": "#0" }
			}
		},
		{
			"__comment": "shulker_gray3",
			"from": [ 9.5, 11.5, 12.5 ],
			"to": [ 10, 12, 13 ],
			"faces": {
				"down": { "uv": [ 4.000007, 3.5, 5.500007, 4 ], "texture": "#0" },
				"up": { "uv": [ 4.000007, 12, 5.500007, 12.5 ], "texture": "#0" },
				"north": { "uv": [ 10.49999, 3.5, 11.5, 4 ], "texture": "#0" },
				"south": { "uv": [ 4.000007, 3.5, 5, 4.5 ], "texture": "#0" },
				"west": { "uv": [ 12, 3.5, 12.5, 4.5 ], "texture": "#0" },
				"east": { "uv": [ 3.5, 3.5, 4, 4 ], "texture": "#0" }
			}
		},
		{
			"__comment": "shulker_gray3",
			"from": [ 6, 11, 12.5 ],
			"to": [ 10, 11.5, 13 ],
			"faces": {
				"down": { "uv": [ 4.000007, 3.5, 5.500007, 4 ], "texture": "#wool_red" },
				"up": { "uv": [ 4.000007, 12, 5.500007, 12.5 ], "texture": "#wool_red" },
				"north": { "uv": [ 10.49999, 3.5, 11.5, 4 ], "texture": "#wool_red" },
				"south": { "uv": [ 4.000007, 3.5, 5, 4.5 ], "texture": "#wool_red" },
				"west": { "uv": [ 12, 3.5, 12.5, 4.5 ], "texture": "#wool_red" },
				"east": { "uv": [ 3.5, 3.5, 4, 4 ], "texture": "#wool_red" }
			}
		},
		{
			"__comment": "shulker_gray3",
			"from": [ 7.5, 13, 12.5 ],
			"to": [ 10, 13.5, 13 ],
			"faces": {
				"down": { "uv": [ 4.000007, 3.5, 5.500007, 4 ], "texture": "#wool_red" },
				"up": { "uv": [ 4.000007, 12, 5.500007, 12.5 ], "texture": "#wool_red" },
				"north": { "uv": [ 10.49999, 3.5, 11.5, 4 ], "texture": "#wool_red" },
				"south": { "uv": [ 4.000007, 3.5, 5, 4.5 ], "texture": "#wool_red" },
				"west": { "uv": [ 12, 3.5, 12.5, 4.5 ], "texture": "#wool_red" },
				"east": { "uv": [ 3.5, 3.5, 4, 4 ], "texture": "#wool_red" }
			}
		},
		{
			"__comment": "shulker_gray3",
			"from": [ 9.5, 12, 12.5 ],
			"to": [ 10, 12.5, 13 ],
			"faces": {
				"down": { "uv": [ 4.000007, 3.5, 5.500007, 4 ], "texture": "#wool_red" },
				"up": { "uv": [ 4.000007, 12, 5.500007, 12.5 ], "texture": "#wool_red" },
				"north": { "uv": [ 10.49999, 3.5, 11.5, 4 ], "texture": "#wool_red" },
				"south": { "uv": [ 4.000007, 3.5, 5, 4.5 ], "texture": "#wool_red" },
				"west": { "uv": [ 12, 3.5, 12.5, 4.5 ], "texture": "#wool_red" },
				"east": { "uv": [ 3.5, 3.5, 4, 4 ], "texture": "#wool_red" }
			}
		},
		{
			"__comment": "shulker_gray3",
			"from": [ 9, 12.5, 12.5 ],
			"to": [ 9.5, 13, 13 ],
			"faces": {
				"down": { "uv": [ 4.000007, 3.5, 5.500007, 4 ], "texture": "#wool_red" },
				"up": { "uv": [ 4.000007, 12, 5.500007, 12.5 ], "texture": "#wool_red" },
				"north": { "uv": [ 10.49999, 3.5, 11.5, 4 ], "texture": "#wool_red" },
				"south": { "uv": [ 4.000007, 3.5, 5, 4.5 ], "texture": "#wool_red" },
				"west": { "uv": [ 12, 3.5, 12.5, 4.5 ], "texture": "#wool_red" },
				"east": { "uv": [ 3.5, 3.5, 4, 4 ], "texture": "#wool_red" }
			}
		},
		{
			"__comment": "shulker_gray3",
			"from": [ 9, 11.5, 12.5 ],
			"to": [ 9.5, 12, 13 ],
			"faces": {
				"down": { "uv": [ 4.000007, 3.5, 5.500007, 4 ], "texture": "#wool_red" },
				"up": { "uv": [ 4.000007, 12, 5.500007, 12.5 ], "texture": "#wool_red" },
				"north": { "uv": [ 10.49999, 3.5, 11.5, 4 ], "texture": "#wool_red" },
				"south": { "uv": [ 4.000007, 3.5, 5, 4.5 ], "texture": "#wool_red" },
				"west": { "uv": [ 12, 3.5, 12.5, 4.5 ], "texture": "#wool_red" },
				"east": { "uv": [ 3.5, 3.5, 4, 4 ], "texture": "#wool_red" }
			}
		}
	],
	"display": {
		"thirdperson_righthand": {
			"rotation":  [ 73, -148, 47 ],
			"translation":  [ -2.084, 0.6962, -2.086 ],
			"scale":  [ 0.6, 0.6, 0.6 ]
		},
		"thirdperson_lefthand": {
			"rotation":  [ 73, -148, 47 ],
			"translation":  [ -2.084, 0.6962, -2.086 ],
			"scale":  [ 0.6, 0.6, 0.6 ]
		},
		"firstperson_righthand": {
			"rotation":  [ -6, -66, 2 ],
			"translation":  [ 4.1739, -2.679, -5.564 ],
			"scale":  [ 0.8, 0.8, 0.8 ]
		},
		"firstperson_lefthand": {
			"rotation":  [ -6, -66, 2 ],
			"translation":  [ 4.1739, -2.679, -5.564 ],
			"scale":  [ 0.8, 0.8, 0.8 ]
		},
		"gui": {
			"rotation":  [ 18, -36, 5 ],
			"translation":  [ 1.1962, -2.411, 0 ]
		},
		"head": {
			"rotation":  [ 0, 180, 0 ],
			"translation":  [ 0, -2.291, 0 ],
			"scale":  [ 1.8, 1.8, 1.8 ]
		},
		"fixed": {
			"rotation":  [ -10, 155, 1 ],
			"translation":  [ 0, -3.477, -4.869 ]
		}
	}
}
