{
	"credit": "Made with Blockbench, a free, modern block model editor by JannisX11",
	"textures": {
		"2": "block/spruce_log",
		"3": "block/quartz_block_side",
		"4": "block/orange_terracotta",
		"5": "block/black_wool",
		"7": "block/packed_ice",
		"wool_black": "block/snow"
	},
	"elements": [
		{
			"name": "cube",
			"from": [4, 13.5, 6],
			"to": [4.5, 14, 10],
			"shade": true,
			"faces": {
				"north": {
					"uv": [11.5, 2, 12, 2.5],
					"texture": "#wool_black"
				},
				"south": {
					"uv": [4, 2, 4.5, 2.5],
					"texture": "#wool_black"
				},
				"west": {
					"uv": [6, 2, 10, 2.5],
					"texture": "#wool_black"
				},
				"up": {
					"uv": [11.5, 6, 12, 10],
					"texture": "#wool_black",
					"rotation": 180
				},
				"down": {
					"uv": [11.5, 6, 12, 10],
					"texture": "#wool_black",
					"rotation": 180
				}
			},
			"__comment": "wool_black"
		},
		{
			"name": "cube",
			"from": [3.5, 12.5, 10],
			"to": [4, 13, 11],
			"shade": true,
			"faces": {
				"south": {
					"uv": [3.500001, 3, 4.000001, 3.5],
					"texture": "#wool_black"
				},
				"west": {
					"uv": [10, 3, 11, 3.5],
					"texture": "#wool_black"
				},
				"up": {
					"uv": [12, 5, 12.5, 6],
					"texture": "#wool_black",
					"rotation": 180
				}
			},
			"__comment": "wool_black"
		},
		{
			"name": "cube",
			"from": [9.5, 14, 5.5],
			"to": [11, 14.5, 6.5],
			"shade": true,
			"faces": {
				"north": {
					"uv": [5, 1.5, 6.5, 2],
					"texture": "#wool_black"
				},
				"east": {
					"uv": [9.5, 1.5, 10.5, 2],
					"texture": "#wool_black"
				},
				"up": {
					"uv": [5, 9.5, 6.5, 10.5],
					"texture": "#wool_black",
					"rotation": 180
				},
				"down": {
					"uv": [5, 5.5, 6.5, 6.5],
					"texture": "#wool_black",
					"rotation": 180
				}
			},
			"__comment": "wool_black"
		},
		{
			"name": "cube",
			"from": [9.5, 14, 5],
			"to": [10.5, 14.5, 5.5],
			"shade": true,
			"faces": {
				"north": {
					"uv": [5.5, 1.5, 6.5, 2],
					"texture": "#wool_black"
				},
				"east": {
					"uv": [10.5, 1.5, 11, 2],
					"texture": "#wool_black"
				},
				"up": {
					"uv": [5.5, 10.5, 6.5, 11],
					"texture": "#wool_black",
					"rotation": 180
				},
				"down": {
					"uv": [5.5, 5, 6.5, 5.5],
					"texture": "#wool_black",
					"rotation": 180
				}
			},
			"__comment": "wool_black"
		},
		{
			"name": "cube",
			"from": [9.5, 14, 9.5],
			"to": [11, 14.5, 10.5],
			"shade": true,
			"faces": {
				"east": {
					"uv": [5.5, 1.5, 6.5, 2],
					"texture": "#wool_black"
				},
				"south": {
					"uv": [9.5, 1.5, 11, 2],
					"texture": "#wool_black"
				},
				"up": {
					"uv": [5, 5.5, 6.5, 6.5],
					"texture": "#wool_black",
					"rotation": 180
				},
				"down": {
					"uv": [5, 9.5, 6.5, 10.5],
					"texture": "#wool_black",
					"rotation": 180
				}
			},
			"__comment": "wool_black"
		},
		{
			"name": "cube",
			"from": [9.5, 14, 10.5],
			"to": [10.5, 14.5, 11],
			"shade": true,
			"faces": {
				"east": {
					"uv": [5, 1.5, 5.5, 2],
					"texture": "#wool_black"
				},
				"south": {
					"uv": [9.5, 1.5, 10.5, 2],
					"texture": "#wool_black"
				},
				"up": {
					"uv": [5.5, 5, 6.5, 5.5],
					"texture": "#wool_black",
					"rotation": 180
				},
				"down": {
					"uv": [5.5, 10.5, 6.5, 11],
					"texture": "#wool_black",
					"rotation": 180
				}
			},
			"__comment": "wool_black"
		},
		{
			"name": "cube",
			"from": [5.5, 14, 10.5],
			"to": [6.5, 14.5, 11],
			"shade": true,
			"faces": {
				"south": {
					"uv": [5.5, 1.5, 6.5, 2],
					"texture": "#wool_black"
				},
				"west": {
					"uv": [10.5, 1.5, 11, 2],
					"texture": "#wool_black"
				},
				"up": {
					"uv": [9.5, 5, 10.5, 5.5],
					"texture": "#wool_black",
					"rotation": 180
				},
				"down": {
					"uv": [9.5, 10.5, 10.5, 11],
					"texture": "#wool_black",
					"rotation": 180
				}
			},
			"__comment": "wool_black"
		},
		{
			"name": "cube",
			"from": [5, 14, 9.5],
			"to": [6.5, 14.5, 10.5],
			"shade": true,
			"faces": {
				"south": {
					"uv": [5, 1.5, 6.5, 2],
					"texture": "#wool_black"
				},
				"west": {
					"uv": [9.5, 1.5, 10.5, 2],
					"texture": "#wool_black"
				},
				"up": {
					"uv": [9.5, 5.5, 11, 6.5],
					"texture": "#wool_black",
					"rotation": 180
				},
				"down": {
					"uv": [9.5, 9.5, 11, 10.5],
					"texture": "#wool_black",
					"rotation": 180
				}
			},
			"__comment": "wool_black"
		},
		{
			"name": "cube",
			"from": [5, 14, 5.5],
			"to": [6.5, 14.5, 6.5],
			"shade": true,
			"faces": {
				"north": {
					"uv": [9.5, 1.5, 11, 2],
					"texture": "#wool_black"
				},
				"west": {
					"uv": [5.5, 1.5, 6.5, 2],
					"texture": "#wool_black"
				},
				"up": {
					"uv": [9.5, 9.5, 11, 10.5],
					"texture": "#wool_black",
					"rotation": 180
				},
				"down": {
					"uv": [9.5, 5.5, 11, 6.5],
					"texture": "#wool_black",
					"rotation": 180
				}
			},
			"__comment": "wool_black"
		},
		{
			"name": "cube",
			"from": [5.5, 14, 5],
			"to": [6.5, 14.5, 5.5],
			"shade": true,
			"faces": {
				"north": {
					"uv": [9.5, 1.5, 10.5, 2],
					"texture": "#wool_black"
				},
				"west": {
					"uv": [5, 1.5, 5.5, 2],
					"texture": "#wool_black"
				},
				"up": {
					"uv": [9.5, 10.5, 10.5, 11],
					"texture": "#wool_black",
					"rotation": 180
				},
				"down": {
					"uv": [9.5, 5, 10.5, 5.5],
					"texture": "#wool_black",
					"rotation": 180
				}
			},
			"__comment": "wool_black"
		},
		{
			"name": "cube",
			"from": [6.5, 14, 4.5],
			"to": [9.5, 14.5, 11.5],
			"shade": true,
			"faces": {
				"north": {
					"uv": [6.5, 1.5, 9.5, 2],
					"texture": "#wool_black"
				},
				"east": {
					"uv": [4.5, 1.5, 11.5, 2],
					"texture": "#wool_black"
				},
				"south": {
					"uv": [6.5, 1.5, 9.5, 2],
					"texture": "#wool_black"
				},
				"west": {
					"uv": [4.5, 1.5, 11.5, 2],
					"texture": "#wool_black"
				},
				"up": {
					"uv": [6.5, 4.5, 9.5, 11.5],
					"texture": "#wool_black",
					"rotation": 180
				}
			},
			"__comment": "wool_black"
		},
		{
			"name": "cube",
			"from": [4.5, 13.5, 6],
			"to": [12, 14, 10],
			"shade": true,
			"faces": {
				"north": {
					"uv": [4, 2, 11.5, 2.5],
					"texture": "#wool_black"
				},
				"east": {
					"uv": [6, 2, 10, 2.5],
					"texture": "#wool_black"
				},
				"south": {
					"uv": [4.5, 2, 12, 2.5],
					"texture": "#wool_black"
				},
				"up": {
					"uv": [4, 6, 11.5, 10],
					"texture": "#wool_black",
					"rotation": 180
				},
				"down": {
					"uv": [4, 6, 11.5, 10],
					"texture": "#wool_black",
					"rotation": 180
				}
			},
			"__comment": "wool_black"
		},
		{
			"name": "cube",
			"from": [5, 13.5, 10],
			"to": [6, 14, 11.5],
			"shade": true,
			"faces": {
				"south": {
					"uv": [5, 2, 6, 2.5],
					"texture": "#wool_black"
				},
				"west": {
					"uv": [10, 2, 11.5, 2.5],
					"texture": "#wool_black"
				},
				"up": {
					"uv": [10, 4.5, 11, 6],
					"texture": "#wool_black",
					"rotation": 180
				},
				"down": {
					"uv": [10, 10, 11, 11.5],
					"texture": "#wool_black",
					"rotation": 180
				}
			},
			"__comment": "wool_black"
		},
		{
			"name": "cube",
			"from": [5, 13.5, 4.5],
			"to": [6, 14, 6],
			"shade": true,
			"faces": {
				"north": {
					"uv": [10, 2, 11, 2.5],
					"texture": "#wool_black"
				},
				"west": {
					"uv": [4.5, 2, 6, 2.5],
					"texture": "#wool_black"
				},
				"up": {
					"uv": [10, 10, 11, 11.5],
					"texture": "#wool_black",
					"rotation": 180
				},
				"down": {
					"uv": [10, 4.5, 11, 6],
					"texture": "#wool_black",
					"rotation": 180
				}
			},
			"__comment": "wool_black"
		},
		{
			"name": "cube",
			"from": [3.5, 12.5, 5],
			"to": [4, 13, 6],
			"shade": true,
			"faces": {
				"north": {
					"uv": [12, 3, 12.5, 3.5],
					"texture": "#wool_black"
				},
				"west": {
					"uv": [5.000002, 3, 6.000002, 3.5],
					"texture": "#wool_black"
				},
				"up": {
					"uv": [12, 9.999998, 12.5, 11],
					"texture": "#wool_black",
					"rotation": 180
				}
			},
			"__comment": "wool_black"
		},
		{
			"name": "cube",
			"from": [10, 13.5, 4.5],
			"to": [11, 14, 6],
			"shade": true,
			"faces": {
				"north": {
					"uv": [5, 2, 6, 2.5],
					"texture": "#wool_black"
				},
				"east": {
					"uv": [10, 2, 11.5, 2.5],
					"texture": "#wool_black"
				},
				"up": {
					"uv": [5, 10, 6, 11.5],
					"texture": "#wool_black",
					"rotation": 180
				},
				"down": {
					"uv": [5, 4.5, 6, 6],
					"texture": "#wool_black",
					"rotation": 180
				}
			},
			"__comment": "wool_black"
		},
		{
			"name": "cube",
			"from": [10, 13.5, 10],
			"to": [11, 14, 11.5],
			"shade": true,
			"faces": {
				"east": {
					"uv": [4.5, 2, 6, 2.5],
					"texture": "#wool_black"
				},
				"south": {
					"uv": [10, 2, 11, 2.5],
					"texture": "#wool_black"
				},
				"up": {
					"uv": [5, 4.5, 6, 6],
					"texture": "#wool_black",
					"rotation": 180
				},
				"down": {
					"uv": [5, 10, 6, 11.5],
					"texture": "#wool_black",
					"rotation": 180
				}
			},
			"__comment": "wool_black"
		},
		{
			"name": "cube",
			"from": [11, 13.5, 5],
			"to": [11.5, 14, 6],
			"shade": true,
			"faces": {
				"north": {
					"uv": [4.5, 2, 5, 2.5],
					"texture": "#wool_black"
				},
				"east": {
					"uv": [10, 2, 11, 2.5],
					"texture": "#wool_black"
				},
				"up": {
					"uv": [4.5, 10, 5, 11],
					"texture": "#wool_black",
					"rotation": 180
				},
				"down": {
					"uv": [4.5, 5, 5, 6],
					"texture": "#wool_black",
					"rotation": 180
				}
			},
			"__comment": "wool_black"
		},
		{
			"name": "cube",
			"from": [11, 13.5, 10],
			"to": [11.5, 14, 11],
			"shade": true,
			"faces": {
				"east": {
					"uv": [5, 2, 6, 2.5],
					"texture": "#wool_black"
				},
				"south": {
					"uv": [11, 2, 11.5, 2.5],
					"texture": "#wool_black"
				},
				"up": {
					"uv": [4.5, 5, 5, 6],
					"texture": "#wool_black",
					"rotation": 180
				},
				"down": {
					"uv": [4.5, 10, 5, 11],
					"texture": "#wool_black",
					"rotation": 180
				}
			},
			"__comment": "wool_black"
		},
		{
			"name": "cube",
			"from": [6, 13.5, 4.5],
			"to": [10, 14, 12],
			"shade": true,
			"faces": {
				"north": {
					"uv": [6, 2, 10, 2.5],
					"texture": "#wool_black"
				},
				"east": {
					"uv": [4, 2, 11.5, 2.5],
					"texture": "#wool_black"
				},
				"south": {
					"uv": [6, 2, 10, 2.5],
					"texture": "#wool_black"
				},
				"west": {
					"uv": [4.5, 2, 12, 2.5],
					"texture": "#wool_black"
				},
				"up": {
					"uv": [6, 4, 10, 11.5],
					"texture": "#wool_black",
					"rotation": 180
				},
				"down": {
					"uv": [6, 4.5, 10, 12],
					"texture": "#wool_black",
					"rotation": 180
				}
			},
			"__comment": "wool_black"
		},
		{
			"name": "cube",
			"from": [3.5, 12.5, 6],
			"to": [4, 13.5, 10],
			"shade": true,
			"faces": {
				"north": {
					"uv": [12, 2.5, 12.5, 3.5],
					"texture": "#wool_black"
				},
				"east": {
					"uv": [6, 2.5, 10, 3.5],
					"texture": "#wool_black"
				},
				"south": {
					"uv": [3.5, 2.5, 4, 3.5],
					"texture": "#wool_black"
				},
				"west": {
					"uv": [6, 2.5, 10, 3.5],
					"texture": "#wool_black"
				},
				"up": {
					"uv": [12, 6, 12.5, 10],
					"texture": "#wool_black",
					"rotation": 180
				},
				"down": {
					"uv": [12, 6, 12.5, 10],
					"texture": "#wool_black",
					"rotation": 180
				}
			},
			"__comment": "wool_black"
		},
		{
			"name": "cube",
			"from": [11.5, 12.5, 5],
			"to": [12, 13.5, 6],
			"shade": true,
			"faces": {
				"north": {
					"uv": [4.000002, 2.5, 4.500002, 3.5],
					"texture": "#wool_black"
				},
				"east": {
					"uv": [10, 2.5, 11, 3.5],
					"texture": "#wool_black"
				},
				"south": {
					"uv": [11.5, 2.5, 12, 3.5],
					"texture": "#wool_black"
				},
				"west": {
					"uv": [5, 2.5, 6, 3.5],
					"texture": "#wool_black"
				},
				"up": {
					"uv": [4.000002, 10, 4.500002, 11],
					"texture": "#wool_black",
					"rotation": 180
				},
				"down": {
					"uv": [4.000002, 5, 4.500002, 6],
					"texture": "#wool_black",
					"rotation": 180
				}
			},
			"__comment": "wool_black"
		},
		{
			"name": "cube",
			"from": [4.5, 12.5, 4.5],
			"to": [5, 13.5, 5],
			"shade": true,
			"faces": {
				"north": {
					"uv": [11, 2.5, 11.5, 3.5],
					"texture": "#wool_black"
				},
				"east": {
					"uv": [11, 2.5, 11.5, 3.5],
					"texture": "#wool_black"
				},
				"south": {
					"uv": [4.5, 2.5, 5, 3.5],
					"texture": "#wool_black"
				},
				"west": {
					"uv": [4.500002, 2.5, 5.000002, 3.5],
					"texture": "#wool_black"
				},
				"up": {
					"uv": [11, 11, 11.5, 11.5],
					"texture": "#wool_black",
					"rotation": 180
				},
				"down": {
					"uv": [11, 4.500002, 11.5, 5.000002],
					"texture": "#wool_black",
					"rotation": 180
				}
			},
			"__comment": "wool_black"
		},
		{
			"name": "cube",
			"from": [5, 12.5, 4],
			"to": [6, 13.5, 4.5],
			"shade": true,
			"faces": {
				"north": {
					"uv": [10, 2.5, 11, 3.5],
					"texture": "#wool_black"
				},
				"south": {
					"uv": [5, 2.5, 6, 3.5],
					"texture": "#wool_black"
				},
				"west": {
					"uv": [4.000002, 2.5, 4.500002, 3.5],
					"texture": "#wool_black"
				},
				"up": {
					"uv": [10, 11.5, 11, 12],
					"texture": "#wool_black",
					"rotation": 180
				},
				"down": {
					"uv": [10, 4.000002, 11, 4.500002],
					"texture": "#wool_black",
					"rotation": 180
				}
			},
			"__comment": "wool_black"
		},
		{
			"name": "cube",
			"from": [6, 14, 4],
			"to": [7, 14.5, 4.5],
			"shade": true,
			"faces": {
				"north": {
					"uv": [9.000002, 2, 10, 2.5],
					"texture": "#2"
				},
				"east": {"uv": [0, 0, 1, 1], "texture": "#2"},
				"south": {"uv": [0, 0, 1, 1], "texture": "#2"},
				"west": {"uv": [4, 2, 4.5, 2.5], "texture": "#2"},
				"up": {
					"uv": [9.000002, 11.5, 10, 12],
					"texture": "#2",
					"rotation": 180
				},
				"down": {
					"uv": [9.000002, 4, 10, 4.5],
					"texture": "#2",
					"rotation": 180
				}
			},
			"__comment": "wool_black"
		},
		{
			"name": "cube",
			"from": [11, 12.5, 4.5],
			"to": [11.5, 13.5, 5],
			"shade": true,
			"faces": {
				"north": {
					"uv": [4.500002, 2.5, 5.000002, 3.5],
					"texture": "#wool_black"
				},
				"east": {
					"uv": [11, 2.5, 11.5, 3.5],
					"texture": "#wool_black"
				},
				"south": {
					"uv": [11, 2.5, 11.5, 3.5],
					"texture": "#wool_black"
				},
				"west": {
					"uv": [4.5, 2.5, 5, 3.5],
					"texture": "#wool_black"
				},
				"up": {
					"uv": [4.500002, 11, 5.000002, 11.5],
					"texture": "#wool_black",
					"rotation": 180
				},
				"down": {
					"uv": [4.500002, 4.5, 5.000002, 5],
					"texture": "#wool_black",
					"rotation": 180
				}
			},
			"__comment": "wool_black"
		},
		{
			"name": "cube",
			"from": [11.5, 12.5, 10],
			"to": [12, 13.5, 11],
			"shade": true,
			"faces": {
				"north": {
					"uv": [4, 2.5, 4.5, 3.5],
					"texture": "#wool_black"
				},
				"east": {
					"uv": [5.000001, 2.5, 6.000001, 3.5],
					"texture": "#wool_black"
				},
				"south": {
					"uv": [11.5, 2.5, 12, 3.5],
					"texture": "#wool_black"
				},
				"west": {
					"uv": [9.999999, 2.5, 11, 3.5],
					"texture": "#wool_black"
				},
				"up": {
					"uv": [4, 5.000001, 4.5, 6.000001],
					"texture": "#wool_black",
					"rotation": 180
				},
				"down": {
					"uv": [4, 9.999999, 4.5, 11],
					"texture": "#wool_black",
					"rotation": 180
				}
			},
			"__comment": "wool_black"
		},
		{
			"name": "cube",
			"from": [11, 12.5, 11],
			"to": [11.5, 13.5, 11.5],
			"shade": true,
			"faces": {
				"north": {
					"uv": [4.5, 2.5, 5, 3.5],
					"texture": "#wool_black"
				},
				"east": {
					"uv": [4.500001, 2.5, 5.000001, 3.5],
					"texture": "#wool_black"
				},
				"south": {
					"uv": [11, 2.5, 11.5, 3.5],
					"texture": "#wool_black"
				},
				"west": {
					"uv": [11, 2.5, 11.5, 3.5],
					"texture": "#wool_black"
				},
				"up": {
					"uv": [4.5, 4.500001, 5, 5.000001],
					"texture": "#wool_black",
					"rotation": 180
				},
				"down": {
					"uv": [4.5, 11, 5, 11.5],
					"texture": "#wool_black",
					"rotation": 180
				}
			},
			"__comment": "wool_black"
		},
		{
			"name": "cube",
			"from": [10, 12.5, 11.5],
			"to": [11, 13.5, 12],
			"shade": true,
			"faces": {
				"north": {
					"uv": [5, 2.5, 6, 3.5],
					"texture": "#wool_black"
				},
				"east": {
					"uv": [4, 2.5, 4.5, 3.5],
					"texture": "#wool_black"
				},
				"south": {
					"uv": [10, 2.5, 11, 3.5],
					"texture": "#wool_black"
				},
				"west": {
					"uv": [11.5, 2.5, 12, 3.5],
					"texture": "#wool_black"
				},
				"up": {
					"uv": [5, 4, 6, 4.5],
					"texture": "#wool_black",
					"rotation": 180
				},
				"down": {
					"uv": [5, 11.5, 6, 12],
					"texture": "#wool_black",
					"rotation": 180
				}
			},
			"__comment": "wool_black"
		},
		{
			"name": "cube",
			"from": [5, 12.5, 11.5],
			"to": [6, 13.5, 12],
			"shade": true,
			"faces": {
				"north": {
					"uv": [9.999998, 2.5, 11, 3.5],
					"texture": "#wool_black"
				},
				"east": {
					"uv": [4, 2.5, 4.5, 3.5],
					"texture": "#wool_black"
				},
				"south": {
					"uv": [5.000002, 2.5, 6.000002, 3.5],
					"texture": "#wool_black"
				},
				"west": {
					"uv": [11.5, 2.5, 12, 3.5],
					"texture": "#wool_black"
				},
				"up": {
					"uv": [9.999998, 4, 11, 4.5],
					"texture": "#wool_black",
					"rotation": 180
				},
				"down": {
					"uv": [9.999998, 11.5, 11, 12],
					"texture": "#wool_black",
					"rotation": 180
				}
			},
			"__comment": "wool_black"
		},
		{
			"name": "cube",
			"from": [4.5, 12.5, 11],
			"to": [5, 13.5, 11.5],
			"shade": true,
			"faces": {
				"north": {
					"uv": [11, 2.5, 11.5, 3.5],
					"texture": "#wool_black"
				},
				"east": {
					"uv": [4.5, 2.5, 5, 3.5],
					"texture": "#wool_black"
				},
				"south": {
					"uv": [4.500002, 2.5, 5.000002, 3.5],
					"texture": "#wool_black"
				},
				"west": {
					"uv": [11, 2.5, 11.5, 3.5],
					"texture": "#wool_black"
				},
				"up": {
					"uv": [11, 4.5, 11.5, 5],
					"texture": "#wool_black",
					"rotation": 180
				},
				"down": {
					"uv": [11, 11, 11.5, 11.5],
					"texture": "#wool_black",
					"rotation": 180
				}
			},
			"__comment": "wool_black"
		},
		{
			"name": "cube",
			"from": [6, 12.5, 12],
			"to": [10, 13.5, 12.5],
			"shade": true,
			"faces": {
				"north": {
					"uv": [5.999999, 2.5, 9.999999, 3.5],
					"texture": "#wool_black"
				},
				"east": {
					"uv": [3.5, 2.5, 4, 3.5],
					"texture": "#wool_black"
				},
				"south": {
					"uv": [6.000001, 2.5, 10, 3.5],
					"texture": "#wool_black"
				},
				"west": {
					"uv": [12, 2.5, 12.5, 3.5],
					"texture": "#wool_black"
				},
				"up": {
					"uv": [5.999999, 3.5, 9.999999, 4],
					"texture": "#wool_black",
					"rotation": 180
				},
				"down": {
					"uv": [5.999999, 12, 9.999999, 12.5],
					"texture": "#wool_black",
					"rotation": 180
				}
			},
			"__comment": "wool_black"
		},
		{
			"name": "cube",
			"from": [6, 12, 4],
			"to": [6.5, 13.5, 4.5],
			"shade": true,
			"faces": {
				"north": {
					"uv": [9.500001, 2.5, 10, 4],
					"texture": "#3"
				},
				"east": {"uv": [0, 0, 1, 1], "texture": "#3"},
				"south": {
					"uv": [5.999999, 2.5, 6.499999, 4],
					"texture": "#3"
				},
				"west": {"uv": [4, 2.5, 4.5, 4], "texture": "#3"},
				"up": {"uv": [0, 0, 1, 1], "texture": "#3"},
				"down": {
					"uv": [9.500001, 4, 10, 4.5],
					"texture": "#3",
					"rotation": 180
				}
			},
			"__comment": "wool_black"
		},
		{
			"name": "cube",
			"from": [4, 12, 4],
			"to": [5, 12.5, 4.5],
			"shade": true,
			"faces": {
				"north": {
					"uv": [11, 3.5, 12, 4],
					"texture": "#wool_black"
				},
				"east": {
					"uv": [11.5, 3.5, 12, 4],
					"texture": "#wool_black"
				},
				"south": {
					"uv": [4, 3.5, 5, 4],
					"texture": "#wool_black"
				},
				"west": {
					"uv": [4.000002, 3.5, 4.500002, 4],
					"texture": "#wool_black"
				},
				"up": {
					"uv": [11, 11.5, 12, 12],
					"texture": "#wool_black",
					"rotation": 180
				},
				"down": {
					"uv": [11, 4.000002, 12, 4.500002],
					"texture": "#wool_black",
					"rotation": 180
				}
			},
			"__comment": "wool_black"
		},
		{
			"name": "cube",
			"from": [4, 11, 12],
			"to": [5, 12, 12.5],
			"shade": true,
			"faces": {
				"north": {
					"uv": [11, 4, 12, 5],
					"texture": "#wool_black"
				},
				"south": {"uv": [4, 4, 5, 5], "texture": "#wool_black"},
				"west": {
					"uv": [12, 4, 12.5, 5],
					"texture": "#wool_black"
				},
				"up": {
					"uv": [11, 3.500001, 12, 4.000001],
					"texture": "#wool_black",
					"rotation": 180
				}
			},
			"__comment": "wool_black"
		},
		{
			"name": "cube",
			"from": [3.5, 12, 4.5],
			"to": [4.5, 12.5, 5],
			"shade": true,
			"faces": {
				"north": {
					"uv": [11.5, 3.5, 12.5, 4],
					"texture": "#wool_black"
				},
				"east": {
					"uv": [11, 3.5, 11.5, 4],
					"texture": "#wool_black"
				},
				"south": {
					"uv": [3.5, 3.5, 4.5, 4],
					"texture": "#wool_black"
				},
				"west": {
					"uv": [4.500002, 3.5, 5.000002, 4],
					"texture": "#wool_black"
				},
				"up": {
					"uv": [11.5, 11, 12.5, 11.5],
					"texture": "#wool_black",
					"rotation": 180
				},
				"down": {
					"uv": [11.5, 4.500002, 12.5, 5.000002],
					"texture": "#wool_black",
					"rotation": 180
				}
			},
			"__comment": "wool_black"
		},
		{
			"name": "cube",
			"from": [4, 12, 11.5],
			"to": [5, 12.5, 12],
			"shade": true,
			"faces": {
				"north": {
					"uv": [11, 3.5, 12, 4],
					"texture": "#wool_black"
				},
				"east": {
					"uv": [4, 3.5, 4.5, 4],
					"texture": "#wool_black"
				},
				"south": {
					"uv": [4.000002, 3.5, 5.000002, 4],
					"texture": "#wool_black"
				},
				"west": {
					"uv": [11.5, 3.5, 12, 4],
					"texture": "#wool_black"
				},
				"up": {
					"uv": [11, 4, 12, 4.5],
					"texture": "#wool_black",
					"rotation": 180
				},
				"down": {
					"uv": [11, 11.5, 12, 12],
					"texture": "#wool_black",
					"rotation": 180
				}
			},
			"__comment": "wool_black"
		},
		{
			"name": "cube",
			"from": [11, 12, 4],
			"to": [12, 12.5, 4.5],
			"shade": true,
			"faces": {
				"north": {
					"uv": [4.000002, 3.5, 5.000002, 4],
					"texture": "#wool_black"
				},
				"east": {
					"uv": [11.5, 3.5, 12, 4],
					"texture": "#wool_black"
				},
				"south": {
					"uv": [11, 3.5, 12, 4],
					"texture": "#wool_black"
				},
				"west": {
					"uv": [4, 3.5, 4.5, 4],
					"texture": "#wool_black"
				},
				"up": {
					"uv": [4.000002, 11.5, 5.000002, 12],
					"texture": "#wool_black",
					"rotation": 180
				},
				"down": {
					"uv": [4.000002, 4, 5.000002, 4.5],
					"texture": "#wool_black",
					"rotation": 180
				}
			},
			"__comment": "wool_black"
		},
		{
			"name": "cube",
			"from": [5, 12, 3.5],
			"to": [6, 12.5, 4],
			"shade": true,
			"faces": {
				"north": {
					"uv": [10, 3.5, 11, 4],
					"texture": "#wool_black"
				},
				"east": {
					"uv": [12, 3.5, 12.5, 4],
					"texture": "#wool_black"
				},
				"south": {
					"uv": [5, 3.5, 6, 4],
					"texture": "#wool_black"
				},
				"west": {
					"uv": [3.500002, 3.5, 4.000002, 4],
					"texture": "#wool_black"
				},
				"up": {
					"uv": [10, 12, 11, 12.5],
					"texture": "#wool_black",
					"rotation": 180
				}
			},
			"__comment": "wool_black"
		},
		{
			"name": "cube",
			"from": [5, 11, 12],
			"to": [6, 12.5, 12.5],
			"shade": true,
			"faces": {
				"north": {
					"uv": [9.999998, 3.5, 11, 5],
					"texture": "#wool_black"
				},
				"east": {
					"uv": [3.5, 3.5, 4, 5],
					"texture": "#wool_black"
				},
				"south": {
					"uv": [5.000002, 3.5, 6.000002, 5],
					"texture": "#wool_black"
				},
				"west": {
					"uv": [12, 3.5, 12.5, 5],
					"texture": "#wool_black"
				},
				"up": {
					"uv": [9.999998, 3.5, 11, 4],
					"texture": "#wool_black",
					"rotation": 180
				}
			},
			"__comment": "wool_black"
		},
		{
			"name": "cube",
			"from": [10, 11, 12],
			"to": [11, 12.5, 12.5],
			"shade": true,
			"faces": {
				"north": {
					"uv": [5, 3.5, 6, 5],
					"texture": "#wool_black"
				},
				"east": {
					"uv": [3.500001, 3.5, 4.000001, 5],
					"texture": "#wool_black"
				},
				"south": {
					"uv": [10, 3.5, 11, 5],
					"texture": "#wool_black"
				},
				"west": {
					"uv": [12, 3.5, 12.5, 5],
					"texture": "#wool_black"
				},
				"up": {
					"uv": [5, 3.500001, 6, 4.000001],
					"texture": "#wool_black",
					"rotation": 180
				}
			},
			"__comment": "wool_black"
		},
		{
			"name": "cube",
			"from": [3.5, 12, 11],
			"to": [4.5, 12.5, 11.5],
			"shade": true,
			"faces": {
				"north": {
					"uv": [11.5, 3.5, 12.5, 4],
					"texture": "#wool_black"
				},
				"east": {
					"uv": [4.5, 3.5, 5, 4],
					"texture": "#wool_black"
				},
				"south": {
					"uv": [3.500002, 3.5, 4.500002, 4],
					"texture": "#wool_black"
				},
				"west": {
					"uv": [11, 3.5, 11.5, 4],
					"texture": "#wool_black"
				},
				"up": {
					"uv": [11.5, 4.5, 12.5, 5],
					"texture": "#wool_black",
					"rotation": 180
				},
				"down": {
					"uv": [11.5, 11, 12.5, 11.5],
					"texture": "#wool_black",
					"rotation": 180
				}
			},
			"__comment": "wool_black"
		},
		{
			"name": "cube",
			"from": [4, 10, 12],
			"to": [12, 11, 12.5],
			"shade": true,
			"faces": {
				"north": {
					"uv": [4.000001, 5, 12, 6],
					"texture": "#wool_black"
				},
				"east": {
					"uv": [3.5, 5, 4, 6],
					"texture": "#wool_black"
				},
				"south": {
					"uv": [3.999999, 5, 12, 6],
					"texture": "#wool_black"
				},
				"west": {
					"uv": [12, 5, 12.5, 6],
					"texture": "#wool_black"
				},
				"up": {
					"uv": [4.000001, 3.5, 12, 4],
					"texture": "#wool_black",
					"rotation": 180
				},
				"down": {
					"uv": [4.000001, 12, 12, 12.5],
					"texture": "#wool_black",
					"rotation": 180
				}
			},
			"__comment": "wool_black"
		},
		{
			"name": "cube",
			"from": [11.5, 12, 11],
			"to": [12.5, 12.5, 11.5],
			"shade": true,
			"faces": {
				"north": {
					"uv": [3.5, 3.5, 4.5, 4],
					"texture": "#wool_black"
				},
				"east": {
					"uv": [4.500001, 3.5, 5.000001, 4],
					"texture": "#wool_black"
				},
				"south": {
					"uv": [11.5, 3.5, 12.5, 4],
					"texture": "#wool_black"
				},
				"west": {
					"uv": [11, 3.5, 11.5, 4],
					"texture": "#wool_black"
				},
				"up": {
					"uv": [3.5, 4.500001, 4.5, 5.000001],
					"texture": "#wool_black",
					"rotation": 180
				},
				"down": {
					"uv": [3.5, 11, 4.5, 11.5],
					"texture": "#wool_black",
					"rotation": 180
				}
			},
			"__comment": "wool_black"
		},
		{
			"name": "cube",
			"from": [11, 12, 11.5],
			"to": [12, 12.5, 12],
			"shade": true,
			"faces": {
				"north": {
					"uv": [4, 3.5, 5, 4],
					"texture": "#wool_black"
				},
				"east": {
					"uv": [4.000001, 3.5, 4.500001, 4],
					"texture": "#wool_black"
				},
				"south": {
					"uv": [11, 3.5, 12, 4],
					"texture": "#wool_black"
				},
				"west": {
					"uv": [11.5, 3.5, 12, 4],
					"texture": "#wool_black"
				},
				"up": {
					"uv": [4, 4.000001, 5, 4.500001],
					"texture": "#wool_black",
					"rotation": 180
				},
				"down": {
					"uv": [4, 11.5, 5, 12],
					"texture": "#wool_black",
					"rotation": 180
				}
			},
			"__comment": "wool_black"
		},
		{
			"name": "cube",
			"from": [11.5, 12, 4.5],
			"to": [12.5, 12.5, 5],
			"shade": true,
			"faces": {
				"north": {
					"uv": [3.500002, 3.5, 4.500002, 4],
					"texture": "#wool_black"
				},
				"east": {
					"uv": [11, 3.5, 11.5, 4],
					"texture": "#wool_black"
				},
				"south": {
					"uv": [11.5, 3.5, 12.5, 4],
					"texture": "#wool_black"
				},
				"west": {
					"uv": [4.5, 3.5, 5, 4],
					"texture": "#wool_black"
				},
				"up": {
					"uv": [3.500002, 11, 4.500002, 11.5],
					"texture": "#wool_black",
					"rotation": 180
				},
				"down": {
					"uv": [3.500002, 4.5, 4.500002, 5],
					"texture": "#wool_black",
					"rotation": 180
				}
			},
			"__comment": "wool_black"
		},
		{
			"name": "cube",
			"from": [3, 12, 5],
			"to": [4, 12.5, 6],
			"shade": true,
			"faces": {
				"north": {
					"uv": [12, 3.5, 13, 4],
					"texture": "#wool_black"
				},
				"east": {
					"uv": [10, 3.5, 11, 4],
					"texture": "#wool_black"
				},
				"south": {
					"uv": [2.999998, 3.5, 3.999998, 4],
					"texture": "#wool_black"
				},
				"west": {
					"uv": [5, 3.5, 6, 4],
					"texture": "#wool_black"
				},
				"up": {
					"uv": [12, 10, 13, 11],
					"texture": "#wool_black",
					"rotation": 180
				},
				"down": {
					"uv": [12, 5, 13, 6],
					"texture": "#wool_black",
					"rotation": 180
				}
			},
			"__comment": "wool_black"
		},
		{
			"name": "cube",
			"from": [3, 12, 10],
			"to": [4, 12.5, 11],
			"shade": true,
			"faces": {
				"north": {
					"uv": [12, 3.5, 13, 4],
					"texture": "#wool_black"
				},
				"east": {
					"uv": [5.000001, 3.5, 6.000001, 4],
					"texture": "#wool_black"
				},
				"south": {
					"uv": [3, 3.5, 4, 4],
					"texture": "#wool_black"
				},
				"west": {
					"uv": [9.999999, 3.5, 11, 4],
					"texture": "#wool_black"
				},
				"up": {
					"uv": [12, 5.000001, 13, 6.000001],
					"texture": "#wool_black",
					"rotation": 180
				},
				"down": {
					"uv": [12, 9.999999, 13, 11],
					"texture": "#wool_black",
					"rotation": 180
				}
			},
			"__comment": "wool_black"
		},
		{
			"name": "cube",
			"from": [12, 10.5, 11],
			"to": [12.5, 12, 12],
			"shade": true,
			"faces": {
				"north": {
					"uv": [3.5, 4, 4, 5.5],
					"texture": "#wool_black"
				},
				"east": {
					"uv": [4.000001, 4, 5.000001, 5.5],
					"texture": "#wool_black"
				},
				"south": {
					"uv": [12, 4, 12.5, 5.5],
					"texture": "#wool_black"
				},
				"west": {
					"uv": [11, 4, 12, 5.5],
					"texture": "#wool_black"
				},
				"up": {
					"uv": [3.5, 4.000001, 4, 5.000001],
					"texture": "#wool_black",
					"rotation": 180
				}
			},
			"__comment": "wool_black"
		},
		{
			"name": "cube",
			"from": [4, 11, 3.5],
			"to": [7, 12, 4],
			"shade": true,
			"faces": {
				"north": {
					"uv": [9.000006, 4, 12.00001, 5],
					"texture": "#wool_black"
				},
				"east": {
					"uv": [12, 4, 12.5, 5],
					"texture": "#wool_black"
				},
				"south": {
					"uv": [3.999994, 4, 6.999994, 5],
					"texture": "#wool_black"
				},
				"west": {
					"uv": [3.5, 4, 4, 5],
					"texture": "#wool_black"
				},
				"up": {
					"uv": [9.000006, 12, 12.00001, 12.5],
					"texture": "#wool_black",
					"rotation": 180
				}
			},
			"__comment": "wool_black"
		},
		{
			"name": "cube",
			"from": [8.5, 11.5, 12.5],
			"to": [9, 12, 13],
			"shade": true,
			"faces": {
				"north": {
					"uv": [7, 4, 7.5, 4.5],
					"texture": "#wool_black"
				},
				"south": {
					"uv": [8.5, 4, 9, 4.5],
					"texture": "#wool_black"
				}
			},
			"__comment": "wool_black"
		},
		{
			"name": "cube",
			"from": [3, 11, 6],
			"to": [3.5, 12.5, 10],
			"shade": true,
			"faces": {
				"north": {
					"uv": [12.5, 3.5, 13, 5],
					"texture": "#wool_black"
				},
				"east": {
					"uv": [6, 3.5, 10, 5],
					"texture": "#wool_black"
				},
				"south": {
					"uv": [2.999998, 3.5, 3.499998, 5],
					"texture": "#wool_black"
				},
				"west": {
					"uv": [6, 3.5, 10, 5],
					"texture": "#wool_black"
				},
				"up": {
					"uv": [12.5, 6, 13, 10],
					"texture": "#wool_black",
					"rotation": 180
				}
			},
			"__comment": "wool_black"
		},
		{
			"name": "cube",
			"from": [5, 14, 6.5],
			"to": [11.5, 14.5, 9.5],
			"shade": true,
			"faces": {
				"north": {
					"uv": [4.5, 1.5, 11, 2],
					"texture": "#wool_black"
				},
				"east": {
					"uv": [6.5, 1.5, 9.5, 2],
					"texture": "#wool_black"
				},
				"south": {
					"uv": [5, 1.5, 11.5, 2],
					"texture": "#wool_black"
				},
				"up": {
					"uv": [4.5, 6.5, 11, 9.5],
					"texture": "#wool_black",
					"rotation": 180
				}
			},
			"__comment": "wool_black"
		},
		{
			"name": "cube",
			"from": [12.5, 11, 10],
			"to": [13, 12, 11],
			"shade": true,
			"faces": {
				"east": {"uv": [5, 4, 6, 5], "texture": "#wool_black"},
				"south": {
					"uv": [12.5, 4, 13, 5],
					"texture": "#wool_black"
				},
				"west": {"uv": [10, 4, 11, 5], "texture": "#wool_black"}
			},
			"__comment": "wool_black"
		},
		{
			"name": "cube",
			"from": [3.5, 10.5, 11],
			"to": [4, 12, 12],
			"shade": true,
			"faces": {
				"north": {
					"uv": [12, 4, 12.5, 5.5],
					"texture": "#wool_black"
				},
				"east": {
					"uv": [4, 4, 5, 5.5],
					"texture": "#wool_black"
				},
				"south": {
					"uv": [3.499998, 4, 3.999998, 5.5],
					"texture": "#wool_black"
				},
				"west": {
					"uv": [11, 4, 12, 5.5],
					"texture": "#wool_black"
				},
				"up": {
					"uv": [12, 4, 12.5, 5],
					"texture": "#wool_black",
					"rotation": 180
				}
			},
			"__comment": "wool_black"
		},
		{
			"name": "cube",
			"from": [3, 11, 10],
			"to": [3.5, 12, 11],
			"shade": true,
			"faces": {
				"east": {"uv": [5, 4, 6, 5], "texture": "#wool_black"},
				"south": {
					"uv": [2.999998, 4, 3.499998, 5],
					"texture": "#wool_black"
				},
				"west": {"uv": [10, 4, 11, 5], "texture": "#wool_black"}
			},
			"__comment": "wool_black"
		},
		{
			"name": "cube",
			"from": [9, 11, 3.5],
			"to": [12, 12, 4],
			"shade": true,
			"faces": {
				"north": {
					"uv": [4.000008, 4, 7.000008, 5],
					"texture": "#wool_black"
				},
				"east": {
					"uv": [12, 4, 12.5, 5],
					"texture": "#wool_black"
				},
				"south": {
					"uv": [8.999992, 4, 11.99999, 5],
					"texture": "#wool_black"
				},
				"west": {
					"uv": [3.5, 4, 4, 5],
					"texture": "#wool_black"
				},
				"up": {
					"uv": [4.000008, 12, 7.000008, 12.5],
					"texture": "#wool_black",
					"rotation": 180
				}
			},
			"__comment": "wool_black"
		},
		{
			"name": "cube",
			"from": [11, 11, 12],
			"to": [12, 12, 12.5],
			"shade": true,
			"faces": {
				"north": {"uv": [4, 4, 5, 5], "texture": "#wool_black"},
				"east": {
					"uv": [3.500001, 4, 4.000001, 5],
					"texture": "#wool_black"
				},
				"south": {
					"uv": [11, 4, 12, 5],
					"texture": "#wool_black"
				},
				"up": {
					"uv": [4, 3.500001, 5, 4.000001],
					"texture": "#wool_black",
					"rotation": 180
				}
			},
			"__comment": "wool_black"
		},
		{
			"name": "cube",
			"from": [4.5, 13.5, 10],
			"to": [5, 14, 11],
			"shade": true,
			"faces": {
				"south": {
					"uv": [4.500001, 2, 5.000001, 2.5],
					"texture": "#wool_black"
				},
				"west": {
					"uv": [10, 2, 11, 2.5],
					"texture": "#wool_black"
				},
				"up": {
					"uv": [11, 5, 11.5, 6],
					"texture": "#wool_black",
					"rotation": 180
				},
				"down": {
					"uv": [11, 10, 11.5, 11],
					"texture": "#wool_black",
					"rotation": 180
				}
			},
			"__comment": "wool_black"
		},
		{
			"name": "cube",
			"from": [4, 12.5, 10],
			"to": [4.5, 13.5, 11],
			"shade": true,
			"faces": {
				"north": {
					"uv": [11.5, 2.5, 12, 3.5],
					"texture": "#wool_black"
				},
				"east": {
					"uv": [5, 2.5, 6, 3.5],
					"texture": "#wool_black"
				},
				"south": {
					"uv": [4.000001, 2.5, 4.500001, 3.5],
					"texture": "#wool_black"
				},
				"west": {
					"uv": [10, 2.5, 11, 3.5],
					"texture": "#wool_black"
				},
				"up": {
					"uv": [11.5, 5, 12, 6],
					"texture": "#wool_black",
					"rotation": 180
				},
				"down": {
					"uv": [11.5, 10, 12, 11],
					"texture": "#wool_black",
					"rotation": 180
				}
			},
			"__comment": "wool_black"
		},
		{
			"name": "cube",
			"from": [4.5, 13.5, 5],
			"to": [5, 14, 6],
			"shade": true,
			"faces": {
				"north": {
					"uv": [11, 2, 11.5, 2.5],
					"texture": "#wool_black"
				},
				"west": {
					"uv": [5.000002, 2, 6.000002, 2.5],
					"texture": "#wool_black"
				},
				"up": {
					"uv": [11, 9.999998, 11.5, 11],
					"texture": "#wool_black",
					"rotation": 180
				},
				"down": {
					"uv": [11, 5.000002, 11.5, 6.000002],
					"texture": "#wool_black",
					"rotation": 180
				}
			},
			"__comment": "wool_black"
		},
		{
			"name": "cube",
			"from": [4, 12.5, 5],
			"to": [4.5, 13.5, 6],
			"shade": true,
			"faces": {
				"north": {
					"uv": [11.5, 2.5, 12, 3.5],
					"texture": "#wool_black"
				},
				"east": {
					"uv": [9.999998, 2.5, 11, 3.5],
					"texture": "#wool_black"
				},
				"south": {
					"uv": [4, 2.5, 4.5, 3.5],
					"texture": "#wool_black"
				},
				"west": {
					"uv": [5.000002, 2.5, 6.000002, 3.5],
					"texture": "#wool_black"
				},
				"up": {
					"uv": [11.5, 9.999998, 12, 11],
					"texture": "#wool_black",
					"rotation": 180
				},
				"down": {
					"uv": [11.5, 5.000002, 12, 6.000002],
					"texture": "#wool_black",
					"rotation": 180
				}
			},
			"__comment": "wool_black"
		},
		{
			"name": "cube",
			"from": [4.5, 14, 6],
			"to": [5, 14.5, 10],
			"shade": true,
			"faces": {
				"north": {
					"uv": [11, 1.5, 11.5, 2],
					"texture": "#wool_black"
				},
				"east": {
					"uv": [6, 1.5, 10, 2],
					"texture": "#wool_black"
				},
				"south": {
					"uv": [4.5, 1.5, 5, 2],
					"texture": "#wool_black"
				},
				"west": {
					"uv": [6, 1.5, 10, 2],
					"texture": "#wool_black"
				},
				"up": {
					"uv": [11, 6, 11.5, 10],
					"texture": "#wool_black",
					"rotation": 180
				}
			},
			"__comment": "wool_black"
		},
		{
			"name": "cube",
			"from": [12, 12.5, 6],
			"to": [12.5, 13.5, 10],
			"shade": true,
			"faces": {
				"north": {
					"uv": [3.5, 2.5, 4, 3.5],
					"texture": "#wool_black"
				},
				"east": {
					"uv": [6, 2.5, 10, 3.5],
					"texture": "#wool_black"
				},
				"south": {
					"uv": [12, 2.5, 12.5, 3.5],
					"texture": "#wool_black"
				},
				"west": {
					"uv": [6, 2.5, 10, 3.5],
					"texture": "#wool_black"
				},
				"up": {
					"uv": [3.5, 6, 4, 10],
					"texture": "#wool_black",
					"rotation": 180
				},
				"down": {
					"uv": [3.5, 6, 4, 10],
					"texture": "#wool_black",
					"rotation": 180
				}
			},
			"__comment": "wool_black"
		},
		{
			"name": "cube",
			"from": [3.5, 10, 4],
			"to": [4, 10.5, 12],
			"shade": true,
			"faces": {
				"north": {
					"uv": [12, 5.5, 12.5, 6],
					"texture": "#wool_black"
				},
				"east": {
					"uv": [4, 5.5, 12, 6],
					"texture": "#wool_black"
				},
				"south": {
					"uv": [3.499998, 5.5, 3.999998, 6],
					"texture": "#wool_black"
				},
				"west": {
					"uv": [4, 5.5, 12, 6],
					"texture": "#wool_black"
				},
				"up": {
					"uv": [12, 4, 12.5, 12],
					"texture": "#wool_black",
					"rotation": 180
				},
				"down": {
					"uv": [12, 4, 12.5, 12],
					"texture": "#wool_black",
					"rotation": 180
				}
			},
			"__comment": "wool_black"
		},
		{
			"name": "cube",
			"from": [12, 12, 5],
			"to": [13, 12.5, 6],
			"shade": true,
			"faces": {
				"north": {
					"uv": [3.000002, 3.5, 4.000002, 4],
					"texture": "#wool_black"
				},
				"east": {
					"uv": [10, 3.5, 11, 4],
					"texture": "#wool_black"
				},
				"south": {
					"uv": [12, 3.5, 13, 4],
					"texture": "#wool_black"
				},
				"west": {
					"uv": [5, 3.5, 6, 4],
					"texture": "#wool_black"
				},
				"up": {
					"uv": [3.000002, 10, 4.000002, 11],
					"texture": "#wool_black",
					"rotation": 180
				},
				"down": {
					"uv": [3.000002, 5, 4.000002, 6],
					"texture": "#wool_black",
					"rotation": 180
				}
			},
			"__comment": "wool_black"
		},
		{
			"name": "cube",
			"from": [12, 12, 10],
			"to": [13, 12.5, 11],
			"shade": true,
			"faces": {
				"north": {
					"uv": [3, 3.5, 4, 4],
					"texture": "#wool_black"
				},
				"east": {
					"uv": [5.000001, 3.5, 6.000001, 4],
					"texture": "#wool_black"
				},
				"south": {
					"uv": [12, 3.5, 13, 4],
					"texture": "#wool_black"
				},
				"west": {
					"uv": [9.999999, 3.5, 11, 4],
					"texture": "#wool_black"
				},
				"up": {
					"uv": [3, 5.000001, 4, 6.000001],
					"texture": "#wool_black",
					"rotation": 180
				},
				"down": {
					"uv": [3, 9.999999, 4, 11],
					"texture": "#wool_black",
					"rotation": 180
				}
			},
			"__comment": "wool_black"
		},
		{
			"name": "cube",
			"from": [12, 10.5, 4],
			"to": [12.5, 12, 5],
			"shade": true,
			"faces": {
				"north": {
					"uv": [3.500002, 4, 4.000002, 5.5],
					"texture": "#wool_black"
				},
				"east": {
					"uv": [11, 4, 12, 5.5],
					"texture": "#wool_black"
				},
				"south": {
					"uv": [12, 4, 12.5, 5.5],
					"texture": "#wool_black"
				},
				"west": {
					"uv": [4, 4, 5, 5.5],
					"texture": "#wool_black"
				},
				"up": {
					"uv": [3.500002, 11, 4.000002, 12],
					"texture": "#wool_black",
					"rotation": 180
				}
			},
			"__comment": "wool_black"
		},
		{
			"name": "cube",
			"from": [12.5, 11, 5],
			"to": [13, 12, 6],
			"shade": true,
			"faces": {
				"north": {
					"uv": [3.000002, 4, 3.500002, 5],
					"texture": "#wool_black"
				},
				"east": {
					"uv": [10, 4, 11, 5],
					"texture": "#wool_black"
				},
				"west": {"uv": [5, 4, 6, 5], "texture": "#wool_black"}
			},
			"__comment": "wool_black"
		},
		{
			"name": "cube",
			"from": [3.5, 10.5, 4],
			"to": [4, 12, 5],
			"shade": true,
			"faces": {
				"north": {
					"uv": [12, 4, 12.5, 5.5],
					"texture": "#wool_black"
				},
				"east": {
					"uv": [11, 4, 12, 5.5],
					"texture": "#wool_black"
				},
				"south": {
					"uv": [3.499998, 4, 3.999998, 5.5],
					"texture": "#wool_black"
				},
				"west": {
					"uv": [4, 4, 5, 5.5],
					"texture": "#wool_black"
				},
				"up": {
					"uv": [12, 11, 12.5, 12],
					"texture": "#wool_black",
					"rotation": 180
				}
			},
			"__comment": "wool_black"
		},
		{
			"name": "cube",
			"from": [3, 11, 5],
			"to": [3.5, 12, 6],
			"shade": true,
			"faces": {
				"north": {
					"uv": [12.5, 4, 13, 5],
					"texture": "#wool_black"
				},
				"east": {
					"uv": [10, 4, 11, 5],
					"texture": "#wool_black"
				},
				"west": {"uv": [5, 4, 6, 5], "texture": "#wool_black"}
			},
			"__comment": "wool_black"
		},
		{
			"name": "cube",
			"from": [12.5, 11, 6],
			"to": [13, 12.5, 10],
			"shade": true,
			"faces": {
				"north": {
					"uv": [3.000002, 3.5, 3.500002, 5],
					"texture": "#wool_black"
				},
				"east": {
					"uv": [6, 3.5, 10, 5],
					"texture": "#wool_black"
				},
				"south": {
					"uv": [12.5, 3.5, 13, 5],
					"texture": "#wool_black"
				},
				"west": {
					"uv": [6, 3.5, 10, 5],
					"texture": "#wool_black"
				},
				"up": {
					"uv": [3.000002, 6, 3.500002, 10],
					"texture": "#wool_black",
					"rotation": 180
				}
			},
			"__comment": "wool_black"
		},
		{
			"name": "cube",
			"from": [12.5, 10.5, 5],
			"to": [13, 11, 11],
			"shade": true,
			"faces": {
				"north": {
					"uv": [3.000002, 5, 3.500002, 5.5],
					"texture": "#wool_black"
				},
				"east": {
					"uv": [5, 5, 11, 5.5],
					"texture": "#wool_black"
				},
				"south": {
					"uv": [12.5, 5, 13, 5.5],
					"texture": "#wool_black"
				},
				"west": {
					"uv": [5, 5, 11, 5.5],
					"texture": "#wool_black"
				},
				"up": {
					"uv": [3.000002, 5, 3.500002, 11],
					"texture": "#wool_black",
					"rotation": 180
				},
				"down": {
					"uv": [3.000002, 5, 3.500002, 11],
					"texture": "#wool_black",
					"rotation": 180
				}
			},
			"__comment": "wool_black"
		},
		{
			"name": "cube",
			"from": [3, 10.5, 5],
			"to": [3.5, 11, 11],
			"shade": true,
			"faces": {
				"north": {
					"uv": [12.5, 5, 13, 5.5],
					"texture": "#wool_black"
				},
				"east": {
					"uv": [5, 5, 11, 5.5],
					"texture": "#wool_black"
				},
				"south": {
					"uv": [2.999998, 5, 3.499998, 5.5],
					"texture": "#wool_black"
				},
				"west": {
					"uv": [5, 5, 11, 5.5],
					"texture": "#wool_black"
				},
				"up": {
					"uv": [12.5, 5, 13, 11],
					"texture": "#wool_black",
					"rotation": 180
				},
				"down": {
					"uv": [12.5, 5, 13, 11],
					"texture": "#wool_black",
					"rotation": 180
				}
			},
			"__comment": "wool_black"
		},
		{
			"name": "cube",
			"from": [3, 10, 6.5],
			"to": [3.5, 10.5, 9.5],
			"shade": true,
			"faces": {
				"north": {
					"uv": [12.5, 5.5, 13, 6],
					"texture": "#wool_black"
				},
				"south": {
					"uv": [2.999998, 5.5, 3.499998, 6],
					"texture": "#wool_black"
				},
				"west": {
					"uv": [6.5, 5.5, 9.5, 6],
					"texture": "#wool_black"
				},
				"down": {
					"uv": [12.5, 6.5, 13, 9.5],
					"texture": "#wool_black",
					"rotation": 180
				}
			},
			"__comment": "wool_black"
		},
		{
			"name": "cube",
			"from": [10.5, 14, 8],
			"to": [15.5, 17, 8.5],
			"shade": true,
			"faces": {
				"north": {
					"uv": [0.5, 0, 5.5, 2],
					"texture": "#wool_black"
				},
				"east": {
					"uv": [7.5, 0, 8, 2],
					"texture": "#wool_black"
				},
				"south": {
					"uv": [10.5, 0, 15.5, 2],
					"texture": "#wool_black"
				},
				"west": {
					"uv": [8, 0, 8.5, 2],
					"texture": "#wool_black"
				},
				"up": {
					"uv": [0.5, 7.5, 5.5, 8],
					"texture": "#wool_black",
					"rotation": 180
				},
				"down": {
					"uv": [0.5, 8, 5.5, 8.5],
					"texture": "#wool_black",
					"rotation": 180
				}
			},
			"__comment": "wool_black"
		},
		{
			"name": "cube",
			"from": [1, 13.5, 8],
			"to": [1.5, 14, 8.5],
			"shade": true,
			"faces": {
				"north": {
					"uv": [14.5, 2, 15, 2.5],
					"texture": "#wool_black"
				},
				"south": {
					"uv": [1, 2, 1.5, 2.5],
					"texture": "#wool_black"
				},
				"west": {
					"uv": [8, 2, 8.5, 2.5],
					"texture": "#wool_black"
				},
				"down": {
					"uv": [14.5, 8, 15, 8.5],
					"texture": "#wool_black",
					"rotation": 180
				}
			},
			"__comment": "wool_black"
		},
		{
			"name": "cube",
			"from": [11.5, 17, 8],
			"to": [14.5, 18, 8.5],
			"shade": true,
			"faces": {
				"north": {
					"uv": [1.5, 14, 4.5, 15],
					"texture": "#wool_black"
				},
				"east": {
					"uv": [7.5, 14, 8, 15],
					"texture": "#wool_black"
				},
				"south": {
					"uv": [11.5, 14, 14.5, 15],
					"texture": "#wool_black"
				},
				"west": {
					"uv": [8, 14, 8.5, 15],
					"texture": "#wool_black"
				},
				"up": {
					"uv": [1.5, 7.5, 4.5, 8],
					"texture": "#wool_black",
					"rotation": 180
				}
			},
			"__comment": "wool_black"
		},
		{
			"name": "cube",
			"from": [1, 17, 8],
			"to": [1.5, 17.5, 8.5],
			"shade": true,
			"faces": {
				"north": {
					"uv": [14.5, 14.5, 15, 15],
					"texture": "#wool_black"
				},
				"south": {
					"uv": [1, 14.5, 1.5, 15],
					"texture": "#wool_black"
				},
				"west": {
					"uv": [8, 14.5, 8.5, 15],
					"texture": "#wool_black"
				},
				"up": {
					"uv": [14.5, 7.5, 15, 8],
					"texture": "#wool_black",
					"rotation": 180
				}
			},
			"__comment": "wool_black"
		},
		{
			"name": "cube",
			"from": [14.5, 13.5, 8],
			"to": [15, 14, 8.5],
			"shade": true,
			"faces": {
				"north": {
					"uv": [1, 2, 1.5, 2.5],
					"texture": "#wool_black"
				},
				"east": {
					"uv": [7.5, 2, 8, 2.5],
					"texture": "#wool_black"
				},
				"south": {
					"uv": [14.5, 2, 15, 2.5],
					"texture": "#wool_black"
				},
				"down": {
					"uv": [1, 8, 1.5, 8.5],
					"texture": "#wool_black",
					"rotation": 180
				}
			},
			"__comment": "wool_black"
		},
		{
			"name": "cube",
			"from": [0.5, 14, 8],
			"to": [5.5, 17, 8.5],
			"shade": true,
			"faces": {
				"north": {
					"uv": [10.5, 0, 15.5, 2],
					"texture": "#wool_black"
				},
				"east": {
					"uv": [7.5, 0, 8, 2],
					"texture": "#wool_black"
				},
				"south": {
					"uv": [0.5, 0, 5.5, 2],
					"texture": "#wool_black"
				},
				"west": {
					"uv": [8, 0, 8.5, 2],
					"texture": "#wool_black"
				},
				"up": {
					"uv": [10.5, 7.5, 15.5, 8],
					"texture": "#wool_black",
					"rotation": 180
				},
				"down": {
					"uv": [10.5, 8, 15.5, 8.5],
					"texture": "#wool_black",
					"rotation": 180
				}
			},
			"__comment": "wool_black"
		},
		{
			"name": "cube",
			"from": [1.5, 17, 8],
			"to": [4.5, 18, 8.5],
			"shade": true,
			"faces": {
				"north": {
					"uv": [11.5, 14, 14.5, 15],
					"texture": "#wool_black"
				},
				"east": {
					"uv": [7.5, 14, 8, 15],
					"texture": "#wool_black"
				},
				"south": {
					"uv": [1.5, 14, 4.5, 15],
					"texture": "#wool_black"
				},
				"west": {
					"uv": [8, 14, 8.5, 15],
					"texture": "#wool_black"
				},
				"up": {
					"uv": [11.5, 7.5, 14.5, 8],
					"texture": "#wool_black",
					"rotation": 180
				}
			},
			"__comment": "wool_black"
		},
		{
			"name": "cube",
			"from": [4.5, 17, 8],
			"to": [5, 17.5, 8.5],
			"shade": true,
			"faces": {
				"north": {"uv": [0, 0, 1, 1], "texture": "#wool_black"},
				"east": {
					"uv": [7.5, 14.5, 8, 15],
					"texture": "#wool_black"
				},
				"south": {
					"uv": [4.5, 14.5, 5, 15],
					"texture": "#wool_black"
				},
				"west": {"uv": [0, 0, 1, 1], "texture": "#wool_black"},
				"up": {
					"uv": [11, 7.5, 11.5, 8],
					"texture": "#wool_black",
					"rotation": 180
				},
				"down": {"uv": [0, 0, 1, 1], "texture": "#wool_black"}
			},
			"__comment": "wool_black"
		},
		{
			"name": "cube",
			"from": [11, 17, 8],
			"to": [11.5, 17.5, 8.5],
			"shade": true,
			"faces": {
				"north": {
					"uv": [4.5, 14.5, 5, 15],
					"texture": "#wool_black"
				},
				"south": {
					"uv": [11, 14.5, 11.5, 15],
					"texture": "#wool_black"
				},
				"west": {
					"uv": [8, 14.5, 8.5, 15],
					"texture": "#wool_black"
				},
				"up": {
					"uv": [4.5, 7.5, 5, 8],
					"texture": "#wool_black",
					"rotation": 180
				}
			},
			"__comment": "wool_black"
		},
		{
			"name": "cube",
			"from": [14.5, 17, 8],
			"to": [15, 17.5, 8.5],
			"shade": true,
			"faces": {
				"north": {
					"uv": [1, 14.5, 1.5, 15],
					"texture": "#wool_black"
				},
				"east": {
					"uv": [7.5, 14.5, 8, 15],
					"texture": "#wool_black"
				},
				"south": {
					"uv": [14.5, 14.5, 15, 15],
					"texture": "#wool_black"
				},
				"up": {
					"uv": [1, 7.5, 1.5, 8],
					"texture": "#wool_black",
					"rotation": 180
				}
			},
			"__comment": "wool_black"
		},
		{
			"name": "cube",
			"from": [12, 13, 8],
			"to": [14.5, 14, 8.5],
			"shade": true,
			"faces": {
				"north": {
					"uv": [1.5, 2, 4, 3],
					"texture": "#wool_black"
				},
				"east": {
					"uv": [7.5, 2, 8, 3],
					"texture": "#wool_black"
				},
				"south": {
					"uv": [12, 2, 14.5, 3],
					"texture": "#wool_black"
				},
				"west": {
					"uv": [8, 2, 8.5, 3],
					"texture": "#wool_black"
				},
				"down": {
					"uv": [1.5, 8, 4, 8.5],
					"texture": "#wool_black",
					"rotation": 180
				}
			},
			"__comment": "wool_black"
		},
		{
			"name": "cube",
			"from": [1.5, 13, 8],
			"to": [4, 14, 8.5],
			"shade": true,
			"faces": {
				"north": {
					"uv": [12, 2, 14.5, 3],
					"texture": "#wool_black"
				},
				"east": {
					"uv": [7.5, 2, 8, 3],
					"texture": "#wool_black"
				},
				"south": {
					"uv": [1.5, 2, 4, 3],
					"texture": "#wool_black"
				},
				"west": {
					"uv": [8, 2, 8.5, 3],
					"texture": "#wool_black"
				},
				"down": {
					"uv": [12, 8, 14.5, 8.5],
					"texture": "#wool_black",
					"rotation": 180
				}
			},
			"__comment": "wool_black"
		},
		{
			"name": "cube",
			"from": [9, 12, 4],
			"to": [9.5, 13, 4.5],
			"shade": true,
			"faces": {
				"north": {
					"uv": [6.500001, 2.5, 7.000001, 3.5],
					"texture": "#5"
				},
				"east": {"uv": [0, 0, 0.5, 1], "texture": "#5"},
				"south": {
					"uv": [8.999999, 2.5, 9.499999, 3.5],
					"texture": "#5"
				},
				"west": {"uv": [4, 2.5, 4.5, 3.5], "texture": "#5"},
				"up": {"uv": [0, 0, 0.5, 0.5], "texture": "#5"},
				"down": {
					"uv": [6.500001, 4, 7.000001, 4.5],
					"texture": "#5",
					"rotation": 180
				}
			},
			"__comment": "wool_red"
		},
		{
			"name": "cube",
			"from": [10, 12, 3.5],
			"to": [11, 12.5, 4],
			"shade": true,
			"faces": {
				"north": {
					"uv": [5.000001, 3.5, 6.000001, 4],
					"texture": "#wool_black"
				},
				"east": {
					"uv": [12, 3.5, 12.5, 4],
					"texture": "#wool_black"
				},
				"south": {
					"uv": [9.999998, 3.5, 11, 4],
					"texture": "#wool_black"
				},
				"west": {
					"uv": [3.5, 3.5, 4, 4],
					"texture": "#wool_black"
				},
				"up": {
					"uv": [5.000001, 12, 6.000001, 12.5],
					"texture": "#wool_black",
					"rotation": 180
				}
			},
			"__comment": "wool_black"
		},
		{
			"name": "cube",
			"from": [7, 11.5, 3.5],
			"to": [9, 12, 4],
			"shade": true,
			"faces": {
				"north": {
					"uv": [7.000004, 4, 9.000004, 4.5],
					"texture": "#wool_black"
				},
				"east": {"uv": [0, 0, 1, 1], "texture": "#wool_black"},
				"south": {
					"uv": [6.999996, 4, 8.999996, 4.5],
					"texture": "#wool_black"
				},
				"west": {"uv": [0, 0, 1, 1], "texture": "#wool_black"},
				"up": {
					"uv": [7.000004, 12, 9.000004, 12.5],
					"texture": "#wool_black",
					"rotation": 180
				},
				"down": {
					"uv": [7.000004, 3.5, 9.000004, 4],
					"texture": "#wool_black",
					"rotation": 180
				}
			},
			"__comment": "wool_red"
		},
		{
			"name": "cube",
			"from": [10, 12.5, 4],
			"to": [11, 13.5, 4.5],
			"shade": true,
			"faces": {
				"north": {
					"uv": [5.000001, 2.5, 6.000001, 3.5],
					"texture": "#wool_black"
				},
				"east": {
					"uv": [11.5, 2.5, 12, 3.5],
					"texture": "#wool_black"
				},
				"south": {
					"uv": [9.999998, 2.5, 11, 3.5],
					"texture": "#wool_black"
				},
				"up": {
					"uv": [5.000001, 11.5, 6.000001, 12],
					"texture": "#wool_black",
					"rotation": 180
				},
				"down": {
					"uv": [5.000001, 4, 6.000001, 4.5],
					"texture": "#wool_black",
					"rotation": 180
				}
			},
			"__comment": "wool_black"
		},
		{
			"name": "cube",
			"from": [6.5, 12, 4],
			"to": [7, 13, 4.5],
			"shade": true,
			"faces": {
				"north": {
					"uv": [9.000001, 2.5, 9.500001, 3.5],
					"texture": "#5"
				},
				"east": {"uv": [11.5, 2.5, 12, 3.5], "texture": "#5"},
				"south": {
					"uv": [6.499999, 2.5, 6.999999, 3.5],
					"texture": "#5"
				},
				"west": {"uv": [0, 0, 0.5, 1], "texture": "#5"},
				"up": {"uv": [0, 0, 0.5, 0.5], "texture": "#5"},
				"down": {
					"uv": [9.000001, 4, 9.500001, 4.5],
					"texture": "#5",
					"rotation": 180
				}
			},
			"__comment": "wool_red"
		},
		{
			"name": "cube",
			"from": [9.5, 12, 4],
			"to": [10, 13.5, 4.5],
			"shade": true,
			"faces": {
				"north": {
					"uv": [6.000001, 2.5, 6.500001, 4],
					"texture": "#3"
				},
				"east": {"uv": [11.5, 2.5, 12, 4], "texture": "#3"},
				"south": {
					"uv": [9.499999, 2.5, 9.999999, 4],
					"texture": "#3"
				},
				"west": {"uv": [0, 0, 1, 1], "texture": "#3"},
				"up": {"uv": [0, 0, 1, 1], "texture": "#3"},
				"down": {
					"uv": [6.000001, 4, 6.500001, 4.5],
					"texture": "#3",
					"rotation": 180
				}
			},
			"__comment": "wool_black"
		},
		{
			"name": "cube",
			"from": [9, 14, 4],
			"to": [10, 14.5, 4.5],
			"shade": true,
			"faces": {
				"north": {
					"uv": [6.000001, 2, 7.000001, 2.5],
					"texture": "#2"
				},
				"east": {"uv": [11.5, 2, 12, 2.5], "texture": "#2"},
				"south": {"uv": [0, 0, 1, 1], "texture": "#2"},
				"west": {"uv": [0, 0, 1, 1], "texture": "#2"},
				"up": {
					"uv": [6.000001, 11.5, 7.000001, 12],
					"texture": "#2",
					"rotation": 180
				},
				"down": {
					"uv": [6.000001, 4, 7.000001, 4.5],
					"texture": "#2",
					"rotation": 180
				}
			},
			"__comment": "wool_black"
		},
		{
			"name": "cube",
			"from": [8.5, 13, 4],
			"to": [9.5, 13.5, 4.5],
			"shade": true,
			"faces": {
				"north": {
					"uv": [7.000001, 2.5, 8.000001000000001, 3],
					"texture": "#3"
				},
				"east": {"uv": [0, 0, 0.5, 0.5], "texture": "#3"},
				"south": {
					"uv": [8.499999, 2.5, 9.499999, 3],
					"texture": "#3"
				},
				"west": {"uv": [0, 0, 0.5, 0.5], "texture": "#3"},
				"up": {"uv": [0, 0, 1, 0.5], "texture": "#3"},
				"down": {"uv": [0, 0, 1, 0.5], "texture": "#3"}
			},
			"__comment": "wool_black"
		},
		{
			"name": "cube",
			"from": [6.5, 13, 4],
			"to": [7.5, 13.5, 4.5],
			"shade": true,
			"faces": {
				"north": {
					"uv": [8.500001, 2.5, 9.500001, 3],
					"texture": "#3"
				},
				"east": {"uv": [0, 0, 0.5, 0.5], "texture": "#3"},
				"south": {
					"uv": [6.999999, 2.5, 7.999999, 3],
					"texture": "#3"
				},
				"west": {"uv": [0, 0, 0.5, 0.5], "texture": "#3"},
				"up": {"uv": [0, 0, 1, 0.5], "texture": "#3"},
				"down": {"uv": [0, 0, 1, 0.5], "texture": "#3"}
			},
			"__comment": "wool_black"
		},
		{
			"name": "cube",
			"from": [7.5, 11.5, 2],
			"to": [8.5, 12.5, 4.5],
			"shade": true,
			"faces": {
				"north": {
					"uv": [7.500002, 3, 8.500002, 4],
					"texture": "#4"
				},
				"east": {"uv": [0, 0, 2.5, 1], "texture": "#4"},
				"south": {
					"uv": [7.499998, 3, 8.499998, 4],
					"texture": "#4"
				},
				"west": {"uv": [0, 0, 2.5, 1], "texture": "#4"},
				"up": {"uv": [0, 0, 1, 2.5], "texture": "#4"},
				"down": {
					"uv": [7.500002, 4, 8.500002, 6.5],
					"texture": "#4",
					"rotation": 180
				}
			},
			"__comment": "wool_black"
		},
		{
			"name": "cube",
			"from": [8.5, 12, 4],
			"to": [9, 13, 4.5],
			"shade": true,
			"faces": {
				"north": {
					"uv": [7.000001, 3, 7.500001, 4],
					"texture": "#5"
				},
				"east": {"uv": [0, 0, 1, 1], "texture": "#5"},
				"south": {
					"uv": [8.499999, 3, 8.999999, 4],
					"texture": "#5"
				},
				"west": {"uv": [0, 0, 1, 1], "texture": "#5"},
				"up": {"uv": [0, 0, 1, 1], "texture": "#5"},
				"down": {
					"uv": [7.000001, 4, 7.500001, 4.5],
					"texture": "#5",
					"rotation": 180
				}
			},
			"__comment": "wool_white"
		},
		{
			"name": "cube",
			"from": [7, 12, 4],
			"to": [7.5, 13, 4.5],
			"shade": true,
			"faces": {
				"north": {
					"uv": [8.500001, 3, 9.000001, 4],
					"texture": "#5"
				},
				"east": {"uv": [0, 0, 1, 1], "texture": "#5"},
				"south": {
					"uv": [6.999999, 3, 7.499999, 4],
					"texture": "#5"
				},
				"west": {"uv": [0, 0, 1, 1], "texture": "#5"},
				"up": {"uv": [0, 0, 1, 1], "texture": "#5"},
				"down": {
					"uv": [8.500001, 4, 9.000001, 4.5],
					"texture": "#5",
					"rotation": 180
				}
			},
			"__comment": "wool_white"
		},
		{
			"name": "cube",
			"from": [6, 10.5, 3],
			"to": [6.5, 11, 3.5],
			"shade": true,
			"faces": {
				"north": {
					"uv": [9.5, 5, 10, 5.5],
					"texture": "#wool_black"
				},
				"west": {
					"uv": [3, 5, 3.5, 5.5],
					"texture": "#wool_black"
				},
				"down": {
					"uv": [9.5, 3, 10, 3.5],
					"texture": "#wool_black",
					"rotation": 180
				}
			},
			"__comment": "wool_black"
		},
		{
			"name": "cube",
			"from": [4, 10, 3.5],
			"to": [12, 11, 4],
			"shade": true,
			"faces": {
				"north": {
					"uv": [4.000001, 5, 12, 6],
					"texture": "#wool_black"
				},
				"east": {
					"uv": [12, 5, 12.5, 6],
					"texture": "#wool_black"
				},
				"south": {
					"uv": [3.999999, 5, 12, 6],
					"texture": "#wool_black"
				},
				"west": {
					"uv": [3.5, 5, 4, 6],
					"texture": "#wool_black"
				},
				"up": {
					"uv": [4.000001, 12, 12, 12.5],
					"texture": "#wool_black",
					"rotation": 180
				},
				"down": {
					"uv": [4.000001, 3.5, 12, 4],
					"texture": "#wool_black",
					"rotation": 180
				}
			},
			"__comment": "wool_black"
		},
		{
			"name": "cube",
			"from": [12.5, 10, 6.5],
			"to": [13, 10.5, 9.5],
			"shade": true,
			"faces": {
				"north": {
					"uv": [3.000002, 5.5, 3.500002, 6],
					"texture": "#wool_black"
				},
				"east": {
					"uv": [6.5, 5.5, 9.5, 6],
					"texture": "#wool_black"
				},
				"south": {
					"uv": [12.5, 5.5, 13, 6],
					"texture": "#wool_black"
				},
				"down": {
					"uv": [3.000002, 6.5, 3.500002, 9.5],
					"texture": "#wool_black",
					"rotation": 180
				}
			},
			"__comment": "wool_black"
		},
		{
			"name": "cube",
			"from": [12, 10, 4],
			"to": [12.5, 10.5, 12],
			"shade": true,
			"faces": {
				"north": {
					"uv": [3.500002, 5.5, 4.000002, 6],
					"texture": "#wool_black"
				},
				"east": {
					"uv": [4, 5.5, 12, 6],
					"texture": "#wool_black"
				},
				"south": {
					"uv": [12, 5.5, 12.5, 6],
					"texture": "#wool_black"
				},
				"west": {
					"uv": [4, 5.5, 12, 6],
					"texture": "#wool_black"
				},
				"up": {
					"uv": [3.500002, 4, 4.000002, 12],
					"texture": "#wool_black",
					"rotation": 180
				},
				"down": {
					"uv": [3.500002, 4, 4.000002, 12],
					"texture": "#wool_black",
					"rotation": 180
				}
			},
			"__comment": "wool_black"
		},
		{
			"name": "cube",
			"from": [5.5, 11, 3],
			"to": [10.5, 11.5, 3.5],
			"shade": true,
			"faces": {
				"north": {
					"uv": [5.500001, 4.5, 10.5, 5],
					"texture": "#wool_black"
				},
				"east": {
					"uv": [12.5, 4.5, 13, 5],
					"texture": "#wool_black"
				},
				"south": {
					"uv": [5.499999, 4.5, 10.5, 5],
					"texture": "#wool_black"
				},
				"west": {
					"uv": [3, 4.5, 3.5, 5],
					"texture": "#wool_black"
				},
				"up": {
					"uv": [5.500001, 12.5, 10.5, 13],
					"texture": "#wool_black",
					"rotation": 180
				},
				"down": {
					"uv": [5.500001, 3, 10.5, 3.5],
					"texture": "#wool_black",
					"rotation": 180
				}
			},
			"__comment": "wool_black"
		},
		{
			"name": "cube",
			"from": [6.5, 10, 3],
			"to": [9.5, 11, 3.5],
			"shade": true,
			"faces": {
				"north": {
					"uv": [6.500001, 5, 9.500001, 6],
					"texture": "#wool_black"
				},
				"east": {
					"uv": [12.5, 5, 13, 6],
					"texture": "#wool_black"
				},
				"west": {
					"uv": [3, 5, 3.5, 6],
					"texture": "#wool_black"
				},
				"down": {
					"uv": [6.500001, 3, 9.500001, 3.5],
					"texture": "#wool_black",
					"rotation": 180
				}
			},
			"__comment": "wool_black"
		},
		{
			"name": "cube",
			"from": [9.5, 10.5, 3],
			"to": [10, 11, 3.5],
			"shade": true,
			"faces": {
				"north": {
					"uv": [6, 5, 6.5, 5.5],
					"texture": "#wool_black"
				},
				"east": {
					"uv": [12.5, 5, 13, 5.5],
					"texture": "#wool_black"
				},
				"down": {
					"uv": [6, 3, 6.5, 3.5],
					"texture": "#wool_black",
					"rotation": 180
				}
			},
			"__comment": "wool_black"
		},
		{
			"name": "cube",
			"from": [6, 11, 12.5],
			"to": [10, 11.5, 13],
			"shade": true,
			"faces": {
				"north": {
					"uv": [5.999999, 4.5, 9.999999, 5],
					"texture": "#wool_black"
				},
				"east": {
					"uv": [3, 4.5, 3.5, 5],
					"texture": "#wool_black"
				},
				"south": {
					"uv": [6.000001, 4.5, 10, 5],
					"texture": "#wool_black"
				},
				"west": {
					"uv": [12.5, 4.5, 13, 5],
					"texture": "#wool_black"
				},
				"up": {
					"uv": [5.999999, 3, 9.999999, 3.5],
					"texture": "#wool_black",
					"rotation": 180
				},
				"down": {
					"uv": [5.999999, 12.5, 9.999999, 13],
					"texture": "#wool_black",
					"rotation": 180
				}
			},
			"__comment": "wool_black"
		},
		{
			"name": "cube",
			"from": [6, 12, 12.5],
			"to": [10, 12.5, 13],
			"shade": true,
			"faces": {
				"north": {
					"uv": [5.999999, 3.5, 9.999999, 4],
					"texture": "#wool_black"
				},
				"east": {
					"uv": [3, 3.5, 3.5, 4],
					"texture": "#wool_black"
				},
				"south": {
					"uv": [6.000001, 3.5, 10, 4],
					"texture": "#wool_black"
				},
				"west": {
					"uv": [12.5, 3.5, 13, 4],
					"texture": "#wool_black"
				},
				"up": {
					"uv": [5.999999, 3, 9.999999, 3.5],
					"texture": "#wool_black",
					"rotation": 180
				},
				"down": {
					"uv": [5.999999, 12.5, 9.999999, 13],
					"texture": "#wool_black",
					"rotation": 180
				}
			},
			"__comment": "wool_black"
		},
		{
			"name": "cube",
			"from": [10, 11.5, 12.5],
			"to": [10.5, 12, 13],
			"shade": true,
			"faces": {
				"east": {
					"uv": [3, 4, 3.5, 4.5],
					"texture": "#wool_black"
				},
				"south": {
					"uv": [10, 4, 10.5, 4.5],
					"texture": "#wool_black"
				},
				"up": {
					"uv": [5.5, 3, 6, 3.5],
					"texture": "#wool_black",
					"rotation": 180
				},
				"down": {
					"uv": [5.5, 12.5, 6, 13],
					"texture": "#wool_black",
					"rotation": 180
				}
			},
			"__comment": "wool_black"
		},
		{
			"name": "cube",
			"from": [5.5, 11.5, 12.5],
			"to": [6, 12, 13],
			"shade": true,
			"faces": {
				"south": {
					"uv": [5.5, 4, 6, 4.5],
					"texture": "#wool_black"
				},
				"west": {
					"uv": [12.5, 4, 13, 4.5],
					"texture": "#wool_black"
				},
				"up": {
					"uv": [10, 3, 10.5, 3.5],
					"texture": "#wool_black",
					"rotation": 180
				},
				"down": {
					"uv": [10, 12.5, 10.5, 13],
					"texture": "#wool_black",
					"rotation": 180
				}
			},
			"__comment": "wool_black"
		},
		{
			"name": "cube",
			"from": [9, 11.5, 12.5],
			"to": [10, 12, 13],
			"shade": true,
			"faces": {
				"north": {"uv": [6, 4, 7, 4.5], "texture": "#7"},
				"east": {"uv": [0, 0, 1, 1], "texture": "#7"},
				"south": {"uv": [9, 4, 10, 4.5], "texture": "#7"},
				"west": {"uv": [0, 0, 1, 1], "texture": "#7"},
				"up": {"uv": [0, 0, 1, 1], "texture": "#7"},
				"down": {"uv": [0, 0, 1, 1], "texture": "#7"}
			},
			"__comment": "wool_yellow"
		},
		{
			"name": "cube",
			"from": [7, 11.5, 12.5],
			"to": [7.5, 12, 13],
			"shade": true,
			"faces": {
				"north": {
					"uv": [8.5, 4, 9, 4.5],
					"texture": "#wool_black"
				},
				"south": {
					"uv": [7, 4, 7.5, 4.5],
					"texture": "#wool_black"
				}
			},
			"__comment": "wool_black"
		},
		{
			"name": "cube",
			"from": [6, 11.5, 12.5],
			"to": [7, 12, 13],
			"shade": true,
			"faces": {
				"north": {"uv": [9, 4, 10, 4.5], "texture": "#7"},
				"east": {"uv": [0, 0, 1, 1], "texture": "#7"},
				"south": {"uv": [6, 4, 7, 4.5], "texture": "#7"},
				"west": {"uv": [0, 0, 1, 1], "texture": "#7"},
				"up": {"uv": [0, 0, 1, 1], "texture": "#7"},
				"down": {"uv": [0, 0, 1, 1], "texture": "#7"}
			},
			"__comment": "wool_yellow"
		},
		{
			"name": "cube",
			"from": [7.5, 11.5, 12.5],
			"to": [8.5, 12, 13],
			"shade": true,
			"faces": {
				"north": {"uv": [7.5, 4, 8.5, 4.5], "texture": "#7"},
				"east": {"uv": [0, 0, 1, 1], "texture": "#7"},
				"south": {"uv": [7.5, 4, 8.5, 4.5], "texture": "#7"},
				"west": {"uv": [0, 0, 1, 1], "texture": "#7"},
				"up": {"uv": [0, 0, 1, 1], "texture": "#7"},
				"down": {"uv": [0, 0, 1, 1], "texture": "#7"}
			},
			"__comment": "wool_yellow"
		},
		{
			"name": "cube",
			"from": [7, 13.5, 4],
			"to": [9, 14, 4.5],
			"shade": true,
			"faces": {
				"north": {
					"uv": [7.000004, 2, 9.000004, 2.5],
					"texture": "#wool_black"
				},
				"east": {"uv": [0, 0, 1, 1], "texture": "#wool_black"},
				"south": {"uv": [0, 0, 1, 1], "texture": "#wool_black"},
				"west": {"uv": [0, 0, 1, 1], "texture": "#wool_black"},
				"up": {
					"uv": [7.000004, 11.5, 9.000004, 12],
					"texture": "#wool_black",
					"rotation": 180
				},
				"down": {
					"uv": [7.000004, 4, 9.000004, 4.5],
					"texture": "#wool_black",
					"rotation": 180
				}
			},
			"__comment": "wool_red"
		},
		{
			"name": "cube",
			"from": [7.5, 12.5, 4],
			"to": [8.5, 13.5, 4.5],
			"shade": true,
			"faces": {
				"north": {
					"uv": [7.500002, 3, 8.500002, 4],
					"texture": "#wool_black"
				},
				"south": {
					"uv": [7.499998, 3, 8.499998, 4],
					"texture": "#wool_black"
				},
				"down": {
					"uv": [7.500002, 4, 8.500002, 4.5],
					"texture": "#wool_black",
					"rotation": 180
				}
			},
			"__comment": "wool_black"
		},
		{
			"name": "cube",
			"from": [7, 9.5, 3],
			"to": [9, 10, 3.5],
			"shade": true,
			"faces": {
				"north": {
					"uv": [6.500001, 5, 8.500001000000001, 5.5],
					"texture": "#3"
				},
				"east": {"uv": [12.5, 5, 13, 5.5], "texture": "#3"},
				"south": {"uv": [0, 0, 2, 0.5], "texture": "#3"},
				"west": {"uv": [3, 5, 3.5, 5.5], "texture": "#3"},
				"up": {"uv": [0, 0, 2, 0.5], "texture": "#3"},
				"down": {
					"uv": [6.500001, 3, 8.500001000000001, 3.5],
					"texture": "#3",
					"rotation": 180
				}
			},
			"__comment": "wool_black"
		},
		{
			"name": "cube",
			"from": [7.5, 11.5, 1],
			"to": [8.5, 12, 2],
			"shade": true,
			"faces": {
				"north": {
					"uv": [7.500002, 3, 8.500002, 3.5],
					"texture": "#4"
				},
				"east": {"uv": [0, 0, 1, 0.5], "texture": "#4"},
				"south": {
					"uv": [7.499998, 3, 8.499998, 3.5],
					"texture": "#4"
				},
				"west": {"uv": [0, 0, 1, 0.5], "texture": "#4"},
				"up": {"uv": [0, 0, 1, 1], "texture": "#4"},
				"down": {
					"uv": [7.500002, 4, 8.500002, 5],
					"texture": "#4",
					"rotation": 180
				}
			},
			"__comment": "wool_black"
		},
		{
			"name": "cube",
			"from": [5.5, 13.5, 4],
			"to": [6, 14, 4.5],
			"shade": true,
			"faces": {
				"north": {
					"uv": [9.000002, 2, 9.500002, 2.5],
					"texture": "#2"
				},
				"east": {"uv": [0, 0, 0.5, 0.5], "texture": "#2"},
				"south": {"uv": [0, 0, 0.5, 0.5], "texture": "#2"},
				"west": {"uv": [4, 2, 4.5, 2.5], "texture": "#2"},
				"up": {
					"uv": [9.000002, 11.5, 9.500002, 12],
					"texture": "#2",
					"rotation": 180
				},
				"down": {
					"uv": [9.000002, 4, 9.500002, 4.5],
					"texture": "#2",
					"rotation": 180
				}
			},
			"__comment": "wool_black"
		},
		{
			"name": "cube",
			"from": [10, 13.5, 4],
			"to": [10.5, 14, 4.5],
			"shade": true,
			"faces": {
				"north": {
					"uv": [9.000002, 2, 9.500002, 2.5],
					"texture": "#2"
				},
				"east": {"uv": [0, 0, 0.5, 0.5], "texture": "#2"},
				"south": {"uv": [0, 0, 0.5, 0.5], "texture": "#2"},
				"west": {"uv": [4, 2, 4.5, 2.5], "texture": "#2"},
				"up": {
					"uv": [9.000002, 11.5, 9.500002, 12],
					"texture": "#2",
					"rotation": 180
				},
				"down": {
					"uv": [9.000002, 4, 9.500002, 4.5],
					"texture": "#2",
					"rotation": 180
				}
			},
			"__comment": "wool_black"
		},
		{
			"name": "cube",
			"from": [7.5, 14.5, 7],
			"to": [8, 16, 7.5],
			"shade": true,
			"faces": {
				"north": {
					"uv": [9.000002, 2, 9.500002, 3.5],
					"texture": "#2"
				},
				"east": {"uv": [0, 0, 0.5, 1.5], "texture": "#2"},
				"south": {"uv": [0, 0, 0.5, 1.5], "texture": "#2"},
				"west": {"uv": [4, 2, 4.5, 3.5], "texture": "#2"},
				"up": {
					"uv": [9.000002, 11.5, 9.500002, 12],
					"texture": "#2",
					"rotation": 180
				},
				"down": {
					"uv": [9.000002, 4, 9.500002, 4.5],
					"texture": "#2",
					"rotation": 180
				}
			},
			"__comment": "wool_black"
		},
		{
			"name": "cube",
			"from": [8, 14.5, 7],
			"to": [8.5, 15, 7.5],
			"shade": true,
			"faces": {
				"north": {
					"uv": [9.000002, 2, 9.500002, 2.5],
					"texture": "#2"
				},
				"east": {"uv": [0, 0, 0.5, 0.5], "texture": "#2"},
				"south": {"uv": [0, 0, 0.5, 0.5], "texture": "#2"},
				"west": {"uv": [4, 2, 4.5, 2.5], "texture": "#2"},
				"up": {
					"uv": [9.000002, 11.5, 9.500002, 12],
					"texture": "#2",
					"rotation": 180
				},
				"down": {
					"uv": [9.000002, 4, 9.500002, 4.5],
					"texture": "#2",
					"rotation": 180
				}
			},
			"__comment": "wool_black"
		},
		{
			"name": "cube",
			"from": [8.5, 15, 7],
			"to": [9, 16.5, 7.5],
			"shade": true,
			"faces": {
				"north": {
					"uv": [9.000002, 2, 9.500002, 3.5],
					"texture": "#2"
				},
				"east": {"uv": [0, 0, 0.5, 1.5], "texture": "#2"},
				"south": {"uv": [0, 0, 0.5, 1.5], "texture": "#2"},
				"west": {"uv": [4, 2, 4.5, 3.5], "texture": "#2"},
				"up": {
					"uv": [9.000002, 11.5, 9.500002, 12],
					"texture": "#2",
					"rotation": 180
				},
				"down": {
					"uv": [9.000002, 4, 9.500002, 4.5],
					"texture": "#2",
					"rotation": 180
				}
			},
			"__comment": "wool_black"
		},
		{
			"name": "cube",
			"from": [7, 16, 7],
			"to": [7.5, 16.5, 7.5],
			"shade": true,
			"faces": {
				"north": {
					"uv": [9.000002, 2, 9.500002, 2.5],
					"texture": "#2"
				},
				"east": {"uv": [0, 0, 0.5, 0.5], "texture": "#2"},
				"south": {"uv": [0, 0, 0.5, 0.5], "texture": "#2"},
				"west": {"uv": [4, 2, 4.5, 2.5], "texture": "#2"},
				"up": {
					"uv": [9.000002, 11.5, 9.500002, 12],
					"texture": "#2",
					"rotation": 180
				},
				"down": {
					"uv": [9.000002, 4, 9.500002, 4.5],
					"texture": "#2",
					"rotation": 180
				}
			},
			"__comment": "wool_black"
		}
	],
	"display": {
		"thirdperson_righthand": {
			"rotation": [35, 44, -61],
			"translation": [-1.39, 0, 0],
			"scale": [0.7, 0.7, 0.7]
		},
		"thirdperson_lefthand": {
			"rotation": [35, 44, -61],
			"translation": [-1.39, 0, 0],
			"scale": [0.7, 0.7, 0.7]
		},
		"firstperson_righthand": {
			"rotation": [-1, 122, -4],
			"translation": [6.956, -3.471, -6.25],
			"scale": [0.8, 0.8, 0.8]
		},
		"firstperson_lefthand": {
			"rotation": [-1, 122, -4],
			"translation": [6.956, -3.471, -6.25],
			"scale": [0.8, 0.8, 0.8]
		},
		"gui": {
			"rotation": [16, 146, -5],
			"translation": [0.5, -4.5, 0]
		},
		"head": {"scale": [1.8, 1.8, 1.8]},
		"fixed": {
			"rotation": [-3, -16, 3],
			"translation": [0, -4.868, -4.869]
		}
	}
}
