{
	"__comment": "Designed by Slinx with Cubik Studio - https://cubik.studio",
	"textures": {
		"1": "block/blue_concrete",
		"2": "block/yellow_concrete",
		"3": "block/red_concrete"
	},
	"elements": [
		{
			"__comment": "terracotta_black",
			"from": [ 12, 7, 6 ],
			"to": [ 13, 9, 6.5 ],
			"faces": {
				"down": { "uv": [ 12, 3.5, 13, 4 ], "texture": "#1" },
				"up": { "uv": [ 12, 3, 13, 3.5 ], "texture": "#1" },
				"north": { "uv": [ 3, 7, 4, 9 ], "texture": "#1" },
				"south": { "uv": [ 12, 7, 13, 9 ], "texture": "#1" },
				"west": { "uv": [ 3, 7, 3.5, 9 ], "texture": "#1" },
				"east": { "uv": [ 3.5, 7, 4, 9 ], "texture": "#1" }
			}
		},
		{
			"__comment": "terracotta_black",
			"from": [ 12, 6, 7 ],
			"to": [ 13, 6.5, 9 ],
			"faces": {
				"down": { "uv": [ 12, 3.5, 13, 5.5 ], "texture": "#1" },
				"up": { "uv": [ 12, 3, 13, 5 ], "texture": "#1" },
				"north": { "uv": [ 3, 7, 4, 7.5 ], "texture": "#1" },
				"south": { "uv": [ 12, 7, 13, 7.5 ], "texture": "#1" },
				"west": { "uv": [ 3, 7, 5, 7.5 ], "texture": "#1" },
				"east": { "uv": [ 3.5, 7, 5.5, 7.5 ], "texture": "#1" }
			}
		},
		{
			"__comment": "terracotta_black",
			"from": [ 12, 7, 9.5 ],
			"to": [ 13, 9, 10 ],
			"faces": {
				"down": { "uv": [ 12, 3.5, 13, 4 ], "texture": "#1" },
				"up": { "uv": [ 12, 3, 13, 3.5 ], "texture": "#1" },
				"north": { "uv": [ 3, 7, 4, 9 ], "texture": "#1" },
				"south": { "uv": [ 12, 7, 13, 9 ], "texture": "#1" },
				"west": { "uv": [ 3, 7, 3.5, 9 ], "texture": "#1" },
				"east": { "uv": [ 3.5, 7, 4, 9 ], "texture": "#1" }
			}
		},
		{
			"__comment": "terracotta_black",
			"from": [ 12, 9.5, 7 ],
			"to": [ 13, 10, 9 ],
			"faces": {
				"down": { "uv": [ 12, 3.5, 13, 5.5 ], "texture": "#1" },
				"up": { "uv": [ 12, 3, 13, 5 ], "texture": "#1" },
				"north": { "uv": [ 3, 7, 4, 7.5 ], "texture": "#1" },
				"south": { "uv": [ 12, 7, 13, 7.5 ], "texture": "#1" },
				"west": { "uv": [ 3, 7, 5, 7.5 ], "texture": "#1" },
				"east": { "uv": [ 3.5, 7, 5.5, 7.5 ], "texture": "#1" }
			}
		},
		{
			"__comment": "terracotta_black",
			"from": [ 12, 6.5, 6.5 ],
			"to": [ 13, 7, 7 ],
			"faces": {
				"down": { "uv": [ 12, 3.5, 13, 4 ], "texture": "#1" },
				"up": { "uv": [ 12, 3, 13, 3.5 ], "texture": "#1" },
				"north": { "uv": [ 3, 7, 4, 7.5 ], "texture": "#1" },
				"south": { "uv": [ 12, 7, 13, 7.5 ], "texture": "#1" },
				"west": { "uv": [ 3, 7, 3.5, 7.5 ], "texture": "#1" },
				"east": { "uv": [ 3.5, 7, 4, 7.5 ], "texture": "#1" }
			}
		},
		{
			"__comment": "terracotta_black",
			"from": [ 12, 9, 6.5 ],
			"to": [ 13, 9.5, 7 ],
			"faces": {
				"down": { "uv": [ 12, 3.5, 13, 4 ], "texture": "#1" },
				"up": { "uv": [ 12, 3, 13, 3.5 ], "texture": "#1" },
				"north": { "uv": [ 3, 7, 4, 7.5 ], "texture": "#1" },
				"south": { "uv": [ 12, 7, 13, 7.5 ], "texture": "#1" },
				"west": { "uv": [ 3, 7, 3.5, 7.5 ], "texture": "#1" },
				"east": { "uv": [ 3.5, 7, 4, 7.5 ], "texture": "#1" }
			}
		},
		{
			"__comment": "terracotta_black",
			"from": [ 12, 6.5, 9 ],
			"to": [ 13, 7, 9.5 ],
			"faces": {
				"down": { "uv": [ 12, 3.5, 13, 4 ], "texture": "#1" },
				"up": { "uv": [ 12, 3, 13, 3.5 ], "texture": "#1" },
				"north": { "uv": [ 3, 7, 4, 7.5 ], "texture": "#1" },
				"south": { "uv": [ 12, 7, 13, 7.5 ], "texture": "#1" },
				"west": { "uv": [ 3, 7, 3.5, 7.5 ], "texture": "#1" },
				"east": { "uv": [ 3.5, 7, 4, 7.5 ], "texture": "#1" }
			}
		},
		{
			"__comment": "terracotta_black",
			"from": [ 12, 9, 9 ],
			"to": [ 13, 9.5, 9.5 ],
			"faces": {
				"down": { "uv": [ 12, 3.5, 13, 4 ], "texture": "#1" },
				"up": { "uv": [ 12, 3, 13, 3.5 ], "texture": "#1" },
				"north": { "uv": [ 3, 7, 4, 7.5 ], "texture": "#1" },
				"south": { "uv": [ 12, 7, 13, 7.5 ], "texture": "#1" },
				"west": { "uv": [ 3, 7, 3.5, 7.5 ], "texture": "#1" },
				"east": { "uv": [ 3.5, 7, 4, 7.5 ], "texture": "#1" }
			}
		},
		{
			"__comment": "terracotta_black",
			"from": [ 12, 6.5, 7 ],
			"to": [ 13, 7, 9 ],
			"faces": {
				"down": { "uv": [ 12, 3.5, 13, 5.5 ], "texture": "#2" },
				"up": { "uv": [ 12, 3, 13, 5 ], "texture": "#2" },
				"north": { "uv": [ 3, 7, 4, 7.5 ], "texture": "#2" },
				"south": { "uv": [ 12, 7, 13, 7.5 ], "texture": "#2" },
				"west": { "uv": [ 3, 7, 5, 7.5 ], "texture": "#2" },
				"east": { "uv": [ 3.5, 7, 5.5, 7.5 ], "texture": "#2" }
			}
		},
		{
			"__comment": "terracotta_black",
			"from": [ 12, 7, 8.5 ],
			"to": [ 13, 9, 9.5 ],
			"faces": {
				"down": { "uv": [ 12, 3.5, 13, 4.5 ], "texture": "#2" },
				"up": { "uv": [ 12, 3, 13, 4 ], "texture": "#2" },
				"north": { "uv": [ 3, 7, 4, 9 ], "texture": "#2" },
				"south": { "uv": [ 12, 7, 13, 9 ], "texture": "#2" },
				"west": { "uv": [ 3, 7, 4, 9 ], "texture": "#2" },
				"east": { "uv": [ 3.5, 7, 4.5, 9 ], "texture": "#2" }
			}
		},
		{
			"__comment": "terracotta_black",
			"from": [ 12, 9, 7 ],
			"to": [ 13, 9.5, 9 ],
			"faces": {
				"down": { "uv": [ 12, 3.5, 13, 5.5 ], "texture": "#2" },
				"up": { "uv": [ 12, 3, 13, 5 ], "texture": "#2" },
				"north": { "uv": [ 3, 7, 4, 7.5 ], "texture": "#2" },
				"south": { "uv": [ 12, 7, 13, 7.5 ], "texture": "#2" },
				"west": { "uv": [ 3, 7, 5, 7.5 ], "texture": "#2" },
				"east": { "uv": [ 3.5, 7, 5.5, 7.5 ], "texture": "#2" }
			}
		},
		{
			"__comment": "terracotta_black",
			"from": [ 12, 7, 6.5 ],
			"to": [ 13, 9, 7.5 ],
			"faces": {
				"down": { "uv": [ 12, 3.5, 13, 4.5 ], "texture": "#2" },
				"up": { "uv": [ 12, 3, 13, 4 ], "texture": "#2" },
				"north": { "uv": [ 3, 7, 4, 9 ], "texture": "#2" },
				"south": { "uv": [ 12, 7, 13, 9 ], "texture": "#2" },
				"west": { "uv": [ 3, 7, 4, 9 ], "texture": "#2" },
				"east": { "uv": [ 3.5, 7, 4.5, 9 ], "texture": "#2" }
			}
		},
		{
			"__comment": "terracotta_black",
			"from": [ 12, 7.5, 7.5 ],
			"to": [ 13, 8.5, 8.5 ],
			"faces": {
				"down": { "uv": [ 12, 3.5, 13, 4.5 ], "texture": "#3" },
				"up": { "uv": [ 12, 3, 13, 4 ], "texture": "#3" },
				"north": { "uv": [ 3, 7, 4, 8 ], "texture": "#3" },
				"south": { "uv": [ 12, 7, 13, 8 ], "texture": "#3" },
				"west": { "uv": [ 3, 7, 4, 8 ], "texture": "#3" },
				"east": { "uv": [ 3.5, 7, 4.5, 8 ], "texture": "#3" }
			}
		},
		{
			"__comment": "terracotta_black",
			"from": [ 12, 7, 7.5 ],
			"to": [ 13, 7.5, 8.5 ],
			"faces": {
				"down": { "uv": [ 12, 3.5, 13, 4.5 ], "texture": "#2" },
				"up": { "uv": [ 12, 3, 13, 4 ], "texture": "#2" },
				"north": { "uv": [ 3, 7, 4, 7.5 ], "texture": "#2" },
				"south": { "uv": [ 12, 7, 13, 7.5 ], "texture": "#2" },
				"west": { "uv": [ 3, 7, 4, 7.5 ], "texture": "#2" },
				"east": { "uv": [ 3.5, 7, 4.5, 7.5 ], "texture": "#2" }
			}
		},
		{
			"__comment": "terracotta_black",
			"from": [ 12, 8.5, 7.5 ],
			"to": [ 13, 9, 8.5 ],
			"faces": {
				"down": { "uv": [ 12, 3.5, 13, 4.5 ], "texture": "#2" },
				"up": { "uv": [ 12, 3, 13, 4 ], "texture": "#2" },
				"north": { "uv": [ 3, 7, 4, 7.5 ], "texture": "#2" },
				"south": { "uv": [ 12, 7, 13, 7.5 ], "texture": "#2" },
				"west": { "uv": [ 3, 7, 4, 7.5 ], "texture": "#2" },
				"east": { "uv": [ 3.5, 7, 4.5, 7.5 ], "texture": "#2" }
			}
		},
		{
			"__comment": "terracotta_black",
			"from": [ 3, 9, 7 ],
			"to": [ 4, 9.5, 9 ],
			"faces": {
				"down": { "uv": [ 12, 3.5, 13, 5.5 ], "texture": "#2" },
				"up": { "uv": [ 12, 3, 13, 5 ], "texture": "#2" },
				"north": { "uv": [ 3, 7, 4, 7.5 ], "texture": "#2" },
				"south": { "uv": [ 12, 7, 13, 7.5 ], "texture": "#2" },
				"west": { "uv": [ 3, 7, 5, 7.5 ], "texture": "#2" },
				"east": { "uv": [ 3.5, 7, 5.5, 7.5 ], "texture": "#2" }
			}
		},
		{
			"__comment": "terracotta_black",
			"from": [ 3, 8.5, 7.5 ],
			"to": [ 4, 9, 8.5 ],
			"faces": {
				"down": { "uv": [ 12, 3.5, 13, 4.5 ], "texture": "#2" },
				"up": { "uv": [ 12, 3, 13, 4 ], "texture": "#2" },
				"north": { "uv": [ 3, 7, 4, 7.5 ], "texture": "#2" },
				"south": { "uv": [ 12, 7, 13, 7.5 ], "texture": "#2" },
				"west": { "uv": [ 3, 7, 4, 7.5 ], "texture": "#2" },
				"east": { "uv": [ 3.5, 7, 4.5, 7.5 ], "texture": "#2" }
			}
		},
		{
			"__comment": "terracotta_black",
			"from": [ 3, 7.5, 7.5 ],
			"to": [ 4, 8.5, 8.5 ],
			"faces": {
				"down": { "uv": [ 12, 3.5, 13, 4.5 ], "texture": "#3" },
				"up": { "uv": [ 12, 3, 13, 4 ], "texture": "#3" },
				"north": { "uv": [ 3, 7, 4, 8 ], "texture": "#3" },
				"south": { "uv": [ 12, 7, 13, 8 ], "texture": "#3" },
				"west": { "uv": [ 3, 7, 4, 8 ], "texture": "#3" },
				"east": { "uv": [ 3.5, 7, 4.5, 8 ], "texture": "#3" }
			}
		},
		{
			"__comment": "terracotta_black",
			"from": [ 3, 7, 6.5 ],
			"to": [ 4, 9, 7.5 ],
			"faces": {
				"down": { "uv": [ 12, 3.5, 13, 4.5 ], "texture": "#2" },
				"up": { "uv": [ 12, 3, 13, 4 ], "texture": "#2" },
				"north": { "uv": [ 3, 7, 4, 9 ], "texture": "#2" },
				"south": { "uv": [ 12, 7, 13, 9 ], "texture": "#2" },
				"west": { "uv": [ 3, 7, 4, 9 ], "texture": "#2" },
				"east": { "uv": [ 3.5, 7, 4.5, 9 ], "texture": "#2" }
			}
		},
		{
			"__comment": "terracotta_black",
			"from": [ 3, 7, 6 ],
			"to": [ 4, 9, 6.5 ],
			"faces": {
				"down": { "uv": [ 12, 3.5, 13, 4 ], "texture": "#1" },
				"up": { "uv": [ 12, 3, 13, 3.5 ], "texture": "#1" },
				"north": { "uv": [ 3, 7, 4, 9 ], "texture": "#1" },
				"south": { "uv": [ 12, 7, 13, 9 ], "texture": "#1" },
				"west": { "uv": [ 3, 7, 3.5, 9 ], "texture": "#1" },
				"east": { "uv": [ 3.5, 7, 4, 9 ], "texture": "#1" }
			}
		},
		{
			"__comment": "terracotta_black",
			"from": [ 3, 6.5, 6.5 ],
			"to": [ 4, 7, 7 ],
			"faces": {
				"down": { "uv": [ 12, 3.5, 13, 4 ], "texture": "#1" },
				"up": { "uv": [ 12, 3, 13, 3.5 ], "texture": "#1" },
				"north": { "uv": [ 3, 7, 4, 7.5 ], "texture": "#1" },
				"south": { "uv": [ 12, 7, 13, 7.5 ], "texture": "#1" },
				"west": { "uv": [ 3, 7, 3.5, 7.5 ], "texture": "#1" },
				"east": { "uv": [ 3.5, 7, 4, 7.5 ], "texture": "#1" }
			}
		},
		{
			"__comment": "terracotta_black",
			"from": [ 3, 6, 7 ],
			"to": [ 4, 6.5, 9 ],
			"faces": {
				"down": { "uv": [ 12, 3.5, 13, 5.5 ], "texture": "#1" },
				"up": { "uv": [ 12, 3, 13, 5 ], "texture": "#1" },
				"north": { "uv": [ 3, 7, 4, 7.5 ], "texture": "#1" },
				"south": { "uv": [ 12, 7, 13, 7.5 ], "texture": "#1" },
				"west": { "uv": [ 3, 7, 5, 7.5 ], "texture": "#1" },
				"east": { "uv": [ 3.5, 7, 5.5, 7.5 ], "texture": "#1" }
			}
		},
		{
			"__comment": "terracotta_black",
			"from": [ 3, 6.5, 7 ],
			"to": [ 4, 7, 9 ],
			"faces": {
				"down": { "uv": [ 12, 3.5, 13, 5.5 ], "texture": "#2" },
				"up": { "uv": [ 12, 3, 13, 5 ], "texture": "#2" },
				"north": { "uv": [ 3, 7, 4, 7.5 ], "texture": "#2" },
				"south": { "uv": [ 12, 7, 13, 7.5 ], "texture": "#2" },
				"west": { "uv": [ 3, 7, 5, 7.5 ], "texture": "#2" },
				"east": { "uv": [ 3.5, 7, 5.5, 7.5 ], "texture": "#2" }
			}
		},
		{
			"__comment": "terracotta_black",
			"from": [ 3, 6.5, 9 ],
			"to": [ 4, 7, 9.5 ],
			"faces": {
				"down": { "uv": [ 12, 3.5, 13, 4 ], "texture": "#1" },
				"up": { "uv": [ 12, 3, 13, 3.5 ], "texture": "#1" },
				"north": { "uv": [ 3, 7, 4, 7.5 ], "texture": "#1" },
				"south": { "uv": [ 12, 7, 13, 7.5 ], "texture": "#1" },
				"west": { "uv": [ 3, 7, 3.5, 7.5 ], "texture": "#1" },
				"east": { "uv": [ 3.5, 7, 4, 7.5 ], "texture": "#1" }
			}
		},
		{
			"__comment": "terracotta_black",
			"from": [ 3, 7, 8.5 ],
			"to": [ 4, 9, 9.5 ],
			"faces": {
				"down": { "uv": [ 12, 3.5, 13, 4.5 ], "texture": "#2" },
				"up": { "uv": [ 12, 3, 13, 4 ], "texture": "#2" },
				"north": { "uv": [ 3, 7, 4, 9 ], "texture": "#2" },
				"south": { "uv": [ 12, 7, 13, 9 ], "texture": "#2" },
				"west": { "uv": [ 3, 7, 4, 9 ], "texture": "#2" },
				"east": { "uv": [ 3.5, 7, 4.5, 9 ], "texture": "#2" }
			}
		},
		{
			"__comment": "terracotta_black",
			"from": [ 3, 7, 9.5 ],
			"to": [ 4, 9, 10 ],
			"faces": {
				"down": { "uv": [ 12, 3.5, 13, 4 ], "texture": "#1" },
				"up": { "uv": [ 12, 3, 13, 3.5 ], "texture": "#1" },
				"north": { "uv": [ 3, 7, 4, 9 ], "texture": "#1" },
				"south": { "uv": [ 12, 7, 13, 9 ], "texture": "#1" },
				"west": { "uv": [ 3, 7, 3.5, 9 ], "texture": "#1" },
				"east": { "uv": [ 3.5, 7, 4, 9 ], "texture": "#1" }
			}
		},
		{
			"__comment": "terracotta_black",
			"from": [ 3, 9, 9 ],
			"to": [ 4, 9.5, 9.5 ],
			"faces": {
				"down": { "uv": [ 12, 3.5, 13, 4 ], "texture": "#1" },
				"up": { "uv": [ 12, 3, 13, 3.5 ], "texture": "#1" },
				"north": { "uv": [ 3, 7, 4, 7.5 ], "texture": "#1" },
				"south": { "uv": [ 12, 7, 13, 7.5 ], "texture": "#1" },
				"west": { "uv": [ 3, 7, 3.5, 7.5 ], "texture": "#1" },
				"east": { "uv": [ 3.5, 7, 4, 7.5 ], "texture": "#1" }
			}
		},
		{
			"__comment": "terracotta_black",
			"from": [ 3, 9.5, 7 ],
			"to": [ 4, 10, 9 ],
			"faces": {
				"down": { "uv": [ 12, 3.5, 13, 5.5 ], "texture": "#1" },
				"up": { "uv": [ 12, 3, 13, 5 ], "texture": "#1" },
				"north": { "uv": [ 3, 7, 4, 7.5 ], "texture": "#1" },
				"south": { "uv": [ 12, 7, 13, 7.5 ], "texture": "#1" },
				"west": { "uv": [ 3, 7, 5, 7.5 ], "texture": "#1" },
				"east": { "uv": [ 3.5, 7, 5.5, 7.5 ], "texture": "#1" }
			}
		},
		{
			"__comment": "terracotta_black",
			"from": [ 3, 9, 6.5 ],
			"to": [ 4, 9.5, 7 ],
			"faces": {
				"down": { "uv": [ 12, 3.5, 13, 4 ], "texture": "#1" },
				"up": { "uv": [ 12, 3, 13, 3.5 ], "texture": "#1" },
				"north": { "uv": [ 3, 7, 4, 7.5 ], "texture": "#1" },
				"south": { "uv": [ 12, 7, 13, 7.5 ], "texture": "#1" },
				"west": { "uv": [ 3, 7, 3.5, 7.5 ], "texture": "#1" },
				"east": { "uv": [ 3.5, 7, 4, 7.5 ], "texture": "#1" }
			}
		},
		{
			"__comment": "terracotta_black",
			"from": [ 3, 7, 7.5 ],
			"to": [ 4, 7.5, 8.5 ],
			"faces": {
				"down": { "uv": [ 12, 3.5, 13, 4.5 ], "texture": "#2" },
				"up": { "uv": [ 12, 3, 13, 4 ], "texture": "#2" },
				"north": { "uv": [ 3, 7, 4, 7.5 ], "texture": "#2" },
				"south": { "uv": [ 12, 7, 13, 7.5 ], "texture": "#2" },
				"west": { "uv": [ 3, 7, 4, 7.5 ], "texture": "#2" },
				"east": { "uv": [ 3.5, 7, 4.5, 7.5 ], "texture": "#2" }
			}
		},
		{
			"__comment": "terracotta_black",
			"from": [ 12, 10, 7.5 ],
			"to": [ 13, 12.5, 8.5 ],
			"faces": {
				"down": { "uv": [ 12, 3.5, 13, 4.5 ], "texture": "#1" },
				"up": { "uv": [ 12, 3, 13, 4 ], "texture": "#1" },
				"north": { "uv": [ 3, 7, 4, 9.5 ], "texture": "#1" },
				"south": { "uv": [ 12, 7, 13, 9.5 ], "texture": "#1" },
				"west": { "uv": [ 3, 7, 4, 9.5 ], "texture": "#1" },
				"east": { "uv": [ 3.5, 7, 4.5, 9.5 ], "texture": "#1" }
			}
		},
		{
			"__comment": "terracotta_black",
			"from": [ 3, 10, 7.5 ],
			"to": [ 4, 12.5, 8.5 ],
			"faces": {
				"down": { "uv": [ 12, 3.5, 13, 4.5 ], "texture": "#1" },
				"up": { "uv": [ 12, 3, 13, 4 ], "texture": "#1" },
				"north": { "uv": [ 3, 7, 4, 9.5 ], "texture": "#1" },
				"south": { "uv": [ 12, 7, 13, 9.5 ], "texture": "#1" },
				"west": { "uv": [ 3, 7, 4, 9.5 ], "texture": "#1" },
				"east": { "uv": [ 3.5, 7, 4.5, 9.5 ], "texture": "#1" }
			}
		},
		{
			"__comment": "terracotta_black",
			"from": [ 3.5, 12, 7.5 ],
			"to": [ 12.5, 13, 8.5 ],
			"faces": {
				"down": { "uv": [ 7, 3.5, 16, 4.5 ], "texture": "#1" },
				"up": { "uv": [ 7, 3, 16, 4 ], "texture": "#1" },
				"north": { "uv": [ 3, 7, 12, 8 ], "texture": "#1" },
				"south": { "uv": [ 7, 7, 16, 8 ], "texture": "#1" },
				"west": { "uv": [ 3, 7, 4, 8 ], "texture": "#1" },
				"east": { "uv": [ 3.5, 7, 4.5, 8 ], "texture": "#1" }
			}
		},
		{
			"__comment": "terracotta_black",
			"from": [ 4.5, 12.5, 7.5 ],
			"to": [ 11.5, 13.5, 8.5 ],
			"faces": {
				"down": { "uv": [ 7, 3.5, 14, 4.5 ], "texture": "#1" },
				"up": { "uv": [ 7, 3, 14, 4 ], "texture": "#1" },
				"north": { "uv": [ 3, 7, 10, 8 ], "texture": "#1" },
				"south": { "uv": [ 7, 7, 14, 8 ], "texture": "#1" },
				"west": { "uv": [ 3, 7, 4, 8 ], "texture": "#1" },
				"east": { "uv": [ 3.5, 7, 4.5, 8 ], "texture": "#1" }
			}
		}
	],
	"display": {
		"thirdperson_righthand": {
			"rotation":  [ 42, 144, 80 ],
			"translation":  [ 0.6956, -0.693, -0.691 ],
			"scale":  [ 0.6, 0.6, 0.6 ]
		},
		"thirdperson_lefthand": {
			"rotation":  [ 42, 144, 80 ],
			"translation":  [ 0.6956, -0.693, -0.691 ],
			"scale":  [ 0.6, 0.6, 0.6 ]
		},
		"firstperson_righthand": {
			"rotation":  [ -56, 8, -20 ],
			"translation":  [ 6.9564, -4.867, -11.12 ]
		},
		"firstperson_lefthand": {
			"rotation":  [ -56, 8, -20 ],
			"translation":  [ 6.9564, -4.867, -11.12 ]
		},
		"gui": {
			"rotation":  [ 28, -33, 1 ],
			"translation":  [ 0.6956, 1.3913, 0 ]
		},
		"head": {
			"rotation":  [ 0, 180, 0 ],
			"scale":  [ 1.6, 1.6, 1.6 ]
		},
		"ground": {
			"rotation":  [ 78, 0, 0 ],
			"translation":  [ 0, 1.3913, 0 ],
			"scale":  [ 1.6, 1.6, 1.6 ]
		},
		"fixed": {
			"rotation":  [ -16, 139, 5 ],
			"translation":  [ 0, 0.6956, -5.565 ]
		}
	}
}
