{
	"credit": "Made by _Kastle with Blockbench. Message Kastle#4801 on Discord for inquiries. If you recieved this model from someone other than myself without context, it was probably stolen.",
	"textures": {
		"0": "block/blue_concrete",
		"1": "block/yellow_concrete",
		"2": "block/orange_stained_glass",
		"wool_black": "block/quartz_block_bottom"
	},
	"elements": [
		{
			"name": "wool_black",
			"from": [7, 13.5, 5.5],
			"to": [9, 14, 10.5],
			"faces": {
				"north": {"uv": [7, 1, 9, 1.5], "texture": "#wool_black"},
				"east": {"uv": [5.5, 1, 10.5, 1.5], "texture": "#wool_black"},
				"south": {"uv": [7, 1, 9, 1.5], "texture": "#wool_black"},
				"west": {"uv": [5.5, 1, 10.5, 1.5], "texture": "#wool_black"},
				"up": {"uv": [7, 5.5, 9, 10.5], "texture": "#wool_black"},
				"down": {"uv": [7, 5.5, 9, 10.5], "texture": "#wool_black"}
			}
		},
		{
			"name": "wool_black",
			"from": [5.5, 13.5, 7],
			"to": [10.5, 14, 9],
			"faces": {
				"north": {"uv": [5.5, 1, 10.5, 1.5], "texture": "#wool_black"},
				"east": {"uv": [7, 1, 9, 1.5], "texture": "#wool_black"},
				"south": {"uv": [5.5, 1, 10.5, 1.5], "texture": "#wool_black"},
				"west": {"uv": [7, 1, 9, 1.5], "texture": "#wool_black"},
				"up": {"uv": [5.5, 7, 10.5, 9], "texture": "#wool_black"},
				"down": {"uv": [5.5, 7, 10.5, 9], "texture": "#wool_black"}
			}
		},
		{
			"name": "wool_black",
			"from": [11.5, 12.5, 6],
			"to": [12, 13, 10],
			"faces": {
				"north": {"uv": [4, 2, 4.5, 2.5], "texture": "#wool_black"},
				"east": {"uv": [6, 2, 10, 2.5], "texture": "#wool_black"},
				"south": {"uv": [11.5, 2, 12, 2.5], "texture": "#wool_black"},
				"west": {"uv": [6, 2, 10, 2.5], "texture": "#wool_black"},
				"up": {"uv": [11.5, 6, 12, 10], "texture": "#wool_black"},
				"down": {"uv": [11.5, 6, 12, 10], "texture": "#wool_black"}
			}
		},
		{
			"name": "wool_black",
			"from": [12, 11.5, 5.5],
			"to": [12.5, 12, 6],
			"faces": {
				"north": {"uv": [3.50001, 3, 4.00001, 3.5], "texture": "#wool_black"},
				"east": {"uv": [10, 3, 10.5, 3.5], "texture": "#wool_black"},
				"south": {"uv": [11.99999, 3, 12.49999, 3.5], "texture": "#wool_black"},
				"west": {"uv": [5, 3, 5.5, 3.5], "texture": "#wool_black"},
				"up": {"uv": [11.99999, 5, 12.49999, 5.5], "texture": "#wool_black"},
				"down": {"uv": [11.99999, 10, 12.49999, 10.5], "texture": "#wool_black"}
			}
		},
		{
			"name": "wool_black",
			"from": [5, 13, 9.5],
			"to": [6.5, 13.5, 10.5],
			"faces": {
				"north": {"uv": [9.5, 1.5, 11, 2], "texture": "#wool_black"},
				"east": {"uv": [5.5, 1.5, 6.5, 2], "texture": "#wool_black"},
				"south": {"uv": [5, 1.5, 6.5, 2], "texture": "#wool_black"},
				"west": {"uv": [9.5, 1.5, 10.5, 2], "texture": "#wool_black"},
				"up": {"uv": [5, 9.5, 6.5, 10.5], "texture": "#wool_black"},
				"down": {"uv": [5, 5.5, 6.5, 6.5], "texture": "#wool_black"}
			}
		},
		{
			"name": "wool_black",
			"from": [5.5, 13, 10.5],
			"to": [6.5, 13.5, 11],
			"faces": {
				"north": {"uv": [9.5, 1.5, 10.5, 2], "texture": "#wool_black"},
				"east": {"uv": [5, 1.5, 5.5, 2], "texture": "#wool_black"},
				"south": {"uv": [5.5, 1.5, 6.5, 2], "texture": "#wool_black"},
				"west": {"uv": [10.5, 1.5, 11, 2], "texture": "#wool_black"},
				"up": {"uv": [5.5, 10.5, 6.5, 11], "texture": "#wool_black"},
				"down": {"uv": [5.5, 5, 6.5, 5.5], "texture": "#wool_black"}
			}
		},
		{
			"name": "wool_black",
			"from": [5, 13, 6],
			"to": [6.5, 13.5, 6.5],
			"faces": {
				"north": {"uv": [9.5, 1.5, 11, 2], "texture": "#wool_black"},
				"east": {"uv": [9.5, 1.5, 10, 2], "texture": "#wool_black"},
				"south": {"uv": [5, 1.5, 6.5, 2], "texture": "#wool_black"},
				"west": {"uv": [5.5, 1.5, 6, 2], "texture": "#wool_black"},
				"up": {"uv": [5, 5.5, 6.5, 6], "texture": "#wool_black"},
				"down": {"uv": [5, 9.5, 6.5, 10], "texture": "#wool_black"}
			}
		},
		{
			"name": "wool_black",
			"from": [5.5, 13, 5],
			"to": [6.5, 13.5, 5.5],
			"faces": {
				"north": {"uv": [9.5, 1.5, 10.5, 2], "texture": "#wool_black"},
				"east": {"uv": [10.5, 1.5, 11, 2], "texture": "#wool_black"},
				"south": {"uv": [5.5, 1.5, 6.5, 2], "texture": "#wool_black"},
				"west": {"uv": [5, 1.5, 5.5, 2], "texture": "#wool_black"},
				"up": {"uv": [5.5, 5, 6.5, 5.5], "texture": "#wool_black"},
				"down": {"uv": [5.5, 10.5, 6.5, 11], "texture": "#wool_black"}
			}
		},
		{
			"name": "wool_black",
			"from": [9.5, 13, 5],
			"to": [10, 13.5, 5.5],
			"faces": {
				"north": {"uv": [5.5, 1.5, 6, 2], "texture": "#wool_black"},
				"east": {"uv": [10.5, 1.5, 11, 2], "texture": "#wool_black"},
				"south": {"uv": [9.5, 1.5, 10, 2], "texture": "#wool_black"},
				"west": {"uv": [5, 1.5, 5.5, 2], "texture": "#wool_black"},
				"up": {"uv": [9.5, 5, 10, 5.5], "texture": "#wool_black"},
				"down": {"uv": [9.5, 10.5, 10, 11], "texture": "#wool_black"}
			}
		},
		{
			"name": "wool_black",
			"from": [9.5, 13, 5.5],
			"to": [10, 13.5, 6.5],
			"faces": {
				"north": {"uv": [5, 1.5, 5.5, 2], "texture": "#wool_black"},
				"east": {"uv": [9.5, 1.5, 10.5, 2], "texture": "#wool_black"},
				"south": {"uv": [9.5, 1.5, 10, 2], "texture": "#wool_black"},
				"west": {"uv": [5.5, 1.5, 6.5, 2], "texture": "#wool_black"},
				"up": {"uv": [9.5, 5.5, 10, 6.5], "texture": "#wool_black"},
				"down": {"uv": [9.5, 9.5, 10, 10.5], "texture": "#wool_black"}
			}
		},
		{
			"name": "wool_black",
			"from": [9.5, 13, 9.5],
			"to": [11, 13.5, 10.5],
			"faces": {
				"north": {"uv": [5, 1.5, 6.5, 2], "texture": "#wool_black"},
				"east": {"uv": [5.5, 1.5, 6.5, 2], "texture": "#wool_black"},
				"south": {"uv": [9.5, 1.5, 11, 2], "texture": "#wool_black"},
				"west": {"uv": [9.5, 1.5, 10.5, 2], "texture": "#wool_black"},
				"up": {"uv": [9.5, 9.5, 11, 10.5], "texture": "#wool_black"},
				"down": {"uv": [9.5, 5.5, 11, 6.5], "texture": "#wool_black"}
			}
		},
		{
			"name": "wool_black",
			"from": [9.5, 13, 10.5],
			"to": [10.5, 13.5, 11],
			"faces": {
				"north": {"uv": [5.5, 1.5, 6.5, 2], "texture": "#wool_black"},
				"east": {"uv": [5, 1.5, 5.5, 2], "texture": "#wool_black"},
				"south": {"uv": [9.5, 1.5, 10.5, 2], "texture": "#wool_black"},
				"west": {"uv": [10.5, 1.5, 11, 2], "texture": "#wool_black"},
				"up": {"uv": [9.5, 10.5, 10.5, 11], "texture": "#wool_black"},
				"down": {"uv": [9.5, 5, 10.5, 5.5], "texture": "#wool_black"}
			}
		},
		{
			"name": "wool_black",
			"from": [6.5, 13, 4.5],
			"to": [9.5, 13.5, 11.5],
			"faces": {
				"north": {"uv": [6.5, 1.5, 9.5, 2], "texture": "#wool_black"},
				"east": {"uv": [4.5, 1.5, 11.5, 2], "texture": "#wool_black"},
				"south": {"uv": [6.5, 1.5, 9.5, 2], "texture": "#wool_black"},
				"west": {"uv": [4.5, 1.5, 11.5, 2], "texture": "#wool_black"},
				"up": {"uv": [6.5, 4.5, 9.5, 11.5], "texture": "#wool_black"},
				"down": {"uv": [6.5, 4.5, 9.5, 11.5], "texture": "#wool_black"}
			}
		},
		{
			"name": "wool_black",
			"from": [4, 12.5, 6],
			"to": [11.5, 13, 10],
			"faces": {
				"north": {"uv": [4.5, 2, 12, 2.5], "texture": "#wool_black"},
				"east": {"uv": [6, 2, 10, 2.5], "texture": "#wool_black"},
				"south": {"uv": [4, 2, 11.5, 2.5], "texture": "#wool_black"},
				"west": {"uv": [6, 2, 10, 2.5], "texture": "#wool_black"},
				"up": {"uv": [4, 6, 11.5, 10], "texture": "#wool_black"},
				"down": {"uv": [4, 6, 11.5, 10], "texture": "#wool_black"}
			}
		},
		{
			"name": "wool_black",
			"from": [10, 12.5, 4.5],
			"to": [11, 13, 5.5],
			"faces": {
				"north": {"uv": [5, 2, 6, 2.5], "texture": "#wool_black"},
				"east": {"uv": [10, 2, 11, 2.5], "texture": "#wool_black"},
				"south": {"uv": [10, 2, 11, 2.5], "texture": "#wool_black"},
				"west": {"uv": [4.5, 2, 5.5, 2.5], "texture": "#wool_black"},
				"up": {"uv": [10, 4.5, 11, 5.5], "texture": "#wool_black"},
				"down": {"uv": [10, 10, 11, 11], "texture": "#wool_black"}
			}
		},
		{
			"name": "wool_black",
			"from": [10, 12.5, 10],
			"to": [11, 13, 11.5],
			"faces": {
				"north": {"uv": [5, 2, 6, 2.5], "texture": "#wool_black"},
				"east": {"uv": [4.5, 2, 6, 2.5], "texture": "#wool_black"},
				"south": {"uv": [10, 2, 11, 2.5], "texture": "#wool_black"},
				"west": {"uv": [10, 2, 11.5, 2.5], "texture": "#wool_black"},
				"up": {"uv": [10, 10, 11, 11.5], "texture": "#wool_black"},
				"down": {"uv": [10, 4.5, 11, 6], "texture": "#wool_black"}
			}
		},
		{
			"name": "wool_black",
			"from": [12, 11.5, 10],
			"to": [12.5, 12, 11],
			"faces": {
				"north": {"uv": [3.5, 3, 4, 3.5], "texture": "#wool_black"},
				"east": {"uv": [5.00001, 3, 6.00001, 3.5], "texture": "#wool_black"},
				"south": {"uv": [12, 3, 12.5, 3.5], "texture": "#wool_black"},
				"west": {"uv": [9.99999, 3, 10.99999, 3.5], "texture": "#wool_black"},
				"up": {"uv": [12, 9.99999, 12.5, 10.99999], "texture": "#wool_black"},
				"down": {"uv": [12, 5.00001, 12.5, 6.00001], "texture": "#wool_black"}
			}
		},
		{
			"name": "wool_black",
			"from": [5, 12.5, 10],
			"to": [6, 13, 11.5],
			"faces": {
				"north": {"uv": [10, 2, 11, 2.5], "texture": "#wool_black"},
				"east": {"uv": [4.5, 2, 6, 2.5], "texture": "#wool_black"},
				"south": {"uv": [5, 2, 6, 2.5], "texture": "#wool_black"},
				"west": {"uv": [10, 2, 11.5, 2.5], "texture": "#wool_black"},
				"up": {"uv": [5, 10, 6, 11.5], "texture": "#wool_black"},
				"down": {"uv": [5, 4.5, 6, 6], "texture": "#wool_black"}
			}
		},
		{
			"name": "wool_black",
			"from": [5, 12.5, 4.5],
			"to": [6, 13, 6],
			"faces": {
				"north": {"uv": [10, 2, 11, 2.5], "texture": "#wool_black"},
				"east": {"uv": [10, 2, 11.5, 2.5], "texture": "#wool_black"},
				"south": {"uv": [5, 2, 6, 2.5], "texture": "#wool_black"},
				"west": {"uv": [4.5, 2, 6, 2.5], "texture": "#wool_black"},
				"up": {"uv": [5, 4.5, 6, 6], "texture": "#wool_black"},
				"down": {"uv": [5, 10, 6, 11.5], "texture": "#wool_black"}
			}
		},
		{
			"name": "wool_black",
			"from": [4.5, 12.5, 10],
			"to": [5, 13, 11],
			"faces": {
				"north": {"uv": [11, 2, 11.5, 2.5], "texture": "#wool_black"},
				"east": {"uv": [5, 2, 6, 2.5], "texture": "#wool_black"},
				"south": {"uv": [4.5, 2, 5, 2.5], "texture": "#wool_black"},
				"west": {"uv": [10, 2, 11, 2.5], "texture": "#wool_black"},
				"up": {"uv": [4.5, 10, 5, 11], "texture": "#wool_black"},
				"down": {"uv": [4.5, 5, 5, 6], "texture": "#wool_black"}
			}
		},
		{
			"name": "wool_black",
			"from": [4.5, 12.5, 5.5],
			"to": [5, 13, 6],
			"faces": {
				"north": {"uv": [11, 2, 11.5, 2.5], "texture": "#wool_black"},
				"east": {"uv": [10, 2, 10.5, 2.5], "texture": "#wool_black"},
				"south": {"uv": [4.5, 2, 5, 2.5], "texture": "#wool_black"},
				"west": {"uv": [5, 2, 5.5, 2.5], "texture": "#wool_black"},
				"up": {"uv": [4.5, 5, 5, 5.5], "texture": "#wool_black"},
				"down": {"uv": [4.5, 10, 5, 10.5], "texture": "#wool_black"}
			}
		},
		{
			"name": "wool_black",
			"from": [6, 12.5, 4],
			"to": [10, 13, 11.5],
			"faces": {
				"north": {"uv": [6, 2, 10, 2.5], "texture": "#wool_black"},
				"east": {"uv": [4.5, 2, 12, 2.5], "texture": "#wool_black"},
				"south": {"uv": [6, 2, 10, 2.5], "texture": "#wool_black"},
				"west": {"uv": [4, 2, 11.5, 2.5], "texture": "#wool_black"},
				"up": {"uv": [6, 4, 10, 11.5], "texture": "#wool_black"},
				"down": {"uv": [6, 4.5, 10, 12], "texture": "#wool_black"}
			}
		},
		{
			"name": "wool_black",
			"from": [12, 11.5, 6],
			"to": [12.5, 12.5, 10],
			"faces": {
				"north": {"uv": [3.5, 2.5, 4, 3.5], "texture": "#wool_black"},
				"east": {"uv": [6, 2.5, 10, 3.5], "texture": "#wool_black"},
				"south": {"uv": [12, 2.5, 12.5, 3.5], "texture": "#wool_black"},
				"west": {"uv": [6, 2.5, 10, 3.5], "texture": "#wool_black"},
				"up": {"uv": [12, 6, 12.5, 10], "texture": "#wool_black"},
				"down": {"uv": [12, 6, 12.5, 10], "texture": "#wool_black"}
			}
		},
		{
			"name": "wool_black",
			"from": [4, 11.5, 10],
			"to": [4.5, 12.5, 11],
			"faces": {
				"north": {"uv": [11.5, 2.5, 12, 3.5], "texture": "#wool_black"},
				"east": {"uv": [5, 2.5, 6, 3.5], "texture": "#wool_black"},
				"south": {"uv": [4, 2.5, 4.5, 3.5], "texture": "#wool_black"},
				"west": {"uv": [10, 2.5, 11, 3.5], "texture": "#wool_black"},
				"up": {"uv": [4, 10, 4.5, 11], "texture": "#wool_black"},
				"down": {"uv": [4, 5, 4.5, 6], "texture": "#wool_black"}
			}
		},
		{
			"name": "wool_black",
			"from": [11, 11.5, 11],
			"to": [11.5, 12.5, 11.5],
			"faces": {
				"north": {"uv": [4.5, 2.5, 5, 3.5], "texture": "#wool_black"},
				"east": {"uv": [4.50001, 2.5, 5.00001, 3.5], "texture": "#wool_black"},
				"south": {"uv": [11, 2.5, 11.5, 3.5], "texture": "#wool_black"},
				"west": {"uv": [10.99999, 2.5, 11.49999, 3.5], "texture": "#wool_black"},
				"up": {"uv": [11, 10.99999, 11.5, 11.49999], "texture": "#wool_black"},
				"down": {"uv": [11, 4.50001, 11.5, 5.00001], "texture": "#wool_black"}
			}
		},
		{
			"name": "wool_black",
			"from": [10, 11.5, 11.5],
			"to": [11, 12.5, 12],
			"faces": {
				"north": {"uv": [5, 2.5, 6, 3.5], "texture": "#wool_black"},
				"east": {"uv": [4, 2.5, 4.5, 3.5], "texture": "#wool_black"},
				"south": {"uv": [10, 2.5, 11, 3.5], "texture": "#wool_black"},
				"west": {"uv": [11.5, 2.5, 12, 3.5], "texture": "#wool_black"},
				"up": {"uv": [10, 11.5, 11, 12], "texture": "#wool_black"},
				"down": {"uv": [10, 4, 11, 4.5], "texture": "#wool_black"}
			}
		},
		{
			"name": "wool_black",
			"from": [4.5, 11.5, 11],
			"to": [5, 12.5, 11.5],
			"faces": {
				"north": {"uv": [10.99999, 2.5, 11.49999, 3.5], "texture": "#wool_black"},
				"east": {"uv": [4.5, 2.5, 5, 3.5], "texture": "#wool_black"},
				"south": {"uv": [4.50001, 2.5, 5.00001, 3.5], "texture": "#wool_black"},
				"west": {"uv": [11, 2.5, 11.5, 3.5], "texture": "#wool_black"},
				"up": {"uv": [4.50001, 11, 5.00001, 11.5], "texture": "#wool_black"},
				"down": {"uv": [4.50001, 4.5, 5.00001, 5], "texture": "#wool_black"}
			}
		},
		{
			"name": "wool_black",
			"from": [4, 11.5, 5],
			"to": [4.5, 12.5, 6],
			"faces": {
				"north": {"uv": [11.5, 2.5, 12, 3.5], "texture": "#wool_black"},
				"east": {"uv": [9.99999, 2.5, 10.99999, 3.5], "texture": "#wool_black"},
				"south": {"uv": [4, 2.5, 4.5, 3.5], "texture": "#wool_black"},
				"west": {"uv": [5.00001, 2.5, 6.00001, 3.5], "texture": "#wool_black"},
				"up": {"uv": [4, 5.00001, 4.5, 6.00001], "texture": "#wool_black"},
				"down": {"uv": [4, 9.99999, 4.5, 10.99999], "texture": "#wool_black"}
			}
		},
		{
			"name": "wool_black",
			"from": [4.5, 11.5, 4.5],
			"to": [5, 12.5, 5],
			"faces": {
				"north": {"uv": [11, 2.5, 11.5, 3.5], "texture": "#wool_black"},
				"east": {"uv": [10.99999, 2.5, 11.49999, 3.5], "texture": "#wool_black"},
				"south": {"uv": [4.5, 2.5, 5, 3.5], "texture": "#wool_black"},
				"west": {"uv": [4.50001, 2.5, 5.00001, 3.5], "texture": "#wool_black"},
				"up": {"uv": [4.5, 4.50001, 5, 5.00001], "texture": "#wool_black"},
				"down": {"uv": [4.5, 10.99999, 5, 11.49999], "texture": "#wool_black"}
			}
		},
		{
			"name": "wool_black",
			"from": [5.5, 11.5, 4],
			"to": [6, 12.5, 4.5],
			"faces": {
				"north": {"uv": [10, 2.5, 10.5, 3.5], "texture": "#wool_black"},
				"east": {"uv": [11.5, 2.5, 12, 3.5], "texture": "#wool_black"},
				"south": {"uv": [5, 2.5, 5.5, 3.5], "texture": "#wool_black"},
				"west": {"uv": [4, 2.5, 4.5, 3.5], "texture": "#wool_black"},
				"up": {"uv": [5, 4, 5.5, 4.5], "texture": "#wool_black"},
				"down": {"uv": [5, 11.5, 5.5, 12], "texture": "#wool_black"}
			}
		},
		{
			"name": "wool_black",
			"from": [10.5, 12, 4],
			"to": [11, 12.5, 4.5],
			"faces": {
				"north": {"uv": [5.00001, 2.5, 5.50001, 3], "texture": "#0"},
				"east": {"uv": [11.5, 2.5, 12, 3], "texture": "#0"},
				"south": {"uv": [9.99999, 2.5, 10.49999, 3], "texture": "#0"},
				"west": {"uv": [4, 2.5, 4.5, 3], "texture": "#0"},
				"up": {"uv": [9.99999, 4, 10.49999, 4.5], "texture": "#0"},
				"down": {"uv": [9.99999, 11.5, 10.49999, 12], "texture": "#0"}
			}
		},
		{
			"name": "wool_black",
			"from": [11.5, 11.5, 5],
			"to": [12, 12.5, 6.5],
			"faces": {
				"north": {"uv": [4.50001, 2.5, 5.00001, 3.5], "texture": "#wool_black"},
				"east": {"uv": [11, 2.5, 12.5, 3.5], "texture": "#wool_black"},
				"south": {"uv": [10.99999, 2.5, 11.49999, 3.5], "texture": "#wool_black"},
				"west": {"uv": [4.5, 2.5, 6, 3.5], "texture": "#wool_black"},
				"up": {"uv": [10.99999, 4.5, 11.49999, 6], "texture": "#wool_black"},
				"down": {"uv": [10.99999, 11, 11.49999, 12.5], "texture": "#wool_black"}
			}
		},
		{
			"name": "wool_black",
			"from": [11, 11, 11.5],
			"to": [12, 11.5, 12],
			"faces": {
				"north": {"uv": [4, 3.5, 5, 4], "texture": "#wool_black"},
				"east": {"uv": [4.00001, 3.5, 4.50001, 4], "texture": "#wool_black"},
				"south": {"uv": [11, 3.5, 12, 4], "texture": "#wool_black"},
				"west": {"uv": [11.49999, 3.5, 11.99999, 4], "texture": "#wool_black"},
				"up": {"uv": [11, 11.49999, 12, 11.99999], "texture": "#wool_black"},
				"down": {"uv": [11, 4.00001, 12, 4.50001], "texture": "#wool_black"}
			}
		},
		{
			"name": "wool_black",
			"from": [11, 9, 3.5],
			"to": [12, 11, 4],
			"faces": {
				"north": {"uv": [4.00001, 4, 5.00001, 6], "texture": "#wool_black"},
				"east": {"uv": [12, 4, 12.5, 6], "texture": "#wool_black"},
				"south": {"uv": [10.99999, 4, 11.99999, 6], "texture": "#wool_black"},
				"west": {"uv": [3.5, 4, 4, 6], "texture": "#wool_black"},
				"up": {"uv": [10.99999, 3.5, 11.99999, 4], "texture": "#wool_black"},
				"down": {"uv": [10.99999, 12, 11.99999, 12.5], "texture": "#wool_black"}
			}
		},
		{
			"name": "wool_black",
			"from": [11.5, 11, 11],
			"to": [12.5, 11.5, 11.5],
			"faces": {
				"north": {"uv": [3.5, 3.5, 4.5, 4], "texture": "#wool_black"},
				"east": {"uv": [4.50001, 3.5, 5.00001, 4], "texture": "#wool_black"},
				"south": {"uv": [11.5, 3.5, 12.5, 4], "texture": "#wool_black"},
				"west": {"uv": [10.99999, 3.5, 11.49999, 4], "texture": "#wool_black"},
				"up": {"uv": [11.5, 10.99999, 12.5, 11.49999], "texture": "#wool_black"},
				"down": {"uv": [11.5, 4.50001, 12.5, 5.00001], "texture": "#wool_black"}
			}
		},
		{
			"name": "wool_black",
			"from": [11, 11, 4],
			"to": [12, 11.5, 4.5],
			"faces": {
				"north": {"uv": [4.00001, 3.5, 5.00001, 4], "texture": "#wool_black"},
				"east": {"uv": [11.5, 3.5, 12, 4], "texture": "#wool_black"},
				"south": {"uv": [10.99999, 3.5, 11.99999, 4], "texture": "#wool_black"},
				"west": {"uv": [4, 3.5, 4.5, 4], "texture": "#wool_black"},
				"up": {"uv": [10.99999, 4, 11.99999, 4.5], "texture": "#wool_black"},
				"down": {"uv": [10.99999, 11.5, 11.99999, 12], "texture": "#wool_black"}
			}
		},
		{
			"name": "wool_black",
			"from": [4, 11, 11.5],
			"to": [5, 11.5, 12],
			"faces": {
				"north": {"uv": [10.99999, 3.5, 11.99999, 4], "texture": "#wool_black"},
				"east": {"uv": [4, 3.5, 4.5, 4], "texture": "#wool_black"},
				"south": {"uv": [4.00001, 3.5, 5.00001, 4], "texture": "#wool_black"},
				"west": {"uv": [11.5, 3.5, 12, 4], "texture": "#wool_black"},
				"up": {"uv": [4.00001, 11.5, 5.00001, 12], "texture": "#wool_black"},
				"down": {"uv": [4.00001, 4, 5.00001, 4.5], "texture": "#wool_black"}
			}
		},
		{
			"name": "wool_black",
			"from": [6, 11, 12],
			"to": [10, 12, 12.5],
			"faces": {
				"north": {"uv": [6, 3, 10, 4], "texture": "#wool_black"},
				"east": {"uv": [3.50001, 3, 4.00001, 4], "texture": "#wool_black"},
				"south": {"uv": [6, 3, 10, 4], "texture": "#wool_black"},
				"west": {"uv": [11.99999, 3, 12.49999, 4], "texture": "#wool_black"},
				"up": {"uv": [6, 11.99999, 10, 12.49999], "texture": "#wool_black"},
				"down": {"uv": [6, 3.50001, 10, 4.00001], "texture": "#wool_black"}
			}
		},
		{
			"name": "wool_black",
			"from": [5, 9, 3.5],
			"to": [5.5, 11.5, 4],
			"faces": {
				"north": {"uv": [10, 3, 10.5, 5.5], "texture": "#wool_black"},
				"east": {"uv": [11.99999, 3, 12.49999, 5.5], "texture": "#wool_black"},
				"south": {"uv": [5, 3, 5.5, 5.5], "texture": "#wool_black"},
				"west": {"uv": [3.50001, 3, 4.00001, 5.5], "texture": "#wool_black"},
				"up": {"uv": [5, 3.50001, 5.5, 4.00001], "texture": "#wool_black"},
				"down": {"uv": [5, 11.99999, 5.5, 12.49999], "texture": "#wool_black"}
			}
		},
		{
			"name": "wool_black",
			"from": [11.5, 11, 4.5],
			"to": [12.5, 11.5, 5],
			"faces": {
				"north": {"uv": [3.50001, 3.5, 4.50001, 4], "texture": "#wool_black"},
				"east": {"uv": [11, 3.5, 11.5, 4], "texture": "#wool_black"},
				"south": {"uv": [11.49999, 3.5, 12.49999, 4], "texture": "#wool_black"},
				"west": {"uv": [4.5, 3.5, 5, 4], "texture": "#wool_black"},
				"up": {"uv": [11.49999, 4.5, 12.49999, 5], "texture": "#wool_black"},
				"down": {"uv": [11.49999, 11, 12.49999, 11.5], "texture": "#wool_black"}
			}
		},
		{
			"name": "wool_black",
			"from": [3.5, 11, 4.5],
			"to": [4.5, 11.5, 5],
			"faces": {
				"north": {"uv": [11.5, 3.5, 12.5, 4], "texture": "#wool_black"},
				"east": {"uv": [10.99999, 3.5, 11.49999, 4], "texture": "#wool_black"},
				"south": {"uv": [3.5, 3.5, 4.5, 4], "texture": "#wool_black"},
				"west": {"uv": [4.50001, 3.5, 5.00001, 4], "texture": "#wool_black"},
				"up": {"uv": [3.5, 4.50001, 4.5, 5.00001], "texture": "#wool_black"},
				"down": {"uv": [3.5, 10.99999, 4.5, 11.49999], "texture": "#wool_black"}
			}
		},
		{
			"name": "wool_black",
			"from": [4, 11, 4],
			"to": [5, 11.5, 4.5],
			"faces": {
				"north": {"uv": [11, 3.5, 12, 4], "texture": "#wool_black"},
				"east": {"uv": [11.49999, 3.5, 11.99999, 4], "texture": "#wool_black"},
				"south": {"uv": [4, 3.5, 5, 4], "texture": "#wool_black"},
				"west": {"uv": [4.00001, 3.5, 4.50001, 4], "texture": "#wool_black"},
				"up": {"uv": [4, 4.00001, 5, 4.50001], "texture": "#wool_black"},
				"down": {"uv": [4, 11.49999, 5, 11.99999], "texture": "#wool_black"}
			}
		},
		{
			"name": "wool_black",
			"from": [3.5, 11, 11],
			"to": [4.5, 11.5, 11.5],
			"faces": {
				"north": {"uv": [11.49999, 3.5, 12.49999, 4], "texture": "#wool_black"},
				"east": {"uv": [4.5, 3.5, 5, 4], "texture": "#wool_black"},
				"south": {"uv": [3.50001, 3.5, 4.50001, 4], "texture": "#wool_black"},
				"west": {"uv": [11, 3.5, 11.5, 4], "texture": "#wool_black"},
				"up": {"uv": [3.50001, 11, 4.50001, 11.5], "texture": "#wool_black"},
				"down": {"uv": [3.50001, 4.5, 4.50001, 5], "texture": "#wool_black"}
			}
		},
		{
			"name": "wool_black",
			"from": [12, 11, 10],
			"to": [13, 11.5, 11],
			"faces": {
				"north": {"uv": [3, 3.5, 4, 4], "texture": "#wool_black"},
				"east": {"uv": [5.00001, 3.5, 6.00001, 4], "texture": "#wool_black"},
				"south": {"uv": [12, 3.5, 13, 4], "texture": "#wool_black"},
				"west": {"uv": [9.99999, 3.5, 10.99999, 4], "texture": "#wool_black"},
				"up": {"uv": [12, 9.99999, 13, 10.99999], "texture": "#wool_black"},
				"down": {"uv": [12, 5.00001, 13, 6.00001], "texture": "#wool_black"}
			}
		},
		{
			"name": "wool_black",
			"from": [12, 11, 5],
			"to": [13, 11.5, 6],
			"faces": {
				"north": {"uv": [3.00001, 3.5, 4.00001, 4], "texture": "#wool_black"},
				"east": {"uv": [10, 3.5, 11, 4], "texture": "#wool_black"},
				"south": {"uv": [12, 3.5, 13, 4], "texture": "#wool_black"},
				"west": {"uv": [5, 3.5, 6, 4], "texture": "#wool_black"},
				"up": {"uv": [12, 5, 13, 6], "texture": "#wool_black"},
				"down": {"uv": [12, 10, 13, 11], "texture": "#wool_black"}
			}
		},
		{
			"name": "wool_black",
			"from": [3.5, 9.5, 4],
			"to": [4, 11, 5],
			"faces": {
				"north": {"uv": [12, 4, 12.5, 5.5], "texture": "#wool_black"},
				"east": {"uv": [10.99999, 4, 11.99999, 5.5], "texture": "#wool_black"},
				"south": {"uv": [3.5, 4, 4, 5.5], "texture": "#wool_black"},
				"west": {"uv": [4.00001, 4, 5.00001, 5.5], "texture": "#wool_black"},
				"up": {"uv": [3.5, 4.00001, 4, 5.00001], "texture": "#wool_black"},
				"down": {"uv": [3.5, 10.99999, 4, 11.99999], "texture": "#wool_black"}
			}
		},
		{
			"name": "wool_black",
			"from": [12.5, 10, 6],
			"to": [13, 11.5, 10],
			"faces": {
				"north": {"uv": [3, 3.5, 3.5, 5], "texture": "#wool_black"},
				"east": {"uv": [6, 3.5, 10, 5], "texture": "#wool_black"},
				"south": {"uv": [12.5, 3.5, 13, 5], "texture": "#wool_black"},
				"west": {"uv": [6, 3.5, 10, 5], "texture": "#wool_black"},
				"up": {"uv": [12.5, 6, 13, 10], "texture": "#wool_black"},
				"down": {"uv": [12.5, 6, 13, 10], "texture": "#wool_black"}
			}
		},
		{
			"name": "wool_black",
			"from": [4.5, 13, 6.5],
			"to": [11, 13.5, 9.5],
			"faces": {
				"north": {"uv": [5, 1.5, 11.5, 2], "texture": "#wool_black"},
				"east": {"uv": [6.5, 1.5, 9.5, 2], "texture": "#wool_black"},
				"south": {"uv": [4.5, 1.5, 11, 2], "texture": "#wool_black"},
				"west": {"uv": [6.5, 1.5, 9.5, 2], "texture": "#wool_black"},
				"up": {"uv": [4.5, 6.5, 11, 9.5], "texture": "#wool_black"},
				"down": {"uv": [4.5, 6.5, 11, 9.5], "texture": "#wool_black"}
			}
		},
		{
			"name": "wool_black",
			"from": [3, 10, 5],
			"to": [3.5, 11, 6],
			"faces": {
				"north": {"uv": [12.5, 4, 13, 5], "texture": "#wool_black"},
				"east": {"uv": [10, 4, 11, 5], "texture": "#wool_black"},
				"south": {"uv": [3, 4, 3.5, 5], "texture": "#wool_black"},
				"west": {"uv": [5.00001, 4, 6.00001, 5], "texture": "#wool_black"},
				"up": {"uv": [3, 5.00001, 3.5, 6.00001], "texture": "#wool_black"},
				"down": {"uv": [3, 10, 3.5, 11], "texture": "#wool_black"}
			}
		},
		{
			"name": "wool_black",
			"from": [12, 9.5, 4],
			"to": [12.5, 11, 5],
			"faces": {
				"north": {"uv": [3.5, 4, 4, 5.5], "texture": "#wool_black"},
				"east": {"uv": [11, 4, 12, 5.5], "texture": "#wool_black"},
				"south": {"uv": [12, 4, 12.5, 5.5], "texture": "#wool_black"},
				"west": {"uv": [4, 4, 5, 5.5], "texture": "#wool_black"},
				"up": {"uv": [12, 4, 12.5, 5], "texture": "#wool_black"},
				"down": {"uv": [12, 11, 12.5, 12], "texture": "#wool_black"}
			}
		},
		{
			"name": "wool_black",
			"from": [12.5, 10, 5],
			"to": [13, 11, 6],
			"faces": {
				"north": {"uv": [3, 4, 3.5, 5], "texture": "#wool_black"},
				"east": {"uv": [10, 4, 11, 5], "texture": "#wool_black"},
				"south": {"uv": [12.5, 4, 13, 5], "texture": "#wool_black"},
				"west": {"uv": [5, 4, 6, 5], "texture": "#wool_black"},
				"up": {"uv": [12.5, 5, 13, 6], "texture": "#wool_black"},
				"down": {"uv": [12.5, 10, 13, 11], "texture": "#wool_black"}
			}
		},
		{
			"name": "wool_black",
			"from": [4, 10, 12],
			"to": [12, 11, 12.5],
			"faces": {
				"north": {"uv": [3.99997, 4, 11.99997, 5], "texture": "#wool_black"},
				"east": {"uv": [3.5, 4, 4, 5], "texture": "#wool_black"},
				"south": {"uv": [4.00003, 4, 12.00003, 5], "texture": "#wool_black"},
				"west": {"uv": [12, 4, 12.5, 5], "texture": "#wool_black"},
				"up": {"uv": [4.00003, 12, 12.00003, 12.5], "texture": "#wool_black"},
				"down": {"uv": [4.00003, 3.5, 12.00003, 4], "texture": "#wool_black"}
			}
		},
		{
			"name": "wool_black",
			"from": [4, 9, 3.5],
			"to": [5, 11, 4],
			"faces": {
				"north": {"uv": [11, 4, 12, 6], "texture": "#wool_black"},
				"east": {"uv": [11.99999, 4, 12.49999, 6], "texture": "#wool_black"},
				"south": {"uv": [4, 4, 5, 6], "texture": "#wool_black"},
				"west": {"uv": [3.50001, 4, 4.00001, 6], "texture": "#wool_black"},
				"up": {"uv": [4, 3.50001, 5, 4.00001], "texture": "#wool_black"},
				"down": {"uv": [4, 11.99999, 5, 12.49999], "texture": "#wool_black"}
			}
		},
		{
			"name": "wool_black",
			"from": [11, 12.5, 5.5],
			"to": [11.5, 13, 6],
			"faces": {
				"north": {"uv": [4.5, 2, 5, 2.5], "texture": "#wool_black"},
				"east": {"uv": [10, 2, 10.5, 2.5], "texture": "#wool_black"},
				"south": {"uv": [11, 2, 11.5, 2.5], "texture": "#wool_black"},
				"west": {"uv": [5, 2, 5.5, 2.5], "texture": "#wool_black"},
				"up": {"uv": [11, 5, 11.5, 5.5], "texture": "#wool_black"},
				"down": {"uv": [11, 10, 11.5, 10.5], "texture": "#wool_black"}
			}
		},
		{
			"name": "wool_black",
			"from": [12, 12, 5.5],
			"to": [12.5, 12.5, 6],
			"faces": {
				"north": {"uv": [4, 2.5, 4.5, 3], "texture": "#0"},
				"east": {"uv": [10, 2.5, 10.5, 3], "texture": "#0"},
				"south": {"uv": [11.5, 2.5, 12, 3], "texture": "#0"},
				"west": {"uv": [5, 2.5, 5.5, 3], "texture": "#0"},
				"up": {"uv": [11.5, 5, 12, 5.5], "texture": "#0"},
				"down": {"uv": [11.5, 10, 12, 10.5], "texture": "#0"}
			}
		},
		{
			"name": "wool_black",
			"from": [11, 12.5, 10],
			"to": [11.5, 13, 11],
			"faces": {
				"north": {"uv": [4.5, 2, 5, 2.5], "texture": "#wool_black"},
				"east": {"uv": [5, 2, 6, 2.5], "texture": "#wool_black"},
				"south": {"uv": [11, 2, 11.5, 2.5], "texture": "#wool_black"},
				"west": {"uv": [10, 2, 11, 2.5], "texture": "#wool_black"},
				"up": {"uv": [11, 10, 11.5, 11], "texture": "#wool_black"},
				"down": {"uv": [11, 5, 11.5, 6], "texture": "#wool_black"}
			}
		},
		{
			"name": "wool_black",
			"from": [11.5, 11.5, 10],
			"to": [12, 12.5, 11],
			"faces": {
				"north": {"uv": [4, 2.5, 4.5, 3.5], "texture": "#wool_black"},
				"east": {"uv": [5.00001, 2.5, 6.00001, 3.5], "texture": "#wool_black"},
				"south": {"uv": [11.5, 2.5, 12, 3.5], "texture": "#wool_black"},
				"west": {"uv": [9.99999, 2.5, 10.99999, 3.5], "texture": "#wool_black"},
				"up": {"uv": [11.5, 9.99999, 12, 10.99999], "texture": "#wool_black"},
				"down": {"uv": [11.5, 5.00001, 12, 6.00001], "texture": "#wool_black"}
			}
		},
		{
			"name": "wool_black",
			"from": [11, 13, 6],
			"to": [11.5, 13.5, 10],
			"faces": {
				"north": {"uv": [4.5, 1.5, 5, 2], "texture": "#wool_black"},
				"east": {"uv": [6, 1.5, 10, 2], "texture": "#wool_black"},
				"south": {"uv": [11, 1.5, 11.5, 2], "texture": "#wool_black"},
				"west": {"uv": [6, 1.5, 10, 2], "texture": "#wool_black"},
				"up": {"uv": [11, 6, 11.5, 10], "texture": "#wool_black"},
				"down": {"uv": [11, 6, 11.5, 10], "texture": "#wool_black"}
			}
		},
		{
			"name": "wool_black",
			"from": [3.5, 11.5, 6],
			"to": [4, 12.5, 10],
			"faces": {
				"north": {"uv": [12, 2.5, 12.5, 3.5], "texture": "#wool_black"},
				"east": {"uv": [6, 2.5, 10, 3.5], "texture": "#wool_black"},
				"south": {"uv": [3.5, 2.5, 4, 3.5], "texture": "#wool_black"},
				"west": {"uv": [6, 2.5, 10, 3.5], "texture": "#wool_black"},
				"up": {"uv": [3.5, 6, 4, 10], "texture": "#wool_black"},
				"down": {"uv": [3.5, 6, 4, 10], "texture": "#wool_black"}
			}
		},
		{
			"name": "wool_black",
			"from": [3, 11, 10],
			"to": [4, 11.5, 11],
			"faces": {
				"north": {"uv": [11.99999, 3.5, 12.99999, 4], "texture": "#wool_black"},
				"east": {"uv": [5, 3.5, 6, 4], "texture": "#wool_black"},
				"south": {"uv": [3.00001, 3.5, 4.00001, 4], "texture": "#wool_black"},
				"west": {"uv": [10, 3.5, 11, 4], "texture": "#wool_black"},
				"up": {"uv": [3.00001, 10, 4.00001, 11], "texture": "#wool_black"},
				"down": {"uv": [3.00001, 5, 4.00001, 6], "texture": "#wool_black"}
			}
		},
		{
			"name": "wool_black",
			"from": [3, 11, 5],
			"to": [4, 11.5, 6],
			"faces": {
				"north": {"uv": [12, 3.5, 13, 4], "texture": "#wool_black"},
				"east": {"uv": [9.99999, 3.5, 10.99999, 4], "texture": "#wool_black"},
				"south": {"uv": [3, 3.5, 4, 4], "texture": "#wool_black"},
				"west": {"uv": [5.00001, 3.5, 6.00001, 4], "texture": "#wool_black"},
				"up": {"uv": [3, 5.00001, 4, 6.00001], "texture": "#wool_black"},
				"down": {"uv": [3, 9.99999, 4, 10.99999], "texture": "#wool_black"}
			}
		},
		{
			"name": "wool_black",
			"from": [3.5, 9.5, 11],
			"to": [4, 11, 12],
			"faces": {
				"north": {"uv": [11.99999, 4, 12.49999, 5.5], "texture": "#wool_black"},
				"east": {"uv": [4, 4, 5, 5.5], "texture": "#wool_black"},
				"south": {"uv": [3.50001, 4, 4.00001, 5.5], "texture": "#wool_black"},
				"west": {"uv": [11, 4, 12, 5.5], "texture": "#wool_black"},
				"up": {"uv": [3.50001, 11, 4.00001, 12], "texture": "#wool_black"},
				"down": {"uv": [3.50001, 4, 4.00001, 5], "texture": "#wool_black"}
			}
		},
		{
			"name": "wool_black",
			"from": [3, 10, 10],
			"to": [3.5, 11, 11],
			"faces": {
				"north": {"uv": [12.49999, 4, 12.99999, 5], "texture": "#wool_black"},
				"east": {"uv": [5, 4, 6, 5], "texture": "#wool_black"},
				"south": {"uv": [3.00001, 4, 3.50001, 5], "texture": "#wool_black"},
				"west": {"uv": [10, 4, 11, 5], "texture": "#wool_black"},
				"up": {"uv": [3.00001, 10, 3.50001, 11], "texture": "#wool_black"},
				"down": {"uv": [3.00001, 5, 3.50001, 6], "texture": "#wool_black"}
			}
		},
		{
			"name": "wool_black",
			"from": [12, 9.5, 11],
			"to": [12.5, 11, 12],
			"faces": {
				"north": {"uv": [3.5, 4, 4, 5.5], "texture": "#wool_black"},
				"east": {"uv": [4.00001, 4, 5.00001, 5.5], "texture": "#wool_black"},
				"south": {"uv": [12, 4, 12.5, 5.5], "texture": "#wool_black"},
				"west": {"uv": [10.99999, 4, 11.99999, 5.5], "texture": "#wool_black"},
				"up": {"uv": [12, 10.99999, 12.5, 11.99999], "texture": "#wool_black"},
				"down": {"uv": [12, 4.00001, 12.5, 5.00001], "texture": "#wool_black"}
			}
		},
		{
			"name": "wool_black",
			"from": [12.5, 10, 10],
			"to": [13, 11, 11],
			"faces": {
				"north": {"uv": [3, 4, 3.5, 5], "texture": "#wool_black"},
				"east": {"uv": [5.00001, 4, 6.00001, 5], "texture": "#wool_black"},
				"south": {"uv": [12.5, 4, 13, 5], "texture": "#wool_black"},
				"west": {"uv": [9.99999, 4, 10.99999, 5], "texture": "#wool_black"},
				"up": {"uv": [12.5, 9.99999, 13, 10.99999], "texture": "#wool_black"},
				"down": {"uv": [12.5, 5.00001, 13, 6.00001], "texture": "#wool_black"}
			}
		},
		{
			"name": "wool_black",
			"from": [3, 10, 6],
			"to": [3.5, 11.5, 10],
			"faces": {
				"north": {"uv": [12.5, 3.5, 13, 5], "texture": "#wool_black"},
				"east": {"uv": [6, 3.5, 10, 5], "texture": "#wool_black"},
				"south": {"uv": [3, 3.5, 3.5, 5], "texture": "#wool_black"},
				"west": {"uv": [6, 3.5, 10, 5], "texture": "#wool_black"},
				"up": {"uv": [3, 6, 3.5, 10], "texture": "#wool_black"},
				"down": {"uv": [3, 6, 3.5, 10], "texture": "#wool_black"}
			}
		},
		{
			"name": "wool_black",
			"from": [3, 9.5, 5],
			"to": [3.5, 10, 11],
			"faces": {
				"north": {"uv": [12.5, 5, 13, 5.5], "texture": "#wool_black"},
				"east": {"uv": [5, 5, 11, 5.5], "texture": "#wool_black"},
				"south": {"uv": [3, 5, 3.5, 5.5], "texture": "#wool_black"},
				"west": {"uv": [5.00001, 5, 11, 5.5], "texture": "#wool_black"},
				"up": {"uv": [3, 5.00001, 3.5, 11], "texture": "#wool_black"},
				"down": {"uv": [3, 5, 3.5, 11], "texture": "#wool_black"}
			}
		},
		{
			"name": "wool_black",
			"from": [12.5, 9.5, 5],
			"to": [13, 10, 11],
			"faces": {
				"north": {"uv": [3, 5, 3.5, 5.5], "texture": "#wool_black"},
				"east": {"uv": [5.00001, 5, 11.00001, 5.5], "texture": "#wool_black"},
				"south": {"uv": [12.5, 5, 13, 5.5], "texture": "#wool_black"},
				"west": {"uv": [5, 5, 10.99999, 5.5], "texture": "#wool_black"},
				"up": {"uv": [12.5, 4.99999, 13, 10.99999], "texture": "#wool_black"},
				"down": {"uv": [12.5, 5.00001, 13, 11.00001], "texture": "#wool_black"}
			}
		},
		{
			"name": "wool_black",
			"from": [7.5, 14, 5.5],
			"to": [8.5, 14.5, 10.5],
			"faces": {
				"north": {"uv": [7.5, 0.5, 8.5, 1], "texture": "#0"},
				"east": {"uv": [7.5, 0.5, 12.5, 1], "texture": "#0"},
				"south": {"uv": [7.5, 0.5, 8.5, 1], "texture": "#0"},
				"west": {"uv": [7.5, 0.5, 12.5, 1], "texture": "#0"},
				"up": {"uv": [7.5, 7.5, 8.5, 12.5], "texture": "#0"},
				"down": {"uv": [7.5, 7.5, 8.5, 12.5], "texture": "#0"}
			}
		},
		{
			"name": "wool_black",
			"from": [5, 11, 12],
			"to": [6, 11.5, 12.5],
			"faces": {
				"north": {"uv": [9.99999, 3.5, 10.99999, 4], "texture": "#wool_black"},
				"east": {"uv": [3.5, 3.5, 4, 4], "texture": "#wool_black"},
				"south": {"uv": [5.00001, 3.5, 6.00001, 4], "texture": "#wool_black"},
				"west": {"uv": [12, 3.5, 12.5, 4], "texture": "#wool_black"},
				"up": {"uv": [5.00001, 12, 6.00001, 12.5], "texture": "#wool_black"},
				"down": {"uv": [5.00001, 3.5, 6.00001, 4], "texture": "#wool_black"}
			}
		},
		{
			"name": "wool_black",
			"from": [5, 11.5, 11.5],
			"to": [6, 12.5, 12],
			"faces": {
				"north": {"uv": [9.99999, 2.5, 10.99999, 3.5], "texture": "#wool_black"},
				"east": {"uv": [4, 2.5, 4.5, 3.5], "texture": "#wool_black"},
				"south": {"uv": [5.00001, 2.5, 6.00001, 3.5], "texture": "#wool_black"},
				"west": {"uv": [11.5, 2.5, 12, 3.5], "texture": "#wool_black"},
				"up": {"uv": [5.00001, 11.5, 6.00001, 12], "texture": "#wool_black"},
				"down": {"uv": [5.00001, 4, 6.00001, 4.5], "texture": "#wool_black"}
			}
		},
		{
			"name": "wool_black",
			"from": [6, 11, 11.5],
			"to": [10, 12.5, 12],
			"faces": {
				"north": {"uv": [5.99999, 2.5, 9.99999, 4], "texture": "#wool_black"},
				"east": {"uv": [4, 2.5, 4.5, 4], "texture": "#wool_black"},
				"south": {"uv": [6.00001, 2.5, 10.00001, 4], "texture": "#wool_black"},
				"west": {"uv": [11.5, 2.5, 12, 4], "texture": "#wool_black"},
				"up": {"uv": [6.00001, 11.5, 10.00001, 12], "texture": "#wool_black"},
				"down": {"uv": [6.00001, 4, 10.00001, 4.5], "texture": "#wool_black"}
			}
		},
		{
			"name": "wool_black",
			"from": [6.5, 12.5, 11.5],
			"to": [9.5, 13, 12],
			"faces": {
				"north": {"uv": [6.49999, 2, 9.49999, 2.5], "texture": "#wool_black"},
				"east": {"uv": [4, 2, 4.5, 2.5], "texture": "#wool_black"},
				"south": {"uv": [6.50001, 2, 9.50001, 2.5], "texture": "#wool_black"},
				"west": {"uv": [11.5, 2, 12, 2.5], "texture": "#wool_black"},
				"up": {"uv": [6.50001, 11.5, 9.50001, 12], "texture": "#wool_black"},
				"down": {"uv": [6.50001, 4, 9.50001, 4.5], "texture": "#wool_black"}
			}
		},
		{
			"name": "wool_black",
			"from": [5.5, 10, 12.5],
			"to": [10.5, 10.5, 13],
			"faces": {
				"north": {"uv": [5.49999, 4.5, 10.49999, 5], "texture": "#wool_black"},
				"east": {"uv": [3, 4.5, 3.5, 5], "texture": "#wool_black"},
				"south": {"uv": [5.50001, 4.5, 10.50001, 5], "texture": "#wool_black"},
				"west": {"uv": [12.5, 4.5, 13, 5], "texture": "#wool_black"},
				"up": {"uv": [5.50001, 12.5, 10.50001, 13], "texture": "#wool_black"},
				"down": {"uv": [5.50001, 3, 10.50001, 3.5], "texture": "#wool_black"}
			}
		},
		{
			"name": "wool_black",
			"from": [5, 6.5, 12.5],
			"to": [11, 10, 13],
			"faces": {
				"north": {"uv": [6.5, 5, 12.5, 8.5], "texture": "#wool_black"},
				"east": {"uv": [3, 5, 3.5, 8.5], "texture": "#wool_black"},
				"south": {"uv": [6.5, 5, 12.5, 8.5], "texture": "#wool_black"},
				"west": {"uv": [12.5, 5, 13, 8.5], "texture": "#wool_black"},
				"up": {"uv": [6.5, 12.5, 12.5, 13], "texture": "#wool_black"},
				"down": {"uv": [6.5, 3, 12.5, 3.5], "texture": "#wool_black"}
			}
		},
		{
			"name": "wool_black",
			"from": [10, 11, 12],
			"to": [11, 11.5, 12.5],
			"faces": {
				"north": {"uv": [5, 3.5, 6, 4], "texture": "#wool_black"},
				"east": {"uv": [3.50001, 3.5, 4.00001, 4], "texture": "#wool_black"},
				"south": {"uv": [10, 3.5, 11, 4], "texture": "#wool_black"},
				"west": {"uv": [11.99999, 3.5, 12.49999, 4], "texture": "#wool_black"},
				"up": {"uv": [10, 11.99999, 11, 12.49999], "texture": "#wool_black"},
				"down": {"uv": [10, 3.50001, 11, 4.00001], "texture": "#wool_black"}
			}
		},
		{
			"name": "wool_black",
			"from": [4, 6, 12],
			"to": [12, 10, 12.5],
			"faces": {
				"north": {"uv": [3.99999, 5, 11.99999, 9], "texture": "#wool_black"},
				"east": {"uv": [3.5, 5, 4, 9], "texture": "#wool_black"},
				"south": {"uv": [4.00001, 5, 12.00001, 9], "texture": "#wool_black"},
				"west": {"uv": [12, 5, 12.5, 9], "texture": "#wool_black"},
				"up": {"uv": [4.00001, 12, 12.00001, 12.5], "texture": "#wool_black"},
				"down": {"uv": [4.00001, 3.5, 12.00001, 4], "texture": "#wool_black"}
			}
		},
		{
			"name": "wool_black",
			"from": [6, 13.5, 6],
			"to": [10, 14, 10],
			"faces": {
				"north": {"uv": [6, 1, 10, 1.5], "texture": "#wool_black"},
				"east": {"uv": [6, 1, 10, 1.5], "texture": "#wool_black"},
				"south": {"uv": [6, 1, 10, 1.5], "texture": "#wool_black"},
				"west": {"uv": [6, 1, 10, 1.5], "texture": "#wool_black"},
				"up": {"uv": [6, 6, 10, 10], "texture": "#wool_black"},
				"down": {"uv": [6, 6, 10, 10], "texture": "#wool_black"}
			}
		},
		{
			"name": "wool_black",
			"from": [6, 11.5, 3.5],
			"to": [10, 12.5, 4],
			"faces": {
				"north": {"uv": [5.5, 2.5, 9.5, 3.5], "texture": "#wool_black"},
				"east": {"uv": [12, 2.5, 12.5, 3.5], "texture": "#wool_black"},
				"south": {"uv": [6, 2.5, 10, 3.5], "texture": "#wool_black"},
				"west": {"uv": [3.5, 2.5, 4, 3.5], "texture": "#wool_black"},
				"up": {"uv": [6, 3.5, 10, 4], "texture": "#wool_black"},
				"down": {"uv": [6, 12, 10, 12.5], "texture": "#wool_black"}
			}
		},
		{
			"name": "wool_black",
			"from": [10.5, 9, 3.5],
			"to": [11, 11.5, 4],
			"faces": {
				"north": {"uv": [5.00001, 3, 5.50001, 5.5], "texture": "#wool_black"},
				"east": {"uv": [12, 3, 12.5, 5.5], "texture": "#wool_black"},
				"south": {"uv": [10.49999, 3, 10.99999, 5.5], "texture": "#wool_black"},
				"west": {"uv": [3.5, 3, 4, 5.5], "texture": "#wool_black"},
				"up": {"uv": [10.49999, 3.5, 10.99999, 4], "texture": "#wool_black"},
				"down": {"uv": [10.49999, 12, 10.99999, 12.5], "texture": "#wool_black"}
			}
		},
		{
			"name": "wool_black",
			"from": [5.5, 9.5, 3],
			"to": [10.5, 11.5, 3.5],
			"faces": {
				"north": {"uv": [5.5, 2.5, 10.5, 4.5], "texture": "#wool_black"},
				"east": {"uv": [12, 2.5, 12.5, 4.5], "texture": "#wool_black"},
				"south": {"uv": [6, 2.5, 11, 4.5], "texture": "#wool_black"},
				"west": {"uv": [3.5, 2.5, 4, 4.5], "texture": "#wool_black"},
				"up": {"uv": [6, 3.5, 11, 4], "texture": "#wool_black"},
				"down": {"uv": [6, 12, 11, 12.5], "texture": "#wool_black"}
			}
		},
		{
			"name": "Element",
			"from": [4, 11.5, 4.5],
			"to": [4.5, 12.5, 5],
			"faces": {
				"north": {"uv": [0, 0, 0.5, 1], "texture": "#0"},
				"east": {"uv": [0, 0, 0.5, 1], "texture": "#0"},
				"south": {"uv": [0, 0, 0.5, 1], "texture": "#0"},
				"west": {"uv": [0, 0, 0.5, 1], "texture": "#0"},
				"up": {"uv": [0, 0, 0.5, 0.5], "texture": "#0"},
				"down": {"uv": [0, 0, 0.5, 0.5], "texture": "#0"}
			}
		},
		{
			"name": "Element",
			"from": [3.5, 11.5, 5],
			"to": [4, 12, 5.5],
			"faces": {
				"north": {"uv": [0, 0, 0.5, 0.5], "texture": "#0"},
				"east": {"uv": [0, 0, 0.5, 0.5], "texture": "#0"},
				"south": {"uv": [0, 0, 0.5, 0.5], "texture": "#0"},
				"west": {"uv": [0, 0, 0.5, 0.5], "texture": "#0"},
				"up": {"uv": [0, 0, 0.5, 0.5], "texture": "#0"},
				"down": {"uv": [0, 0, 0.5, 0.5], "texture": "#0"}
			}
		},
		{
			"name": "Element",
			"from": [4.5, 11.5, 4],
			"to": [5, 12, 4.5],
			"faces": {
				"north": {"uv": [0, 0, 0.5, 0.5], "texture": "#0"},
				"east": {"uv": [0, 0, 0.5, 0.5], "texture": "#0"},
				"south": {"uv": [0, 0, 0.5, 0.5], "texture": "#0"},
				"west": {"uv": [0, 0, 0.5, 0.5], "texture": "#0"},
				"up": {"uv": [0, 0, 0.5, 0.5], "texture": "#0"},
				"down": {"uv": [0, 0, 0.5, 0.5], "texture": "#0"}
			}
		},
		{
			"name": "Element",
			"from": [4.5, 11, 5],
			"to": [5, 13, 5.5],
			"faces": {
				"north": {"uv": [0, 0, 0.5, 2], "texture": "#0"},
				"east": {"uv": [0, 0, 0.5, 2], "texture": "#0"},
				"south": {"uv": [0, 0, 0.5, 2], "texture": "#0"},
				"west": {"uv": [0, 0, 0.5, 2], "texture": "#0"},
				"up": {"uv": [0, 0, 0.5, 0.5], "texture": "#0"},
				"down": {"uv": [0, 0, 0.5, 0.5], "texture": "#0"}
			}
		},
		{
			"name": "wool_black",
			"from": [5, 11.5, 4],
			"to": [5.5, 12, 4.5],
			"faces": {
				"north": {"uv": [10, 2.5, 10.5, 3], "texture": "#wool_black"},
				"east": {"uv": [11.5, 2.5, 12, 3], "texture": "#wool_black"},
				"south": {"uv": [5, 2.5, 5.5, 3], "texture": "#wool_black"},
				"west": {"uv": [4, 2.5, 4.5, 3], "texture": "#wool_black"},
				"up": {"uv": [5, 4, 5.5, 4.5], "texture": "#wool_black"},
				"down": {"uv": [5, 11.5, 5.5, 12], "texture": "#wool_black"}
			}
		},
		{
			"name": "Element",
			"from": [5, 12, 4],
			"to": [5.5, 12.5, 4.5],
			"faces": {
				"north": {"uv": [0, 0, 0.5, 0.5], "texture": "#0"},
				"east": {"uv": [0, 0, 0.5, 0.5], "texture": "#0"},
				"south": {"uv": [0, 0, 0.5, 0.5], "texture": "#0"},
				"west": {"uv": [0, 0, 0.5, 0.5], "texture": "#0"},
				"up": {"uv": [0, 0, 0.5, 0.5], "texture": "#0"},
				"down": {"uv": [0, 0, 0.5, 0.5], "texture": "#0"}
			}
		},
		{
			"name": "wool_black",
			"from": [3.5, 11.5, 5.5],
			"to": [4, 12, 6],
			"faces": {
				"north": {"uv": [12, 2.5, 12.5, 3], "texture": "#wool_black"},
				"east": {"uv": [6, 2.5, 6.5, 3], "texture": "#wool_black"},
				"south": {"uv": [3.5, 2.5, 4, 3], "texture": "#wool_black"},
				"west": {"uv": [6, 2.5, 6.5, 3], "texture": "#wool_black"},
				"up": {"uv": [3.5, 6, 4, 6.5], "texture": "#wool_black"},
				"down": {"uv": [3.5, 6, 4, 6.5], "texture": "#wool_black"}
			}
		},
		{
			"name": "Element",
			"from": [3.5, 12, 5.5],
			"to": [4, 12.5, 6],
			"faces": {
				"north": {"uv": [0, 0, 0.5, 0.5], "texture": "#0"},
				"east": {"uv": [0, 0, 0.5, 0.5], "texture": "#0"},
				"south": {"uv": [0, 0, 0.5, 0.5], "texture": "#0"},
				"west": {"uv": [0, 0, 0.5, 0.5], "texture": "#0"},
				"up": {"uv": [0, 0, 0.5, 0.5], "texture": "#0"},
				"down": {"uv": [0, 0, 0.5, 0.5], "texture": "#0"}
			}
		},
		{
			"name": "wool_black",
			"from": [5.5, 13, 5.5],
			"to": [6.5, 13.5, 6],
			"faces": {
				"north": {"uv": [9.5, 1.5, 10.5, 2], "texture": "#wool_black"},
				"east": {"uv": [9.5, 1.5, 10, 2], "texture": "#wool_black"},
				"south": {"uv": [5, 1.5, 6, 2], "texture": "#wool_black"},
				"west": {"uv": [5.5, 1.5, 6, 2], "texture": "#wool_black"},
				"up": {"uv": [5, 5.5, 6, 6], "texture": "#wool_black"},
				"down": {"uv": [5, 9.5, 6, 10], "texture": "#wool_black"}
			}
		},
		{
			"name": "Element",
			"from": [5, 11.5, 5.5],
			"to": [5.5, 13.5, 6],
			"faces": {
				"north": {"uv": [0, 0, 0.5, 2], "texture": "#0"},
				"east": {"uv": [0, 0, 0.5, 2], "texture": "#0"},
				"south": {"uv": [0, 0, 0.5, 2], "texture": "#0"},
				"west": {"uv": [0, 0, 0.5, 2], "texture": "#0"},
				"up": {"uv": [0, 0, 0.5, 0.5], "texture": "#0"},
				"down": {"uv": [0, 0, 0.5, 0.5], "texture": "#0"}
			}
		},
		{
			"name": "wool_black",
			"from": [7.5, 13.5, 4.5],
			"to": [8.5, 14, 5.5],
			"faces": {
				"north": {"uv": [7.5, 0.5, 8.5, 1], "texture": "#0"},
				"east": {"uv": [7.5, 0.5, 8.5, 1], "texture": "#0"},
				"south": {"uv": [7.5, 0.5, 8.5, 1], "texture": "#0"},
				"west": {"uv": [7.5, 0.5, 8.5, 1], "texture": "#0"},
				"up": {"uv": [7.5, 7.5, 8.5, 8.5], "texture": "#0"},
				"down": {"uv": [7.5, 7.5, 8.5, 8.5], "texture": "#0"}
			}
		},
		{
			"name": "wool_black",
			"from": [7.5, 13, 4],
			"to": [8.5, 13.5, 4.5],
			"faces": {
				"north": {"uv": [7.5, 0.5, 8.5, 1], "texture": "#0"},
				"east": {"uv": [7.5, 0.5, 8, 1], "texture": "#0"},
				"south": {"uv": [7.5, 0.5, 8.5, 1], "texture": "#0"},
				"west": {"uv": [7.5, 0.5, 8, 1], "texture": "#0"},
				"up": {"uv": [7.5, 7.5, 8.5, 8], "texture": "#0"},
				"down": {"uv": [7.5, 7.5, 8.5, 8], "texture": "#0"}
			}
		},
		{
			"name": "wool_black",
			"from": [7.5, 12.5, 3.5],
			"to": [8.5, 13, 4],
			"faces": {
				"north": {"uv": [7.5, 0.5, 8.5, 1], "texture": "#0"},
				"east": {"uv": [7.5, 0.5, 8, 1], "texture": "#0"},
				"south": {"uv": [7.5, 0.5, 8.5, 1], "texture": "#0"},
				"west": {"uv": [7.5, 0.5, 8, 1], "texture": "#0"},
				"up": {"uv": [7.5, 7.5, 8.5, 8], "texture": "#0"},
				"down": {"uv": [7.5, 7.5, 8.5, 8], "texture": "#0"}
			}
		},
		{
			"name": "wool_black",
			"from": [7.5, 11.5, 3],
			"to": [8.5, 12.5, 3.5],
			"faces": {
				"north": {"uv": [7.5, 0.5, 8.5, 1.5], "texture": "#0"},
				"east": {"uv": [7.5, 0.5, 8, 1.5], "texture": "#0"},
				"south": {"uv": [7.5, 0.5, 8.5, 1.5], "texture": "#0"},
				"west": {"uv": [7.5, 0.5, 8, 1.5], "texture": "#0"},
				"up": {"uv": [7.5, 7.5, 8.5, 8], "texture": "#0"},
				"down": {"uv": [7.5, 7.5, 8.5, 8], "texture": "#0"}
			}
		},
		{
			"name": "wool_black",
			"from": [7, 9.5, 2.5],
			"to": [9, 10.5, 3],
			"faces": {
				"north": {"uv": [7.5, 0.5, 9.5, 1.5], "texture": "#1"},
				"east": {"uv": [7.5, 0.5, 8, 1.5], "texture": "#1"},
				"south": {"uv": [7.5, 0.5, 9.5, 1.5], "texture": "#1"},
				"west": {"uv": [7.5, 0.5, 8, 1.5], "texture": "#1"},
				"up": {"uv": [7.5, 7.5, 9.5, 8], "texture": "#1"},
				"down": {"uv": [7.5, 7.5, 9.5, 8], "texture": "#1"}
			}
		},
		{
			"name": "wool_black",
			"from": [7.5, 13.5, 10.5],
			"to": [8.5, 14, 11.5],
			"faces": {
				"north": {"uv": [7.5, 0.5, 8.5, 1], "texture": "#0"},
				"east": {"uv": [7.5, 0.5, 8.5, 1], "texture": "#0"},
				"south": {"uv": [7.5, 0.5, 8.5, 1], "texture": "#0"},
				"west": {"uv": [7.5, 0.5, 8.5, 1], "texture": "#0"},
				"up": {"uv": [7.5, 7.5, 8.5, 8.5], "texture": "#0"},
				"down": {"uv": [7.5, 7.5, 8.5, 8.5], "texture": "#0"}
			}
		},
		{
			"name": "wool_black",
			"from": [7.5, 13, 11.5],
			"to": [8.5, 13.5, 12],
			"faces": {
				"north": {"uv": [7.5, 0.5, 8.5, 1], "texture": "#0"},
				"east": {"uv": [7.5, 0.5, 8, 1], "texture": "#0"},
				"south": {"uv": [7.5, 0.5, 8.5, 1], "texture": "#0"},
				"west": {"uv": [7.5, 0.5, 8, 1], "texture": "#0"},
				"up": {"uv": [7.5, 7.5, 8.5, 8], "texture": "#0"},
				"down": {"uv": [7.5, 7.5, 8.5, 8], "texture": "#0"}
			}
		},
		{
			"name": "wool_black",
			"from": [7.5, 12, 12],
			"to": [8.5, 13, 12.5],
			"faces": {
				"north": {"uv": [7.5, 0.5, 8.5, 1.5], "texture": "#0"},
				"east": {"uv": [7.5, 0.5, 8, 1.5], "texture": "#0"},
				"south": {"uv": [7.5, 0.5, 8.5, 1.5], "texture": "#0"},
				"west": {"uv": [7.5, 0.5, 8, 1.5], "texture": "#0"},
				"up": {"uv": [7.5, 7.5, 8.5, 8], "texture": "#0"},
				"down": {"uv": [7.5, 7.5, 8.5, 8], "texture": "#0"}
			}
		},
		{
			"name": "wool_black",
			"from": [7.5, 10.5, 12.5],
			"to": [8.5, 12, 13],
			"faces": {
				"north": {"uv": [7.5, 0.5, 8.5, 2], "texture": "#0"},
				"east": {"uv": [7.5, 0.5, 8, 2], "texture": "#0"},
				"south": {"uv": [7.5, 0.5, 8.5, 2], "texture": "#0"},
				"west": {"uv": [7.5, 0.5, 8, 2], "texture": "#0"},
				"up": {"uv": [7.5, 7.5, 8.5, 8], "texture": "#0"},
				"down": {"uv": [7.5, 7.5, 8.5, 8], "texture": "#0"}
			}
		},
		{
			"name": "Element",
			"from": [11.5, 11.5, 4.5],
			"to": [12, 12.5, 5],
			"faces": {
				"north": {"uv": [0, 0, 0.5, 1], "texture": "#0"},
				"east": {"uv": [0, 0, 0.5, 1], "texture": "#0"},
				"south": {"uv": [0, 0, 0.5, 1], "texture": "#0"},
				"west": {"uv": [0, 0, 0.5, 1], "texture": "#0"},
				"up": {"uv": [0, 0, 0.5, 0.5], "texture": "#0"},
				"down": {"uv": [0, 0, 0.5, 0.5], "texture": "#0"}
			}
		},
		{
			"name": "Element",
			"from": [11, 11, 5],
			"to": [11.5, 13, 5.5],
			"faces": {
				"north": {"uv": [0, 0, 0.5, 2], "texture": "#0"},
				"east": {"uv": [0, 0, 0.5, 2], "texture": "#0"},
				"south": {"uv": [0, 0, 0.5, 2], "texture": "#0"},
				"west": {"uv": [0, 0, 0.5, 2], "texture": "#0"},
				"up": {"uv": [0, 0, 0.5, 0.5], "texture": "#0"},
				"down": {"uv": [0, 0, 0.5, 0.5], "texture": "#0"}
			}
		},
		{
			"name": "wool_black",
			"from": [10.5, 12, 4.5],
			"to": [11, 12.5, 6],
			"faces": {
				"north": {"uv": [5, 2, 5.5, 2.5], "texture": "#wool_black"},
				"east": {"uv": [10, 2, 11.5, 2.5], "texture": "#wool_black"},
				"south": {"uv": [10, 2, 10.5, 2.5], "texture": "#wool_black"},
				"west": {"uv": [4.5, 2, 6, 2.5], "texture": "#wool_black"},
				"up": {"uv": [10, 4.5, 10.5, 6], "texture": "#wool_black"},
				"down": {"uv": [10, 10, 10.5, 11.5], "texture": "#wool_black"}
			}
		},
		{
			"name": "wool_black",
			"from": [11, 12, 5],
			"to": [11.5, 12.5, 6.5],
			"faces": {
				"north": {"uv": [5, 2, 5.5, 2.5], "texture": "#wool_black"},
				"east": {"uv": [10, 2, 11.5, 2.5], "texture": "#wool_black"},
				"south": {"uv": [10, 2, 10.5, 2.5], "texture": "#wool_black"},
				"west": {"uv": [4.5, 2, 6, 2.5], "texture": "#wool_black"},
				"up": {"uv": [10, 4.5, 10.5, 6], "texture": "#wool_black"},
				"down": {"uv": [10, 10, 10.5, 11.5], "texture": "#wool_black"}
			}
		},
		{
			"name": "Element",
			"from": [10.5, 12.5, 5.5],
			"to": [11, 13.5, 6],
			"faces": {
				"north": {"uv": [0, 0, 0.5, 1], "texture": "#0"},
				"east": {"uv": [0, 0, 0.5, 1], "texture": "#0"},
				"south": {"uv": [0, 0, 0.5, 1], "texture": "#0"},
				"west": {"uv": [0, 0, 0.5, 1], "texture": "#0"},
				"up": {"uv": [0, 0, 0.5, 0.5], "texture": "#0"},
				"down": {"uv": [0, 0, 0.5, 0.5], "texture": "#0"}
			}
		},
		{
			"name": "wool_black",
			"from": [9.5, 13, 6],
			"to": [11, 13.5, 6.5],
			"faces": {
				"north": {"uv": [5, 1.5, 6.5, 2], "texture": "#wool_black"},
				"east": {"uv": [9.5, 1.5, 10, 2], "texture": "#wool_black"},
				"south": {"uv": [9.5, 1.5, 11, 2], "texture": "#wool_black"},
				"west": {"uv": [5.5, 1.5, 6, 2], "texture": "#wool_black"},
				"up": {"uv": [9.5, 5.5, 11, 6], "texture": "#wool_black"},
				"down": {"uv": [9.5, 9.5, 11, 10], "texture": "#wool_black"}
			}
		},
		{
			"name": "wool_black",
			"from": [10.5, 12.5, 5.5],
			"to": [11, 13, 6],
			"faces": {
				"north": {"uv": [5, 1.5, 5.5, 2], "texture": "#wool_black"},
				"east": {"uv": [9.5, 1.5, 10, 2], "texture": "#wool_black"},
				"south": {"uv": [9.5, 1.5, 10, 2], "texture": "#wool_black"},
				"west": {"uv": [5.5, 1.5, 6, 2], "texture": "#wool_black"},
				"up": {"uv": [9.5, 5.5, 10, 6], "texture": "#wool_black"},
				"down": {"uv": [9.5, 9.5, 10, 10], "texture": "#wool_black"}
			}
		},
		{
			"name": "Element",
			"from": [11, 11.5, 4],
			"to": [11.5, 12, 4.5],
			"faces": {
				"north": {"uv": [0, 0, 0.5, 0.5], "texture": "#0"},
				"east": {"uv": [0, 0, 0.5, 0.5], "texture": "#0"},
				"south": {"uv": [0, 0, 0.5, 0.5], "texture": "#0"},
				"west": {"uv": [0, 0, 0.5, 0.5], "texture": "#0"},
				"up": {"uv": [0, 0, 0.5, 0.5], "texture": "#0"},
				"down": {"uv": [0, 0, 0.5, 0.5], "texture": "#0"}
			}
		},
		{
			"name": "Element",
			"from": [12, 11.5, 5],
			"to": [12.5, 12, 5.5],
			"faces": {
				"north": {"uv": [0, 0, 0.5, 0.5], "texture": "#0"},
				"east": {"uv": [0, 0, 0.5, 0.5], "texture": "#0"},
				"south": {"uv": [0, 0, 0.5, 0.5], "texture": "#0"},
				"west": {"uv": [0, 0, 0.5, 0.5], "texture": "#0"},
				"up": {"uv": [0, 0, 0.5, 0.5], "texture": "#0"},
				"down": {"uv": [0, 0, 0.5, 0.5], "texture": "#0"}
			}
		},
		{
			"name": "wool_black",
			"from": [10, 11.5, 3.5],
			"to": [10.5, 12, 4],
			"faces": {
				"north": {"uv": [5.00001, 2.5, 5.50001, 3], "texture": "#wool_black"},
				"east": {"uv": [11.5, 2.5, 12, 3], "texture": "#wool_black"},
				"south": {"uv": [9.99999, 2.5, 10.49999, 3], "texture": "#wool_black"},
				"west": {"uv": [4, 2.5, 4.5, 3], "texture": "#wool_black"},
				"up": {"uv": [9.99999, 4, 10.49999, 4.5], "texture": "#wool_black"},
				"down": {"uv": [9.99999, 11.5, 10.49999, 12], "texture": "#wool_black"}
			}
		},
		{
			"name": "wool_black",
			"from": [12, 7, 4],
			"to": [12.5, 9.5, 5],
			"faces": {
				"north": {"uv": [3.5, 4, 4, 6.5], "texture": "#wool_black"},
				"east": {"uv": [11, 4, 12, 6.5], "texture": "#wool_black"},
				"south": {"uv": [12, 4, 12.5, 6.5], "texture": "#wool_black"},
				"west": {"uv": [4, 4, 5, 6.5], "texture": "#wool_black"},
				"up": {"uv": [12, 4, 12.5, 5], "texture": "#wool_black"},
				"down": {"uv": [12, 11, 12.5, 12], "texture": "#wool_black"}
			}
		},
		{
			"name": "wool_black",
			"from": [11.5, 8.5, 3.5],
			"to": [12, 9, 4],
			"faces": {
				"north": {"uv": [4.00001, 4, 4.50001, 4.5], "texture": "#wool_black"},
				"east": {"uv": [12, 4, 12.5, 4.5], "texture": "#wool_black"},
				"south": {"uv": [10.99999, 4, 11.49999, 4.5], "texture": "#wool_black"},
				"west": {"uv": [3.5, 4, 4, 4.5], "texture": "#wool_black"},
				"up": {"uv": [10.99999, 3.5, 11.49999, 4], "texture": "#wool_black"},
				"down": {"uv": [10.99999, 12, 11.49999, 12.5], "texture": "#wool_black"}
			}
		},
		{
			"name": "wool_black",
			"from": [3.5, 7, 4],
			"to": [4, 9.5, 5],
			"faces": {
				"north": {"uv": [3.5, 4, 4, 6.5], "texture": "#wool_black"},
				"east": {"uv": [11, 4, 12, 6.5], "texture": "#wool_black"},
				"south": {"uv": [12, 4, 12.5, 6.5], "texture": "#wool_black"},
				"west": {"uv": [4, 4, 5, 6.5], "texture": "#wool_black"},
				"up": {"uv": [12, 4, 12.5, 5], "texture": "#wool_black"},
				"down": {"uv": [12, 11, 12.5, 12], "texture": "#wool_black"}
			}
		},
		{
			"name": "wool_black",
			"from": [4, 8.5, 3.5],
			"to": [4.5, 9, 4],
			"faces": {
				"north": {"uv": [4.00001, 4, 4.50001, 4.5], "texture": "#wool_black"},
				"east": {"uv": [12, 4, 12.5, 4.5], "texture": "#wool_black"},
				"south": {"uv": [10.99999, 4, 11.49999, 4.5], "texture": "#wool_black"},
				"west": {"uv": [3.5, 4, 4, 4.5], "texture": "#wool_black"},
				"up": {"uv": [10.99999, 3.5, 11.49999, 4], "texture": "#wool_black"},
				"down": {"uv": [10.99999, 12, 11.49999, 12.5], "texture": "#wool_black"}
			}
		},
		{
			"name": "wool_black",
			"from": [3, 6, 5],
			"to": [3.5, 9.5, 11],
			"faces": {
				"north": {"uv": [12.5, 5, 13, 8.5], "texture": "#wool_black"},
				"east": {"uv": [5, 5, 11, 8.5], "texture": "#wool_black"},
				"south": {"uv": [3, 5, 3.5, 8.5], "texture": "#wool_black"},
				"west": {"uv": [5.00001, 5, 11, 8.5], "texture": "#wool_black"},
				"up": {"uv": [3, 5.00001, 3.5, 11], "texture": "#wool_black"},
				"down": {"uv": [3, 5, 3.5, 11], "texture": "#wool_black"}
			}
		},
		{
			"name": "wool_black",
			"from": [12.5, 6, 5],
			"to": [13, 9.5, 11],
			"faces": {
				"north": {"uv": [3, 5, 3.5, 8.5], "texture": "#wool_black"},
				"east": {"uv": [5.00001, 5, 11, 8.5], "texture": "#wool_black"},
				"south": {"uv": [12.5, 5, 13, 8.5], "texture": "#wool_black"},
				"west": {"uv": [5, 5, 11, 8.5], "texture": "#wool_black"},
				"up": {"uv": [12.5, 4.99999, 13, 10.99999], "texture": "#wool_black"},
				"down": {"uv": [12.5, 5.00001, 13, 11.00001], "texture": "#wool_black"}
			}
		},
		{
			"name": "wool_black",
			"from": [5.5, 7.5, 3.5],
			"to": [10.5, 10, 4],
			"faces": {
				"north": {"uv": [5.5, 2.5, 10.5, 5], "texture": "#2"},
				"east": {"uv": [12, 2.5, 12.5, 5], "texture": "#2"},
				"south": {"uv": [6, 2.5, 11, 5], "texture": "#2"},
				"west": {"uv": [3.5, 2.5, 4, 5], "texture": "#2"},
				"up": {"uv": [6, 3.5, 11, 4], "texture": "#2"},
				"down": {"uv": [6, 12, 11, 12.5], "texture": "#2"}
			}
		},
		{
			"name": "wool_black",
			"from": [5.5, 11.5, 3.5],
			"to": [6, 12, 4],
			"faces": {
				"north": {"uv": [5.00001, 2.5, 5.50001, 3], "texture": "#wool_black"},
				"east": {"uv": [11.5, 2.5, 12, 3], "texture": "#wool_black"},
				"south": {"uv": [9.99999, 2.5, 10.49999, 3], "texture": "#wool_black"},
				"west": {"uv": [4, 2.5, 4.5, 3], "texture": "#wool_black"},
				"up": {"uv": [9.99999, 4, 10.49999, 4.5], "texture": "#wool_black"},
				"down": {"uv": [9.99999, 11.5, 10.49999, 12], "texture": "#wool_black"}
			}
		},
		{
			"name": "wool_black",
			"from": [4, 7, 4],
			"to": [5.5, 9.5, 4.5],
			"faces": {
				"north": {"uv": [7, 1, 9, 5], "texture": "#2"},
				"east": {"uv": [12, 2.5, 12.5, 5], "texture": "#2"},
				"south": {"uv": [6, 2.5, 7.5, 5], "texture": "#2"},
				"west": {"uv": [3.5, 2.5, 4, 5], "texture": "#2"},
				"up": {"uv": [6, 3.5, 7.5, 4], "texture": "#2"},
				"down": {"uv": [6, 12, 7.5, 12.5], "texture": "#2"}
			}
		},
		{
			"name": "wool_black",
			"from": [10.5, 7, 4],
			"to": [12, 9.5, 4.5],
			"faces": {
				"north": {"uv": [5.5, 2.5, 7, 5], "texture": "#2"},
				"east": {"uv": [12, 2.5, 12.5, 5], "texture": "#2"},
				"south": {"uv": [6, 2.5, 7.5, 5], "texture": "#2"},
				"west": {"uv": [3.5, 2.5, 4, 5], "texture": "#2"},
				"up": {"uv": [6, 3.5, 7.5, 4], "texture": "#2"},
				"down": {"uv": [6, 12, 7.5, 12.5], "texture": "#2"}
			}
		},
		{
			"name": "wool_black",
			"from": [7.5, 10.5, 2.5],
			"to": [8.5, 11.5, 3],
			"faces": {
				"north": {"uv": [7.5, 0.5, 8.5, 1.5], "texture": "#0"},
				"east": {"uv": [7.5, 0.5, 8, 1.5], "texture": "#0"},
				"south": {"uv": [7.5, 0.5, 8.5, 1.5], "texture": "#0"},
				"west": {"uv": [7.5, 0.5, 8, 1.5], "texture": "#0"},
				"up": {"uv": [7.5, 7.5, 8.5, 8], "texture": "#0"},
				"down": {"uv": [7.5, 7.5, 8.5, 8], "texture": "#0"}
			}
		},
		{
			"name": "wool_black",
			"from": [5.5, 7, 3.5],
			"to": [6.5, 7.5, 4],
			"faces": {
				"north": {"uv": [5.5, 2.5, 6.5, 3], "texture": "#2"},
				"east": {"uv": [12, 2.5, 12.5, 3], "texture": "#2"},
				"south": {"uv": [6, 2.5, 7, 3], "texture": "#2"},
				"west": {"uv": [3.5, 2.5, 4, 3], "texture": "#2"},
				"up": {"uv": [6, 3.5, 7, 4], "texture": "#2"},
				"down": {"uv": [6, 12, 7, 12.5], "texture": "#2"}
			}
		},
		{
			"name": "wool_black",
			"from": [9.5, 7, 3.5],
			"to": [10.5, 7.5, 4],
			"faces": {
				"north": {"uv": [5.5, 2.5, 6.5, 3], "texture": "#2"},
				"east": {"uv": [12, 2.5, 12.5, 3], "texture": "#2"},
				"south": {"uv": [6, 2.5, 7, 3], "texture": "#2"},
				"west": {"uv": [3.5, 2.5, 4, 3], "texture": "#2"},
				"up": {"uv": [6, 3.5, 7, 4], "texture": "#2"},
				"down": {"uv": [6, 12, 7, 12.5], "texture": "#2"}
			}
		},
		{
			"name": "wool_black",
			"from": [3.5, 6, 11],
			"to": [4, 9.5, 12],
			"faces": {
				"north": {"uv": [11.99999, 4, 12.49999, 7.5], "texture": "#wool_black"},
				"east": {"uv": [4, 4, 5, 7.5], "texture": "#wool_black"},
				"south": {"uv": [3.50001, 4, 4.00001, 7.5], "texture": "#wool_black"},
				"west": {"uv": [11, 4, 12, 7.5], "texture": "#wool_black"},
				"up": {"uv": [3.50001, 11, 4.00001, 12], "texture": "#wool_black"},
				"down": {"uv": [3.50001, 4, 4.00001, 5], "texture": "#wool_black"}
			}
		},
		{
			"name": "wool_black",
			"from": [12, 6, 11],
			"to": [12.5, 9.5, 12],
			"faces": {
				"north": {"uv": [3.5, 4, 4, 7.5], "texture": "#wool_black"},
				"east": {"uv": [4.00001, 4, 5.00001, 7.5], "texture": "#wool_black"},
				"south": {"uv": [12, 4, 12.5, 7.5], "texture": "#wool_black"},
				"west": {"uv": [10.99999, 4, 11.99999, 7.5], "texture": "#wool_black"},
				"up": {"uv": [12, 10.99999, 12.5, 11.99999], "texture": "#wool_black"},
				"down": {"uv": [12, 4.00001, 12.5, 5.00001], "texture": "#wool_black"}
			}
		},
		{
			"name": "wool_black",
			"from": [2.5, 6.5, 6],
			"to": [3, 10, 10],
			"faces": {
				"north": {"uv": [12.5, 5, 13, 8.5], "texture": "#wool_black"},
				"east": {"uv": [5, 5, 9, 8.5], "texture": "#wool_black"},
				"south": {"uv": [3, 5, 3.5, 8.5], "texture": "#wool_black"},
				"west": {"uv": [5.00001, 5, 9.00001, 8.5], "texture": "#wool_black"},
				"up": {"uv": [3, 5.00001, 3.5, 9.00001], "texture": "#wool_black"},
				"down": {"uv": [3, 5, 3.5, 9], "texture": "#wool_black"}
			}
		},
		{
			"name": "wool_black",
			"from": [2.5, 6.5, 6],
			"to": [3, 10, 10],
			"faces": {
				"north": {"uv": [12.5, 5, 13, 8.5], "texture": "#wool_black"},
				"east": {"uv": [5, 5, 9, 8.5], "texture": "#wool_black"},
				"south": {"uv": [3, 5, 3.5, 8.5], "texture": "#wool_black"},
				"west": {"uv": [5.00001, 5, 9.00001, 8.5], "texture": "#wool_black"},
				"up": {"uv": [3, 5.00001, 3.5, 9.00001], "texture": "#wool_black"},
				"down": {"uv": [3, 5, 3.5, 9], "texture": "#wool_black"}
			}
		},
		{
			"name": "wool_black",
			"from": [13, 6.5, 6],
			"to": [13.5, 10, 10],
			"faces": {
				"north": {"uv": [12.5, 5, 13, 8.5], "texture": "#wool_black"},
				"east": {"uv": [5, 5, 9, 8.5], "texture": "#wool_black"},
				"south": {"uv": [3, 5, 3.5, 8.5], "texture": "#wool_black"},
				"west": {"uv": [5.00001, 5, 9.00001, 8.5], "texture": "#wool_black"},
				"up": {"uv": [3, 5.00001, 3.5, 9.00001], "texture": "#wool_black"},
				"down": {"uv": [3, 5, 3.5, 9], "texture": "#wool_black"}
			}
		},
		{
			"name": "wool_black",
			"from": [10, 13, 5.5],
			"to": [10.5, 13.5, 6],
			"faces": {
				"north": {"uv": [5, 1.5, 5.5, 2], "texture": "#wool_black"},
				"east": {"uv": [9.5, 1.5, 10, 2], "texture": "#wool_black"},
				"south": {"uv": [9.5, 1.5, 10, 2], "texture": "#wool_black"},
				"west": {"uv": [5.5, 1.5, 6, 2], "texture": "#wool_black"},
				"up": {"uv": [9.5, 5.5, 10, 6], "texture": "#wool_black"},
				"down": {"uv": [9.5, 9.5, 10, 10], "texture": "#wool_black"}
			}
		},
		{
			"name": "wool_black",
			"from": [10.5, 11.5, 4],
			"to": [11, 12, 4.5],
			"faces": {
				"north": {"uv": [5.00001, 2.5, 5.50001, 3], "texture": "#wool_black"},
				"east": {"uv": [11.5, 2.5, 12, 3], "texture": "#wool_black"},
				"south": {"uv": [9.99999, 2.5, 10.49999, 3], "texture": "#wool_black"},
				"west": {"uv": [4, 2.5, 4.5, 3], "texture": "#wool_black"},
				"up": {"uv": [9.99999, 4, 10.49999, 4.5], "texture": "#wool_black"},
				"down": {"uv": [9.99999, 11.5, 10.49999, 12], "texture": "#wool_black"}
			}
		},
		{
			"name": "wool_black",
			"from": [10, 12, 4],
			"to": [10.5, 12.5, 4.5],
			"faces": {
				"north": {"uv": [5.00001, 2.5, 5.50001, 3], "texture": "#wool_black"},
				"east": {"uv": [11.5, 2.5, 12, 3], "texture": "#wool_black"},
				"south": {"uv": [9.99999, 2.5, 10.49999, 3], "texture": "#wool_black"},
				"west": {"uv": [4, 2.5, 4.5, 3], "texture": "#wool_black"},
				"up": {"uv": [9.99999, 4, 10.49999, 4.5], "texture": "#wool_black"},
				"down": {"uv": [9.99999, 11.5, 10.49999, 12], "texture": "#wool_black"}
			}
		},
		{
			"name": "wool_black",
			"from": [11, 12, 4.5],
			"to": [11.5, 12.5, 6],
			"faces": {
				"north": {"uv": [5, 2, 5.5, 2.5], "texture": "#wool_black"},
				"east": {"uv": [10, 2, 11.5, 2.5], "texture": "#wool_black"},
				"south": {"uv": [10, 2, 10.5, 2.5], "texture": "#wool_black"},
				"west": {"uv": [4.5, 2, 6, 2.5], "texture": "#wool_black"},
				"up": {"uv": [10, 4.5, 10.5, 6], "texture": "#wool_black"},
				"down": {"uv": [10, 10, 10.5, 11.5], "texture": "#wool_black"}
			}
		},
		{
			"name": "wool_black",
			"from": [3.5, 5, 6.5],
			"to": [4, 6, 11],
			"faces": {
				"north": {"uv": [12.5, 5, 13, 6], "texture": "#wool_black"},
				"east": {"uv": [5, 5, 9.5, 6], "texture": "#wool_black"},
				"south": {"uv": [3, 5, 3.5, 6], "texture": "#wool_black"},
				"west": {"uv": [5.00001, 5, 9.50001, 6], "texture": "#wool_black"},
				"up": {"uv": [3, 5.00001, 3.5, 9.50001], "texture": "#wool_black"},
				"down": {"uv": [3, 5, 3.5, 9.5], "texture": "#wool_black"}
			}
		},
		{
			"name": "wool_black",
			"from": [3.5, 4.5, 6],
			"to": [4, 5, 11],
			"faces": {
				"north": {"uv": [12.5, 5, 13, 5.5], "texture": "#0"},
				"east": {"uv": [5, 5, 10, 5.5], "texture": "#0"},
				"south": {"uv": [3, 5, 3.5, 5.5], "texture": "#0"},
				"west": {"uv": [5.00001, 5, 10, 5.5], "texture": "#0"},
				"up": {"uv": [3, 5.00001, 3.5, 10], "texture": "#0"},
				"down": {"uv": [3, 5, 3.5, 10], "texture": "#0"}
			}
		},
		{
			"name": "wool_black",
			"from": [12, 5, 5.5],
			"to": [12.5, 6, 6.5],
			"faces": {
				"north": {"uv": [12.5, 5, 13, 6], "texture": "#0"},
				"east": {"uv": [5, 5, 6, 6], "texture": "#0"},
				"south": {"uv": [3, 5, 3.5, 6], "texture": "#0"},
				"west": {"uv": [5.00001, 5, 6.00001, 6], "texture": "#0"},
				"up": {"uv": [3, 5.00001, 3.5, 6.00001], "texture": "#0"},
				"down": {"uv": [3, 5, 3.5, 6], "texture": "#0"}
			}
		},
		{
			"name": "wool_black",
			"from": [12, 4.5, 6],
			"to": [12.5, 5, 11],
			"faces": {
				"north": {"uv": [12.5, 5, 13, 5.5], "texture": "#0"},
				"east": {"uv": [5, 5, 10, 5.5], "texture": "#0"},
				"south": {"uv": [3, 5, 3.5, 5.5], "texture": "#0"},
				"west": {"uv": [5.00001, 5, 10, 5.5], "texture": "#0"},
				"up": {"uv": [3, 5.00001, 3.5, 10], "texture": "#0"},
				"down": {"uv": [3, 5, 3.5, 10], "texture": "#0"}
			}
		},
		{
			"name": "wool_black",
			"from": [4, 5.5, 12],
			"to": [6, 6, 12.5],
			"faces": {
				"north": {"uv": [3.99999, 5, 5.99999, 5.5], "texture": "#0"},
				"east": {"uv": [3.5, 5, 4, 5.5], "texture": "#0"},
				"south": {"uv": [4.00001, 5, 6.00001, 5.5], "texture": "#0"},
				"west": {"uv": [12, 5, 12.5, 5.5], "texture": "#0"},
				"up": {"uv": [4.00001, 12, 6.00001, 12.5], "texture": "#0"},
				"down": {"uv": [4.00001, 3.5, 6.00001, 4], "texture": "#0"}
			}
		},
		{
			"name": "wool_black",
			"from": [10, 5.5, 12],
			"to": [12, 6, 12.5],
			"faces": {
				"north": {"uv": [3.99999, 5, 5.99999, 5.5], "texture": "#0"},
				"east": {"uv": [3.5, 5, 4, 5.5], "texture": "#0"},
				"south": {"uv": [4.00001, 5, 6.00001, 5.5], "texture": "#0"},
				"west": {"uv": [12, 5, 12.5, 5.5], "texture": "#0"},
				"up": {"uv": [4.00001, 12, 6.00001, 12.5], "texture": "#0"},
				"down": {"uv": [4.00001, 3.5, 6.00001, 4], "texture": "#0"}
			}
		},
		{
			"name": "wool_black",
			"from": [12, 5, 6.5],
			"to": [12.5, 6, 11],
			"faces": {
				"north": {"uv": [12.5, 5, 13, 6], "texture": "#wool_black"},
				"east": {"uv": [5, 5, 9.5, 6], "texture": "#wool_black"},
				"south": {"uv": [3, 5, 3.5, 6], "texture": "#wool_black"},
				"west": {"uv": [5.00001, 5, 9.50001, 6], "texture": "#wool_black"},
				"up": {"uv": [3, 5.00001, 3.5, 9.50001], "texture": "#wool_black"},
				"down": {"uv": [3, 5, 3.5, 9.5], "texture": "#wool_black"}
			}
		},
		{
			"name": "wool_black",
			"from": [3.5, 5, 5.5],
			"to": [4, 6, 6.5],
			"faces": {
				"north": {"uv": [12.5, 5, 13, 6], "texture": "#0"},
				"east": {"uv": [5, 5, 6, 6], "texture": "#0"},
				"south": {"uv": [3, 5, 3.5, 6], "texture": "#0"},
				"west": {"uv": [5.00001, 5, 6.00001, 6], "texture": "#0"},
				"up": {"uv": [3, 5.00001, 3.5, 6.00001], "texture": "#0"},
				"down": {"uv": [3, 5, 3.5, 6], "texture": "#0"}
			}
		},
		{
			"name": "wool_black",
			"from": [7.5, 6.5, 13],
			"to": [8.5, 10.5, 13.5],
			"faces": {
				"north": {"uv": [7.5, 0.5, 8.5, 4.5], "texture": "#0"},
				"east": {"uv": [7.5, 0.5, 8, 4.5], "texture": "#0"},
				"south": {"uv": [7.5, 0.5, 8.5, 4.5], "texture": "#0"},
				"west": {"uv": [7.5, 0.5, 8, 4.5], "texture": "#0"},
				"up": {"uv": [7.5, 7.5, 8.5, 8], "texture": "#0"},
				"down": {"uv": [7.5, 7.5, 8.5, 8], "texture": "#0"}
			}
		},
		{
			"name": "wool_black",
			"from": [6, 6, 12.5],
			"to": [10, 6.5, 13],
			"faces": {
				"north": {"uv": [3.99999, 5, 7.99999, 5.5], "texture": "#0"},
				"east": {"uv": [3.5, 5, 4, 5.5], "texture": "#0"},
				"south": {"uv": [4.00001, 5, 8.00001, 5.5], "texture": "#0"},
				"west": {"uv": [12, 5, 12.5, 5.5], "texture": "#0"},
				"up": {"uv": [4.00001, 12, 8.00001, 12.5], "texture": "#0"},
				"down": {"uv": [4.00001, 3.5, 8.00001, 4], "texture": "#0"}
			}
		},
		{
			"name": "wool_black",
			"from": [12, 5.5, 11],
			"to": [12.5, 6, 11.5],
			"faces": {
				"north": {"uv": [12.5, 5, 13, 5.5], "texture": "#wool_black"},
				"east": {"uv": [5, 5, 5.5, 5.5], "texture": "#wool_black"},
				"south": {"uv": [3, 5, 3.5, 5.5], "texture": "#wool_black"},
				"west": {"uv": [5.00001, 5, 5.50001, 5.5], "texture": "#wool_black"},
				"up": {"uv": [3, 5.00001, 3.5, 5.50001], "texture": "#wool_black"},
				"down": {"uv": [3, 5, 3.5, 5.5], "texture": "#wool_black"}
			}
		},
		{
			"name": "wool_black",
			"from": [12, 5, 11],
			"to": [12.5, 5.5, 11.5],
			"faces": {
				"north": {"uv": [12.5, 5, 13, 5.5], "texture": "#0"},
				"east": {"uv": [5, 5, 5.5, 5.5], "texture": "#0"},
				"south": {"uv": [3, 5, 3.5, 5.5], "texture": "#0"},
				"west": {"uv": [5.00001, 5, 5.50001, 5.5], "texture": "#0"},
				"up": {"uv": [3, 5.00001, 3.5, 5.50001], "texture": "#0"},
				"down": {"uv": [3, 5, 3.5, 5.5], "texture": "#0"}
			}
		},
		{
			"name": "wool_black",
			"from": [12, 5.5, 11.5],
			"to": [12.5, 6, 12],
			"faces": {
				"north": {"uv": [12.5, 5, 13, 5.5], "texture": "#0"},
				"east": {"uv": [5, 5, 5.5, 5.5], "texture": "#0"},
				"south": {"uv": [3, 5, 3.5, 5.5], "texture": "#0"},
				"west": {"uv": [5.00001, 5, 5.50001, 5.5], "texture": "#0"},
				"up": {"uv": [3, 5.00001, 3.5, 5.50001], "texture": "#0"},
				"down": {"uv": [3, 5, 3.5, 5.5], "texture": "#0"}
			}
		},
		{
			"name": "wool_black",
			"from": [3.5, 5.5, 11],
			"to": [4, 6, 11.5],
			"faces": {
				"north": {"uv": [12.5, 5, 13, 5.5], "texture": "#wool_black"},
				"east": {"uv": [5, 5, 5.5, 5.5], "texture": "#wool_black"},
				"south": {"uv": [3, 5, 3.5, 5.5], "texture": "#wool_black"},
				"west": {"uv": [5.00001, 5, 5.50001, 5.5], "texture": "#wool_black"},
				"up": {"uv": [3, 5.00001, 3.5, 5.50001], "texture": "#wool_black"},
				"down": {"uv": [3, 5, 3.5, 5.5], "texture": "#wool_black"}
			}
		},
		{
			"name": "wool_black",
			"from": [3.5, 5, 11],
			"to": [4, 5.5, 11.5],
			"faces": {
				"north": {"uv": [12.5, 5, 13, 5.5], "texture": "#0"},
				"east": {"uv": [5, 5, 5.5, 5.5], "texture": "#0"},
				"south": {"uv": [3, 5, 3.5, 5.5], "texture": "#0"},
				"west": {"uv": [5.00001, 5, 5.50001, 5.5], "texture": "#0"},
				"up": {"uv": [3, 5.00001, 3.5, 5.50001], "texture": "#0"},
				"down": {"uv": [3, 5, 3.5, 5.5], "texture": "#0"}
			}
		},
		{
			"name": "wool_black",
			"from": [3.5, 5.5, 11.5],
			"to": [4, 6, 12],
			"faces": {
				"north": {"uv": [12.5, 5, 13, 5.5], "texture": "#0"},
				"east": {"uv": [5, 5, 5.5, 5.5], "texture": "#0"},
				"south": {"uv": [3, 5, 3.5, 5.5], "texture": "#0"},
				"west": {"uv": [5.00001, 5, 5.50001, 5.5], "texture": "#0"},
				"up": {"uv": [3, 5.00001, 3.5, 5.50001], "texture": "#0"},
				"down": {"uv": [3, 5, 3.5, 5.5], "texture": "#0"}
			}
		}
	],
	"display": {
		"thirdperson_righthand": {
			"rotation": [35, 44, -61],
			"translation": [-1.39, 0, 0],
			"scale": [0.7, 0.7, 0.7]
		},
		"thirdperson_lefthand": {
			"rotation": [35, 44, -61],
			"translation": [-1.39, 0, 0],
			"scale": [0.7, 0.7, 0.7]
		},
		"firstperson_righthand": {
			"rotation": [-1, 122, -4],
			"translation": [6.956, -3.471, -6.25],
			"scale": [0.8, 0.8, 0.8]
		},
		"firstperson_lefthand": {
			"rotation": [-1, 122, -4],
			"translation": [6.956, -3.471, -6.25],
			"scale": [0.8, 0.8, 0.8]
		},
		"gui": {
			"rotation": [16, 146, -5],
			"translation": [0.5, -4.5, 0]
		},
		"head": {
			"scale": [1.8, 1.8, 1.8]
		},
		"fixed": {
			"rotation": [-3, -16, 3],
			"translation": [0, -4.868, -4.869]
		}
	}
}
