{
	"__comment": "Designed by Mouskegamer with Cubik Studio - https://cubik.studio",
	"textures": {
		"0": "block/black_wool",
		"1": "block/sandstone_top",
		"3": "block/pink_wool",
		"wool_black": "block/light_blue_wool",
		"wool_grey": "block/white_wool",
		"particle": "block/packed_ice",
		"texture": "block/blue_wool"
	},
	"elements": [ 	 
		{
			"__comment": "wool_black",
			"from": [ 7, 14.5, 5.5 ],
			"to": [ 9, 15, 10.5 ],
			"faces": {
				"down": { "uv": [ 7, 5.5, 9, 10.5 ], "texture": "#wool_black" },
				"up": { "uv": [ 7, 5.5, 9, 10.5 ], "texture": "#wool_black" },
				"north": { "uv": [ 7, 1, 9, 1.5 ], "texture": "#wool_black" },
				"south": { "uv": [ 7, 1, 9, 1.5 ], "texture": "#wool_black" },
				"west": { "uv": [ 5.5, 1, 10.5, 1.5 ], "texture": "#wool_black" },
				"east": { "uv": [ 5.5, 1, 10.5, 1.5 ], "texture": "#wool_black" }
			}
		},
		{
			"__comment": "wool_black",
			"from": [ 5.5, 14.5, 7 ],
			"to": [ 10.5, 15, 9 ],
			"faces": {
				"down": { "uv": [ 5.5, 7, 10.5, 9 ], "texture": "#wool_black" },
				"up": { "uv": [ 5.5, 7, 10.5, 9 ], "texture": "#wool_black" },
				"north": { "uv": [ 5.5, 1, 10.5, 1.5 ], "texture": "#wool_black" },
				"south": { "uv": [ 5.5, 1, 10.5, 1.5 ], "texture": "#wool_black" },
				"west": { "uv": [ 7, 1, 9, 1.5 ], "texture": "#wool_black" },
				"east": { "uv": [ 7, 1, 9, 1.5 ], "texture": "#wool_black" }
			}
		},
		{
			"__comment": "wool_black",
			"from": [ 11.5, 13.5, 6 ],
			"to": [ 12, 14, 10 ],
			"faces": {
				"down": { "uv": [ 11.5, 6.000003, 12, 10 ], "texture": "#wool_black" },
				"up": { "uv": [ 11.5, 5.999997, 12, 9.999997 ], "texture": "#wool_black" },
				"north": { "uv": [ 4, 2, 4.5, 2.5 ], "texture": "#wool_black" },
				"south": { "uv": [ 11.5, 2, 12, 2.5 ], "texture": "#wool_black" },
				"west": { "uv": [ 5.999997, 2, 9.999997, 2.5 ], "texture": "#wool_black" },
				"east": { "uv": [ 6.000003, 2, 10, 2.5 ], "texture": "#wool_black" }
			}
		},
		{
			"__comment": "wool_black",
			"from": [ 12, 12.5, 5 ],
			"to": [ 12.5, 13, 6 ],
			"faces": {
				"down": { "uv": [ 11.99999, 10, 12.49999, 11 ], "texture": "#wool_black" },
				"up": { "uv": [ 11.99999, 5, 12.49999, 6 ], "texture": "#wool_black" },
				"north": { "uv": [ 3.500007, 3, 4.000007, 3.5 ], "texture": "#wool_black" },
				"south": { "uv": [ 11.99999, 3, 12.49999, 3.5 ], "texture": "#wool_black" },
				"west": { "uv": [ 5, 3, 6, 3.5 ], "texture": "#wool_black" },
				"east": { "uv": [ 10, 3, 11, 3.5 ], "texture": "#wool_black" }
			}
		},
		{
			"__comment": "wool_black",
			"from": [ 5, 14, 9.5 ],
			"to": [ 6.5, 14.5, 10.5 ],
			"faces": {
				"down": { "uv": [ 5, 5.5, 6.5, 6.5 ], "texture": "#wool_black" },
				"up": { "uv": [ 5, 9.5, 6.5, 10.5 ], "texture": "#wool_black" },
				"north": { "uv": [ 9.5, 1.5, 11, 2 ], "texture": "#wool_black" },
				"south": { "uv": [ 5, 1.5, 6.5, 2 ], "texture": "#wool_black" },
				"west": { "uv": [ 9.5, 1.5, 10.5, 2 ], "texture": "#wool_black" },
				"east": { "uv": [ 5.5, 1.5, 6.5, 2 ], "texture": "#wool_black" }
			}
		},
		{
			"__comment": "wool_black",
			"from": [ 5.5, 14, 10.5 ],
			"to": [ 6.5, 14.5, 11 ],
			"faces": {
				"down": { "uv": [ 5.5, 5, 6.5, 5.5 ], "texture": "#wool_black" },
				"up": { "uv": [ 5.5, 10.5, 6.5, 11 ], "texture": "#wool_black" },
				"north": { "uv": [ 9.5, 1.5, 10.5, 2 ], "texture": "#wool_black" },
				"south": { "uv": [ 5.5, 1.5, 6.5, 2 ], "texture": "#wool_black" },
				"west": { "uv": [ 10.5, 1.5, 11, 2 ], "texture": "#wool_black" },
				"east": { "uv": [ 5, 1.5, 5.5, 2 ], "texture": "#wool_black" }
			}
		},
		{
			"__comment": "wool_black",
			"from": [ 5, 14, 5.5 ],
			"to": [ 6.5, 14.5, 6.5 ],
			"faces": {
				"down": { "uv": [ 5, 9.5, 6.5, 10.5 ], "texture": "#wool_black" },
				"up": { "uv": [ 5, 5.5, 6.5, 6.5 ], "texture": "#wool_black" },
				"north": { "uv": [ 9.5, 1.5, 11, 2 ], "texture": "#wool_black" },
				"south": { "uv": [ 5, 1.5, 6.5, 2 ], "texture": "#wool_black" },
				"west": { "uv": [ 5.5, 1.5, 6.5, 2 ], "texture": "#wool_black" },
				"east": { "uv": [ 9.5, 1.5, 10.5, 2 ], "texture": "#wool_black" }
			}
		},
		{
			"__comment": "wool_black",
			"from": [ 6, 14, 5 ],
			"to": [ 6.5, 14.5, 5.5 ],
			"faces": {
				"down": { "uv": [ 5.5, 10.5, 6, 11 ], "texture": "#particle" },
				"up": { "uv": [ 5.5, 5, 6, 5.5 ], "texture": "#particle" },
				"north": { "uv": [ 9.5, 1.5, 10, 2 ], "texture": "#particle" },
				"south": { "uv": [ 5.5, 1.5, 6, 2 ], "texture": "#particle" },
				"west": { "uv": [ 5, 1.5, 5.5, 2 ], "texture": "#particle" },
				"east": { "uv": [ 10.5, 1.5, 11, 2 ], "texture": "#particle" }
			}
		},
		{
			"__comment": "wool_black",
			"from": [ 9.5, 14, 5 ],
			"to": [ 10, 14.5, 5.5 ],
			"faces": {
				"down": { "uv": [ 9.5, 10.5, 10, 11 ], "texture": "#particle" },
				"up": { "uv": [ 9.5, 5, 10, 5.5 ], "texture": "#particle" },
				"north": { "uv": [ 5.5, 1.5, 6, 2 ], "texture": "#particle" },
				"south": { "uv": [ 9.5, 1.5, 10, 2 ], "texture": "#particle" },
				"west": { "uv": [ 5, 1.5, 5.5, 2 ], "texture": "#particle" },
				"east": { "uv": [ 10.5, 1.5, 11, 2 ], "texture": "#particle" }
			}
		},
		{
			"__comment": "wool_black",
			"from": [ 9.5, 14, 5.5 ],
			"to": [ 11, 14.5, 6.5 ],
			"faces": {
				"down": { "uv": [ 9.5, 9.5, 11, 10.5 ], "texture": "#wool_black" },
				"up": { "uv": [ 9.5, 5.5, 11, 6.5 ], "texture": "#wool_black" },
				"north": { "uv": [ 5, 1.5, 6.5, 2 ], "texture": "#wool_black" },
				"south": { "uv": [ 9.5, 1.5, 11, 2 ], "texture": "#wool_black" },
				"west": { "uv": [ 5.5, 1.5, 6.5, 2 ], "texture": "#wool_black" },
				"east": { "uv": [ 9.5, 1.5, 10.5, 2 ], "texture": "#wool_black" }
			}
		},
		{
			"__comment": "wool_black",
			"from": [ 9.5, 14, 9.5 ],
			"to": [ 11, 14.5, 10.5 ],
			"faces": {
				"down": { "uv": [ 9.5, 5.5, 11, 6.5 ], "texture": "#wool_black" },
				"up": { "uv": [ 9.5, 9.5, 11, 10.5 ], "texture": "#wool_black" },
				"north": { "uv": [ 5, 1.5, 6.5, 2 ], "texture": "#wool_black" },
				"south": { "uv": [ 9.5, 1.5, 11, 2 ], "texture": "#wool_black" },
				"west": { "uv": [ 9.5, 1.5, 10.5, 2 ], "texture": "#wool_black" },
				"east": { "uv": [ 5.5, 1.5, 6.5, 2 ], "texture": "#wool_black" }
			}
		},
		{
			"__comment": "wool_black",
			"from": [ 9.5, 14, 10.5 ],
			"to": [ 10.5, 14.5, 11 ],
			"faces": {
				"down": { "uv": [ 9.5, 5, 10.5, 5.5 ], "texture": "#wool_black" },
				"up": { "uv": [ 9.5, 10.5, 10.5, 11 ], "texture": "#wool_black" },
				"north": { "uv": [ 5.5, 1.5, 6.5, 2 ], "texture": "#wool_black" },
				"south": { "uv": [ 9.5, 1.5, 10.5, 2 ], "texture": "#wool_black" },
				"west": { "uv": [ 10.5, 1.5, 11, 2 ], "texture": "#wool_black" },
				"east": { "uv": [ 5, 1.5, 5.5, 2 ], "texture": "#wool_black" }
			}
		},
		{
			"__comment": "wool_black",
			"from": [ 7, 14, 6.5 ],
			"to": [ 9, 14.5, 11.5 ],
			"faces": {
				"down": { "uv": [ 6.5, 4.5, 8.5, 11.5 ], "texture": "#wool_black" },
				"up": { "uv": [ 6.5, 4.5, 8.5, 11.5 ], "texture": "#wool_black" },
				"north": { "uv": [ 6.5, 1.5, 8.5, 2 ], "texture": "#wool_black" },
				"south": { "uv": [ 6.5, 1.5, 8.5, 2 ], "texture": "#wool_black" },
				"west": { "uv": [ 4.5, 1.5, 11.5, 2 ], "texture": "#wool_black" },
				"east": { "uv": [ 4.5, 1.5, 11.5, 2 ], "texture": "#wool_black" }
			}
		},
		{
			"__comment": "wool_black",
			"from": [ 4, 13.5, 6 ],
			"to": [ 11.5, 14, 10 ],
			"faces": {
				"down": { "uv": [ 4, 6, 11.5, 10 ], "texture": "#wool_black" },
				"up": { "uv": [ 4, 6, 11.5, 10 ], "texture": "#wool_black" },
				"north": { "uv": [ 4.5, 2, 12, 2.5 ], "texture": "#wool_black" },
				"south": { "uv": [ 4, 2, 11.5, 2.5 ], "texture": "#wool_black" },
				"west": { "uv": [ 6, 2, 10, 2.5 ], "texture": "#wool_black" },
				"east": { "uv": [ 6, 2, 10, 2.5 ], "texture": "#wool_black" }
			}
		},
		{
			"__comment": "wool_black",
			"from": [ 10, 13.5, 4.5 ],
			"to": [ 11, 14, 6 ],
			"faces": {
				"down": { "uv": [ 10, 10, 11, 11.5 ], "texture": "#particle" },
				"up": { "uv": [ 10, 4.5, 11, 6 ], "texture": "#particle" },
				"north": { "uv": [ 5, 2, 6, 2.5 ], "texture": "#particle" },
				"south": { "uv": [ 10, 2, 11, 2.5 ], "texture": "#particle" },
				"west": { "uv": [ 4.5, 2, 6, 2.5 ], "texture": "#particle" },
				"east": { "uv": [ 10, 2, 11.5, 2.5 ], "texture": "#particle" }
			}
		},
		{
			"__comment": "wool_black",
			"from": [ 10, 13.5, 10 ],
			"to": [ 11, 14, 11.5 ],
			"faces": {
				"down": { "uv": [ 10, 4.5, 11, 6 ], "texture": "#wool_black" },
				"up": { "uv": [ 10, 10, 11, 11.5 ], "texture": "#wool_black" },
				"north": { "uv": [ 5, 2, 6, 2.5 ], "texture": "#wool_black" },
				"south": { "uv": [ 10, 2, 11, 2.5 ], "texture": "#wool_black" },
				"west": { "uv": [ 10, 2, 11.5, 2.5 ], "texture": "#wool_black" },
				"east": { "uv": [ 4.5, 2, 6, 2.5 ], "texture": "#wool_black" }
			}
		},
		{
			"__comment": "wool_black",
			"from": [ 12, 12.5, 10 ],
			"to": [ 12.5, 13, 11 ],
			"faces": {
				"down": { "uv": [ 12, 5.000008, 12.5, 6.000008 ], "texture": "#wool_black" },
				"up": { "uv": [ 12, 9.999992, 12.5, 10.99999 ], "texture": "#wool_black" },
				"north": { "uv": [ 3.5, 3, 4, 3.5 ], "texture": "#wool_black" },
				"south": { "uv": [ 12, 3, 12.5, 3.5 ], "texture": "#wool_black" },
				"west": { "uv": [ 9.999992, 3, 10.99999, 3.5 ], "texture": "#wool_black" },
				"east": { "uv": [ 5.000008, 3, 6.000008, 3.5 ], "texture": "#wool_black" }
			}
		},
		{
			"__comment": "wool_black",
			"from": [ 5, 13.5, 10 ],
			"to": [ 6, 14, 11.5 ],
			"faces": {
				"down": { "uv": [ 5, 4.5, 6, 6 ], "texture": "#wool_black" },
				"up": { "uv": [ 5, 10, 6, 11.5 ], "texture": "#wool_black" },
				"north": { "uv": [ 10, 2, 11, 2.5 ], "texture": "#wool_black" },
				"south": { "uv": [ 5, 2, 6, 2.5 ], "texture": "#wool_black" },
				"west": { "uv": [ 10, 2, 11.5, 2.5 ], "texture": "#wool_black" },
				"east": { "uv": [ 4.5, 2, 6, 2.5 ], "texture": "#wool_black" }
			}
		},
		{
			"__comment": "wool_black",
			"from": [ 5, 13.5, 4.5 ],
			"to": [ 6, 14, 6 ],
			"faces": {
				"down": { "uv": [ 5, 10, 6, 11.5 ], "texture": "#particle" },
				"up": { "uv": [ 5, 4.5, 6, 6 ], "texture": "#particle" },
				"north": { "uv": [ 10, 2, 11, 2.5 ], "texture": "#particle" },
				"south": { "uv": [ 5, 2, 6, 2.5 ], "texture": "#particle" },
				"west": { "uv": [ 4.5, 2, 6, 2.5 ], "texture": "#particle" },
				"east": { "uv": [ 10, 2, 11.5, 2.5 ], "texture": "#particle" }
			}
		},
		{
			"__comment": "wool_black",
			"from": [ 4.5, 13.5, 10 ],
			"to": [ 5, 14, 11 ],
			"faces": {
				"down": { "uv": [ 4.5, 5, 5, 6 ], "texture": "#wool_black" },
				"up": { "uv": [ 4.5, 10, 5, 11 ], "texture": "#wool_black" },
				"north": { "uv": [ 11, 2, 11.5, 2.5 ], "texture": "#wool_black" },
				"south": { "uv": [ 4.5, 2, 5, 2.5 ], "texture": "#wool_black" },
				"west": { "uv": [ 10, 2, 11, 2.5 ], "texture": "#wool_black" },
				"east": { "uv": [ 5, 2, 6, 2.5 ], "texture": "#wool_black" }
			}
		},
		{
			"__comment": "wool_black",
			"from": [ 4.5, 13.5, 5 ],
			"to": [ 5, 14, 6 ],
			"faces": {
				"down": { "uv": [ 4.5, 9.999998, 5, 11 ], "texture": "#wool_black" },
				"up": { "uv": [ 4.5, 5.000002, 5, 6.000002 ], "texture": "#wool_black" },
				"north": { "uv": [ 11, 2, 11.5, 2.5 ], "texture": "#wool_black" },
				"south": { "uv": [ 4.5, 2, 5, 2.5 ], "texture": "#wool_black" },
				"west": { "uv": [ 5.000002, 2, 6.000002, 2.5 ], "texture": "#wool_black" },
				"east": { "uv": [ 9.999998, 2, 11, 2.5 ], "texture": "#wool_black" }
			}
		},
		{
			"__comment": "wool_black",
			"from": [ 7, 13.5, 4 ],
			"to": [ 7.5, 14, 9.5 ],
			"faces": {
				"down": { "uv": [ 6, 4.5, 8, 12 ], "texture": "#particle" },
				"up": { "uv": [ 6, 4, 8, 11.5 ], "texture": "#particle" },
				"north": { "uv": [ 6, 2, 8, 2.5 ], "texture": "#particle" },
				"south": { "uv": [ 6, 2, 8, 2.5 ], "texture": "#particle" },
				"west": { "uv": [ 4, 2, 11.5, 2.5 ], "texture": "#particle" },
				"east": { "uv": [ 4.5, 2, 12, 2.5 ], "texture": "#particle" }
			}
		},
		{
			"__comment": "wool_black",
			"from": [ 12, 12.5, 6 ],
			"to": [ 12.5, 13.5, 10 ],
			"faces": {
				"down": { "uv": [ 12, 6.000003, 12.5, 10 ], "texture": "#wool_black" },
				"up": { "uv": [ 12, 5.999997, 12.5, 9.999997 ], "texture": "#wool_black" },
				"north": { "uv": [ 3.5, 2.5, 4, 3.5 ], "texture": "#wool_black" },
				"south": { "uv": [ 12, 2.5, 12.5, 3.5 ], "texture": "#wool_black" },
				"west": { "uv": [ 5.999997, 2.5, 9.999997, 3.5 ], "texture": "#wool_black" },
				"east": { "uv": [ 6.000003, 2.5, 10, 3.5 ], "texture": "#wool_black" }
			}
		},
		{
			"__comment": "wool_black",
			"from": [ 4, 12.5, 10 ],
			"to": [ 4.5, 13.5, 11 ],
			"faces": {
				"down": { "uv": [ 4.000002, 5, 4.500002, 6 ], "texture": "#wool_black" },
				"up": { "uv": [ 4.000002, 10, 4.500002, 11 ], "texture": "#wool_black" },
				"north": { "uv": [ 11.5, 2.5, 12, 3.5 ], "texture": "#wool_black" },
				"south": { "uv": [ 4.000002, 2.5, 4.500002, 3.5 ], "texture": "#wool_black" },
				"west": { "uv": [ 10, 2.5, 11, 3.5 ], "texture": "#wool_black" },
				"east": { "uv": [ 5, 2.5, 6, 3.5 ], "texture": "#wool_black" }
			}
		},
		{
			"__comment": "wool_black",
			"from": [ 11, 12.5, 11 ],
			"to": [ 11.5, 13.5, 11.5 ],
			"faces": {
				"down": { "uv": [ 11, 4.500008, 11.5, 5.000008 ], "texture": "#wool_black" },
				"up": { "uv": [ 11, 10.99999, 11.5, 11.49999 ], "texture": "#wool_black" },
				"north": { "uv": [ 4.5, 2.5, 5, 3.5 ], "texture": "#wool_black" },
				"south": { "uv": [ 11, 2.5, 11.5, 3.5 ], "texture": "#wool_black" },
				"west": { "uv": [ 10.99999, 2.5, 11.49999, 3.5 ], "texture": "#wool_black" },
				"east": { "uv": [ 4.500008, 2.5, 5.000008, 3.5 ], "texture": "#wool_black" }
			}
		},
		{
			"__comment": "wool_black",
			"from": [ 10, 12.5, 11.5 ],
			"to": [ 11, 13.5, 12 ],
			"faces": {
				"down": { "uv": [ 10, 4.000002, 11, 4.500002 ], "texture": "#wool_black" },
				"up": { "uv": [ 10, 11.5, 11, 12 ], "texture": "#wool_black" },
				"north": { "uv": [ 5, 2.5, 6, 3.5 ], "texture": "#wool_black" },
				"south": { "uv": [ 10, 2.5, 11, 3.5 ], "texture": "#wool_black" },
				"west": { "uv": [ 11.5, 2.5, 12, 3.5 ], "texture": "#wool_black" },
				"east": { "uv": [ 4.000002, 2.5, 4.500002, 3.5 ], "texture": "#wool_black" }
			}
		},
		{
			"__comment": "wool_black",
			"from": [ 4.5, 12.5, 11 ],
			"to": [ 5, 13.5, 11.5 ],
			"faces": {
				"down": { "uv": [ 4.500008, 4.5, 5.000008, 5 ], "texture": "#wool_black" },
				"up": { "uv": [ 4.500008, 11, 5.000008, 11.5 ], "texture": "#wool_black" },
				"north": { "uv": [ 10.99999, 2.5, 11.49999, 3.5 ], "texture": "#wool_black" },
				"south": { "uv": [ 4.500008, 2.5, 5.000008, 3.5 ], "texture": "#wool_black" },
				"west": { "uv": [ 11, 2.5, 11.5, 3.5 ], "texture": "#wool_black" },
				"east": { "uv": [ 4.5, 2.5, 5, 3.5 ], "texture": "#wool_black" }
			}
		},
		{
			"__comment": "wool_black",
			"from": [ 4, 12.5, 5 ],
			"to": [ 4.5, 13.5, 6 ],
			"faces": {
				"down": { "uv": [ 4, 9.999993, 4.5, 10.99999 ], "texture": "#wool_black" },
				"up": { "uv": [ 4, 5.000008, 4.5, 6.000008 ], "texture": "#wool_black" },
				"north": { "uv": [ 11.5, 2.5, 12, 3.5 ], "texture": "#wool_black" },
				"south": { "uv": [ 4, 2.5, 4.5, 3.5 ], "texture": "#wool_black" },
				"west": { "uv": [ 5.000007, 2.5, 6.000007, 3.5 ], "texture": "#wool_black" },
				"east": { "uv": [ 9.999993, 2.5, 10.99999, 3.5 ], "texture": "#wool_black" }
			}
		},
		{
			"__comment": "wool_black",
			"from": [ 4.5, 12.5, 4.5 ],
			"to": [ 5, 13.5, 5 ],
			"faces": {
				"down": { "uv": [ 4.5, 10.99999, 5, 11.49999 ], "texture": "#wool_black" },
				"up": { "uv": [ 4.5, 4.500006, 5, 5.000006 ], "texture": "#wool_black" },
				"north": { "uv": [ 11, 2.5, 11.5, 3.5 ], "texture": "#wool_black" },
				"south": { "uv": [ 4.5, 2.5, 5, 3.5 ], "texture": "#wool_black" },
				"west": { "uv": [ 4.500006, 2.5, 5.000006, 3.5 ], "texture": "#wool_black" },
				"east": { "uv": [ 10.99999, 2.5, 11.49999, 3.5 ], "texture": "#wool_black" }
			}
		},
		{
			"__comment": "wool_black",
			"from": [ 5, 12.5, 4 ],
			"to": [ 5.5, 13.5, 4.5 ],
			"faces": {
				"down": { "uv": [ 5, 11.5, 5.5, 12 ], "texture": "#particle" },
				"up": { "uv": [ 5, 4.000002, 5.5, 4.500002 ], "texture": "#particle" },
				"north": { "uv": [ 10, 2.5, 10.5, 3.5 ], "texture": "#particle" },
				"south": { "uv": [ 5, 2.5, 5.5, 3.5 ], "texture": "#particle" },
				"west": { "uv": [ 4.000002, 2.5, 4.500002, 3.5 ], "texture": "#particle" },
				"east": { "uv": [ 11.5, 2.5, 12, 3.5 ], "texture": "#particle" }
			}
		},
		{
			"__comment": "wool_black",
			"from": [ 10.5, 12.5, 4 ],
			"to": [ 11, 13.5, 4.5 ],
			"faces": {
				"down": { "uv": [ 9.999992, 11.5, 10.49999, 12 ], "texture": "#particle" },
				"up": { "uv": [ 9.999992, 4, 10.49999, 4.5 ], "texture": "#particle" },
				"north": { "uv": [ 5.000008, 2.5, 5.500008, 3.5 ], "texture": "#particle" },
				"south": { "uv": [ 9.999992, 2.5, 10.49999, 3.5 ], "texture": "#particle" },
				"west": { "uv": [ 4, 2.5, 4.5, 3.5 ], "texture": "#particle" },
				"east": { "uv": [ 11.5, 2.5, 12, 3.5 ], "texture": "#particle" }
			}
		},
		{
			"__comment": "wool_black",
			"from": [ 11, 12.5, 4.5 ],
			"to": [ 11.5, 13.5, 5 ],
			"faces": {
				"down": { "uv": [ 10.99999, 11, 11.49999, 11.5 ], "texture": "#wool_black" },
				"up": { "uv": [ 10.99999, 4.5, 11.49999, 5 ], "texture": "#wool_black" },
				"north": { "uv": [ 4.500007, 2.5, 5.000007, 3.5 ], "texture": "#wool_black" },
				"south": { "uv": [ 10.99999, 2.5, 11.49999, 3.5 ], "texture": "#wool_black" },
				"west": { "uv": [ 4.5, 2.5, 5, 3.5 ], "texture": "#wool_black" },
				"east": { "uv": [ 11, 2.5, 11.5, 3.5 ], "texture": "#wool_black" }
			}
		},
		{
			"__comment": "wool_black",
			"from": [ 11, 12, 11.5 ],
			"to": [ 12, 12.5, 12 ],
			"faces": {
				"down": { "uv": [ 11, 4.000008, 12, 4.500008 ], "texture": "#wool_black" },
				"up": { "uv": [ 11, 11.49999, 12, 11.99999 ], "texture": "#wool_black" },
				"north": { "uv": [ 4, 3.5, 5, 4 ], "texture": "#wool_black" },
				"south": { "uv": [ 11, 3.5, 12, 4 ], "texture": "#wool_black" },
				"west": { "uv": [ 11.49999, 3.5, 11.99999, 4 ], "texture": "#wool_black" },
				"east": { "uv": [ 4.000008, 3.5, 4.500008, 4 ], "texture": "#wool_black" }
			}
		},
		{
			"__comment": "wool_black",
			"from": [ 11, 11.5, 3.5 ],
			"to": [ 12, 12, 4 ],
			"faces": {
				"down": { "uv": [ 10.99999, 12, 11.99999, 12.5 ], "texture": "#wool_black" },
				"up": { "uv": [ 10.99999, 3.500001, 11.99999, 4.000001 ], "texture": "#wool_black" },
				"north": { "uv": [ 4.000006, 4, 5.000006, 4.5 ], "texture": "#wool_black" },
				"south": { "uv": [ 10.99999, 4, 11.99999, 4.5 ], "texture": "#wool_black" },
				"west": { "uv": [ 3.500001, 4, 4.000001, 4.5 ], "texture": "#wool_black" },
				"east": { "uv": [ 12, 4, 12.5, 4.5 ], "texture": "#wool_black" }
			}
		},
		{
			"__comment": "wool_black",
			"from": [ 11.5, 12, 11 ],
			"to": [ 12.5, 12.5, 11.5 ],
			"faces": {
				"down": { "uv": [ 11.5, 4.500008, 12.5, 5.000008 ], "texture": "#wool_black" },
				"up": { "uv": [ 11.5, 10.99999, 12.5, 11.49999 ], "texture": "#wool_black" },
				"north": { "uv": [ 3.5, 3.5, 4.5, 4 ], "texture": "#wool_black" },
				"south": { "uv": [ 11.5, 3.5, 12.5, 4 ], "texture": "#wool_black" },
				"west": { "uv": [ 10.99999, 3.5, 11.49999, 4 ], "texture": "#wool_black" },
				"east": { "uv": [ 4.500008, 3.5, 5.000008, 4 ], "texture": "#wool_black" }
			}
		},
		{
			"__comment": "wool_black",
			"from": [ 11, 12, 4 ],
			"to": [ 12, 12.5, 4.5 ],
			"faces": {
				"down": { "uv": [ 10.99999, 11.5, 11.99999, 12 ], "texture": "#wool_black" },
				"up": { "uv": [ 10.99999, 4, 11.99999, 4.5 ], "texture": "#wool_black" },
				"north": { "uv": [ 4.000008, 3.5, 5.000008, 4 ], "texture": "#wool_black" },
				"south": { "uv": [ 10.99999, 3.5, 11.99999, 4 ], "texture": "#wool_black" },
				"west": { "uv": [ 4, 3.5, 4.5, 4 ], "texture": "#wool_black" },
				"east": { "uv": [ 11.5, 3.5, 12, 4 ], "texture": "#wool_black" }
			}
		},
		{
			"__comment": "wool_black",
			"from": [ 4, 12, 11.5 ],
			"to": [ 5, 12.5, 12 ],
			"faces": {
				"down": { "uv": [ 4.000008, 4, 5.000008, 4.5 ], "texture": "#wool_black" },
				"up": { "uv": [ 4.000008, 11.5, 5.000008, 12 ], "texture": "#wool_black" },
				"north": { "uv": [ 10.99999, 3.5, 11.99999, 4 ], "texture": "#wool_black" },
				"south": { "uv": [ 4.000008, 3.5, 5.000008, 4 ], "texture": "#wool_black" },
				"west": { "uv": [ 11.5, 3.5, 12, 4 ], "texture": "#wool_black" },
				"east": { "uv": [ 4, 3.5, 4.5, 4 ], "texture": "#wool_black" }
			}
		},
		{
			"__comment": "wool_black",
			"from": [ 6, 12, 12 ],
			"to": [ 10, 13, 12.5 ],
			"faces": {
				"down": { "uv": [ 6.000001, 3.500006, 10, 4.000006 ], "texture": "#wool_black" },
				"up": { "uv": [ 6.000001, 11.99999, 10, 12.49999 ], "texture": "#wool_black" },
				"north": { "uv": [ 5.999999, 3, 9.999999, 4 ], "texture": "#wool_black" },
				"south": { "uv": [ 6.000001, 3, 10, 4 ], "texture": "#wool_black" },
				"west": { "uv": [ 11.99999, 3, 12.49999, 4 ], "texture": "#wool_black" },
				"east": { "uv": [ 3.500006, 3, 4.000006, 4 ], "texture": "#wool_black" }
			}
		},
		{
			"__comment": "wool_black",
			"from": [ 5, 11, 3.5 ],
			"to": [ 5.5, 13, 4 ],
			"faces": {
				"down": { "uv": [ 5, 11.99999, 5.5, 12.49999 ], "texture": "#particle" },
				"up": { "uv": [ 5, 3.500006, 5.5, 4.000006 ], "texture": "#particle" },
				"north": { "uv": [ 10, 3, 10.5, 5 ], "texture": "#particle" },
				"south": { "uv": [ 5, 3, 5.5, 5 ], "texture": "#particle" },
				"west": { "uv": [ 3.500006, 3, 4.000006, 5 ], "texture": "#particle" },
				"east": { "uv": [ 11.99999, 3, 12.49999, 5 ], "texture": "#particle" }
			}
		},
		{
			"__comment": "wool_black",
			"from": [ 11, 12, 4.5 ],
			"to": [ 12, 12.5, 5 ],
			"faces": {
				"down": { "uv": [ 11.49999, 11, 12.49999, 11.5 ], "texture": "#wool_black" },
				"up": { "uv": [ 11.49999, 4.5, 12.49999, 5 ], "texture": "#wool_black" },
				"north": { "uv": [ 3.500008, 3.5, 4.500008, 4 ], "texture": "#wool_black" },
				"south": { "uv": [ 11.49999, 3.5, 12.49999, 4 ], "texture": "#wool_black" },
				"west": { "uv": [ 4.5, 3.5, 5, 4 ], "texture": "#wool_black" },
				"east": { "uv": [ 11, 3.5, 11.5, 4 ], "texture": "#wool_black" }
			}
		},
		{
			"__comment": "wool_black",
			"from": [ 3.5, 12, 4.5 ],
			"to": [ 4.5, 12.5, 5 ],
			"faces": {
				"down": { "uv": [ 3.5, 10.99999, 4.5, 11.49999 ], "texture": "#wool_black" },
				"up": { "uv": [ 3.5, 4.500008, 4.5, 5.000008 ], "texture": "#wool_black" },
				"north": { "uv": [ 11.5, 3.5, 12.5, 4 ], "texture": "#wool_black" },
				"south": { "uv": [ 3.5, 3.5, 4.5, 4 ], "texture": "#wool_black" },
				"west": { "uv": [ 4.500007, 3.5, 5.000007, 4 ], "texture": "#wool_black" },
				"east": { "uv": [ 10.99999, 3.5, 11.49999, 4 ], "texture": "#wool_black" }
			}
		},
		{
			"__comment": "wool_black",
			"from": [ 4, 12, 4 ],
			"to": [ 5, 12.5, 4.5 ],
			"faces": {
				"down": { "uv": [ 4, 11.49999, 5, 11.99999 ], "texture": "#wool_black" },
				"up": { "uv": [ 4, 4.000008, 5, 4.500008 ], "texture": "#wool_black" },
				"north": { "uv": [ 11, 3.5, 12, 4 ], "texture": "#wool_black" },
				"south": { "uv": [ 4, 3.5, 5, 4 ], "texture": "#wool_black" },
				"west": { "uv": [ 4.000007, 3.5, 4.500007, 4 ], "texture": "#wool_black" },
				"east": { "uv": [ 11.49999, 3.5, 11.99999, 4 ], "texture": "#wool_black" }
			}
		},
		{
			"__comment": "wool_black",
			"from": [ 3.5, 12, 11 ],
			"to": [ 4.5, 12.5, 11.5 ],
			"faces": {
				"down": { "uv": [ 3.500008, 4.5, 4.500008, 5 ], "texture": "#wool_black" },
				"up": { "uv": [ 3.500008, 11, 4.500008, 11.5 ], "texture": "#wool_black" },
				"north": { "uv": [ 11.49999, 3.5, 12.49999, 4 ], "texture": "#wool_black" },
				"south": { "uv": [ 3.500008, 3.5, 4.500008, 4 ], "texture": "#wool_black" },
				"west": { "uv": [ 11, 3.5, 11.5, 4 ], "texture": "#wool_black" },
				"east": { "uv": [ 4.5, 3.5, 5, 4 ], "texture": "#wool_black" }
			}
		},
		{
			"__comment": "wool_black",
			"from": [ 12, 12, 10 ],
			"to": [ 13, 12.5, 11 ],
			"faces": {
				"down": { "uv": [ 12, 5.000006, 13, 6.000006 ], "texture": "#wool_black" },
				"up": { "uv": [ 12, 9.999994, 13, 10.99999 ], "texture": "#wool_black" },
				"north": { "uv": [ 2.999998, 3.5, 3.999998, 4 ], "texture": "#wool_black" },
				"south": { "uv": [ 12, 3.5, 13, 4 ], "texture": "#wool_black" },
				"west": { "uv": [ 9.999994, 3.5, 10.99999, 4 ], "texture": "#wool_black" },
				"east": { "uv": [ 5.000006, 3.5, 6.000006, 4 ], "texture": "#wool_black" }
			}
		},
		{
			"__comment": "wool_black",
			"from": [ 11.5, 12, 5 ],
			"to": [ 12.5, 12.5, 6 ],
			"faces": {
				"down": { "uv": [ 12, 9.999999, 13, 11 ], "texture": "#wool_black" },
				"up": { "uv": [ 12, 5.000001, 13, 6.000001 ], "texture": "#wool_black" },
				"north": { "uv": [ 3.000005, 3.5, 4.000005, 4 ], "texture": "#wool_black" },
				"south": { "uv": [ 12, 3.5, 13, 4 ], "texture": "#wool_black" },
				"west": { "uv": [ 5.000001, 3.5, 6.000001, 4 ], "texture": "#wool_black" },
				"east": { "uv": [ 9.999999, 3.5, 11, 4 ], "texture": "#wool_black" }
			}
		},
		{
			"__comment": "wool_black",
			"from": [ 3.5, 11.5, 4 ],
			"to": [ 4, 12, 5 ],
			"faces": {
				"down": { "uv": [ 3.5, 10.99999, 4, 11.99999 ], "texture": "#wool_black" },
				"up": { "uv": [ 3.5, 4.000008, 4, 5.000008 ], "texture": "#wool_black" },
				"north": { "uv": [ 12, 4, 12.5, 4.5 ], "texture": "#wool_black" },
				"south": { "uv": [ 3.5, 4, 4, 4.5 ], "texture": "#wool_black" },
				"west": { "uv": [ 4.000007, 4, 5.000007, 4.5 ], "texture": "#wool_black" },
				"east": { "uv": [ 10.99999, 4, 11.99999, 4.5 ], "texture": "#wool_black" }
			}
		},
		{
			"__comment": "wool_black",
			"from": [ 12.5, 11.5, 6 ],
			"to": [ 13, 12.5, 10 ],
			"faces": {
				"down": { "uv": [ 12.5, 6.000003, 13, 10 ], "texture": "#wool_black" },
				"up": { "uv": [ 12.5, 5.999997, 13, 9.999997 ], "texture": "#wool_black" },
				"north": { "uv": [ 2.999998, 3.5, 3.499998, 4.5 ], "texture": "#wool_black" },
				"south": { "uv": [ 12.5, 3.5, 13, 4.5 ], "texture": "#wool_black" },
				"west": { "uv": [ 5.999997, 3.5, 9.999997, 4.5 ], "texture": "#wool_black" },
				"east": { "uv": [ 6.000003, 3.5, 10, 4.5 ], "texture": "#wool_black" }
			}
		},
		{
			"__comment": "wool_black",
			"from": [ 4.5, 14, 6.5 ],
			"to": [ 11, 14.5, 9.5 ],
			"faces": {
				"down": { "uv": [ 4.5, 6.5, 11, 9.5 ], "texture": "#wool_black" },
				"up": { "uv": [ 4.5, 6.5, 11, 9.5 ], "texture": "#wool_black" },
				"north": { "uv": [ 5, 1.5, 11.5, 2 ], "texture": "#wool_black" },
				"south": { "uv": [ 4.5, 1.5, 11, 2 ], "texture": "#wool_black" },
				"west": { "uv": [ 6.5, 1.5, 9.5, 2 ], "texture": "#wool_black" },
				"east": { "uv": [ 6.5, 1.5, 9.5, 2 ], "texture": "#wool_black" }
			}
		},
		{
			"__comment": "wool_black",
			"from": [ 3, 11.5, 5 ],
			"to": [ 3.5, 12, 6 ],
			"faces": {
				"down": { "uv": [ 3.000002, 9.999995, 3.500002, 11 ], "texture": "#wool_black" },
				"up": { "uv": [ 3.000002, 5.000005, 3.500002, 6.000005 ], "texture": "#wool_black" },
				"north": { "uv": [ 12.5, 4, 13, 4.5 ], "texture": "#wool_black" },
				"south": { "uv": [ 3.000002, 4, 3.500002, 4.5 ], "texture": "#wool_black" },
				"west": { "uv": [ 5.000005, 4, 6.000005, 4.5 ], "texture": "#wool_black" },
				"east": { "uv": [ 9.999995, 4, 11, 4.5 ], "texture": "#wool_black" }
			}
		},
		{
			"__comment": "wool_black",
			"from": [ 12, 11.5, 4 ],
			"to": [ 12.5, 12, 5 ],
			"faces": {
				"down": { "uv": [ 12, 11, 12.5, 12 ], "texture": "#wool_black" },
				"up": { "uv": [ 12, 4, 12.5, 5 ], "texture": "#wool_black" },
				"north": { "uv": [ 3.500004, 4, 4.000004, 4.5 ], "texture": "#wool_black" },
				"south": { "uv": [ 12, 4, 12.5, 4.5 ], "texture": "#wool_black" },
				"west": { "uv": [ 4, 4, 5, 4.5 ], "texture": "#wool_black" },
				"east": { "uv": [ 11, 4, 12, 4.5 ], "texture": "#wool_black" }
			}
		},
		{
			"__comment": "wool_black",
			"from": [ 12.5, 11.5, 5 ],
			"to": [ 13, 12, 6 ],
			"faces": {
				"down": { "uv": [ 12.5, 10, 13, 11 ], "texture": "#wool_black" },
				"up": { "uv": [ 12.5, 5, 13, 6 ], "texture": "#wool_black" },
				"north": { "uv": [ 3.000004, 4, 3.500004, 4.5 ], "texture": "#wool_black" },
				"south": { "uv": [ 12.5, 4, 13, 4.5 ], "texture": "#wool_black" },
				"west": { "uv": [ 5, 4, 6, 4.5 ], "texture": "#wool_black" },
				"east": { "uv": [ 10, 4, 11, 4.5 ], "texture": "#wool_black" }
			}
		},
		{
			"__comment": "wool_black",
			"from": [ 4, 11, 12 ],
			"to": [ 12, 12, 12.5 ],
			"faces": {
				"down": { "uv": [ 4.000027, 3.5, 12.00003, 4 ], "texture": "#wool_black" },
				"up": { "uv": [ 4.000027, 12, 12.00003, 12.5 ], "texture": "#wool_black" },
				"north": { "uv": [ 3.999973, 4, 11.99997, 5 ], "texture": "#wool_black" },
				"south": { "uv": [ 4.000027, 4, 12.00003, 5 ], "texture": "#wool_black" },
				"west": { "uv": [ 12, 4, 12.5, 5 ], "texture": "#wool_black" },
				"east": { "uv": [ 3.5, 4, 4, 5 ], "texture": "#wool_black" }
			}
		},
		{
			"__comment": "wool_black",
			"from": [ 4, 11.5, 3.5 ],
			"to": [ 5, 12, 4 ],
			"faces": {
				"down": { "uv": [ 4, 11.99999, 5, 12.49999 ], "texture": "#wool_black" },
				"up": { "uv": [ 4, 3.500007, 5, 4.000008 ], "texture": "#wool_black" },
				"north": { "uv": [ 11, 4, 12, 4.5 ], "texture": "#wool_black" },
				"south": { "uv": [ 4, 4, 5, 4.5 ], "texture": "#wool_black" },
				"west": { "uv": [ 3.500007, 4, 4.000007, 4.5 ], "texture": "#wool_black" },
				"east": { "uv": [ 11.99999, 4, 12.49999, 4.5 ], "texture": "#wool_black" }
			}
		},
		{
			"__comment": "wool_black",
			"from": [ 11, 13.5, 5 ],
			"to": [ 11.5, 14, 6 ],
			"faces": {
				"down": { "uv": [ 11, 10, 11.5, 11 ], "texture": "#wool_black" },
				"up": { "uv": [ 11, 5, 11.5, 6 ], "texture": "#wool_black" },
				"north": { "uv": [ 4.500002, 2, 5.000002, 2.5 ], "texture": "#wool_black" },
				"south": { "uv": [ 11, 2, 11.5, 2.5 ], "texture": "#wool_black" },
				"west": { "uv": [ 5, 2, 6, 2.5 ], "texture": "#wool_black" },
				"east": { "uv": [ 10, 2, 11, 2.5 ], "texture": "#wool_black" }
			}
		},
		{
			"__comment": "wool_black",
			"from": [ 11.5, 12.5, 5 ],
			"to": [ 12, 13.5, 6 ],
			"faces": {
				"down": { "uv": [ 11.5, 10, 12, 11 ], "texture": "#wool_black" },
				"up": { "uv": [ 11.5, 5, 12, 6 ], "texture": "#wool_black" },
				"north": { "uv": [ 4.000002, 2.5, 4.500002, 3.5 ], "texture": "#wool_black" },
				"south": { "uv": [ 11.5, 2.5, 12, 3.5 ], "texture": "#wool_black" },
				"west": { "uv": [ 5, 2.5, 6, 3.5 ], "texture": "#wool_black" },
				"east": { "uv": [ 10, 2.5, 11, 3.5 ], "texture": "#wool_black" }
			}
		},
		{
			"__comment": "wool_black",
			"from": [ 11, 13.5, 10 ],
			"to": [ 11.5, 14, 11 ],
			"faces": {
				"down": { "uv": [ 11, 5.000002, 11.5, 6.000002 ], "texture": "#wool_black" },
				"up": { "uv": [ 11, 9.999998, 11.5, 11 ], "texture": "#wool_black" },
				"north": { "uv": [ 4.5, 2, 5, 2.5 ], "texture": "#wool_black" },
				"south": { "uv": [ 11, 2, 11.5, 2.5 ], "texture": "#wool_black" },
				"west": { "uv": [ 9.999998, 2, 11, 2.5 ], "texture": "#wool_black" },
				"east": { "uv": [ 5.000002, 2, 6.000002, 2.5 ], "texture": "#wool_black" }
			}
		},
		{
			"__comment": "wool_black",
			"from": [ 11.5, 12.5, 10 ],
			"to": [ 12, 13.5, 11 ],
			"faces": {
				"down": { "uv": [ 11.5, 5.000008, 12, 6.000008 ], "texture": "#wool_black" },
				"up": { "uv": [ 11.5, 9.999992, 12, 10.99999 ], "texture": "#wool_black" },
				"north": { "uv": [ 4, 2.5, 4.5, 3.5 ], "texture": "#wool_black" },
				"south": { "uv": [ 11.5, 2.5, 12, 3.5 ], "texture": "#wool_black" },
				"west": { "uv": [ 9.999992, 2.5, 10.99999, 3.5 ], "texture": "#wool_black" },
				"east": { "uv": [ 5.000008, 2.5, 6.000008, 3.5 ], "texture": "#wool_black" }
			}
		},
		{
			"__comment": "wool_black",
			"from": [ 11, 14, 6 ],
			"to": [ 11.5, 14.5, 10 ],
			"faces": {
				"down": { "uv": [ 11, 6, 11.5, 10 ], "texture": "#wool_black" },
				"up": { "uv": [ 11, 6, 11.5, 10 ], "texture": "#wool_black" },
				"north": { "uv": [ 4.5, 1.5, 5, 2 ], "texture": "#wool_black" },
				"south": { "uv": [ 11, 1.5, 11.5, 2 ], "texture": "#wool_black" },
				"west": { "uv": [ 6, 1.5, 10, 2 ], "texture": "#wool_black" },
				"east": { "uv": [ 6, 1.5, 10, 2 ], "texture": "#wool_black" }
			}
		},
		{
			"__comment": "wool_black",
			"from": [ 3.5, 12.5, 6 ],
			"to": [ 4, 13.5, 10 ],
			"faces": {
				"down": { "uv": [ 3.5, 5.999996, 4, 9.999996 ], "texture": "#wool_black" },
				"up": { "uv": [ 3.5, 6.000004, 4, 10 ], "texture": "#wool_black" },
				"north": { "uv": [ 12, 2.5, 12.5, 3.5 ], "texture": "#wool_black" },
				"south": { "uv": [ 3.5, 2.5, 4, 3.5 ], "texture": "#wool_black" },
				"west": { "uv": [ 6.000003, 2.5, 10, 3.5 ], "texture": "#wool_black" },
				"east": { "uv": [ 5.999997, 2.5, 9.999996, 3.5 ], "texture": "#wool_black" }
			}
		},
		{
			"__comment": "wool_black",
			"from": [ 3, 12, 10 ],
			"to": [ 4, 12.5, 11 ],
			"faces": {
				"down": { "uv": [ 3.000008, 5, 4.000008, 6 ], "texture": "#wool_black" },
				"up": { "uv": [ 3.000008, 10, 4.000008, 11 ], "texture": "#wool_black" },
				"north": { "uv": [ 11.99999, 3.5, 12.99999, 4 ], "texture": "#wool_black" },
				"south": { "uv": [ 3.000008, 3.5, 4.000008, 4 ], "texture": "#wool_black" },
				"west": { "uv": [ 10, 3.5, 11, 4 ], "texture": "#wool_black" },
				"east": { "uv": [ 5, 3.5, 6, 4 ], "texture": "#wool_black" }
			}
		},
		{
			"__comment": "wool_black",
			"from": [ 3.5, 12, 5 ],
			"to": [ 4.5, 12.5, 6 ],
			"faces": {
				"down": { "uv": [ 3, 9.999993, 4, 10.99999 ], "texture": "#wool_black" },
				"up": { "uv": [ 3, 5.000008, 4, 6.000008 ], "texture": "#wool_black" },
				"north": { "uv": [ 12, 3.5, 13, 4 ], "texture": "#wool_black" },
				"south": { "uv": [ 3, 3.5, 4, 4 ], "texture": "#wool_black" },
				"west": { "uv": [ 5.000007, 3.5, 6.000007, 4 ], "texture": "#wool_black" },
				"east": { "uv": [ 9.999993, 3.5, 10.99999, 4 ], "texture": "#wool_black" }
			}
		},
		{
			"__comment": "wool_black",
			"from": [ 3.5, 11, 11 ],
			"to": [ 4, 12, 12 ],
			"faces": {
				"down": { "uv": [ 3.500008, 4, 4.000008, 5 ], "texture": "#wool_black" },
				"up": { "uv": [ 3.500008, 11, 4.000008, 12 ], "texture": "#wool_black" },
				"north": { "uv": [ 11.99999, 4, 12.49999, 5 ], "texture": "#wool_black" },
				"south": { "uv": [ 3.500008, 4, 4.000008, 5 ], "texture": "#wool_black" },
				"west": { "uv": [ 11, 4, 12, 5 ], "texture": "#wool_black" },
				"east": { "uv": [ 4, 4, 5, 5 ], "texture": "#wool_black" }
			}
		},
		{
			"__comment": "wool_black",
			"from": [ 3, 11.5, 10 ],
			"to": [ 3.5, 12, 11 ],
			"faces": {
				"down": { "uv": [ 3.000008, 5, 3.500008, 6 ], "texture": "#wool_black" },
				"up": { "uv": [ 3.000008, 10, 3.500008, 11 ], "texture": "#wool_black" },
				"north": { "uv": [ 12.49999, 4, 12.99999, 4.5 ], "texture": "#wool_black" },
				"south": { "uv": [ 3.000008, 4, 3.500008, 4.5 ], "texture": "#wool_black" },
				"west": { "uv": [ 10, 4, 11, 4.5 ], "texture": "#wool_black" },
				"east": { "uv": [ 5, 4, 6, 4.5 ], "texture": "#wool_black" }
			}
		},
		{
			"__comment": "wool_black",
			"from": [ 12, 10.5, 11 ],
			"to": [ 12.5, 11, 12 ],
			"faces": {
				"down": { "uv": [ 12, 4.000006, 12.5, 5.000006 ], "texture": "#wool_black" },
				"up": { "uv": [ 12, 10.99999, 12.5, 11.99999 ], "texture": "#wool_black" },
				"north": { "uv": [ 3.499998, 4, 3.999998, 4.5 ], "texture": "#wool_black" },
				"south": { "uv": [ 12, 4, 12.5, 4.5 ], "texture": "#wool_black" },
				"west": { "uv": [ 10.99999, 4, 11.99999, 4.5 ], "texture": "#wool_black" },
				"east": { "uv": [ 4.000006, 4, 5.000006, 4.5 ], "texture": "#wool_black" }
			}
		},
		{
			"__comment": "wool_black",
			"from": [ 12.5, 11.5, 10 ],
			"to": [ 13, 12, 11 ],
			"faces": {
				"down": { "uv": [ 12.5, 5.000006, 13, 6.000006 ], "texture": "#wool_black" },
				"up": { "uv": [ 12.5, 9.999994, 13, 10.99999 ], "texture": "#wool_black" },
				"north": { "uv": [ 2.999998, 4, 3.499998, 4.5 ], "texture": "#wool_black" },
				"south": { "uv": [ 12.5, 4, 13, 4.5 ], "texture": "#wool_black" },
				"west": { "uv": [ 9.999994, 4, 10.99999, 4.5 ], "texture": "#wool_black" },
				"east": { "uv": [ 5.000006, 4, 6.000006, 4.5 ], "texture": "#wool_black" }
			}
		},
		{
			"__comment": "wool_black",
			"from": [ 3, 11.5, 6 ],
			"to": [ 3.5, 12.5, 10 ],
			"faces": {
				"down": { "uv": [ 3.000004, 5.999998, 3.500004, 9.999998 ], "texture": "#wool_black" },
				"up": { "uv": [ 3.000004, 6.000002, 3.500004, 10 ], "texture": "#wool_black" },
				"north": { "uv": [ 12.5, 3.5, 13, 4.5 ], "texture": "#wool_black" },
				"south": { "uv": [ 3.000004, 3.5, 3.500004, 4.5 ], "texture": "#wool_black" },
				"west": { "uv": [ 6.000002, 3.5, 10, 4.5 ], "texture": "#wool_black" },
				"east": { "uv": [ 5.999998, 3.5, 9.999998, 4.5 ], "texture": "#wool_black" }
			}
		},
		{
			"__comment": "wool_black",
			"from": [ 3, 10.5, 5 ],
			"to": [ 4, 11.5, 11 ],
			"faces": {
				"down": { "uv": [ 3.000003, 4.999995, 4.000003, 11 ], "texture": "#wool_black" },
				"up": { "uv": [ 3.000003, 5.000005, 4.000003, 11 ], "texture": "#wool_black" },
				"north": { "uv": [ 12.5, 5, 13.5, 6 ], "texture": "#wool_black" },
				"south": { "uv": [ 3.000003, 5, 4.000003, 6 ], "texture": "#wool_black" },
				"west": { "uv": [ 5.000005, 5, 11, 6 ], "texture": "#wool_black" },
				"east": { "uv": [ 4.999995, 5, 11, 6 ], "texture": "#wool_black" }
			}
		},
		{
			"__comment": "wool_black",
			"from": [ 12, 10.5, 5 ],
			"to": [ 13, 11.5, 11 ],
			"faces": {
				"down": { "uv": [ 12.5, 5.000006, 13.5, 11.00001 ], "texture": "#wool_black" },
				"up": { "uv": [ 12.5, 4.999994, 13.5, 10.99999 ], "texture": "#wool_black" },
				"north": { "uv": [ 2.999998, 5, 3.999998, 6 ], "texture": "#wool_black" },
				"south": { "uv": [ 12.5, 5, 13.5, 6 ], "texture": "#wool_black" },
				"west": { "uv": [ 4.999995, 5, 11, 6 ], "texture": "#wool_black" },
				"east": { "uv": [ 5.000005, 5, 11, 6 ], "texture": "#wool_black" }
			}
		},
		{
			"__comment": "wool_black",
			"from": [ 5, 12, 12 ],
			"to": [ 6, 12.5, 12.5 ],
			"faces": {
				"down": { "uv": [ 5.000006, 3.5, 6.000006, 4 ], "texture": "#wool_black" },
				"up": { "uv": [ 5.000006, 12, 6.000006, 12.5 ], "texture": "#wool_black" },
				"north": { "uv": [ 9.999994, 3.5, 10.99999, 4 ], "texture": "#wool_black" },
				"south": { "uv": [ 5.000006, 3.5, 6.000006, 4 ], "texture": "#wool_black" },
				"west": { "uv": [ 12, 3.5, 12.5, 4 ], "texture": "#wool_black" },
				"east": { "uv": [ 3.5, 3.5, 4, 4 ], "texture": "#wool_black" }
			}
		},
		{
			"__comment": "wool_black",
			"from": [ 5, 12.5, 11.5 ],
			"to": [ 6, 13.5, 12 ],
			"faces": {
				"down": { "uv": [ 5.000006, 4, 6.000006, 4.5 ], "texture": "#wool_black" },
				"up": { "uv": [ 5.000006, 11.5, 6.000006, 12 ], "texture": "#wool_black" },
				"north": { "uv": [ 9.999994, 2.5, 10.99999, 3.5 ], "texture": "#wool_black" },
				"south": { "uv": [ 5.000006, 2.5, 6.000006, 3.5 ], "texture": "#wool_black" },
				"west": { "uv": [ 11.5, 2.5, 12, 3.5 ], "texture": "#wool_black" },
				"east": { "uv": [ 4, 2.5, 4.5, 3.5 ], "texture": "#wool_black" }
			}
		},
		{
			"__comment": "wool_black",
			"from": [ 6, 12, 11.5 ],
			"to": [ 10, 13.5, 12 ],
			"faces": {
				"down": { "uv": [ 6.000007, 4, 10.00001, 4.5 ], "texture": "#wool_black" },
				"up": { "uv": [ 6.000007, 11.5, 10.00001, 12 ], "texture": "#wool_black" },
				"north": { "uv": [ 5.999993, 2.5, 9.999993, 4 ], "texture": "#wool_black" },
				"south": { "uv": [ 6.000007, 2.5, 10.00001, 4 ], "texture": "#wool_black" },
				"west": { "uv": [ 11.5, 2.5, 12, 4 ], "texture": "#wool_black" },
				"east": { "uv": [ 4, 2.5, 4.5, 4 ], "texture": "#wool_black" }
			}
		},
		{
			"__comment": "wool_black",
			"from": [ 6.5, 13.5, 11.5 ],
			"to": [ 9.5, 14, 12 ],
			"faces": {
				"down": { "uv": [ 6.500009, 4, 9.500009, 4.5 ], "texture": "#wool_black" },
				"up": { "uv": [ 6.500009, 11.5, 9.500009, 12 ], "texture": "#wool_black" },
				"north": { "uv": [ 6.499991, 2, 9.499991, 2.5 ], "texture": "#wool_black" },
				"south": { "uv": [ 6.500009, 2, 9.500009, 2.5 ], "texture": "#wool_black" },
				"west": { "uv": [ 11.5, 2, 12, 2.5 ], "texture": "#wool_black" },
				"east": { "uv": [ 4, 2, 4.5, 2.5 ], "texture": "#wool_black" }
			}
		},
		{
			"__comment": "wool_black",
			"from": [ 9.5, 10.5, 12.5 ],
			"to": [ 10, 11, 13 ],
			"faces": {
				"down": { "uv": [ 9.5, 3.000006, 10, 3.500006 ], "texture": "#wool_black" },
				"up": { "uv": [ 9.5, 12.49999, 10, 12.99999 ], "texture": "#wool_black" },
				"north": { "uv": [ 6, 5, 6.5, 5.5 ], "texture": "#wool_black" },
				"south": { "uv": [ 9.5, 5, 10, 5.5 ], "texture": "#wool_black" },
				"west": { "uv": [ 12.49999, 5, 12.99999, 5.5 ], "texture": "#wool_black" },
				"east": { "uv": [ 3.000006, 5, 3.500006, 5.5 ], "texture": "#wool_black" }
			}
		},
		{
			"__comment": "wool_black",
			"from": [ 5.5, 11, 12.5 ],
			"to": [ 10.5, 11.5, 13 ],
			"faces": {
				"down": { "uv": [ 5.500006, 3, 10.50001, 3.5 ], "texture": "#wool_black" },
				"up": { "uv": [ 5.500006, 12.5, 10.50001, 13 ], "texture": "#wool_black" },
				"north": { "uv": [ 5.499994, 4.5, 10.49999, 5 ], "texture": "#wool_black" },
				"south": { "uv": [ 5.500006, 4.5, 10.50001, 5 ], "texture": "#wool_black" },
				"west": { "uv": [ 12.5, 4.5, 13, 5 ], "texture": "#wool_black" },
				"east": { "uv": [ 3, 4.5, 3.5, 5 ], "texture": "#wool_black" }
			}
		},
		{
			"__comment": "wool_black",
			"from": [ 6.5, 10.5, 12.5 ],
			"to": [ 9.5, 11, 13 ],
			"faces": {
				"down": { "uv": [ 6.500004, 3, 9.500004, 3.5 ], "texture": "#wool_black" },
				"up": { "uv": [ 6.500004, 12.5, 9.500004, 13 ], "texture": "#wool_black" },
				"north": { "uv": [ 6.499996, 5, 9.499996, 5.5 ], "texture": "#wool_black" },
				"south": { "uv": [ 6.500004, 5, 9.500004, 5.5 ], "texture": "#wool_black" },
				"west": { "uv": [ 12.5, 5, 13, 5.5 ], "texture": "#wool_black" },
				"east": { "uv": [ 3, 5, 3.5, 5.5 ], "texture": "#wool_black" }
			}
		},
		{
			"__comment": "wool_black",
			"from": [ 6, 10.5, 12.5 ],
			"to": [ 6.5, 11, 13 ],
			"faces": {
				"down": { "uv": [ 6.000003, 3, 6.500003, 3.5 ], "texture": "#wool_black" },
				"up": { "uv": [ 6.000003, 12.5, 6.500003, 13 ], "texture": "#wool_black" },
				"north": { "uv": [ 9.499996, 5, 9.999996, 5.5 ], "texture": "#wool_black" },
				"south": { "uv": [ 6.000003, 5, 6.500003, 5.5 ], "texture": "#wool_black" },
				"west": { "uv": [ 12.5, 5, 13, 5.5 ], "texture": "#wool_black" },
				"east": { "uv": [ 3, 5, 3.5, 5.5 ], "texture": "#wool_black" }
			}
		},
		{
			"__comment": "wool_black",
			"from": [ 10, 12, 12 ],
			"to": [ 11, 12.5, 12.5 ],
			"faces": {
				"down": { "uv": [ 10, 3.500008, 11, 4.000008 ], "texture": "#wool_black" },
				"up": { "uv": [ 10, 11.99999, 11, 12.49999 ], "texture": "#wool_black" },
				"north": { "uv": [ 5, 3.5, 6, 4 ], "texture": "#wool_black" },
				"south": { "uv": [ 10, 3.5, 11, 4 ], "texture": "#wool_black" },
				"west": { "uv": [ 11.99999, 3.5, 12.49999, 4 ], "texture": "#wool_black" },
				"east": { "uv": [ 3.500008, 3.5, 4.000008, 4 ], "texture": "#wool_black" }
			}
		},
		{
			"__comment": "wool_black",
			"from": [ 4, 10.5, 12 ],
			"to": [ 12, 11, 12.5 ],
			"faces": {
				"down": { "uv": [ 4.000006, 3.5, 12.00001, 4 ], "texture": "#wool_black" },
				"up": { "uv": [ 4.000006, 12, 12.00001, 12.5 ], "texture": "#wool_black" },
				"north": { "uv": [ 3.999994, 5, 11.99999, 5.5 ], "texture": "#wool_black" },
				"south": { "uv": [ 4.000006, 5, 12.00001, 5.5 ], "texture": "#wool_black" },
				"west": { "uv": [ 12, 5, 12.5, 5.5 ], "texture": "#wool_black" },
				"east": { "uv": [ 3.5, 5, 4, 5.5 ], "texture": "#wool_black" }
			}
		},
		{
			"__comment": "wool_black",
			"from": [ 6, 14.5, 6 ],
			"to": [ 10, 15, 10 ],
			"faces": {
				"down": { "uv": [ 6, 6, 10, 10 ], "texture": "#wool_black" },
				"up": { "uv": [ 6, 6, 10, 10 ], "texture": "#wool_black" },
				"north": { "uv": [ 6, 1, 10, 1.5 ], "texture": "#wool_black" },
				"south": { "uv": [ 6, 1, 10, 1.5 ], "texture": "#wool_black" },
				"west": { "uv": [ 6, 1, 10, 1.5 ], "texture": "#wool_black" },
				"east": { "uv": [ 6, 1, 10, 1.5 ], "texture": "#wool_black" }
			}
		},
		{
			"__comment": "wool_black",
			"from": [ 7, 13, 3.5 ],
			"to": [ 7.5, 13.5, 4 ],
			"faces": {
				"down": { "uv": [ 5.999996, 12, 7.999996, 12.5 ], "texture": "#particle" },
				"up": { "uv": [ 5.999996, 3.5, 7.999996, 4 ], "texture": "#particle" },
				"north": { "uv": [ 5.500004, 2.5, 7.500004, 3 ], "texture": "#particle" },
				"south": { "uv": [ 5.999996, 2.5, 7.999996, 3 ], "texture": "#particle" },
				"west": { "uv": [ 3.5, 2.5, 4, 3 ], "texture": "#particle" },
				"east": { "uv": [ 12, 2.5, 12.5, 3 ], "texture": "#particle" }
			}
		},
		{
			"__comment": "wool_black",
			"from": [ 10.5, 11, 3.5 ],
			"to": [ 11, 13, 4 ],
			"faces": {
				"down": { "uv": [ 10.49999, 12, 10.99999, 12.5 ], "texture": "#particle" },
				"up": { "uv": [ 10.49999, 3.5, 10.99999, 4 ], "texture": "#particle" },
				"north": { "uv": [ 5.000006, 3, 5.500006, 5 ], "texture": "#particle" },
				"south": { "uv": [ 10.49999, 3, 10.99999, 5 ], "texture": "#particle" },
				"west": { "uv": [ 3.5, 3, 4, 5 ], "texture": "#particle" },
				"east": { "uv": [ 12, 3, 12.5, 5 ], "texture": "#particle" }
			}
		},
		{
			"__comment": "wool_black",
			"from": [ 6.5, 12, 3 ],
			"to": [ 7.5, 12.5, 3.5 ],
			"faces": {
				"down": { "uv": [ 6.000001, 3.500006, 9.000001, 4.000006 ], "texture": "#particle" },
				"up": { "uv": [ 6.000001, 11.99999, 9.000001, 12.49999 ], "texture": "#particle" },
				"north": { "uv": [ 5.999999, 3, 8.999999, 3.5 ], "texture": "#particle" },
				"south": { "uv": [ 6.000001, 3, 9.000001, 3.5 ], "texture": "#particle" },
				"west": { "uv": [ 11.99999, 3, 12.49999, 3.5 ], "texture": "#particle" },
				"east": { "uv": [ 3.500006, 3, 4.000006, 3.5 ], "texture": "#particle" }
			}
		},
		{
			"__comment": "wool_black",
			"from": [ 5.5, 11.5, 3 ],
			"to": [ 10.5, 12, 3.5 ],
			"faces": {
				"down": { "uv": [ 4.000027, 3.5, 12.00003, 4 ], "texture": "#particle" },
				"up": { "uv": [ 4.000027, 12, 12.00003, 12.5 ], "texture": "#particle" },
				"north": { "uv": [ 3.999973, 4, 11.99997, 4.5 ], "texture": "#particle" },
				"south": { "uv": [ 4.000027, 4, 12.00003, 4.5 ], "texture": "#particle" },
				"west": { "uv": [ 12, 4, 12.5, 4.5 ], "texture": "#particle" },
				"east": { "uv": [ 3.5, 4, 4, 4.5 ], "texture": "#particle" }
			}
		},
		{
			"__comment": "wool_black",
			"from": [ 4, 10.5, 3 ],
			"to": [ 12, 11.5, 3.5 ],
			"faces": {
				"down": { "uv": [ 4.000027, 3.5, 12.00003, 4 ], "texture": "#wool_black" },
				"up": { "uv": [ 4.000027, 12, 12.00003, 12.5 ], "texture": "#wool_black" },
				"north": { "uv": [ 3.999973, 4, 11.99997, 5 ], "texture": "#wool_black" },
				"south": { "uv": [ 4.000027, 4, 12.00003, 5 ], "texture": "#wool_black" },
				"west": { "uv": [ 12, 4, 12.5, 5 ], "texture": "#wool_black" },
				"east": { "uv": [ 3.5, 4, 4, 5 ], "texture": "#wool_black" }
			}
		},
		{
			"__comment": "wool_black",
			"from": [ 3.5, 10.5, 4 ],
			"to": [ 4, 11.5, 5 ],
			"faces": {
				"down": { "uv": [ 3.5, 10.99999, 4, 11.99999 ], "texture": "#wool_black" },
				"up": { "uv": [ 3.5, 4.000008, 4, 5.000008 ], "texture": "#wool_black" },
				"north": { "uv": [ 12, 4, 12.5, 5 ], "texture": "#wool_black" },
				"south": { "uv": [ 3.5, 4, 4, 5 ], "texture": "#wool_black" },
				"west": { "uv": [ 4.000007, 4, 5.000007, 5 ], "texture": "#wool_black" },
				"east": { "uv": [ 10.99999, 4, 11.99999, 5 ], "texture": "#wool_black" }
			}
		},
		{
			"__comment": "wool_black",
			"from": [ 4, 10.5, 3.5 ],
			"to": [ 5, 11.5, 4 ],
			"faces": {
				"down": { "uv": [ 4, 11.99999, 5, 12.49999 ], "texture": "#wool_black" },
				"up": { "uv": [ 4, 3.500007, 5, 4.000008 ], "texture": "#wool_black" },
				"north": { "uv": [ 11, 4, 12, 5 ], "texture": "#wool_black" },
				"south": { "uv": [ 4, 4, 5, 5 ], "texture": "#wool_black" },
				"west": { "uv": [ 3.500007, 4, 4.000007, 5 ], "texture": "#wool_black" },
				"east": { "uv": [ 11.99999, 4, 12.49999, 5 ], "texture": "#wool_black" }
			}
		},
		{
			"__comment": "wool_black",
			"from": [ 3.5, 10.5, 11 ],
			"to": [ 4, 11, 12 ],
			"faces": {
				"down": { "uv": [ 3.500008, 4, 4.000008, 5 ], "texture": "#wool_black" },
				"up": { "uv": [ 3.500008, 11, 4.000008, 12 ], "texture": "#wool_black" },
				"north": { "uv": [ 11.99999, 4, 12.49999, 4.5 ], "texture": "#wool_black" },
				"south": { "uv": [ 3.500008, 4, 4.000008, 4.5 ], "texture": "#wool_black" },
				"west": { "uv": [ 11, 4, 12, 4.5 ], "texture": "#wool_black" },
				"east": { "uv": [ 4, 4, 5, 4.5 ], "texture": "#wool_black" }
			}
		},
		{
			"__comment": "wool_black",
			"from": [ 12, 11, 11 ],
			"to": [ 12.5, 12, 12 ],
			"faces": {
				"down": { "uv": [ 12, 4.000006, 12.5, 5.000006 ], "texture": "#wool_black" },
				"up": { "uv": [ 12, 10.99999, 12.5, 11.99999 ], "texture": "#wool_black" },
				"north": { "uv": [ 3.499998, 4, 3.999998, 5 ], "texture": "#wool_black" },
				"south": { "uv": [ 12, 4, 12.5, 5 ], "texture": "#wool_black" },
				"west": { "uv": [ 10.99999, 4, 11.99999, 5 ], "texture": "#wool_black" },
				"east": { "uv": [ 4.000006, 4, 5.000006, 5 ], "texture": "#wool_black" }
			}
		},
		{
			"__comment": "wool_black",
			"from": [ 12, 10.5, 4 ],
			"to": [ 12.5, 11.5, 5 ],
			"faces": {
				"down": { "uv": [ 12, 11, 12.5, 12 ], "texture": "#wool_black" },
				"up": { "uv": [ 12, 4, 12.5, 5 ], "texture": "#wool_black" },
				"north": { "uv": [ 3.500004, 4, 4.000004, 5 ], "texture": "#wool_black" },
				"south": { "uv": [ 12, 4, 12.5, 5 ], "texture": "#wool_black" },
				"west": { "uv": [ 4, 4, 5, 5 ], "texture": "#wool_black" },
				"east": { "uv": [ 11, 4, 12, 5 ], "texture": "#wool_black" }
			}
		},
		{
			"__comment": "wool_black",
			"from": [ 11, 10.5, 3.5 ],
			"to": [ 12, 11.5, 4 ],
			"faces": {
				"down": { "uv": [ 4, 11.99999, 5, 12.49999 ], "texture": "#wool_black" },
				"up": { "uv": [ 4, 3.500007, 5, 4.000008 ], "texture": "#wool_black" },
				"north": { "uv": [ 11, 4, 12, 5 ], "texture": "#wool_black" },
				"south": { "uv": [ 4, 4, 5, 5 ], "texture": "#wool_black" },
				"west": { "uv": [ 3.500007, 4, 4.000007, 5 ], "texture": "#wool_black" },
				"east": { "uv": [ 11.99999, 4, 12.49999, 5 ], "texture": "#wool_black" }
			}
		},
		{
			"__comment": "wool_black",
			"from": [ 5.5, 12, 3 ],
			"to": [ 6, 12.5, 3.5 ],
			"faces": {
				"down": { "uv": [ 6.000001, 3.500006, 6.500001, 4.000006 ], "texture": "#particle" },
				"up": { "uv": [ 6.000001, 11.99999, 6.500001, 12.49999 ], "texture": "#particle" },
				"north": { "uv": [ 5.999999, 3, 6.499999, 3.5 ], "texture": "#particle" },
				"south": { "uv": [ 6.000001, 3, 6.500001, 3.5 ], "texture": "#particle" },
				"west": { "uv": [ 11.99999, 3, 12.49999, 3.5 ], "texture": "#particle" },
				"east": { "uv": [ 3.500006, 3, 4.000006, 3.5 ], "texture": "#particle" }
			}
		},
		{
			"__comment": "wool_black",
			"from": [ 7, 12.5, 3 ],
			"to": [ 7.5, 13, 3.5 ],
			"faces": {
				"down": { "uv": [ 6.000001, 3.500006, 8.000001, 4.000006 ], "texture": "#particle" },
				"up": { "uv": [ 6.000001, 11.99999, 8.000001, 12.49999 ], "texture": "#particle" },
				"north": { "uv": [ 5.999999, 3, 7.999999, 3.5 ], "texture": "#particle" },
				"south": { "uv": [ 6.000001, 3, 8.000001, 3.5 ], "texture": "#particle" },
				"west": { "uv": [ 11.99999, 3, 12.49999, 3.5 ], "texture": "#particle" },
				"east": { "uv": [ 3.500006, 3, 4.000006, 3.5 ], "texture": "#particle" }
			}
		},
		{
			"__comment": "wool_black",
			"from": [ 9.5, 12, 3 ],
			"to": [ 10, 12.5, 3.5 ],
			"faces": {
				"down": { "uv": [ 6.000001, 3.500006, 6.500001, 4.000006 ], "texture": "#0" },
				"up": { "uv": [ 6.000001, 11.99999, 6.500001, 12.49999 ], "texture": "#0" },
				"north": { "uv": [ 5.999999, 3, 6.499999, 3.5 ], "texture": "#0" },
				"south": { "uv": [ 6.000001, 3, 6.500001, 3.5 ], "texture": "#0" },
				"west": { "uv": [ 11.99999, 3, 12.49999, 3.5 ], "texture": "#0" },
				"east": { "uv": [ 3.500006, 3, 4.000006, 3.5 ], "texture": "#0" }
			}
		},
		{
			"__comment": "wool_black",
			"from": [ 9, 12.5, 3.5 ],
			"to": [ 10, 13, 4 ],
			"faces": {
				"down": { "uv": [ 6.000001, 3.500006, 7.000001, 4.000006 ], "texture": "#0" },
				"up": { "uv": [ 6.000001, 11.99999, 7.000001, 12.49999 ], "texture": "#0" },
				"north": { "uv": [ 5.999999, 3, 6.999999, 3.5 ], "texture": "#0" },
				"south": { "uv": [ 6.000001, 3, 7.000001, 3.5 ], "texture": "#0" },
				"west": { "uv": [ 11.99999, 3, 12.49999, 3.5 ], "texture": "#0" },
				"east": { "uv": [ 3.500006, 3, 4.000006, 3.5 ], "texture": "#0" }
			}
		},
		{
			"__comment": "wool_black",
			"from": [ 6, 12.5, 3.5 ],
			"to": [ 7, 13, 4 ],
			"faces": {
				"down": { "uv": [ 6.000001, 3.500006, 7.000001, 4.000006 ], "texture": "#0" },
				"up": { "uv": [ 6.000001, 11.99999, 7.000001, 12.49999 ], "texture": "#0" },
				"north": { "uv": [ 5.999999, 3, 6.999999, 3.5 ], "texture": "#0" },
				"south": { "uv": [ 6.000001, 3, 7.000001, 3.5 ], "texture": "#0" },
				"west": { "uv": [ 11.99999, 3, 12.49999, 3.5 ], "texture": "#0" },
				"east": { "uv": [ 3.500006, 3, 4.000006, 3.5 ], "texture": "#0" }
			}
		},
		{
			"__comment": "wool_black",
			"from": [ 9, 13, 4 ],
			"to": [ 9.5, 13.5, 4.5 ],
			"faces": {
				"down": { "uv": [ 6.000001, 3.500006, 7.500001, 4.000006 ], "texture": "#0" },
				"up": { "uv": [ 6.000001, 11.99999, 7.500001, 12.49999 ], "texture": "#0" },
				"north": { "uv": [ 5.999999, 3, 7.499999, 3.5 ], "texture": "#0" },
				"south": { "uv": [ 6.000001, 3, 7.500001, 3.5 ], "texture": "#0" },
				"west": { "uv": [ 11.99999, 3, 12.49999, 3.5 ], "texture": "#0" },
				"east": { "uv": [ 3.500006, 3, 4.000006, 3.5 ], "texture": "#0" }
			}
		},
		{
			"__comment": "wool_black",
			"from": [ 5.5, 13, 4 ],
			"to": [ 6, 13.5, 4.5 ],
			"faces": {
				"down": { "uv": [ 6.000001, 3.500006, 7.500001, 4.000006 ], "texture": "#0" },
				"up": { "uv": [ 6.000001, 11.99999, 7.500001, 12.49999 ], "texture": "#0" },
				"north": { "uv": [ 5.999999, 3, 7.499999, 3.5 ], "texture": "#0" },
				"south": { "uv": [ 6.000001, 3, 7.500001, 3.5 ], "texture": "#0" },
				"west": { "uv": [ 11.99999, 3, 12.49999, 3.5 ], "texture": "#0" },
				"east": { "uv": [ 3.500006, 3, 4.000006, 3.5 ], "texture": "#0" }
			}
		},
		{
			"__comment": "wool_black",
			"from": [ 9.5, 13.5, 4.5 ],
			"to": [ 10, 14, 5 ],
			"faces": {
				"down": { "uv": [ 6.000001, 3.500006, 7.000001, 4.000006 ], "texture": "#0" },
				"up": { "uv": [ 6.000001, 11.99999, 7.000001, 12.49999 ], "texture": "#0" },
				"north": { "uv": [ 5.999999, 3, 6.999999, 3.5 ], "texture": "#0" },
				"south": { "uv": [ 6.000001, 3, 7.000001, 3.5 ], "texture": "#0" },
				"west": { "uv": [ 11.99999, 3, 12.49999, 3.5 ], "texture": "#0" },
				"east": { "uv": [ 3.500006, 3, 4.000006, 3.5 ], "texture": "#0" }
			}
		},
		{
			"__comment": "wool_black",
			"from": [ 6, 13.5, 4.5 ],
			"to": [ 6.5, 14, 5 ],
			"faces": {
				"down": { "uv": [ 6.000001, 3.500006, 7.000001, 4.000006 ], "texture": "#0" },
				"up": { "uv": [ 6.000001, 11.99999, 7.000001, 12.49999 ], "texture": "#0" },
				"north": { "uv": [ 5.999999, 3, 6.999999, 3.5 ], "texture": "#0" },
				"south": { "uv": [ 6.000001, 3, 7.000001, 3.5 ], "texture": "#0" },
				"west": { "uv": [ 11.99999, 3, 12.49999, 3.5 ], "texture": "#0" },
				"east": { "uv": [ 3.500006, 3, 4.000006, 3.5 ], "texture": "#0" }
			}
		},
		{
			"__comment": "wool_black",
			"from": [ 6.5, 14, 7 ],
			"to": [ 9.5, 14.5, 11 ],
			"faces": {
				"down": { "uv": [ 6.5, 4.5, 9.5, 10.5 ], "texture": "#wool_black" },
				"up": { "uv": [ 6.5, 4.5, 9.5, 10.5 ], "texture": "#wool_black" },
				"north": { "uv": [ 6.5, 1.5, 9.5, 2 ], "texture": "#wool_black" },
				"south": { "uv": [ 6.5, 1.5, 9.5, 2 ], "texture": "#wool_black" },
				"west": { "uv": [ 4.5, 1.5, 10.5, 2 ], "texture": "#wool_black" },
				"east": { "uv": [ 4.5, 1.5, 10.5, 2 ], "texture": "#wool_black" }
			}
		},
		{
			"__comment": "wool_black",
			"from": [ 10, 12, 3 ],
			"to": [ 10.5, 12.5, 3.5 ],
			"faces": {
				"down": { "uv": [ 6.000001, 3.500006, 6.500001, 4.000006 ], "texture": "#particle" },
				"up": { "uv": [ 6.000001, 11.99999, 6.500001, 12.49999 ], "texture": "#particle" },
				"north": { "uv": [ 5.999999, 3, 6.499999, 3.5 ], "texture": "#particle" },
				"south": { "uv": [ 6.000001, 3, 6.500001, 3.5 ], "texture": "#particle" },
				"west": { "uv": [ 11.99999, 3, 12.49999, 3.5 ], "texture": "#particle" },
				"east": { "uv": [ 3.500006, 3, 4.000006, 3.5 ], "texture": "#particle" }
			}
		},
		{
			"__comment": "wool_black",
			"from": [ 10, 12.5, 3.5 ],
			"to": [ 10.5, 13, 4 ],
			"faces": {
				"down": { "uv": [ 6.000001, 3.500006, 6.500001, 4.000006 ], "texture": "#0" },
				"up": { "uv": [ 6.000001, 11.99999, 6.500001, 12.49999 ], "texture": "#0" },
				"north": { "uv": [ 5.999999, 3, 6.499999, 3.5 ], "texture": "#0" },
				"south": { "uv": [ 6.000001, 3, 6.500001, 3.5 ], "texture": "#0" },
				"west": { "uv": [ 11.99999, 3, 12.49999, 3.5 ], "texture": "#0" },
				"east": { "uv": [ 3.500006, 3, 4.000006, 3.5 ], "texture": "#0" }
			}
		},
		{
			"__comment": "wool_black",
			"from": [ 6, 12, 3 ],
			"to": [ 6.5, 12.5, 3.5 ],
			"faces": {
				"down": { "uv": [ 6.000001, 3.500006, 6.500001, 4.000006 ], "texture": "#0" },
				"up": { "uv": [ 6.000001, 11.99999, 6.500001, 12.49999 ], "texture": "#0" },
				"north": { "uv": [ 5.999999, 3, 6.499999, 3.5 ], "texture": "#0" },
				"south": { "uv": [ 6.000001, 3, 6.500001, 3.5 ], "texture": "#0" },
				"west": { "uv": [ 11.99999, 3, 12.49999, 3.5 ], "texture": "#0" },
				"east": { "uv": [ 3.500006, 3, 4.000006, 3.5 ], "texture": "#0" }
			}
		},
		{
			"__comment": "wool_black",
			"from": [ 5.5, 12.5, 3.5 ],
			"to": [ 6, 13, 4 ],
			"faces": {
				"down": { "uv": [ 6.000001, 3.500006, 6.500001, 4.000006 ], "texture": "#0" },
				"up": { "uv": [ 6.000001, 11.99999, 6.500001, 12.49999 ], "texture": "#0" },
				"north": { "uv": [ 5.999999, 3, 6.499999, 3.5 ], "texture": "#0" },
				"south": { "uv": [ 6.000001, 3, 6.500001, 3.5 ], "texture": "#0" },
				"west": { "uv": [ 11.99999, 3, 12.49999, 3.5 ], "texture": "#0" },
				"east": { "uv": [ 3.500006, 3, 4.000006, 3.5 ], "texture": "#0" }
			}
		},
		{
			"__comment": "wool_black",
			"from": [ 6, 13.5, 7 ],
			"to": [ 10, 14, 11.5 ],
			"faces": {
				"down": { "uv": [ 6, 4.5, 10, 9 ], "texture": "#wool_black" },
				"up": { "uv": [ 6, 4, 10, 8.5 ], "texture": "#wool_black" },
				"north": { "uv": [ 6, 2, 10, 2.5 ], "texture": "#wool_black" },
				"south": { "uv": [ 6, 2, 10, 2.5 ], "texture": "#wool_black" },
				"west": { "uv": [ 4, 2, 8.5, 2.5 ], "texture": "#wool_black" },
				"east": { "uv": [ 4.5, 2, 9, 2.5 ], "texture": "#wool_black" }
			}
		},
		{
			"__comment": "wool_black",
			"from": [ 6.5, 13, 4 ],
			"to": [ 7, 13.5, 4.5 ],
			"faces": {
				"down": { "uv": [ 6.000001, 3.500006, 7.500001, 4.000006 ], "texture": "#0" },
				"up": { "uv": [ 6.000001, 11.99999, 7.500001, 12.49999 ], "texture": "#0" },
				"north": { "uv": [ 5.999999, 3, 7.499999, 3.5 ], "texture": "#0" },
				"south": { "uv": [ 6.000001, 3, 7.500001, 3.5 ], "texture": "#0" },
				"west": { "uv": [ 11.99999, 3, 12.49999, 3.5 ], "texture": "#0" },
				"east": { "uv": [ 3.500006, 3, 4.000006, 3.5 ], "texture": "#0" }
			}
		},
		{
			"__comment": "wool_black",
			"from": [ 10, 13, 4 ],
			"to": [ 10.5, 13.5, 4.5 ],
			"faces": {
				"down": { "uv": [ 6.000001, 3.500006, 7.500001, 4.000006 ], "texture": "#0" },
				"up": { "uv": [ 6.000001, 11.99999, 7.500001, 12.49999 ], "texture": "#0" },
				"north": { "uv": [ 5.999999, 3, 7.499999, 3.5 ], "texture": "#0" },
				"south": { "uv": [ 6.000001, 3, 7.500001, 3.5 ], "texture": "#0" },
				"west": { "uv": [ 11.99999, 3, 12.49999, 3.5 ], "texture": "#0" },
				"east": { "uv": [ 3.500006, 3, 4.000006, 3.5 ], "texture": "#0" }
			}
		},
		{
			"__comment": "wool_black",
			"from": [ 9.5, 13, 4 ],
			"to": [ 10, 13.5, 4.5 ],
			"faces": {
				"down": { "uv": [ 6.000001, 3.500006, 7.500001, 4.000006 ], "texture": "#1" },
				"up": { "uv": [ 6.000001, 11.99999, 7.500001, 12.49999 ], "texture": "#1" },
				"north": { "uv": [ 5.999999, 3, 7.499999, 3.5 ], "texture": "#1" },
				"south": { "uv": [ 6.000001, 3, 7.500001, 3.5 ], "texture": "#1" },
				"west": { "uv": [ 11.99999, 3, 12.49999, 3.5 ], "texture": "#1" },
				"east": { "uv": [ 3.500006, 3, 4.000006, 3.5 ], "texture": "#1" }
			}
		},
		{
			"__comment": "wool_black",
			"from": [ 6, 13, 4 ],
			"to": [ 6.5, 13.5, 4.5 ],
			"faces": {
				"down": { "uv": [ 6.000001, 3.500006, 7.500001, 4.000006 ], "texture": "#1" },
				"up": { "uv": [ 6.000001, 11.99999, 7.500001, 12.49999 ], "texture": "#1" },
				"north": { "uv": [ 5.999999, 3, 7.499999, 3.5 ], "texture": "#1" },
				"south": { "uv": [ 6.000001, 3, 7.500001, 3.5 ], "texture": "#1" },
				"west": { "uv": [ 11.99999, 3, 12.49999, 3.5 ], "texture": "#1" },
				"east": { "uv": [ 3.500006, 3, 4.000006, 3.5 ], "texture": "#1" }
			}
		},
		{
			"__comment": "wool_black",
			"from": [ 7, 11.5, 2.5 ],
			"to": [ 9, 12, 3 ],
			"faces": {
				"down": { "uv": [ 6.000001, 3.500006, 8.000001, 4.000006 ], "texture": "#texture" },
				"up": { "uv": [ 6.000001, 11.99999, 8.000001, 12.49999 ], "texture": "#texture" },
				"north": { "uv": [ 5.999999, 3, 7.999999, 3.5 ], "texture": "#texture" },
				"south": { "uv": [ 6.000001, 3, 8.000001, 3.5 ], "texture": "#texture" },
				"west": { "uv": [ 11.99999, 3, 12.49999, 3.5 ], "texture": "#texture" },
				"east": { "uv": [ 3.500006, 3, 4.000006, 3.5 ], "texture": "#texture" }
			}
		},
		{
			"__comment": "wool_black",
			"from": [ 7.5, 12, 2.5 ],
			"to": [ 8.5, 12.5, 3 ],
			"faces": {
				"down": { "uv": [ 6.000001, 3.500006, 8.000001, 4.000006 ], "texture": "#texture" },
				"up": { "uv": [ 6.000001, 11.99999, 8.000001, 12.49999 ], "texture": "#texture" },
				"north": { "uv": [ 5.999999, 3, 7.999999, 3.5 ], "texture": "#texture" },
				"south": { "uv": [ 6.000001, 3, 8.000001, 3.5 ], "texture": "#texture" },
				"west": { "uv": [ 11.99999, 3, 12.49999, 3.5 ], "texture": "#texture" },
				"east": { "uv": [ 3.500006, 3, 4.000006, 3.5 ], "texture": "#texture" }
			}
		},
		{
			"__comment": "wool_black",
			"from": [ 7.5, 11, 2.5 ],
			"to": [ 8.5, 11.5, 3 ],
			"faces": {
				"down": { "uv": [ 6.000001, 3.500006, 8.000001, 4.000006 ], "texture": "#texture" },
				"up": { "uv": [ 6.000001, 11.99999, 8.000001, 12.49999 ], "texture": "#texture" },
				"north": { "uv": [ 5.999999, 3, 7.999999, 3.5 ], "texture": "#texture" },
				"south": { "uv": [ 6.000001, 3, 8.000001, 3.5 ], "texture": "#texture" },
				"west": { "uv": [ 11.99999, 3, 12.49999, 3.5 ], "texture": "#texture" },
				"east": { "uv": [ 3.500006, 3, 4.000006, 3.5 ], "texture": "#texture" }
			}
		},
		{
			"__comment": "wool_black",
			"from": [ 6.5, 13.5, 5 ],
			"to": [ 7.5, 14, 6.5 ],
			"faces": {
				"down": { "uv": [ 6.5, 4.5, 9.5, 10.5 ], "texture": "#particle" },
				"up": { "uv": [ 6.5, 4.5, 9.5, 10.5 ], "texture": "#particle" },
				"north": { "uv": [ 6.5, 1.5, 9.5, 2 ], "texture": "#particle" },
				"south": { "uv": [ 6.5, 1.5, 9.5, 2 ], "texture": "#particle" },
				"west": { "uv": [ 4.5, 1.5, 10.5, 2 ], "texture": "#particle" },
				"east": { "uv": [ 4.5, 1.5, 10.5, 2 ], "texture": "#particle" }
			}
		},
		{
			"__comment": "wool_black",
			"from": [ 8.5, 13.5, 5 ],
			"to": [ 9.5, 14, 6.5 ],
			"faces": {
				"down": { "uv": [ 6.5, 4.5, 9.5, 10.5 ], "texture": "#particle" },
				"up": { "uv": [ 6.5, 4.5, 9.5, 10.5 ], "texture": "#particle" },
				"north": { "uv": [ 6.5, 1.5, 9.5, 2 ], "texture": "#particle" },
				"south": { "uv": [ 6.5, 1.5, 9.5, 2 ], "texture": "#particle" },
				"west": { "uv": [ 4.5, 1.5, 10.5, 2 ], "texture": "#particle" },
				"east": { "uv": [ 4.5, 1.5, 10.5, 2 ], "texture": "#particle" }
			}
		},
		{
			"__comment": "wool_black",
			"from": [ 8.5, 12, 3 ],
			"to": [ 9.5, 12.5, 3.5 ],
			"faces": {
				"down": { "uv": [ 6.000001, 3.500006, 9.000001, 4.000006 ], "texture": "#particle" },
				"up": { "uv": [ 6.000001, 11.99999, 9.000001, 12.49999 ], "texture": "#particle" },
				"north": { "uv": [ 5.999999, 3, 8.999999, 3.5 ], "texture": "#particle" },
				"south": { "uv": [ 6.000001, 3, 9.000001, 3.5 ], "texture": "#particle" },
				"west": { "uv": [ 11.99999, 3, 12.49999, 3.5 ], "texture": "#particle" },
				"east": { "uv": [ 3.500006, 3, 4.000006, 3.5 ], "texture": "#particle" }
			}
		},
		{
			"__comment": "wool_black",
			"from": [ 7.5, 12, 3 ],
			"to": [ 8.5, 12.5, 3.5 ],
			"faces": {
				"down": { "uv": [ 6.000001, 3.500006, 9.000001, 4.000006 ], "texture": "#wool_black" },
				"up": { "uv": [ 6.000001, 11.99999, 9.000001, 12.49999 ], "texture": "#wool_black" },
				"north": { "uv": [ 5.999999, 3, 8.999999, 3.5 ], "texture": "#wool_black" },
				"south": { "uv": [ 6.000001, 3, 9.000001, 3.5 ], "texture": "#wool_black" },
				"west": { "uv": [ 11.99999, 3, 12.49999, 3.5 ], "texture": "#wool_black" },
				"east": { "uv": [ 3.500006, 3, 4.000006, 3.5 ], "texture": "#wool_black" }
			}
		},
		{
			"__comment": "wool_black",
			"from": [ 7.5, 14, 5 ],
			"to": [ 8.5, 14.5, 6 ],
			"faces": {
				"down": { "uv": [ 6.5, 4.5, 8.5, 11.5 ], "texture": "#wool_black" },
				"up": { "uv": [ 6.5, 4.5, 8.5, 11.5 ], "texture": "#wool_black" },
				"north": { "uv": [ 6.5, 1.5, 8.5, 2 ], "texture": "#wool_black" },
				"south": { "uv": [ 6.5, 1.5, 8.5, 2 ], "texture": "#wool_black" },
				"west": { "uv": [ 4.5, 1.5, 11.5, 2 ], "texture": "#wool_black" },
				"east": { "uv": [ 4.5, 1.5, 11.5, 2 ], "texture": "#wool_black" }
			}
		},
		{
			"__comment": "wool_black",
			"from": [ 8.5, 13.5, 4 ],
			"to": [ 9, 14, 9.5 ],
			"faces": {
				"down": { "uv": [ 6, 4.5, 8, 12 ], "texture": "#wool_black" },
				"up": { "uv": [ 6, 4, 8, 11.5 ], "texture": "#wool_black" },
				"north": { "uv": [ 6, 2, 8, 2.5 ], "texture": "#wool_black" },
				"south": { "uv": [ 6, 2, 8, 2.5 ], "texture": "#wool_black" },
				"west": { "uv": [ 4, 2, 11.5, 2.5 ], "texture": "#wool_black" },
				"east": { "uv": [ 4.5, 2, 12, 2.5 ], "texture": "#wool_black" }
			}
		},
		{
			"__comment": "wool_black",
			"from": [ 7.5, 12.5, 3 ],
			"to": [ 8.5, 13, 3.5 ],
			"faces": {
				"down": { "uv": [ 6.000001, 3.500006, 9.000001, 4.000006 ], "texture": "#wool_black" },
				"up": { "uv": [ 6.000001, 11.99999, 9.000001, 12.49999 ], "texture": "#wool_black" },
				"north": { "uv": [ 5.999999, 3, 8.999999, 3.5 ], "texture": "#wool_black" },
				"south": { "uv": [ 6.000001, 3, 9.000001, 3.5 ], "texture": "#wool_black" },
				"west": { "uv": [ 11.99999, 3, 12.49999, 3.5 ], "texture": "#wool_black" },
				"east": { "uv": [ 3.500006, 3, 4.000006, 3.5 ], "texture": "#wool_black" }
			}
		},
		{
			"__comment": "wool_black",
			"from": [ 8.5, 13.5, 4 ],
			"to": [ 9, 14, 9.5 ],
			"faces": {
				"down": { "uv": [ 6, 4.5, 8, 12 ], "texture": "#particle" },
				"up": { "uv": [ 6, 4, 8, 11.5 ], "texture": "#particle" },
				"north": { "uv": [ 6, 2, 8, 2.5 ], "texture": "#particle" },
				"south": { "uv": [ 6, 2, 8, 2.5 ], "texture": "#particle" },
				"west": { "uv": [ 4, 2, 11.5, 2.5 ], "texture": "#particle" },
				"east": { "uv": [ 4.5, 2, 12, 2.5 ], "texture": "#particle" }
			}
		},
		{
			"__comment": "wool_black",
			"from": [ 8.5, 13, 3.5 ],
			"to": [ 9, 13.5, 4 ],
			"faces": {
				"down": { "uv": [ 5.999996, 12, 7.999996, 12.5 ], "texture": "#particle" },
				"up": { "uv": [ 5.999996, 3.5, 7.999996, 4 ], "texture": "#particle" },
				"north": { "uv": [ 5.500004, 2.5, 7.500004, 3 ], "texture": "#particle" },
				"south": { "uv": [ 5.999996, 2.5, 7.999996, 3 ], "texture": "#particle" },
				"west": { "uv": [ 3.5, 2.5, 4, 3 ], "texture": "#particle" },
				"east": { "uv": [ 12, 2.5, 12.5, 3 ], "texture": "#particle" }
			}
		},
		{
			"__comment": "wool_black",
			"from": [ 8.5, 12.5, 3 ],
			"to": [ 9, 13, 3.5 ],
			"faces": {
				"down": { "uv": [ 6.000001, 3.500006, 8.000001, 4.000006 ], "texture": "#particle" },
				"up": { "uv": [ 6.000001, 11.99999, 8.000001, 12.49999 ], "texture": "#particle" },
				"north": { "uv": [ 5.999999, 3, 7.999999, 3.5 ], "texture": "#particle" },
				"south": { "uv": [ 6.000001, 3, 8.000001, 3.5 ], "texture": "#particle" },
				"west": { "uv": [ 11.99999, 3, 12.49999, 3.5 ], "texture": "#particle" },
				"east": { "uv": [ 3.500006, 3, 4.000006, 3.5 ], "texture": "#particle" }
			}
		},
		{
			"__comment": "wool_black",
			"from": [ 7.5, 13, 3.5 ],
			"to": [ 8.5, 13.5, 4 ],
			"faces": {
				"down": { "uv": [ 6.000001, 3.500006, 9.000001, 4.000006 ], "texture": "#wool_black" },
				"up": { "uv": [ 6.000001, 11.99999, 9.000001, 12.49999 ], "texture": "#wool_black" },
				"north": { "uv": [ 5.999999, 3, 8.999999, 3.5 ], "texture": "#wool_black" },
				"south": { "uv": [ 6.000001, 3, 9.000001, 3.5 ], "texture": "#wool_black" },
				"west": { "uv": [ 11.99999, 3, 12.49999, 3.5 ], "texture": "#wool_black" },
				"east": { "uv": [ 3.500006, 3, 4.000006, 3.5 ], "texture": "#wool_black" }
			}
		},
		{
			"__comment": "wool_black",
			"from": [ 7.5, 13.5, 4 ],
			"to": [ 8.5, 14, 5.5 ],
			"faces": {
				"down": { "uv": [ 6.000001, 3.500006, 9.000001, 4.000006 ], "texture": "#wool_black" },
				"up": { "uv": [ 6.000001, 11.99999, 9.000001, 12.49999 ], "texture": "#wool_black" },
				"north": { "uv": [ 5.999999, 3, 8.999999, 3.5 ], "texture": "#wool_black" },
				"south": { "uv": [ 6.000001, 3, 9.000001, 3.5 ], "texture": "#wool_black" },
				"west": { "uv": [ 11.99999, 3, 12.49999, 3.5 ], "texture": "#wool_black" },
				"east": { "uv": [ 3.500006, 3, 4.000006, 3.5 ], "texture": "#wool_black" }
			}
		},
		{
			"__comment": "wool_black",
			"from": [ 7.5, 10, 3.5 ],
			"to": [ 8.5, 11, 4 ],
			"faces": {
				"down": { "uv": [ 10.49999, 12, 10.99999, 12.5 ], "texture": "#wool_grey" },
				"up": { "uv": [ 10.49999, 3.5, 10.99999, 4 ], "texture": "#wool_grey" },
				"north": { "uv": [ 5.000006, 3, 5.500006, 5 ], "texture": "#wool_grey" },
				"south": { "uv": [ 10.49999, 3, 10.99999, 5 ], "texture": "#wool_grey" },
				"west": { "uv": [ 3.5, 3, 4, 5 ], "texture": "#wool_grey" },
				"east": { "uv": [ 12, 3, 12.5, 5 ], "texture": "#wool_grey" }
			}
		},
		{
			"__comment": "wool_black",
			"from": [ 6.5, 9.5, 3.5 ],
			"to": [ 7, 10.5, 4 ],
			"faces": {
				"down": { "uv": [ 10.49999, 12, 10.99999, 12.5 ], "texture": "#wool_grey" },
				"up": { "uv": [ 10.49999, 3.5, 10.99999, 4 ], "texture": "#wool_grey" },
				"north": { "uv": [ 5.000006, 3, 5.500006, 5 ], "texture": "#wool_grey" },
				"south": { "uv": [ 10.49999, 3, 10.99999, 5 ], "texture": "#wool_grey" },
				"west": { "uv": [ 3.5, 3, 4, 5 ], "texture": "#wool_grey" },
				"east": { "uv": [ 12, 3, 12.5, 5 ], "texture": "#wool_grey" }
			}
		},
		{
			"__comment": "wool_black",
			"from": [ 9, 9.5, 3.5 ],
			"to": [ 9.5, 10.5, 4 ],
			"faces": {
				"down": { "uv": [ 10.49999, 12, 10.99999, 12.5 ], "texture": "#wool_grey" },
				"up": { "uv": [ 10.49999, 3.5, 10.99999, 4 ], "texture": "#wool_grey" },
				"north": { "uv": [ 5.000006, 3, 5.500006, 5 ], "texture": "#wool_grey" },
				"south": { "uv": [ 10.49999, 3, 10.99999, 5 ], "texture": "#wool_grey" },
				"west": { "uv": [ 3.5, 3, 4, 5 ], "texture": "#wool_grey" },
				"east": { "uv": [ 12, 3, 12.5, 5 ], "texture": "#wool_grey" }
			}
		},
		{
			"__comment": "wool_black",
			"from": [ 5.5, 10, 3.5 ],
			"to": [ 6, 11, 4 ],
			"faces": {
				"down": { "uv": [ 10.49999, 12, 10.99999, 12.5 ], "texture": "#wool_grey" },
				"up": { "uv": [ 10.49999, 3.5, 10.99999, 4 ], "texture": "#wool_grey" },
				"north": { "uv": [ 5.000006, 3, 5.500006, 5 ], "texture": "#wool_grey" },
				"south": { "uv": [ 10.49999, 3, 10.99999, 5 ], "texture": "#wool_grey" },
				"west": { "uv": [ 3.5, 3, 4, 5 ], "texture": "#wool_grey" },
				"east": { "uv": [ 12, 3, 12.5, 5 ], "texture": "#wool_grey" }
			}
		},
		{
			"__comment": "wool_black",
			"from": [ 4.5, 10, 3.5 ],
			"to": [ 5, 11, 4 ],
			"faces": {
				"down": { "uv": [ 10.49999, 12, 10.99999, 12.5 ], "texture": "#wool_grey" },
				"up": { "uv": [ 10.49999, 3.5, 10.99999, 4 ], "texture": "#wool_grey" },
				"north": { "uv": [ 5.000006, 3, 5.500006, 5 ], "texture": "#wool_grey" },
				"south": { "uv": [ 10.49999, 3, 10.99999, 5 ], "texture": "#wool_grey" },
				"west": { "uv": [ 3.5, 3, 4, 5 ], "texture": "#wool_grey" },
				"east": { "uv": [ 12, 3, 12.5, 5 ], "texture": "#wool_grey" }
			}
		},
		{
			"__comment": "wool_black",
			"from": [ 10, 10, 3.5 ],
			"to": [ 10.5, 11, 4 ],
			"faces": {
				"down": { "uv": [ 10.49999, 12, 10.99999, 12.5 ], "texture": "#wool_grey" },
				"up": { "uv": [ 10.49999, 3.5, 10.99999, 4 ], "texture": "#wool_grey" },
				"north": { "uv": [ 5.000006, 3, 5.500006, 5 ], "texture": "#wool_grey" },
				"south": { "uv": [ 10.49999, 3, 10.99999, 5 ], "texture": "#wool_grey" },
				"west": { "uv": [ 3.5, 3, 4, 5 ], "texture": "#wool_grey" },
				"east": { "uv": [ 12, 3, 12.5, 5 ], "texture": "#wool_grey" }
			}
		},
		{
			"__comment": "wool_black",
			"from": [ 11, 10, 3.5 ],
			"to": [ 11.5, 11, 4 ],
			"faces": {
				"down": { "uv": [ 10.49999, 12, 10.99999, 12.5 ], "texture": "#wool_grey" },
				"up": { "uv": [ 10.49999, 3.5, 10.99999, 4 ], "texture": "#wool_grey" },
				"north": { "uv": [ 5.000006, 3, 5.500006, 5 ], "texture": "#wool_grey" },
				"south": { "uv": [ 10.49999, 3, 10.99999, 5 ], "texture": "#wool_grey" },
				"west": { "uv": [ 3.5, 3, 4, 5 ], "texture": "#wool_grey" },
				"east": { "uv": [ 12, 3, 12.5, 5 ], "texture": "#wool_grey" }
			}
		},
		{
			"__comment": "wool_black",
			"from": [ 2.5, 12.5, 6.5 ],
			"to": [ 3.5, 13, 7 ],
			"faces": {
				"down": { "uv": [ 4, 9.999993, 4.5, 10.99999 ], "texture": "#wool_black" },
				"up": { "uv": [ 4, 5.000008, 4.5, 6.000008 ], "texture": "#wool_black" },
				"north": { "uv": [ 11.5, 2.5, 12, 3.5 ], "texture": "#wool_black" },
				"south": { "uv": [ 4, 2.5, 4.5, 3.5 ], "texture": "#wool_black" },
				"west": { "uv": [ 5.000007, 2.5, 6.000007, 3.5 ], "texture": "#wool_black" },
				"east": { "uv": [ 9.999993, 2.5, 10.99999, 3.5 ], "texture": "#wool_black" }
			}
		},
		{
			"__comment": "wool_black",
			"from": [ 2, 13, 6.5 ],
			"to": [ 2.5, 14, 7 ],
			"faces": {
				"down": { "uv": [ 4, 9.999993, 4.5, 10.99999 ], "texture": "#wool_black" },
				"up": { "uv": [ 4, 5.000008, 4.5, 6.000008 ], "texture": "#wool_black" },
				"north": { "uv": [ 11.5, 2.5, 12, 3.5 ], "texture": "#wool_black" },
				"south": { "uv": [ 4, 2.5, 4.5, 3.5 ], "texture": "#wool_black" },
				"west": { "uv": [ 5.000007, 2.5, 6.000007, 3.5 ], "texture": "#wool_black" },
				"east": { "uv": [ 9.999993, 2.5, 10.99999, 3.5 ], "texture": "#wool_black" }
			}
		},
		{
			"__comment": "wool_black",
			"from": [ 3, 12, 6.5 ],
			"to": [ 3.5, 12.5, 7 ],
			"faces": {
				"down": { "uv": [ 4, 9.999993, 4.5, 10.99999 ], "texture": "#wool_black" },
				"up": { "uv": [ 4, 5.000008, 4.5, 6.000008 ], "texture": "#wool_black" },
				"north": { "uv": [ 11.5, 2.5, 12, 3.5 ], "texture": "#wool_black" },
				"south": { "uv": [ 4, 2.5, 4.5, 3.5 ], "texture": "#wool_black" },
				"west": { "uv": [ 5.000007, 2.5, 6.000007, 3.5 ], "texture": "#wool_black" },
				"east": { "uv": [ 9.999993, 2.5, 10.99999, 3.5 ], "texture": "#wool_black" }
			}
		},
		{
			"__comment": "wool_black",
			"from": [ 1.5, 14, 6.5 ],
			"to": [ 2, 16, 7 ],
			"faces": {
				"down": { "uv": [ 4, 9.999993, 4.5, 10.99999 ], "texture": "#wool_black" },
				"up": { "uv": [ 4, 5.000008, 4.5, 6.000008 ], "texture": "#wool_black" },
				"north": { "uv": [ 11.5, 2.5, 12, 3.5 ], "texture": "#wool_black" },
				"south": { "uv": [ 4, 2.5, 4.5, 3.5 ], "texture": "#wool_black" },
				"west": { "uv": [ 5.000007, 2.5, 6.000007, 3.5 ], "texture": "#wool_black" },
				"east": { "uv": [ 9.999993, 2.5, 10.99999, 3.5 ], "texture": "#wool_black" }
			}
		},
		{
			"__comment": "wool_black",
			"from": [ 3.5, 13.5, 6.5 ],
			"to": [ 4, 16, 7 ],
			"faces": {
				"down": { "uv": [ 4, 9.999993, 4.5, 10.99999 ], "texture": "#wool_black" },
				"up": { "uv": [ 4, 5.000008, 4.5, 6.000008 ], "texture": "#wool_black" },
				"north": { "uv": [ 11.5, 2.5, 12, 3.5 ], "texture": "#wool_black" },
				"south": { "uv": [ 4, 2.5, 4.5, 3.5 ], "texture": "#wool_black" },
				"west": { "uv": [ 5.000007, 2.5, 6.000007, 3.5 ], "texture": "#wool_black" },
				"east": { "uv": [ 9.999993, 2.5, 10.99999, 3.5 ], "texture": "#wool_black" }
			}
		},
		{
			"__comment": "wool_black",
			"from": [ 3, 16, 6.5 ],
			"to": [ 3.5, 18, 7 ],
			"faces": {
				"down": { "uv": [ 4, 9.999993, 4.5, 10.99999 ], "texture": "#wool_black" },
				"up": { "uv": [ 4, 5.000008, 4.5, 6.000008 ], "texture": "#wool_black" },
				"north": { "uv": [ 11.5, 2.5, 12, 3.5 ], "texture": "#wool_black" },
				"south": { "uv": [ 4, 2.5, 4.5, 3.5 ], "texture": "#wool_black" },
				"west": { "uv": [ 5.000007, 2.5, 6.000007, 3.5 ], "texture": "#wool_black" },
				"east": { "uv": [ 9.999993, 2.5, 10.99999, 3.5 ], "texture": "#wool_black" }
			}
		},
		{
			"__comment": "wool_black",
			"from": [ 1, 16, 6.5 ],
			"to": [ 1.5, 17.5, 7 ],
			"faces": {
				"down": { "uv": [ 4, 9.999993, 4.5, 10.99999 ], "texture": "#wool_black" },
				"up": { "uv": [ 4, 5.000008, 4.5, 6.000008 ], "texture": "#wool_black" },
				"north": { "uv": [ 11.5, 2.5, 12, 3.5 ], "texture": "#wool_black" },
				"south": { "uv": [ 4, 2.5, 4.5, 3.5 ], "texture": "#wool_black" },
				"west": { "uv": [ 5.000007, 2.5, 6.000007, 3.5 ], "texture": "#wool_black" },
				"east": { "uv": [ 9.999993, 2.5, 10.99999, 3.5 ], "texture": "#wool_black" }
			}
		},
		{
			"__comment": "wool_black",
			"from": [ 1.5, 17.5, 6.5 ],
			"to": [ 2, 18.5, 7 ],
			"faces": {
				"down": { "uv": [ 4, 9.999993, 4.5, 10.99999 ], "texture": "#wool_black" },
				"up": { "uv": [ 4, 5.000008, 4.5, 6.000008 ], "texture": "#wool_black" },
				"north": { "uv": [ 11.5, 2.5, 12, 3.5 ], "texture": "#wool_black" },
				"south": { "uv": [ 4, 2.5, 4.5, 3.5 ], "texture": "#wool_black" },
				"west": { "uv": [ 5.000007, 2.5, 6.000007, 3.5 ], "texture": "#wool_black" },
				"east": { "uv": [ 9.999993, 2.5, 10.99999, 3.5 ], "texture": "#wool_black" }
			}
		},
		{
			"__comment": "wool_black",
			"from": [ 2.5, 18, 6.5 ],
			"to": [ 3, 19, 7 ],
			"faces": {
				"down": { "uv": [ 4, 9.999993, 4.5, 10.99999 ], "texture": "#wool_black" },
				"up": { "uv": [ 4, 5.000008, 4.5, 6.000008 ], "texture": "#wool_black" },
				"north": { "uv": [ 11.5, 2.5, 12, 3.5 ], "texture": "#wool_black" },
				"south": { "uv": [ 4, 2.5, 4.5, 3.5 ], "texture": "#wool_black" },
				"west": { "uv": [ 5.000007, 2.5, 6.000007, 3.5 ], "texture": "#wool_black" },
				"east": { "uv": [ 9.999993, 2.5, 10.99999, 3.5 ], "texture": "#wool_black" }
			}
		},
		{
			"__comment": "wool_black",
			"from": [ 2, 18.5, 6.5 ],
			"to": [ 2.5, 19.5, 7 ],
			"faces": {
				"down": { "uv": [ 4, 9.999993, 4.5, 10.99999 ], "texture": "#wool_black" },
				"up": { "uv": [ 4, 5.000008, 4.5, 6.000008 ], "texture": "#wool_black" },
				"north": { "uv": [ 11.5, 2.5, 12, 3.5 ], "texture": "#wool_black" },
				"south": { "uv": [ 4, 2.5, 4.5, 3.5 ], "texture": "#wool_black" },
				"west": { "uv": [ 5.000007, 2.5, 6.000007, 3.5 ], "texture": "#wool_black" },
				"east": { "uv": [ 9.999993, 2.5, 10.99999, 3.5 ], "texture": "#wool_black" }
			}
		},
		{
			"__comment": "wool_black",
			"from": [ 2.5, 13, 6.5 ],
			"to": [ 3.5, 16, 7 ],
			"faces": {
				"down": { "uv": [ 4, 9.999993, 4.5, 10.99999 ], "texture": "#3" },
				"up": { "uv": [ 4, 5.000008, 4.5, 6.000008 ], "texture": "#3" },
				"north": { "uv": [ 11.5, 2.5, 12, 3.5 ], "texture": "#3" },
				"south": { "uv": [ 4, 2.5, 4.5, 3.5 ], "texture": "#3" },
				"west": { "uv": [ 5.000007, 2.5, 6.000007, 3.5 ], "texture": "#3" },
				"east": { "uv": [ 9.999993, 2.5, 10.99999, 3.5 ], "texture": "#3" }
			}
		},
		{
			"__comment": "wool_black",
			"from": [ 2, 14, 6.5 ],
			"to": [ 2.5, 16, 7 ],
			"faces": {
				"down": { "uv": [ 4, 9.999993, 4.5, 10.99999 ], "texture": "#3" },
				"up": { "uv": [ 4, 5.000008, 4.5, 6.000008 ], "texture": "#3" },
				"north": { "uv": [ 11.5, 2.5, 12, 3.5 ], "texture": "#3" },
				"south": { "uv": [ 4, 2.5, 4.5, 3.5 ], "texture": "#3" },
				"west": { "uv": [ 5.000007, 2.5, 6.000007, 3.5 ], "texture": "#3" },
				"east": { "uv": [ 9.999993, 2.5, 10.99999, 3.5 ], "texture": "#3" }
			}
		},
		{
			"__comment": "wool_black",
			"from": [ 2, 16, 6.5 ],
			"to": [ 2.5, 18.5, 7 ],
			"faces": {
				"down": { "uv": [ 4, 9.999993, 4.5, 10.99999 ], "texture": "#3" },
				"up": { "uv": [ 4, 5.000008, 4.5, 6.000008 ], "texture": "#3" },
				"north": { "uv": [ 11.5, 2.5, 12, 3.5 ], "texture": "#3" },
				"south": { "uv": [ 4, 2.5, 4.5, 3.5 ], "texture": "#3" },
				"west": { "uv": [ 5.000007, 2.5, 6.000007, 3.5 ], "texture": "#3" },
				"east": { "uv": [ 9.999993, 2.5, 10.99999, 3.5 ], "texture": "#3" }
			}
		},
		{
			"__comment": "wool_black",
			"from": [ 2.5, 16, 6.5 ],
			"to": [ 3, 18, 7 ],
			"faces": {
				"down": { "uv": [ 4, 9.999993, 4.5, 10.99999 ], "texture": "#3" },
				"up": { "uv": [ 4, 5.000008, 4.5, 6.000008 ], "texture": "#3" },
				"north": { "uv": [ 11.5, 2.5, 12, 3.5 ], "texture": "#3" },
				"south": { "uv": [ 4, 2.5, 4.5, 3.5 ], "texture": "#3" },
				"west": { "uv": [ 5.000007, 2.5, 6.000007, 3.5 ], "texture": "#3" },
				"east": { "uv": [ 9.999993, 2.5, 10.99999, 3.5 ], "texture": "#3" }
			}
		},
		{
			"__comment": "wool_black",
			"from": [ 1.5, 16, 6.5 ],
			"to": [ 2, 17.5, 7 ],
			"faces": {
				"down": { "uv": [ 4, 9.999993, 4.5, 10.99999 ], "texture": "#3" },
				"up": { "uv": [ 4, 5.000008, 4.5, 6.000008 ], "texture": "#3" },
				"north": { "uv": [ 11.5, 2.5, 12, 3.5 ], "texture": "#3" },
				"south": { "uv": [ 4, 2.5, 4.5, 3.5 ], "texture": "#3" },
				"west": { "uv": [ 5.000007, 2.5, 6.000007, 3.5 ], "texture": "#3" },
				"east": { "uv": [ 9.999993, 2.5, 10.99999, 3.5 ], "texture": "#3" }
			}
		},
		{
			"__comment": "wool_black",
			"from": [ 12.5, 12.5, 6.5 ],
			"to": [ 13.5, 13, 7 ],
			"faces": {
				"down": { "uv": [ 4, 9.999993, 4.5, 10.99999 ], "texture": "#wool_black", "rotation": 180 },
				"up": { "uv": [ 4, 5.000008, 4.5, 6.000008 ], "texture": "#wool_black", "rotation": 180 },
				"north": { "uv": [ 4, 2.5, 4.5, 3.5 ], "texture": "#wool_black" },
				"south": { "uv": [ 11.5, 2.5, 12, 3.5 ], "texture": "#wool_black" },
				"west": { "uv": [ 9.999993, 2.5, 10.99999, 3.5 ], "texture": "#wool_black" },
				"east": { "uv": [ 5.000007, 2.5, 6.000007, 3.5 ], "texture": "#wool_black" }
			}
		},
		{
			"__comment": "wool_black",
			"from": [ 13.5, 13, 6.5 ],
			"to": [ 14, 14, 7 ],
			"faces": {
				"down": { "uv": [ 4, 9.999993, 4.5, 10.99999 ], "texture": "#wool_black", "rotation": 180 },
				"up": { "uv": [ 4, 5.000008, 4.5, 6.000008 ], "texture": "#wool_black", "rotation": 180 },
				"north": { "uv": [ 4, 2.5, 4.5, 3.5 ], "texture": "#wool_black" },
				"south": { "uv": [ 11.5, 2.5, 12, 3.5 ], "texture": "#wool_black" },
				"west": { "uv": [ 9.999993, 2.5, 10.99999, 3.5 ], "texture": "#wool_black" },
				"east": { "uv": [ 5.000007, 2.5, 6.000007, 3.5 ], "texture": "#wool_black" }
			}
		},
		{
			"__comment": "wool_black",
			"from": [ 12.5, 13, 6.5 ],
			"to": [ 13.5, 16, 7 ],
			"faces": {
				"down": { "uv": [ 4, 9.999993, 4.5, 10.99999 ], "texture": "#3", "rotation": 180 },
				"up": { "uv": [ 4, 5.000008, 4.5, 6.000008 ], "texture": "#3", "rotation": 180 },
				"north": { "uv": [ 4, 2.5, 4.5, 3.5 ], "texture": "#3" },
				"south": { "uv": [ 11.5, 2.5, 12, 3.5 ], "texture": "#3" },
				"west": { "uv": [ 9.999993, 2.5, 10.99999, 3.5 ], "texture": "#3" },
				"east": { "uv": [ 5.000007, 2.5, 6.000007, 3.5 ], "texture": "#3" }
			}
		},
		{
			"__comment": "wool_black",
			"from": [ 12, 13.5, 6.5 ],
			"to": [ 12.5, 16, 7 ],
			"faces": {
				"down": { "uv": [ 4, 9.999993, 4.5, 10.99999 ], "texture": "#wool_black", "rotation": 180 },
				"up": { "uv": [ 4, 5.000008, 4.5, 6.000008 ], "texture": "#wool_black", "rotation": 180 },
				"north": { "uv": [ 4, 2.5, 4.5, 3.5 ], "texture": "#wool_black" },
				"south": { "uv": [ 11.5, 2.5, 12, 3.5 ], "texture": "#wool_black" },
				"west": { "uv": [ 9.999993, 2.5, 10.99999, 3.5 ], "texture": "#wool_black" },
				"east": { "uv": [ 5.000007, 2.5, 6.000007, 3.5 ], "texture": "#wool_black" }
			}
		},
		{
			"__comment": "wool_black",
			"from": [ 12.5, 16, 6.5 ],
			"to": [ 13, 18, 7 ],
			"faces": {
				"down": { "uv": [ 4, 9.999993, 4.5, 10.99999 ], "texture": "#wool_black", "rotation": 180 },
				"up": { "uv": [ 4, 5.000008, 4.5, 6.000008 ], "texture": "#wool_black", "rotation": 180 },
				"north": { "uv": [ 4, 2.5, 4.5, 3.5 ], "texture": "#wool_black" },
				"south": { "uv": [ 11.5, 2.5, 12, 3.5 ], "texture": "#wool_black" },
				"west": { "uv": [ 9.999993, 2.5, 10.99999, 3.5 ], "texture": "#wool_black" },
				"east": { "uv": [ 5.000007, 2.5, 6.000007, 3.5 ], "texture": "#wool_black" }
			}
		},
		{
			"__comment": "wool_black",
			"from": [ 13, 16, 6.5 ],
			"to": [ 13.5, 18, 7 ],
			"faces": {
				"down": { "uv": [ 4, 9.999993, 4.5, 10.99999 ], "texture": "#3", "rotation": 180 },
				"up": { "uv": [ 4, 5.000008, 4.5, 6.000008 ], "texture": "#3", "rotation": 180 },
				"north": { "uv": [ 4, 2.5, 4.5, 3.5 ], "texture": "#3" },
				"south": { "uv": [ 11.5, 2.5, 12, 3.5 ], "texture": "#3" },
				"west": { "uv": [ 9.999993, 2.5, 10.99999, 3.5 ], "texture": "#3" },
				"east": { "uv": [ 5.000007, 2.5, 6.000007, 3.5 ], "texture": "#3" }
			}
		},
		{
			"__comment": "wool_black",
			"from": [ 13.5, 18.5, 6.5 ],
			"to": [ 14, 19.5, 7 ],
			"faces": {
				"down": { "uv": [ 4, 9.999993, 4.5, 10.99999 ], "texture": "#wool_black", "rotation": 180 },
				"up": { "uv": [ 4, 5.000008, 4.5, 6.000008 ], "texture": "#wool_black", "rotation": 180 },
				"north": { "uv": [ 4, 2.5, 4.5, 3.5 ], "texture": "#wool_black" },
				"south": { "uv": [ 11.5, 2.5, 12, 3.5 ], "texture": "#wool_black" },
				"west": { "uv": [ 9.999993, 2.5, 10.99999, 3.5 ], "texture": "#wool_black" },
				"east": { "uv": [ 5.000007, 2.5, 6.000007, 3.5 ], "texture": "#wool_black" }
			}
		},
		{
			"__comment": "wool_black",
			"from": [ 13, 18, 6.5 ],
			"to": [ 13.5, 19, 7 ],
			"faces": {
				"down": { "uv": [ 4, 9.999993, 4.5, 10.99999 ], "texture": "#wool_black", "rotation": 180 },
				"up": { "uv": [ 4, 5.000008, 4.5, 6.000008 ], "texture": "#wool_black", "rotation": 180 },
				"north": { "uv": [ 4, 2.5, 4.5, 3.5 ], "texture": "#wool_black" },
				"south": { "uv": [ 11.5, 2.5, 12, 3.5 ], "texture": "#wool_black" },
				"west": { "uv": [ 9.999993, 2.5, 10.99999, 3.5 ], "texture": "#wool_black" },
				"east": { "uv": [ 5.000007, 2.5, 6.000007, 3.5 ], "texture": "#wool_black" }
			}
		},
		{
			"__comment": "wool_black",
			"from": [ 13.5, 16, 6.5 ],
			"to": [ 14, 18.5, 7 ],
			"faces": {
				"down": { "uv": [ 4, 9.999993, 4.5, 10.99999 ], "texture": "#3", "rotation": 180 },
				"up": { "uv": [ 4, 5.000008, 4.5, 6.000008 ], "texture": "#3", "rotation": 180 },
				"north": { "uv": [ 4, 2.5, 4.5, 3.5 ], "texture": "#3" },
				"south": { "uv": [ 11.5, 2.5, 12, 3.5 ], "texture": "#3" },
				"west": { "uv": [ 9.999993, 2.5, 10.99999, 3.5 ], "texture": "#3" },
				"east": { "uv": [ 5.000007, 2.5, 6.000007, 3.5 ], "texture": "#3" }
			}
		},
		{
			"__comment": "wool_black",
			"from": [ 14, 17.5, 6.5 ],
			"to": [ 14.5, 18.5, 7 ],
			"faces": {
				"down": { "uv": [ 4, 9.999993, 4.5, 10.99999 ], "texture": "#wool_black", "rotation": 180 },
				"up": { "uv": [ 4, 5.000008, 4.5, 6.000008 ], "texture": "#wool_black", "rotation": 180 },
				"north": { "uv": [ 4, 2.5, 4.5, 3.5 ], "texture": "#wool_black" },
				"south": { "uv": [ 11.5, 2.5, 12, 3.5 ], "texture": "#wool_black" },
				"west": { "uv": [ 9.999993, 2.5, 10.99999, 3.5 ], "texture": "#wool_black" },
				"east": { "uv": [ 5.000007, 2.5, 6.000007, 3.5 ], "texture": "#wool_black" }
			}
		},
		{
			"__comment": "wool_black",
			"from": [ 14, 16, 6.5 ],
			"to": [ 14.5, 17.5, 7 ],
			"faces": {
				"down": { "uv": [ 4, 9.999993, 4.5, 10.99999 ], "texture": "#3", "rotation": 180 },
				"up": { "uv": [ 4, 5.000008, 4.5, 6.000008 ], "texture": "#3", "rotation": 180 },
				"north": { "uv": [ 4, 2.5, 4.5, 3.5 ], "texture": "#3" },
				"south": { "uv": [ 11.5, 2.5, 12, 3.5 ], "texture": "#3" },
				"west": { "uv": [ 9.999993, 2.5, 10.99999, 3.5 ], "texture": "#3" },
				"east": { "uv": [ 5.000007, 2.5, 6.000007, 3.5 ], "texture": "#3" }
			}
		},
		{
			"__comment": "wool_black",
			"from": [ 14.5, 16, 6.5 ],
			"to": [ 15, 17.5, 7 ],
			"faces": {
				"down": { "uv": [ 4, 9.999993, 4.5, 10.99999 ], "texture": "#wool_black", "rotation": 180 },
				"up": { "uv": [ 4, 5.000008, 4.5, 6.000008 ], "texture": "#wool_black", "rotation": 180 },
				"north": { "uv": [ 4, 2.5, 4.5, 3.5 ], "texture": "#wool_black" },
				"south": { "uv": [ 11.5, 2.5, 12, 3.5 ], "texture": "#wool_black" },
				"west": { "uv": [ 9.999993, 2.5, 10.99999, 3.5 ], "texture": "#wool_black" },
				"east": { "uv": [ 5.000007, 2.5, 6.000007, 3.5 ], "texture": "#wool_black" }
			}
		},
		{
			"__comment": "wool_black",
			"from": [ 14, 14, 6.5 ],
			"to": [ 14.5, 16, 7 ],
			"faces": {
				"down": { "uv": [ 4, 9.999993, 4.5, 10.99999 ], "texture": "#wool_black", "rotation": 180 },
				"up": { "uv": [ 4, 5.000008, 4.5, 6.000008 ], "texture": "#wool_black", "rotation": 180 },
				"north": { "uv": [ 4, 2.5, 4.5, 3.5 ], "texture": "#wool_black" },
				"south": { "uv": [ 11.5, 2.5, 12, 3.5 ], "texture": "#wool_black" },
				"west": { "uv": [ 9.999993, 2.5, 10.99999, 3.5 ], "texture": "#wool_black" },
				"east": { "uv": [ 5.000007, 2.5, 6.000007, 3.5 ], "texture": "#wool_black" }
			}
		},
		{
			"__comment": "wool_black",
			"from": [ 13.5, 14, 6.5 ],
			"to": [ 14, 16, 7 ],
			"faces": {
				"down": { "uv": [ 4, 9.999993, 4.5, 10.99999 ], "texture": "#3", "rotation": 180 },
				"up": { "uv": [ 4, 5.000008, 4.5, 6.000008 ], "texture": "#3", "rotation": 180 },
				"north": { "uv": [ 4, 2.5, 4.5, 3.5 ], "texture": "#3" },
				"south": { "uv": [ 11.5, 2.5, 12, 3.5 ], "texture": "#3" },
				"west": { "uv": [ 9.999993, 2.5, 10.99999, 3.5 ], "texture": "#3" },
				"east": { "uv": [ 5.000007, 2.5, 6.000007, 3.5 ], "texture": "#3" }
			}
		},
		{
			"__comment": "wool_black",
			"from": [ 6.5, 14, 5 ],
			"to": [ 9.5, 14.5, 9 ],
			"faces": {
				"down": { "uv": [ 6, 6, 10, 10 ], "texture": "#wool_black" },
				"up": { "uv": [ 6, 6, 10, 10 ], "texture": "#wool_black" },
				"north": { "uv": [ 6, 1, 10, 1.5 ], "texture": "#wool_black" },
				"south": { "uv": [ 6, 1, 10, 1.5 ], "texture": "#wool_black" },
				"west": { "uv": [ 6, 1, 10, 1.5 ], "texture": "#wool_black" },
				"east": { "uv": [ 6, 1, 10, 1.5 ], "texture": "#wool_black" }
			}
		},
		{
			"__comment": "wool_black",
			"from": [ 10.5, 11.5, 3 ],
			"to": [ 11.5, 12, 3.5 ],
			"faces": {
				"down": { "uv": [ 10.99999, 12, 11.99999, 12.5 ], "texture": "#wool_black" },
				"up": { "uv": [ 10.99999, 3.500001, 11.99999, 4.000001 ], "texture": "#wool_black" },
				"north": { "uv": [ 4.000006, 4, 5.000006, 4.5 ], "texture": "#wool_black" },
				"south": { "uv": [ 10.99999, 4, 11.99999, 4.5 ], "texture": "#wool_black" },
				"west": { "uv": [ 3.500001, 4, 4.000001, 4.5 ], "texture": "#wool_black" },
				"east": { "uv": [ 12, 4, 12.5, 4.5 ], "texture": "#wool_black" }
			}
		},
		{
			"__comment": "wool_black",
			"from": [ 4.5, 11.5, 3 ],
			"to": [ 5.5, 12, 3.5 ],
			"faces": {
				"down": { "uv": [ 10.99999, 12, 11.99999, 12.5 ], "texture": "#wool_black" },
				"up": { "uv": [ 10.99999, 3.500001, 11.99999, 4.000001 ], "texture": "#wool_black" },
				"north": { "uv": [ 4.000006, 4, 5.000006, 4.5 ], "texture": "#wool_black" },
				"south": { "uv": [ 10.99999, 4, 11.99999, 4.5 ], "texture": "#wool_black" },
				"west": { "uv": [ 3.500001, 4, 4.000001, 4.5 ], "texture": "#wool_black" },
				"east": { "uv": [ 12, 4, 12.5, 4.5 ], "texture": "#wool_black" }
			}
		}
	],
	"display": {
		"thirdperson_righthand": {
			"rotation":  [ 35, 44, -61 ],
			"translation":  [ -1.39, 0, 0 ],
			"scale":  [ 0.7, 0.7, 0.7 ]
		},
		"thirdperson_lefthand": {
			"rotation":  [ 35, 44, -61 ],
			"translation":  [ -1.39, 0, 0 ],
			"scale":  [ 0.7, 0.7, 0.7 ]
		},
		"firstperson_righthand": {
			"rotation":  [ -1, 122, -4 ],
			"translation":  [ 6.956, -3.471, -6.25 ],
			"scale":  [ 0.8, 0.8, 0.8 ]
		},
		"firstperson_lefthand": {
			"rotation":  [ -1, 122, -4 ],
			"translation":  [ 6.956, -3.471, -6.25 ],
			"scale":  [ 0.8, 0.8, 0.8 ]
		},
		"gui": {
			"rotation":  [ 16, 146, -5 ],
			"translation":  [ 0.5, -4.5, 0 ]
		},
		"head": {
			"translation":  [ 0, 0.5271, 0 ],
			"scale":  [ 1.65, 1.65, 1.65 ]
		},
		"fixed": {
			"translation":  [ 0, -7, -4.869 ],
			"scale":  [ 1.5, 1.5, 1.5 ]
		}
	}
}
