{
	"__comment": "Designed by Mouskegamer with Cubik Studio - https://cubik.studio",
	"textures": {
		"particle": "block/e_particle",
		"texture": "custom/birthdaybutton"
	},
	"elements": [ 	 
		{
			"__comment": "Box1",
			"from": [ 2, 2, 8 ],
			"to": [ 14, 14, 8.1 ],
			"faces": {
				"down": { "uv": [ 0, 15, 2.5, 16 ], "texture": "#texture" },
				"up": { "uv": [ 0, 0, 3.5, 0.5 ], "texture": "#texture" },
				"north": { "uv": [ 0, 0, 16, 16 ], "texture": "#texture" },
				"south": { "uv": [ 0, 0, 16, 16 ], "texture": "#texture" },
				"west": { "uv": [ 0, 0, 1, 3 ], "texture": "#texture" },
				"east": { "uv": [ 15, 0, 16, 3 ], "texture": "#texture" }
			}
		}
	],
	"display": {
		"thirdperson_righthand": {
			"rotation":  [ 90, 0, 0 ],
			"translation":  [ -1.391, 0.1, 7.9565 ],
			"scale":  [ 0.4, 0.4, 0.4 ]
		},
		"thirdperson_lefthand": {
			"rotation":  [ 90, 0, 0 ],
			"translation":  [ -1.391, 0.1, 7.9565 ],
			"scale":  [ 0.4, 0.4, 0.4 ]
		},
		"firstperson_righthand": {
			"translation":  [ 0, 4.1739, 0 ],
			"scale":  [ 0.5, 0.5, 0.5 ]
		},
		"firstperson_lefthand": {
			"translation":  [ 0, 4.1739, 0 ],
			"scale":  [ 0.5, 0.5, 0.5 ]
		},
		"head": {
			"translation":  [ 0, 0, -6.956 ]
		}
	}
}
