{
  "__comment": "Designed_by_Ghasper_with_Cubik_Studio_-_https://cubik.studio",
  "textures": {
    "particle": "block/e_particle",
    "texture": "block/e_texture",
    "BoatWood": "custom/oak_log",
    "Leaftxt": "block/green_wool",
    "Vines": "block/lime_terracotta",
    "White": "block/white_wool",
    "Red": "block/red_wool",
    "Cyan": "block/cyan_wool",
    "Pruple": "block/purple_wool",
    "Yellow": "block/yellow_wool",
    "Orange": "block/orange_wool",
    "Flower1": "block/blue_orchid",
    "Flower2": "block/dandelion",
    "Flower3": "block/rose",
    "Flower4": "block/oxeye_daisy",
    "Rope": "custom/oak_planks"
  },
  "elements": [
    {
      "__comment": "Box672",
      "from": [
        7.5,
        8,
        -8.5
      ],
      "to": [
        8.5,
        31.5,
        -7.5
      ],
      "faces": {
        "down": {
          "uv": [
            0,
            0,
            16,
            16
          ],
          "texture": "#Rope"
        },
        "up": {
          "uv": [
            0,
            0,
            16,
            16
          ],
          "texture": "#Rope"
        },
        "north": {
          "uv": [
            0,
            0,
            16,
            16
          ],
          "texture": "#Rope"
        },
        "south": {
          "uv": [
            0,
            0,
            16,
            16
          ],
          "texture": "#Rope"
        },
        "west": {
          "uv": [
            0,
            0,
            16,
            16
          ],
          "texture": "#Rope"
        },
        "east": {
          "uv": [
            0,
            0,
            16,
            16
          ],
          "texture": "#Rope"
        }
      }
    },
    {
      "__comment": "Box672",
      "from": [
        7.5,
        8,
        7.5
      ],
      "to": [
        8.5,
        31.5,
        8.5
      ],
      "faces": {
        "down": {
          "uv": [
            0,
            0,
            16,
            16
          ],
          "texture": "#Rope"
        },
        "up": {
          "uv": [
            0,
            0,
            16,
            16
          ],
          "texture": "#Rope"
        },
        "north": {
          "uv": [
            0,
            0,
            16,
            16
          ],
          "texture": "#Rope"
        },
        "south": {
          "uv": [
            0,
            0,
            16,
            16
          ],
          "texture": "#Rope"
        },
        "west": {
          "uv": [
            0,
            0,
            16,
            16
          ],
          "texture": "#Rope"
        },
        "east": {
          "uv": [
            0,
            0,
            16,
            16
          ],
          "texture": "#Rope"
        }
      }
    }
  ],
  "display": {
    "gui": {
      "rotation": [
        0,
        90,
        0
      ],
      "translation": [
        0,
        -2.086,
        0
      ],
      "scale": [
        0.4,
        0.4,
        0.37
      ]
    },
    "head": {
      "translation": [
        -0.695,
        -160,
        22.261
      ],
      "scale": [
        2.7217,
        7.2,
        3
      ]
    },
    "ground": {
      "translation": [
        0,
        4.1739,
        0
      ]
    },
    "fixed": {
      "rotation": [
        0,
        -90,
        0
      ],
      "scale": [
        0.4782,
        0.513,
        0.4521
      ]
    }
  }
}
