{
	"__comment": "Designed by Slinx with Cubik Studio - https://cubik.studio",
	"textures": {
		"particle": "block/quartz_block_bottom",
		"paintings": "custom/stretchingroom",
		"spruce": "block/yellow_terracotta",
		"oak": "block/oak_planks",
		"texture": "block/green_concrete_powder",
		"texture1": "block/dark_oak_planks",
		"texture2": "block/light_gray_wool",
		"texture3": "block/red_wool",
		"texture4": "block/black_concrete_powder"
	},
	"elements": [ 	 
		{
			"__comment": "Cube2",
			"from": [ 7.25, 5.5, 5 ],
			"to": [ 8.75, 6, 11 ],
			"faces": {
				"down": { "uv": [ 7.25, 5, 8.75, 11 ], "texture": "#oak", "rotation": 180 },
				"up": { "uv": [ 7.25, 5, 8.75, 11 ], "texture": "#oak", "rotation": 180 },
				"north": { "uv": [ 7.25, 10, 8.75, 10.5 ], "texture": "#oak" },
				"south": { "uv": [ 7.25, 10, 8.75, 10.5 ], "texture": "#oak" },
				"west": { "uv": [ 5, 10, 11, 10.5 ], "texture": "#oak" },
				"east": { "uv": [ 5, 10, 11, 10.5 ], "texture": "#oak" }
			}
		},
		{
			"__comment": "Cube2",
			"from": [ 7.5, 4, 5 ],
			"to": [ 8.5, 4.5, 11 ],
			"faces": {
				"down": { "uv": [ 7.75, 5, 8.25, 11 ], "texture": "#oak", "rotation": 180 },
				"up": { "uv": [ 7.75, 5, 8.25, 11 ], "texture": "#oak", "rotation": 180 },
				"north": { "uv": [ 7.75, 11.5, 8.25, 12 ], "texture": "#oak" },
				"south": { "uv": [ 7.75, 11.5, 8.25, 12 ], "texture": "#oak" },
				"west": { "uv": [ 5, 11.5, 11, 12 ], "texture": "#oak" },
				"east": { "uv": [ 5, 11.5, 11, 12 ], "texture": "#oak" }
			}
		},
		{
			"__comment": "Cube2",
			"from": [ 7.25, 4.5, 5 ],
			"to": [ 8.75, 5.5, 11 ],
			"faces": {
				"down": { "uv": [ 7.25, 5, 8.75, 11 ], "texture": "#spruce", "rotation": 180 },
				"up": { "uv": [ 7.25, 5, 8.75, 11 ], "texture": "#spruce", "rotation": 180 },
				"north": { "uv": [ 7.25, 10.5, 8.75, 11.5 ], "texture": "#spruce" },
				"south": { "uv": [ 7.25, 10.5, 8.75, 11.5 ], "texture": "#spruce" },
				"west": { "uv": [ 5, 10.5, 11, 11.5 ], "texture": "#spruce" },
				"east": { "uv": [ 5, 10.5, 11, 11.5 ], "texture": "#spruce" }
			}
		},
		{
			"__comment": "Cube2",
			"from": [ 7.25, 6, 11 ],
			"to": [ 8.75, 6.5, 12.5 ],
			"faces": {
				"down": { "uv": [ 7.25, 11, 8.75, 12.5 ], "texture": "#oak", "rotation": 180 },
				"up": { "uv": [ 7.25, 3.5, 8.75, 5 ], "texture": "#oak", "rotation": 180 },
				"north": { "uv": [ 7.25, 9.5, 8.75, 10 ], "texture": "#oak" },
				"south": { "uv": [ 7.25, 9.5, 8.75, 10 ], "texture": "#oak" },
				"west": { "uv": [ 11, 9.5, 12.5, 10 ], "texture": "#oak" },
				"east": { "uv": [ 3.5, 9.5, 5, 10 ], "texture": "#oak" }
			}
		},
		{
			"__comment": "Cube2",
			"from": [ 7.25, 6, 3.5 ],
			"to": [ 8.75, 6.5, 5 ],
			"faces": {
				"down": { "uv": [ 7.25, 3.5, 8.75, 5 ], "texture": "#oak", "rotation": 180 },
				"up": { "uv": [ 7.25, 11, 8.75, 12.5 ], "texture": "#oak", "rotation": 180 },
				"north": { "uv": [ 7.25, 9.5, 8.75, 10 ], "texture": "#oak" },
				"south": { "uv": [ 7.25, 9.5, 8.75, 10 ], "texture": "#oak" },
				"west": { "uv": [ 3.5, 9.5, 5, 10 ], "texture": "#oak" },
				"east": { "uv": [ 11, 9.5, 12.5, 10 ], "texture": "#oak" }
			}
		},
		{
			"__comment": "Cube2",
			"from": [ 7.25, 6.5, 12.5 ],
			"to": [ 8.75, 7, 13.5 ],
			"faces": {
				"down": { "uv": [ 7.25, 12.5, 8.75, 13.5 ], "texture": "#oak", "rotation": 180 },
				"up": { "uv": [ 7.25, 2.5, 8.75, 3.5 ], "texture": "#oak", "rotation": 180 },
				"north": { "uv": [ 7.25, 9, 8.75, 9.5 ], "texture": "#oak" },
				"south": { "uv": [ 7.25, 9, 8.75, 9.5 ], "texture": "#oak" },
				"west": { "uv": [ 12.5, 9, 13.5, 9.5 ], "texture": "#oak" },
				"east": { "uv": [ 2.5, 9, 3.5, 9.5 ], "texture": "#oak" }
			}
		},
		{
			"__comment": "Cube2",
			"from": [ 7.25, 6.5, 2.5 ],
			"to": [ 8.75, 7, 3.5 ],
			"faces": {
				"down": { "uv": [ 7.25, 2.5, 8.75, 3.5 ], "texture": "#oak", "rotation": 180 },
				"up": { "uv": [ 7.25, 12.5, 8.75, 13.5 ], "texture": "#oak", "rotation": 180 },
				"north": { "uv": [ 7.25, 9, 8.75, 9.5 ], "texture": "#oak" },
				"south": { "uv": [ 7.25, 9, 8.75, 9.5 ], "texture": "#oak" },
				"west": { "uv": [ 2.5, 9, 3.5, 9.5 ], "texture": "#oak" },
				"east": { "uv": [ 12.5, 9, 13.5, 9.5 ], "texture": "#oak" }
			}
		},
		{
			"__comment": "Cube2",
			"from": [ 7.25, 7, 2 ],
			"to": [ 8.75, 7.5, 2.5 ],
			"faces": {
				"down": { "uv": [ 7.25, 2, 8.75, 2.5 ], "texture": "#oak", "rotation": 180 },
				"up": { "uv": [ 7.25, 13.5, 8.75, 14 ], "texture": "#oak", "rotation": 180 },
				"north": { "uv": [ 7.25, 8.5, 8.75, 9 ], "texture": "#oak" },
				"south": { "uv": [ 7.25, 8.5, 8.75, 9 ], "texture": "#oak" },
				"west": { "uv": [ 2, 8.5, 2.5, 9 ], "texture": "#oak" },
				"east": { "uv": [ 13.5, 8.5, 14, 9 ], "texture": "#oak" }
			}
		},
		{
			"__comment": "Cube2",
			"from": [ 7.25, 7.5, 14 ],
			"to": [ 8.75, 9.5, 14.5 ],
			"faces": {
				"down": { "uv": [ 7.25, 14, 8.75, 14.5 ], "texture": "#oak", "rotation": 180 },
				"up": { "uv": [ 7.25, 1.5, 8.75, 2 ], "texture": "#oak", "rotation": 180 },
				"north": { "uv": [ 7.25, 6.5, 8.75, 8.5 ], "texture": "#oak" },
				"south": { "uv": [ 7.25, 6.5, 8.75, 8.5 ], "texture": "#oak" },
				"west": { "uv": [ 14, 6.5, 14.5, 8.5 ], "texture": "#oak" },
				"east": { "uv": [ 1.5, 6.5, 2, 8.5 ], "texture": "#oak" }
			}
		},
		{
			"__comment": "Cube2",
			"from": [ 7.25, 7.5, 1.5 ],
			"to": [ 8.75, 9.5, 2 ],
			"faces": {
				"down": { "uv": [ 7.25, 1.5, 8.75, 2 ], "texture": "#oak", "rotation": 180 },
				"up": { "uv": [ 7.25, 14, 8.75, 14.5 ], "texture": "#oak", "rotation": 180 },
				"north": { "uv": [ 7.25, 7.5, 8.75, 8.5 ], "texture": "#oak" },
				"south": { "uv": [ 7.25, 7.5, 8.75, 8.5 ], "texture": "#oak" },
				"west": { "uv": [ 1.5, 7.5, 2, 8.5 ], "texture": "#oak" },
				"east": { "uv": [ 14, 7.5, 14.5, 8.5 ], "texture": "#oak" }
			}
		},
		{
			"__comment": "Cube2",
			"from": [ 7.25, 7, 13.5 ],
			"to": [ 8.75, 7.5, 14 ],
			"faces": {
				"down": { "uv": [ 7.25, 13.5, 8.75, 14 ], "texture": "#oak", "rotation": 180 },
				"up": { "uv": [ 7.25, 2, 8.75, 2.5 ], "texture": "#oak", "rotation": 180 },
				"north": { "uv": [ 7.25, 8.5, 8.75, 9 ], "texture": "#oak" },
				"south": { "uv": [ 7.25, 8.5, 8.75, 9 ], "texture": "#oak" },
				"west": { "uv": [ 13.5, 8.5, 14, 9 ], "texture": "#oak" },
				"east": { "uv": [ 2, 8.5, 2.5, 9 ], "texture": "#oak" }
			}
		},
		{
			"__comment": "Cube2",
			"from": [ 7, 7.5, 0.5 ],
			"to": [ 8.5, 9.5, 1.5 ],
			"faces": {
				"down": { "uv": [ 7.25, 0.5, 8.75, 1.5 ], "texture": "#spruce", "rotation": 180 },
				"up": { "uv": [ 7.25, 14.5, 8.75, 15.5 ], "texture": "#spruce", "rotation": 180 },
				"north": { "uv": [ 7.25, 7, 8.75, 8.5 ], "texture": "#spruce" },
				"south": { "uv": [ 7.25, 7, 8.75, 8.5 ], "texture": "#spruce" },
				"west": { "uv": [ 0.5, 7, 1.5, 8.5 ], "texture": "#spruce" },
				"east": { "uv": [ 14.5, 7, 15.5, 8.5 ], "texture": "#spruce" }
			}
		},
		{
			"__comment": "Cube2",
			"from": [ 7.75, 7.5, 0 ],
			"to": [ 8.25, 9.5, 0.5 ],
			"faces": {
				"down": { "uv": [ 7.75, 0, 8.25, 0.5 ], "texture": "#oak", "rotation": 180 },
				"up": { "uv": [ 7.75, 15.5, 8.25, 16 ], "texture": "#oak", "rotation": 180 },
				"north": { "uv": [ 7.75, 6.5, 8.25, 8.5 ], "texture": "#oak" },
				"south": { "uv": [ 7.75, 6.5, 8.25, 8.5 ], "texture": "#oak" },
				"west": { "uv": [ 0, 6.5, 0.5, 8.5 ], "texture": "#oak" },
				"east": { "uv": [ 15.5, 6.5, 16, 8.5 ], "texture": "#oak" }
			}
		},
		{
			"__comment": "Cube2",
			"from": [ 7.25, 7.5, 14.5 ],
			"to": [ 8.75, 9.5, 15.5 ],
			"faces": {
				"down": { "uv": [ 7.25, 14.5, 8.75, 15.5 ], "texture": "#spruce", "rotation": 180 },
				"up": { "uv": [ 7.25, 0.5, 8.75, 1.5 ], "texture": "#spruce", "rotation": 180 },
				"north": { "uv": [ 7.25, 6.5, 8.75, 8.5 ], "texture": "#spruce" },
				"south": { "uv": [ 7.25, 6.5, 8.75, 8.5 ], "texture": "#spruce" },
				"west": { "uv": [ 14.5, 6.5, 15.5, 8.5 ], "texture": "#spruce" },
				"east": { "uv": [ 0.5, 6.5, 1.5, 8.5 ], "texture": "#spruce" }
			}
		},
		{
			"__comment": "Cube2",
			"from": [ 7.75, 7.5, 15.5 ],
			"to": [ 8.25, 9.5, 16 ],
			"faces": {
				"down": { "uv": [ 7.75, 15.5, 8.25, 16 ], "texture": "#oak", "rotation": 180 },
				"up": { "uv": [ 7.75, 0, 8.25, 0.5 ], "texture": "#oak", "rotation": 180 },
				"north": { "uv": [ 7.75, 7, 8.25, 8.5 ], "texture": "#oak" },
				"south": { "uv": [ 7.75, 7, 8.25, 8.5 ], "texture": "#oak" },
				"west": { "uv": [ 15.5, 7, 16, 8.5 ], "texture": "#oak" },
				"east": { "uv": [ 0, 7, 0.5, 8.5 ], "texture": "#oak" }
			}
		},
		{
			"__comment": "Cube2",
			"from": [ 7.25, 5, 3.5 ],
			"to": [ 8.75, 6, 5 ],
			"faces": {
				"down": { "uv": [ 7.25, 3.5, 8.75, 5 ], "texture": "#spruce", "rotation": 180 },
				"up": { "uv": [ 7.25, 11, 8.75, 12.5 ], "texture": "#spruce", "rotation": 180 },
				"north": { "uv": [ 7.25, 10, 8.75, 11 ], "texture": "#spruce" },
				"south": { "uv": [ 7.25, 10, 8.75, 11 ], "texture": "#spruce" },
				"west": { "uv": [ 3.5, 10, 5, 11 ], "texture": "#spruce" },
				"east": { "uv": [ 11, 10, 12.5, 11 ], "texture": "#spruce" }
			}
		},
		{
			"__comment": "Cube2",
			"from": [ 7.25, 5, 11 ],
			"to": [ 8.75, 6, 12.5 ],
			"faces": {
				"down": { "uv": [ 7.25, 11, 8.75, 12.5 ], "texture": "#spruce", "rotation": 180 },
				"up": { "uv": [ 7.25, 3.5, 8.75, 5 ], "texture": "#spruce", "rotation": 180 },
				"north": { "uv": [ 7.25, 10, 8.75, 11 ], "texture": "#spruce" },
				"south": { "uv": [ 7.25, 10, 8.75, 11 ], "texture": "#spruce" },
				"west": { "uv": [ 11, 10, 12.5, 11 ], "texture": "#spruce" },
				"east": { "uv": [ 3.5, 10, 5, 11 ], "texture": "#spruce" }
			}
		},
		{
			"__comment": "Cube2",
			"from": [ 7.25, 5.5, 12.5 ],
			"to": [ 8.75, 6.5, 13.5 ],
			"faces": {
				"down": { "uv": [ 7.25, 12.5, 8.75, 13.5 ], "texture": "#spruce", "rotation": 180 },
				"up": { "uv": [ 7.25, 2.5, 8.75, 3.5 ], "texture": "#spruce", "rotation": 180 },
				"north": { "uv": [ 7.25, 9.5, 8.75, 10.5 ], "texture": "#spruce" },
				"south": { "uv": [ 7.25, 9.5, 8.75, 10.5 ], "texture": "#spruce" },
				"west": { "uv": [ 12.5, 9.5, 13.5, 10.5 ], "texture": "#spruce" },
				"east": { "uv": [ 2.5, 9.5, 3.5, 10.5 ], "texture": "#spruce" }
			}
		},
		{
			"__comment": "Cube2",
			"from": [ 7.25, 5.5, 2.5 ],
			"to": [ 8.75, 6.5, 3.5 ],
			"faces": {
				"down": { "uv": [ 7.25, 2.5, 8.75, 3.5 ], "texture": "#spruce", "rotation": 180 },
				"up": { "uv": [ 7.25, 12.5, 8.75, 13.5 ], "texture": "#spruce", "rotation": 180 },
				"north": { "uv": [ 7.25, 9.5, 8.75, 10.5 ], "texture": "#spruce" },
				"south": { "uv": [ 7.25, 9.5, 8.75, 10.5 ], "texture": "#spruce" },
				"west": { "uv": [ 2.5, 9.5, 3.5, 10.5 ], "texture": "#spruce" },
				"east": { "uv": [ 12.5, 9.5, 13.5, 10.5 ], "texture": "#spruce" }
			}
		},
		{
			"__comment": "Cube2",
			"from": [ 7.25, 6, 1.5 ],
			"to": [ 8.75, 7, 2.5 ],
			"faces": {
				"down": { "uv": [ 7.25, 1.5, 8.75, 2.5 ], "texture": "#spruce", "rotation": 180 },
				"up": { "uv": [ 7.25, 13.5, 8.75, 14.5 ], "texture": "#spruce", "rotation": 180 },
				"north": { "uv": [ 7.25, 9, 8.75, 10 ], "texture": "#spruce" },
				"south": { "uv": [ 7.25, 9, 8.75, 10 ], "texture": "#spruce" },
				"west": { "uv": [ 1.5, 9, 2.5, 10 ], "texture": "#spruce" },
				"east": { "uv": [ 13.5, 9, 14.5, 10 ], "texture": "#spruce" }
			}
		},
		{
			"__comment": "Cube2",
			"from": [ 7.25, 6, 13.5 ],
			"to": [ 8.75, 7, 14.5 ],
			"faces": {
				"down": { "uv": [ 7.25, 13.5, 8.75, 14.5 ], "texture": "#spruce", "rotation": 180 },
				"up": { "uv": [ 7.25, 1.5, 8.75, 2.5 ], "texture": "#spruce", "rotation": 180 },
				"north": { "uv": [ 7.25, 9, 8.75, 10 ], "texture": "#spruce" },
				"south": { "uv": [ 7.25, 9, 8.75, 10 ], "texture": "#spruce" },
				"west": { "uv": [ 13.5, 9, 14.5, 10 ], "texture": "#spruce" },
				"east": { "uv": [ 1.5, 9, 2.5, 10 ], "texture": "#spruce" }
			}
		},
		{
			"__comment": "Cube2",
			"from": [ 7.25, 6.5, 14 ],
			"to": [ 8.75, 7.5, 15 ],
			"faces": {
				"down": { "uv": [ 7.25, 14, 8.75, 15 ], "texture": "#spruce", "rotation": 180 },
				"up": { "uv": [ 7.25, 1, 8.75, 2 ], "texture": "#spruce", "rotation": 180 },
				"north": { "uv": [ 7.25, 8.5, 8.75, 9.5 ], "texture": "#spruce" },
				"south": { "uv": [ 7.25, 8.5, 8.75, 9.5 ], "texture": "#spruce" },
				"west": { "uv": [ 14, 8.5, 15, 9.5 ], "texture": "#spruce" },
				"east": { "uv": [ 1, 8.5, 2, 9.5 ], "texture": "#spruce" }
			}
		},
		{
			"__comment": "Cube2",
			"from": [ 7.25, 6.5, 1 ],
			"to": [ 8.75, 7.5, 2 ],
			"faces": {
				"down": { "uv": [ 7.25, 1, 8.75, 2 ], "texture": "#spruce", "rotation": 180 },
				"up": { "uv": [ 7.25, 14, 8.75, 15 ], "texture": "#spruce", "rotation": 180 },
				"north": { "uv": [ 7.25, 8.5, 8.75, 9.5 ], "texture": "#spruce" },
				"south": { "uv": [ 7.25, 8.5, 8.75, 9.5 ], "texture": "#spruce" },
				"west": { "uv": [ 1, 8.5, 2, 9.5 ], "texture": "#spruce" },
				"east": { "uv": [ 14, 8.5, 15, 9.5 ], "texture": "#spruce" }
			}
		},
		{
			"__comment": "Cube2",
			"from": [ 7.5, 4.5, 3.5 ],
			"to": [ 8.5, 5, 12.5 ],
			"faces": {
				"down": { "uv": [ 7.75, 3.5, 8.25, 12.5 ], "texture": "#oak", "rotation": 180 },
				"up": { "uv": [ 7.75, 3.5, 8.25, 12.5 ], "texture": "#oak", "rotation": 180 },
				"north": { "uv": [ 7.75, 11, 8.25, 11.5 ], "texture": "#oak" },
				"south": { "uv": [ 7.75, 11, 8.25, 11.5 ], "texture": "#oak" },
				"west": { "uv": [ 3.5, 11, 12.5, 11.5 ], "texture": "#oak" },
				"east": { "uv": [ 3.5, 11, 12.5, 11.5 ], "texture": "#oak" }
			}
		},
		{
			"__comment": "Cube2",
			"from": [ 7.5, 5, 2.5 ],
			"to": [ 8.5, 5.5, 13.5 ],
			"faces": {
				"down": { "uv": [ 7.75, 2.5, 8.25, 13.5 ], "texture": "#oak", "rotation": 180 },
				"up": { "uv": [ 7.75, 2.5, 8.25, 13.5 ], "texture": "#oak", "rotation": 180 },
				"north": { "uv": [ 7.75, 10.5, 8.25, 11 ], "texture": "#oak" },
				"south": { "uv": [ 7.75, 10.5, 8.25, 11 ], "texture": "#oak" },
				"west": { "uv": [ 2.5, 10.5, 13.5, 11 ], "texture": "#oak" },
				"east": { "uv": [ 2.5, 10.5, 13.5, 11 ], "texture": "#oak" }
			}
		},
		{
			"__comment": "Cube2",
			"from": [ 7.5, 5.5, 13.5 ],
			"to": [ 8.5, 6, 14.5 ],
			"faces": {
				"down": { "uv": [ 7.75, 13.5, 8.25, 14.5 ], "texture": "#oak", "rotation": 180 },
				"up": { "uv": [ 7.75, 1.5, 8.25, 2.5 ], "texture": "#oak", "rotation": 180 },
				"north": { "uv": [ 7.75, 10, 8.25, 10.5 ], "texture": "#oak" },
				"south": { "uv": [ 7.75, 10, 8.25, 10.5 ], "texture": "#oak" },
				"west": { "uv": [ 13.5, 10, 14.5, 10.5 ], "texture": "#oak" },
				"east": { "uv": [ 1.5, 10, 2.5, 10.5 ], "texture": "#oak" }
			}
		},
		{
			"__comment": "Cube2",
			"from": [ 7.5, 5.5, 1.5 ],
			"to": [ 8.5, 6, 2.5 ],
			"faces": {
				"down": { "uv": [ 7.75, 1.5, 8.25, 2.5 ], "texture": "#oak", "rotation": 180 },
				"up": { "uv": [ 7.75, 13.5, 8.25, 14.5 ], "texture": "#oak", "rotation": 180 },
				"north": { "uv": [ 7.75, 10, 8.25, 10.5 ], "texture": "#oak" },
				"south": { "uv": [ 7.75, 10, 8.25, 10.5 ], "texture": "#oak" },
				"west": { "uv": [ 1.5, 10, 2.5, 10.5 ], "texture": "#oak" },
				"east": { "uv": [ 13.5, 10, 14.5, 10.5 ], "texture": "#oak" }
			}
		},
		{
			"__comment": "Cube2",
			"from": [ 7.75, 6.5, 0.5 ],
			"to": [ 8.25, 8, 1 ],
			"faces": {
				"down": { "uv": [ 7.75, 0.5, 8.25, 1 ], "texture": "#oak", "rotation": 180 },
				"up": { "uv": [ 7.75, 15, 8.25, 15.5 ], "texture": "#oak", "rotation": 180 },
				"north": { "uv": [ 7.75, 8, 8.25, 9.5 ], "texture": "#oak" },
				"south": { "uv": [ 7.75, 8, 8.25, 9.5 ], "texture": "#oak" },
				"west": { "uv": [ 0.5, 8, 1, 9.5 ], "texture": "#oak" },
				"east": { "uv": [ 15, 8, 15.5, 9.5 ], "texture": "#oak" }
			}
		},
		{
			"__comment": "Cube2",
			"from": [ 7.75, 6.5, 15 ],
			"to": [ 8.25, 8, 15.5 ],
			"faces": {
				"down": { "uv": [ 7.75, 15, 8.25, 15.5 ], "texture": "#oak", "rotation": 180 },
				"up": { "uv": [ 7.75, 0.5, 8.25, 1 ], "texture": "#oak", "rotation": 180 },
				"north": { "uv": [ 7.75, 8, 8.25, 9.5 ], "texture": "#oak" },
				"south": { "uv": [ 7.75, 8, 8.25, 9.5 ], "texture": "#oak" },
				"west": { "uv": [ 15, 8, 15.5, 9.5 ], "texture": "#oak" },
				"east": { "uv": [ 0.5, 8, 1, 9.5 ], "texture": "#oak" }
			}
		},
		{
			"__comment": "Cube2",
			"from": [ 7.75, 6, 1 ],
			"to": [ 8.25, 7.5, 1.5 ],
			"faces": {
				"down": { "uv": [ 7.75, 1, 8.25, 1.5 ], "texture": "#oak", "rotation": 180 },
				"up": { "uv": [ 7.75, 14.5, 8.25, 15 ], "texture": "#oak", "rotation": 180 },
				"north": { "uv": [ 7.75, 8.5, 8.25, 10 ], "texture": "#oak" },
				"south": { "uv": [ 7.75, 8.5, 8.25, 10 ], "texture": "#oak" },
				"west": { "uv": [ 1, 8.5, 1.5, 10 ], "texture": "#oak" },
				"east": { "uv": [ 14.5, 8.5, 15, 10 ], "texture": "#oak" }
			}
		},
		{
			"__comment": "Cube2",
			"from": [ 7.75, 6, 14.5 ],
			"to": [ 8.25, 7.5, 15 ],
			"faces": {
				"down": { "uv": [ 7.75, 14.5, 8.25, 15 ], "texture": "#oak", "rotation": 180 },
				"up": { "uv": [ 7.75, 1, 8.25, 1.5 ], "texture": "#oak", "rotation": 180 },
				"north": { "uv": [ 7.75, 8.5, 8.25, 10 ], "texture": "#oak" },
				"south": { "uv": [ 7.75, 8.5, 8.25, 10 ], "texture": "#oak" },
				"west": { "uv": [ 14.5, 8.5, 15, 10 ], "texture": "#oak" },
				"east": { "uv": [ 1, 8.5, 1.5, 10 ], "texture": "#oak" }
			}
		},
		{
			"__comment": "Cube2",
			"from": [ 7.25, 8.5, 2 ],
			"to": [ 8.75, 10.5, 2.5 ],
			"faces": {
				"down": { "uv": [ 7.25, 2, 8.75, 2.5 ], "texture": "#texture", "rotation": 180 },
				"up": { "uv": [ 7.25, 13.5, 8.75, 14 ], "texture": "#texture", "rotation": 180 },
				"north": { "uv": [ 7.25, 6.5, 8.75, 7.5 ], "texture": "#texture" },
				"south": { "uv": [ 7.25, 6.5, 8.75, 7.5 ], "texture": "#texture" },
				"west": { "uv": [ 2, 6.5, 2.5, 7.5 ], "texture": "#texture" },
				"east": { "uv": [ 13.5, 6.5, 14, 7.5 ], "texture": "#texture" }
			}
		},
		{
			"__comment": "Cube2",
			"from": [ 7.25, 8.5, 2.5 ],
			"to": [ 8.75, 11, 3 ],
			"faces": {
				"down": { "uv": [ 7.25, 2.5, 8.75, 3 ], "texture": "#texture", "rotation": 180 },
				"up": { "uv": [ 7.25, 13, 8.75, 13.5 ], "texture": "#texture", "rotation": 180 },
				"north": { "uv": [ 7.25, 6, 8.75, 7.5 ], "texture": "#texture" },
				"south": { "uv": [ 7.25, 6, 8.75, 7.5 ], "texture": "#texture" },
				"west": { "uv": [ 2.5, 6, 3, 7.5 ], "texture": "#texture" },
				"east": { "uv": [ 13, 6, 13.5, 7.5 ], "texture": "#texture" }
			}
		},
		{
			"__comment": "Cube2",
			"from": [ 7.25, 8.5, 3 ],
			"to": [ 8.75, 10.5, 3.5 ],
			"faces": {
				"down": { "uv": [ 7.25, 3, 8.75, 3.5 ], "texture": "#texture", "rotation": 180 },
				"up": { "uv": [ 7.25, 12.5, 8.75, 13 ], "texture": "#texture", "rotation": 180 },
				"north": { "uv": [ 7.25, 6.5, 8.75, 7.5 ], "texture": "#texture" },
				"south": { "uv": [ 7.25, 6.5, 8.75, 7.5 ], "texture": "#texture" },
				"west": { "uv": [ 3, 6.5, 3.5, 7.5 ], "texture": "#texture" },
				"east": { "uv": [ 12.5, 6.5, 13, 7.5 ], "texture": "#texture" }
			}
		},
		{
			"__comment": "Cube2",
			"from": [ 7.25, 8.5, 3.5 ],
			"to": [ 8.75, 11, 4 ],
			"faces": {
				"down": { "uv": [ 7.25, 3.5, 8.75, 4 ], "texture": "#texture", "rotation": 180 },
				"up": { "uv": [ 7.25, 12, 8.75, 12.5 ], "texture": "#texture", "rotation": 180 },
				"north": { "uv": [ 7.25, 6, 8.75, 7.5 ], "texture": "#texture" },
				"south": { "uv": [ 7.25, 6, 8.75, 7.5 ], "texture": "#texture" },
				"west": { "uv": [ 3.5, 6, 4, 7.5 ], "texture": "#texture" },
				"east": { "uv": [ 12, 6, 12.5, 7.5 ], "texture": "#texture" }
			}
		},
		{
			"__comment": "Cube2",
			"from": [ 7.25, 8.5, 11.5 ],
			"to": [ 8.75, 10.5, 12.5 ],
			"faces": {
				"down": { "uv": [ 7.25, 11.5, 8.75, 12.5 ], "texture": "#texture", "rotation": 180 },
				"up": { "uv": [ 7.25, 3.5, 8.75, 4.5 ], "texture": "#texture", "rotation": 180 },
				"north": { "uv": [ 7.25, 6.5, 8.75, 7.5 ], "texture": "#texture" },
				"south": { "uv": [ 7.25, 6.5, 8.75, 7.5 ], "texture": "#texture" },
				"west": { "uv": [ 11.5, 6.5, 12.5, 7.5 ], "texture": "#texture" },
				"east": { "uv": [ 3.5, 6.5, 4.5, 7.5 ], "texture": "#texture" }
			}
		},
		{
			"__comment": "Cube2",
			"from": [ 7.25, 8.5, 12.5 ],
			"to": [ 8.75, 11, 14 ],
			"faces": {
				"down": { "uv": [ 7.25, 12.5, 8.75, 14 ], "texture": "#texture", "rotation": 180 },
				"up": { "uv": [ 7.25, 2, 8.75, 3.5 ], "texture": "#texture", "rotation": 180 },
				"north": { "uv": [ 7.25, 6, 8.75, 7.5 ], "texture": "#texture" },
				"south": { "uv": [ 7.25, 6, 8.75, 7.5 ], "texture": "#texture" },
				"west": { "uv": [ 12.5, 6, 14, 7.5 ], "texture": "#texture" },
				"east": { "uv": [ 2, 6, 3.5, 7.5 ], "texture": "#texture" }
			}
		},
		{
			"__comment": "Cube2",
			"from": [ 7.25, 10, 9.5 ],
			"to": [ 8.75, 10.5, 10.5 ],
			"faces": {
				"down": { "uv": [ 7.25, 9.5, 8.75, 10.5 ], "texture": "#texture1", "rotation": 180 },
				"up": { "uv": [ 7.25, 5.5, 8.75, 6.5 ], "texture": "#texture1", "rotation": 180 },
				"north": { "uv": [ 7.25, 6.5, 8.75, 7 ], "texture": "#texture1" },
				"south": { "uv": [ 7.25, 6.5, 8.75, 7 ], "texture": "#texture1" },
				"west": { "uv": [ 9.5, 6.5, 10.5, 7 ], "texture": "#texture1" },
				"east": { "uv": [ 5.5, 6.5, 6.5, 7 ], "texture": "#texture1" }
			}
		},
		{
			"__comment": "Cube2",
			"from": [ 7.25, 10, 5.5 ],
			"to": [ 8.75, 10.5, 9.5 ],
			"faces": {
				"down": { "uv": [ 7.25, 5.5, 8.75, 9.5 ], "texture": "#particle", "rotation": 180 },
				"up": { "uv": [ 7.25, 6.5, 8.75, 10.5 ], "texture": "#particle", "rotation": 180 },
				"north": { "uv": [ 7.25, 6.5, 8.75, 7 ], "texture": "#particle" },
				"south": { "uv": [ 7.25, 6.5, 8.75, 7 ], "texture": "#particle" },
				"west": { "uv": [ 5.5, 6.5, 9.5, 7 ], "texture": "#particle" },
				"east": { "uv": [ 6.5, 6.5, 10.5, 7 ], "texture": "#particle" }
			}
		},
		{
			"__comment": "Cube2",
			"from": [ 7.25, 8.5, 11 ],
			"to": [ 8.75, 11, 11.5 ],
			"faces": {
				"down": { "uv": [ 7.25, 11, 8.75, 11.5 ], "texture": "#texture", "rotation": 180 },
				"up": { "uv": [ 7.25, 4.5, 8.75, 5 ], "texture": "#texture", "rotation": 180 },
				"north": { "uv": [ 7.25, 6, 8.75, 7.5 ], "texture": "#texture" },
				"south": { "uv": [ 7.25, 6, 8.75, 7.5 ], "texture": "#texture" },
				"west": { "uv": [ 11, 6, 11.5, 7.5 ], "texture": "#texture" },
				"east": { "uv": [ 4.5, 6, 5, 7.5 ], "texture": "#texture" }
			}
		},
		{
			"__comment": "Cube2",
			"from": [ 7.25, 6.5, 8 ],
			"to": [ 8.75, 10, 8.5 ],
			"faces": {
				"down": { "uv": [ 7.25, 8, 8.75, 8.5 ], "texture": "#particle", "rotation": 180 },
				"up": { "uv": [ 7.25, 7.5, 8.75, 8 ], "texture": "#particle", "rotation": 180 },
				"north": { "uv": [ 7.25, 7, 8.75, 9.5 ], "texture": "#particle" },
				"south": { "uv": [ 7.25, 7, 8.75, 9.5 ], "texture": "#particle" },
				"west": { "uv": [ 8, 7, 8.5, 9.5 ], "texture": "#particle" },
				"east": { "uv": [ 7.5, 7, 8, 9.5 ], "texture": "#particle" }
			}
		},
		{
			"__comment": "Cube2",
			"from": [ 7.25, 6.5, 6.5 ],
			"to": [ 8.75, 10, 7 ],
			"faces": {
				"down": { "uv": [ 7.25, 6.5, 8.75, 7 ], "texture": "#particle", "rotation": 180 },
				"up": { "uv": [ 7.25, 9, 8.75, 9.5 ], "texture": "#particle", "rotation": 180 },
				"north": { "uv": [ 7.25, 7, 8.75, 9.5 ], "texture": "#particle" },
				"south": { "uv": [ 7.25, 7, 8.75, 9.5 ], "texture": "#particle" },
				"west": { "uv": [ 6.5, 7, 7, 9.5 ], "texture": "#particle" },
				"east": { "uv": [ 9, 7, 9.5, 9.5 ], "texture": "#particle" }
			}
		},
		{
			"__comment": "Cube2",
			"from": [ 7.25, 6.5, 9.5 ],
			"to": [ 8.75, 10, 10 ],
			"faces": {
				"down": { "uv": [ 7.25, 9.5, 8.75, 10 ], "texture": "#particle", "rotation": 180 },
				"up": { "uv": [ 7.25, 6, 8.75, 6.5 ], "texture": "#particle", "rotation": 180 },
				"north": { "uv": [ 7.25, 7, 8.75, 9.5 ], "texture": "#particle" },
				"south": { "uv": [ 7.25, 7, 8.75, 9.5 ], "texture": "#particle" },
				"west": { "uv": [ 9.5, 7, 10, 9.5 ], "texture": "#particle" },
				"east": { "uv": [ 6, 7, 6.5, 9.5 ], "texture": "#particle" }
			}
		},
		{
			"__comment": "Cube2",
			"from": [ 7.25, 6.5, 5 ],
			"to": [ 8.75, 10, 5.5 ],
			"faces": {
				"down": { "uv": [ 7.25, 5, 8.75, 5.5 ], "texture": "#particle", "rotation": 180 },
				"up": { "uv": [ 7.25, 10.5, 8.75, 11 ], "texture": "#particle", "rotation": 180 },
				"north": { "uv": [ 7.25, 7, 8.75, 9.5 ], "texture": "#particle" },
				"south": { "uv": [ 7.25, 7, 8.75, 9.5 ], "texture": "#particle" },
				"west": { "uv": [ 5, 7, 5.5, 9.5 ], "texture": "#particle" },
				"east": { "uv": [ 10.5, 7, 11, 9.5 ], "texture": "#particle" }
			}
		},
		{
			"__comment": "Cube2",
			"from": [ 7.25, 6.5, 10 ],
			"to": [ 8.75, 10, 11 ],
			"faces": {
				"down": { "uv": [ 7.25, 10, 8.75, 11 ], "texture": "#texture2", "rotation": 180 },
				"up": { "uv": [ 7.25, 5, 8.75, 6 ], "texture": "#texture2", "rotation": 180 },
				"north": { "uv": [ 7.25, 7, 8.75, 9.5 ], "texture": "#texture2" },
				"south": { "uv": [ 7.25, 7, 8.75, 9.5 ], "texture": "#texture2" },
				"west": { "uv": [ 10, 7, 11, 9.5 ], "texture": "#texture2" },
				"east": { "uv": [ 5, 7, 6, 9.5 ], "texture": "#texture2" }
			}
		},
		{
			"__comment": "Cube2",
			"from": [ 7.25, 7.5, 11 ],
			"to": [ 8.75, 8.5, 14 ],
			"faces": {
				"down": { "uv": [ 7.25, 11, 8.75, 14 ], "texture": "#texture", "rotation": 180 },
				"up": { "uv": [ 7.25, 2, 8.75, 5 ], "texture": "#texture", "rotation": 180 },
				"north": { "uv": [ 7.25, 7.5, 8.75, 8.5 ], "texture": "#texture" },
				"south": { "uv": [ 7.25, 7.5, 8.75, 8.5 ], "texture": "#texture" },
				"west": { "uv": [ 11, 7.5, 14, 8.5 ], "texture": "#texture" },
				"east": { "uv": [ 2, 7.5, 5, 8.5 ], "texture": "#texture" }
			}
		},
		{
			"__comment": "Cube2",
			"from": [ 7.25, 6.5, 8.5 ],
			"to": [ 8.75, 10, 9.5 ],
			"faces": {
				"down": { "uv": [ 7.25, 8.5, 8.75, 9.5 ], "texture": "#texture2", "rotation": 180 },
				"up": { "uv": [ 7.25, 6.5, 8.75, 7.5 ], "texture": "#texture2", "rotation": 180 },
				"north": { "uv": [ 7.25, 7, 8.75, 9.5 ], "texture": "#texture2" },
				"south": { "uv": [ 7.25, 7, 8.75, 9.5 ], "texture": "#texture2" },
				"west": { "uv": [ 8.5, 7, 9.5, 9.5 ], "texture": "#texture2" },
				"east": { "uv": [ 6.5, 7, 7.5, 9.5 ], "texture": "#texture2" }
			}
		},
		{
			"__comment": "Cube2",
			"from": [ 7.25, 6.5, 7 ],
			"to": [ 8.75, 10, 8 ],
			"faces": {
				"down": { "uv": [ 7.25, 7, 8.75, 8 ], "texture": "#texture2", "rotation": 180 },
				"up": { "uv": [ 7.25, 8, 8.75, 9 ], "texture": "#texture2", "rotation": 180 },
				"north": { "uv": [ 7.25, 7, 8.75, 9.5 ], "texture": "#texture2" },
				"south": { "uv": [ 7.25, 7, 8.75, 9.5 ], "texture": "#texture2" },
				"west": { "uv": [ 7, 7, 8, 9.5 ], "texture": "#texture2" },
				"east": { "uv": [ 8, 7, 9, 9.5 ], "texture": "#texture2" }
			}
		},
		{
			"__comment": "Cube2",
			"from": [ 7.25, 6.5, 5.5 ],
			"to": [ 8.75, 10, 6.5 ],
			"faces": {
				"down": { "uv": [ 7.25, 5.5, 8.75, 6.5 ], "texture": "#texture2", "rotation": 180 },
				"up": { "uv": [ 7.25, 9.5, 8.75, 10.5 ], "texture": "#texture2", "rotation": 180 },
				"north": { "uv": [ 7.25, 7, 8.75, 9.5 ], "texture": "#texture2" },
				"south": { "uv": [ 7.25, 7, 8.75, 9.5 ], "texture": "#texture2" },
				"west": { "uv": [ 5.5, 7, 6.5, 9.5 ], "texture": "#texture2" },
				"east": { "uv": [ 9.5, 7, 10.5, 9.5 ], "texture": "#texture2" }
			}
		},
		{
			"__comment": "Cube2",
			"from": [ 7.25, 6.5, 4 ],
			"to": [ 8.75, 10, 5 ],
			"faces": {
				"down": { "uv": [ 7.25, 4, 8.75, 5 ], "texture": "#texture2", "rotation": 180 },
				"up": { "uv": [ 7.25, 11, 8.75, 12 ], "texture": "#texture2", "rotation": 180 },
				"north": { "uv": [ 7.25, 7, 8.75, 9.5 ], "texture": "#texture2" },
				"south": { "uv": [ 7.25, 7, 8.75, 9.5 ], "texture": "#texture2" },
				"west": { "uv": [ 4, 7, 5, 9.5 ], "texture": "#texture2" },
				"east": { "uv": [ 11, 7, 12, 9.5 ], "texture": "#texture2" }
			}
		},
		{
			"__comment": "Cube2",
			"from": [ 7.25, 10, 4 ],
			"to": [ 8.75, 10.5, 4.5 ],
			"faces": {
				"down": { "uv": [ 7.25, 4, 8.75, 4.5 ], "texture": "#texture2", "rotation": 180 },
				"up": { "uv": [ 7.25, 11.5, 8.75, 12 ], "texture": "#texture2", "rotation": 180 },
				"north": { "uv": [ 7.25, 6.5, 8.75, 7 ], "texture": "#texture2" },
				"south": { "uv": [ 7.25, 6.5, 8.75, 7 ], "texture": "#texture2" },
				"west": { "uv": [ 4, 6.5, 4.5, 7 ], "texture": "#texture2" },
				"east": { "uv": [ 11.5, 6.5, 12, 7 ], "texture": "#texture2" }
			}
		},
		{
			"__comment": "Cube2",
			"from": [ 7.25, 10, 10.5 ],
			"to": [ 8.75, 10.5, 11 ],
			"faces": {
				"down": { "uv": [ 7.25, 10.5, 8.75, 11 ], "texture": "#texture2", "rotation": 180 },
				"up": { "uv": [ 7.25, 5, 8.75, 5.5 ], "texture": "#texture2", "rotation": 180 },
				"north": { "uv": [ 7.25, 6.5, 8.75, 7 ], "texture": "#texture2" },
				"south": { "uv": [ 7.25, 6.5, 8.75, 7 ], "texture": "#texture2" },
				"west": { "uv": [ 10.5, 6.5, 11, 7 ], "texture": "#texture2" },
				"east": { "uv": [ 5, 6.5, 5.5, 7 ], "texture": "#texture2" }
			}
		},
		{
			"__comment": "Cube2",
			"from": [ 7.25, 6, 5 ],
			"to": [ 8.75, 6.5, 10.5 ],
			"faces": {
				"down": { "uv": [ 7.25, 5, 8.75, 10.5 ], "texture": "#texture1", "rotation": 180 },
				"up": { "uv": [ 7.25, 5.5, 8.75, 11 ], "texture": "#texture1", "rotation": 180 },
				"north": { "uv": [ 7.25, 9.5, 8.75, 10 ], "texture": "#texture1" },
				"south": { "uv": [ 7.25, 9.5, 8.75, 10 ], "texture": "#texture1" },
				"west": { "uv": [ 5, 9.5, 10.5, 10 ], "texture": "#texture1" },
				"east": { "uv": [ 5.5, 9.5, 11, 10 ], "texture": "#texture1" }
			}
		},
		{
			"__comment": "Cube2",
			"from": [ 7.25, 6, 10.5 ],
			"to": [ 8.75, 6.5, 11 ],
			"faces": {
				"down": { "uv": [ 7.25, 10.5, 8.75, 11 ], "texture": "#texture2", "rotation": 180 },
				"up": { "uv": [ 7.25, 5, 8.75, 5.5 ], "texture": "#texture2", "rotation": 180 },
				"north": { "uv": [ 7.25, 9.5, 8.75, 10 ], "texture": "#texture2" },
				"south": { "uv": [ 7.25, 9.5, 8.75, 10 ], "texture": "#texture2" },
				"west": { "uv": [ 10.5, 9.5, 11, 10 ], "texture": "#texture2" },
				"east": { "uv": [ 5, 9.5, 5.5, 10 ], "texture": "#texture2" }
			}
		},
		{
			"__comment": "Cube2",
			"from": [ 7.25, 7.5, 2 ],
			"to": [ 8.75, 8.5, 4 ],
			"faces": {
				"down": { "uv": [ 7.25, 2, 8.75, 4 ], "texture": "#texture", "rotation": 180 },
				"up": { "uv": [ 7.25, 12, 8.75, 14 ], "texture": "#texture", "rotation": 180 },
				"north": { "uv": [ 7.25, 7.5, 8.75, 8.5 ], "texture": "#texture" },
				"south": { "uv": [ 7.25, 7.5, 8.75, 8.5 ], "texture": "#texture" },
				"west": { "uv": [ 2, 7.5, 4, 8.5 ], "texture": "#texture" },
				"east": { "uv": [ 12, 7.5, 14, 8.5 ], "texture": "#texture" }
			}
		},
		{
			"__comment": "Cube2",
			"from": [ 7.25, 7, 2.5 ],
			"to": [ 8.75, 7.5, 4 ],
			"faces": {
				"down": { "uv": [ 7.25, 2.5, 8.75, 4 ], "texture": "#texture", "rotation": 180 },
				"up": { "uv": [ 7.25, 12, 8.75, 13.5 ], "texture": "#texture", "rotation": 180 },
				"north": { "uv": [ 7.25, 8.5, 8.75, 9 ], "texture": "#texture" },
				"south": { "uv": [ 7.25, 8.5, 8.75, 9 ], "texture": "#texture" },
				"west": { "uv": [ 2.5, 8.5, 4, 9 ], "texture": "#texture" },
				"east": { "uv": [ 12, 8.5, 13.5, 9 ], "texture": "#texture" }
			}
		},
		{
			"__comment": "Cube2",
			"from": [ 7.25, 6.5, 3.5 ],
			"to": [ 8.75, 7, 4 ],
			"faces": {
				"down": { "uv": [ 7.25, 3.5, 8.75, 4 ], "texture": "#texture", "rotation": 180 },
				"up": { "uv": [ 7.25, 12, 8.75, 12.5 ], "texture": "#texture", "rotation": 180 },
				"north": { "uv": [ 7.25, 9, 8.75, 9.5 ], "texture": "#texture" },
				"south": { "uv": [ 7.25, 9, 8.75, 9.5 ], "texture": "#texture" },
				"west": { "uv": [ 3.5, 9, 4, 9.5 ], "texture": "#texture" },
				"east": { "uv": [ 12, 9, 12.5, 9.5 ], "texture": "#texture" }
			}
		},
		{
			"__comment": "Cube2",
			"from": [ 7.25, 6.5, 11 ],
			"to": [ 8.75, 7, 12.5 ],
			"faces": {
				"down": { "uv": [ 7.25, 11, 8.75, 12.5 ], "texture": "#texture", "rotation": 180 },
				"up": { "uv": [ 7.25, 3.5, 8.75, 5 ], "texture": "#texture", "rotation": 180 },
				"north": { "uv": [ 7.25, 9, 8.75, 9.5 ], "texture": "#texture" },
				"south": { "uv": [ 7.25, 9, 8.75, 9.5 ], "texture": "#texture" },
				"west": { "uv": [ 11, 9, 12.5, 9.5 ], "texture": "#texture" },
				"east": { "uv": [ 3.5, 9, 5, 9.5 ], "texture": "#texture" }
			}
		},
		{
			"__comment": "Cube2",
			"from": [ 7.25, 7, 11 ],
			"to": [ 8.75, 7.5, 13.5 ],
			"faces": {
				"down": { "uv": [ 7.25, 11, 8.75, 13.5 ], "texture": "#texture", "rotation": 180 },
				"up": { "uv": [ 7.25, 2.5, 8.75, 5 ], "texture": "#texture", "rotation": 180 },
				"north": { "uv": [ 7.25, 8.5, 8.75, 9 ], "texture": "#texture" },
				"south": { "uv": [ 7.25, 8.5, 8.75, 9 ], "texture": "#texture" },
				"west": { "uv": [ 11, 8.5, 13.5, 9 ], "texture": "#texture" },
				"east": { "uv": [ 2.5, 8.5, 5, 9 ], "texture": "#texture" }
			}
		},
		{
			"__comment": "Cube2",
			"from": [ 7.25, 2.5, 5 ],
			"to": [ 8.75, 4, 11 ],
			"faces": {
				"down": { "uv": [ 7.25, 5, 8.75, 11 ], "texture": "#texture3", "rotation": 180 },
				"up": { "uv": [ 7.25, 5, 8.75, 11 ], "texture": "#texture3", "rotation": 180 },
				"north": { "uv": [ 7.25, 12, 8.75, 13.5 ], "texture": "#texture3" },
				"south": { "uv": [ 7.25, 12, 8.75, 13.5 ], "texture": "#texture3" },
				"west": { "uv": [ 5, 12, 11, 13.5 ], "texture": "#texture3" },
				"east": { "uv": [ 5, 12, 11, 13.5 ], "texture": "#texture3" }
			}
		},
		{
			"__comment": "Cube2",
			"from": [ 7.25, 3, 11 ],
			"to": [ 8.75, 4.5, 12.5 ],
			"faces": {
				"down": { "uv": [ 7.25, 11, 8.75, 12.5 ], "texture": "#texture3", "rotation": 180 },
				"up": { "uv": [ 7.25, 3.5, 8.75, 5 ], "texture": "#texture3", "rotation": 180 },
				"north": { "uv": [ 7.25, 11.5, 8.75, 13 ], "texture": "#texture3" },
				"south": { "uv": [ 7.25, 11.5, 8.75, 13 ], "texture": "#texture3" },
				"west": { "uv": [ 11, 11.5, 12.5, 13 ], "texture": "#texture3" },
				"east": { "uv": [ 3.5, 11.5, 5, 13 ], "texture": "#texture3" }
			}
		},
		{
			"__comment": "Cube2",
			"from": [ 7.25, 3, 3.5 ],
			"to": [ 8.75, 4.5, 5 ],
			"faces": {
				"down": { "uv": [ 7.25, 3.5, 8.75, 5 ], "texture": "#texture3", "rotation": 180 },
				"up": { "uv": [ 7.25, 11, 8.75, 12.5 ], "texture": "#texture3", "rotation": 180 },
				"north": { "uv": [ 7.25, 11.5, 8.75, 13 ], "texture": "#texture3" },
				"south": { "uv": [ 7.25, 11.5, 8.75, 13 ], "texture": "#texture3" },
				"west": { "uv": [ 3.5, 11.5, 5, 13 ], "texture": "#texture3" },
				"east": { "uv": [ 11, 11.5, 12.5, 13 ], "texture": "#texture3" }
			}
		},
		{
			"__comment": "Cube2",
			"from": [ 7.25, 3.5, 2 ],
			"to": [ 8.75, 5, 3.5 ],
			"faces": {
				"down": { "uv": [ 7.25, 2, 8.75, 3.5 ], "texture": "#texture3", "rotation": 180 },
				"up": { "uv": [ 7.25, 12.5, 8.75, 14 ], "texture": "#texture3", "rotation": 180 },
				"north": { "uv": [ 7.25, 11, 8.75, 12.5 ], "texture": "#texture3" },
				"south": { "uv": [ 7.25, 11, 8.75, 12.5 ], "texture": "#texture3" },
				"west": { "uv": [ 2, 11, 3.5, 12.5 ], "texture": "#texture3" },
				"east": { "uv": [ 12.5, 11, 14, 12.5 ], "texture": "#texture3" }
			}
		},
		{
			"__comment": "Cube2",
			"from": [ 7.25, 3.5, 12.5 ],
			"to": [ 8.75, 5, 14 ],
			"faces": {
				"down": { "uv": [ 7.25, 12.5, 8.75, 14 ], "texture": "#texture3", "rotation": 180 },
				"up": { "uv": [ 7.25, 2, 8.75, 3.5 ], "texture": "#texture3", "rotation": 180 },
				"north": { "uv": [ 7.25, 11, 8.75, 12.5 ], "texture": "#texture3" },
				"south": { "uv": [ 7.25, 11, 8.75, 12.5 ], "texture": "#texture3" },
				"west": { "uv": [ 12.5, 11, 14, 12.5 ], "texture": "#texture3" },
				"east": { "uv": [ 2, 11, 3.5, 12.5 ], "texture": "#texture3" }
			}
		},
		{
			"__comment": "Cube2",
			"from": [ 7.5, 2, 13 ],
			"to": [ 8.5, 3.5, 16 ],
			"faces": {
				"down": { "uv": [ 7.75, 13, 8.25, 16 ], "texture": "#texture3", "rotation": 180 },
				"up": { "uv": [ 7.75, 0, 8.25, 3 ], "texture": "#texture3", "rotation": 180 },
				"north": { "uv": [ 7.75, 12.5, 8.25, 14 ], "texture": "#texture3" },
				"south": { "uv": [ 7.75, 12.5, 8.25, 14 ], "texture": "#texture3" },
				"west": { "uv": [ 13, 12.5, 16, 14 ], "texture": "#texture3" },
				"east": { "uv": [ 0, 12.5, 3, 14 ], "texture": "#texture3" }
			}
		},
		{
			"__comment": "Cube2",
			"from": [ 7.5, 2, 0 ],
			"to": [ 8.5, 3.5, 3 ],
			"faces": {
				"down": { "uv": [ 7.75, 0, 8.25, 3 ], "texture": "#texture3", "rotation": 180 },
				"up": { "uv": [ 7.75, 13, 8.25, 16 ], "texture": "#texture3", "rotation": 180 },
				"north": { "uv": [ 7.75, 12.5, 8.25, 14 ], "texture": "#texture3" },
				"south": { "uv": [ 7.75, 12.5, 8.25, 14 ], "texture": "#texture3" },
				"west": { "uv": [ 0, 12.5, 3, 14 ], "texture": "#texture3" },
				"east": { "uv": [ 13, 12.5, 16, 14 ], "texture": "#texture3" }
			}
		},
		{
			"__comment": "Cube2",
			"from": [ 7.25, 1.5, 11 ],
			"to": [ 8.75, 3, 13 ],
			"faces": {
				"down": { "uv": [ 7.25, 11, 8.75, 13 ], "texture": "#texture4", "rotation": 180 },
				"up": { "uv": [ 7.25, 3, 8.75, 5 ], "texture": "#texture4", "rotation": 180 },
				"north": { "uv": [ 7.25, 13, 8.75, 14.5 ], "texture": "#texture4" },
				"south": { "uv": [ 7.25, 13, 8.75, 14.5 ], "texture": "#texture4" },
				"west": { "uv": [ 11, 13, 13, 14.5 ], "texture": "#texture4" },
				"east": { "uv": [ 3, 13, 5, 14.5 ], "texture": "#texture4" }
			}
		},
		{
			"__comment": "Cube2",
			"from": [ 7.25, 1.5, 3 ],
			"to": [ 8.75, 3, 5 ],
			"faces": {
				"down": { "uv": [ 7.25, 3, 8.75, 5 ], "texture": "#texture4", "rotation": 180 },
				"up": { "uv": [ 7.25, 11, 8.75, 13 ], "texture": "#texture4", "rotation": 180 },
				"north": { "uv": [ 7.25, 13, 8.75, 14.5 ], "texture": "#texture4" },
				"south": { "uv": [ 7.25, 13, 8.75, 14.5 ], "texture": "#texture4" },
				"west": { "uv": [ 3, 13, 5, 14.5 ], "texture": "#texture4" },
				"east": { "uv": [ 11, 13, 13, 14.5 ], "texture": "#texture4" }
			}
		},
		{
			"__comment": "Cube2",
			"from": [ 6.75, 0.5, -0.5 ],
			"to": [ 9.25, 2, 16.5 ],
			"faces": {
				"down": { "uv": [ 6.75, 0, 9.25, 16 ], "texture": "#texture4", "rotation": 180 },
				"up": { "uv": [ 6.75, 0, 9.25, 16 ], "texture": "#texture4", "rotation": 180 },
				"north": { "uv": [ 6.75, 14, 9.25, 15.5 ], "texture": "#texture4" },
				"south": { "uv": [ 6.75, 14, 9.25, 15.5 ], "texture": "#texture4" },
				"west": { "uv": [ 0, 14, 16, 15.5 ], "texture": "#texture4" },
				"east": { "uv": [ 0, 14, 16, 15.5 ], "texture": "#texture4" }
			}
		},
		{
			"__comment": "Cube2",
			"from": [ 7.25, 1, 5 ],
			"to": [ 8.75, 2.5, 11 ],
			"faces": {
				"down": { "uv": [ 7.25, 5, 8.75, 11 ], "texture": "#texture4", "rotation": 180 },
				"up": { "uv": [ 7.25, 5, 8.75, 11 ], "texture": "#texture4", "rotation": 180 },
				"north": { "uv": [ 7.25, 13.5, 8.75, 15 ], "texture": "#texture4" },
				"south": { "uv": [ 7.25, 13.5, 8.75, 15 ], "texture": "#texture4" },
				"west": { "uv": [ 5, 13.5, 11, 15 ], "texture": "#texture4" },
				"east": { "uv": [ 5, 13.5, 11, 15 ], "texture": "#texture4" }
			}
		},
		{
			"__comment": "Cube2",
			"from": [ 7.25, 10, 4.5 ],
			"to": [ 8.75, 10.5, 5.5 ],
			"faces": {
				"down": { "uv": [ 7.25, 4.5, 8.75, 5.5 ], "texture": "#texture1", "rotation": 180 },
				"up": { "uv": [ 7.25, 10.5, 8.75, 11.5 ], "texture": "#texture1", "rotation": 180 },
				"north": { "uv": [ 7.25, 6.5, 8.75, 7 ], "texture": "#texture1" },
				"south": { "uv": [ 7.25, 6.5, 8.75, 7 ], "texture": "#texture1" },
				"west": { "uv": [ 4.5, 6.5, 5.5, 7 ], "texture": "#texture1" },
				"east": { "uv": [ 10.5, 6.5, 11.5, 7 ], "texture": "#texture1" }
			}
		},
		{
			"__comment": "Cube2",
			"from": [ 7.5, 3, 11 ],
			"to": [ 8.5, 3.5, 13 ],
			"faces": {
				"down": { "uv": [ 7.25, 11, 8.75, 13 ], "texture": "#texture4", "rotation": 180 },
				"up": { "uv": [ 7.25, 3, 8.75, 5 ], "texture": "#texture4", "rotation": 180 },
				"north": { "uv": [ 7.25, 13, 8.75, 14.5 ], "texture": "#texture4" },
				"south": { "uv": [ 7.25, 13, 8.75, 14.5 ], "texture": "#texture4" },
				"west": { "uv": [ 11, 13, 13, 14.5 ], "texture": "#texture4" },
				"east": { "uv": [ 3, 13, 5, 14.5 ], "texture": "#texture4" }
			}
		},
		{
			"__comment": "Cube2",
			"from": [ 7.5, 3, 3 ],
			"to": [ 8.5, 3.5, 5 ],
			"faces": {
				"down": { "uv": [ 7.25, 11, 8.75, 13 ], "texture": "#texture4", "rotation": 180 },
				"up": { "uv": [ 7.25, 3, 8.75, 5 ], "texture": "#texture4", "rotation": 180 },
				"north": { "uv": [ 7.25, 13, 8.75, 14.5 ], "texture": "#texture4" },
				"south": { "uv": [ 7.25, 13, 8.75, 14.5 ], "texture": "#texture4" },
				"west": { "uv": [ 11, 13, 13, 14.5 ], "texture": "#texture4" },
				"east": { "uv": [ 3, 13, 5, 14.5 ], "texture": "#texture4" }
			}
		},
		{
			"__comment": "Cube2",
			"from": [ 7.25, 9.5, 14 ],
			"to": [ 8.75, 11, 14.5 ],
			"faces": {
				"down": { "uv": [ 7.25, 11.5, 8.75, 12.5 ], "texture": "#texture", "rotation": 180 },
				"up": { "uv": [ 7.25, 3.5, 8.75, 4.5 ], "texture": "#texture", "rotation": 180 },
				"north": { "uv": [ 7.25, 6.5, 8.75, 7.5 ], "texture": "#texture" },
				"south": { "uv": [ 7.25, 6.5, 8.75, 7.5 ], "texture": "#texture" },
				"west": { "uv": [ 11.5, 6.5, 12.5, 7.5 ], "texture": "#texture" },
				"east": { "uv": [ 3.5, 6.5, 4.5, 7.5 ], "texture": "#texture" }
			}
		},
		{
			"__comment": "Cube2",
			"from": [ 7.25, 9.5, 1.5 ],
			"to": [ 8.75, 11, 2 ],
			"faces": {
				"down": { "uv": [ 7.25, 11.5, 8.75, 12.5 ], "texture": "#texture", "rotation": 180 },
				"up": { "uv": [ 7.25, 3.5, 8.75, 4.5 ], "texture": "#texture", "rotation": 180 },
				"north": { "uv": [ 7.25, 6.5, 8.75, 7.5 ], "texture": "#texture" },
				"south": { "uv": [ 7.25, 6.5, 8.75, 7.5 ], "texture": "#texture" },
				"west": { "uv": [ 11.5, 6.5, 12.5, 7.5 ], "texture": "#texture" },
				"east": { "uv": [ 3.5, 6.5, 4.5, 7.5 ], "texture": "#texture" }
			}
		},
		{
			"__comment": "Cube2",
			"from": [ 7.25, 9.5, 14.5 ],
			"to": [ 8.75, 10.5, 15 ],
			"faces": {
				"down": { "uv": [ 7.25, 14, 8.75, 14.5 ], "texture": "#oak", "rotation": 180 },
				"up": { "uv": [ 7.25, 1.5, 8.75, 2 ], "texture": "#oak", "rotation": 180 },
				"north": { "uv": [ 7.25, 6.5, 8.75, 8.5 ], "texture": "#oak" },
				"south": { "uv": [ 7.25, 6.5, 8.75, 8.5 ], "texture": "#oak" },
				"west": { "uv": [ 14, 6.5, 14.5, 8.5 ], "texture": "#oak" },
				"east": { "uv": [ 1.5, 6.5, 2, 8.5 ], "texture": "#oak" }
			}
		},
		{
			"__comment": "Cube2",
			"from": [ 7.25, 9.5, 15 ],
			"to": [ 8.75, 10.5, 16 ],
			"faces": {
				"down": { "uv": [ 7.25, 14, 8.75, 14.5 ], "texture": "#spruce", "rotation": 180 },
				"up": { "uv": [ 7.25, 1.5, 8.75, 2 ], "texture": "#spruce", "rotation": 180 },
				"north": { "uv": [ 7.25, 6.5, 8.75, 8.5 ], "texture": "#spruce" },
				"south": { "uv": [ 7.25, 6.5, 8.75, 8.5 ], "texture": "#spruce" },
				"west": { "uv": [ 14, 6.5, 14.5, 8.5 ], "texture": "#spruce" },
				"east": { "uv": [ 1.5, 6.5, 2, 8.5 ], "texture": "#spruce" }
			}
		},
		{
			"__comment": "Cube2",
			"from": [ 7.75, 9.5, 16 ],
			"to": [ 8.25, 11, 16.5 ],
			"faces": {
				"down": { "uv": [ 7.25, 14, 8.75, 14.5 ], "texture": "#oak", "rotation": 180 },
				"up": { "uv": [ 7.25, 1.5, 8.75, 2 ], "texture": "#oak", "rotation": 180 },
				"north": { "uv": [ 7.25, 6.5, 8.75, 8.5 ], "texture": "#oak" },
				"south": { "uv": [ 7.25, 6.5, 8.75, 8.5 ], "texture": "#oak" },
				"west": { "uv": [ 14, 6.5, 14.5, 8.5 ], "texture": "#oak" },
				"east": { "uv": [ 1.5, 6.5, 2, 8.5 ], "texture": "#oak" }
			}
		},
		{
			"__comment": "Cube2",
			"from": [ 7.25, 9.5, 0 ],
			"to": [ 8.75, 10.5, 1 ],
			"faces": {
				"down": { "uv": [ 7.25, 14, 8.75, 14.5 ], "texture": "#spruce", "rotation": 180 },
				"up": { "uv": [ 7.25, 1.5, 8.75, 2 ], "texture": "#spruce", "rotation": 180 },
				"north": { "uv": [ 7.25, 6.5, 8.75, 8.5 ], "texture": "#spruce" },
				"south": { "uv": [ 7.25, 6.5, 8.75, 8.5 ], "texture": "#spruce" },
				"west": { "uv": [ 14, 6.5, 14.5, 8.5 ], "texture": "#spruce" },
				"east": { "uv": [ 1.5, 6.5, 2, 8.5 ], "texture": "#spruce" }
			}
		},
		{
			"__comment": "Cube2",
			"from": [ 7.25, 9.5, 1 ],
			"to": [ 8.75, 10.5, 1.5 ],
			"faces": {
				"down": { "uv": [ 7.25, 14, 8.75, 14.5 ], "texture": "#oak", "rotation": 180 },
				"up": { "uv": [ 7.25, 1.5, 8.75, 2 ], "texture": "#oak", "rotation": 180 },
				"north": { "uv": [ 7.25, 6.5, 8.75, 8.5 ], "texture": "#oak" },
				"south": { "uv": [ 7.25, 6.5, 8.75, 8.5 ], "texture": "#oak" },
				"west": { "uv": [ 14, 6.5, 14.5, 8.5 ], "texture": "#oak" },
				"east": { "uv": [ 1.5, 6.5, 2, 8.5 ], "texture": "#oak" }
			}
		},
		{
			"__comment": "Cube2",
			"from": [ 7.75, 9.5, -0.5 ],
			"to": [ 8.25, 11, 0 ],
			"faces": {
				"down": { "uv": [ 7.25, 14, 8.75, 14.5 ], "texture": "#oak", "rotation": 180 },
				"up": { "uv": [ 7.25, 1.5, 8.75, 2 ], "texture": "#oak", "rotation": 180 },
				"north": { "uv": [ 7.25, 6.5, 8.75, 8.5 ], "texture": "#oak" },
				"south": { "uv": [ 7.25, 6.5, 8.75, 8.5 ], "texture": "#oak" },
				"west": { "uv": [ 14, 6.5, 14.5, 8.5 ], "texture": "#oak" },
				"east": { "uv": [ 1.5, 6.5, 2, 8.5 ], "texture": "#oak" }
			}
		}
	],
	"display": {
		"thirdperson_righthand": {
			"scale":  [ 0.4434, 0.4434, 0.4434 ]
		},
		"thirdperson_lefthand": {
			"scale":  [ 0.4434, 0.4434, 0.4434 ]
		},
		"firstperson_righthand": {
			"rotation":  [ -11, 11, -3 ],
			"scale":  [ 0.4434, 0.4434, 0.4434 ]
		},
		"firstperson_lefthand": {
			"rotation":  [ -11, 11, -3 ],
			"scale":  [ 0.4434, 0.4434, 0.4434 ]
		},
		"gui": {
			"rotation":  [ 0, 90, 0 ],
			"scale":  [ 0.339, 0.339, 0.339 ]
		},
		"head": {
			"rotation":  [ 0, -90, 0 ],
			"translation":  [ 0, -7.652, 0 ],
			"scale":  [ 3.5, 3.5, 3.5 ]
		},
		"ground": {
			"rotation":  [ 0, -39, 86 ],
			"scale":  [ 0.339, 0.339, 0.339 ]
		},
		"fixed": {
			"rotation":  [ 0, 90, 0 ],
			"scale":  [ 0.4434, 0.4434, 0.4434 ]
		}
	}
}