{
	"credit": "Made by _Kastle with Blockbench. Message Kastle#4801 on Discord for inquiries. If you recieved this model from someone other than myself without context, it was probably stolen.",
	"textures": {
		"texture": "block/stone",
		"particle": "block/stone"
	},
	"elements": [
		{
			"name": "Box1",
			"from": [7, 4.5, 8],
			"to": [9, 7.5, 10],
			"faces": {
				"north": {"uv": [7, 8.5, 9, 11.5], "texture": "#texture"},
				"east": {"uv": [6, 8.5, 8, 11.5], "texture": "#texture"},
				"south": {"uv": [7, 8.5, 9, 11.5], "texture": "#texture"},
				"west": {"uv": [8, 8.5, 10, 11.5], "texture": "#texture"},
				"up": {"uv": [7, 8, 9, 10], "texture": "#texture"},
				"down": {"uv": [7, 6, 9, 8], "texture": "#texture"}
			}
		},
		{
			"name": "Box1",
			"from": [7, 6, 7.5],
			"to": [9, 7.5, 10.5],
			"faces": {
				"north": {"uv": [7, 8.5, 9, 10], "texture": "#texture"},
				"east": {"uv": [5.5, 8.5, 8.5, 10], "texture": "#texture"},
				"south": {"uv": [7, 8.5, 9, 10], "texture": "#texture"},
				"west": {"uv": [7.5, 8.5, 10.5, 10], "texture": "#texture"},
				"up": {"uv": [7, 7.5, 9, 10.5], "texture": "#texture"},
				"down": {"uv": [7, 5.5, 9, 8.5], "texture": "#texture"}
			}
		},
		{
			"name": "Box1",
			"from": [7, 7, 7],
			"to": [9, 8, 11],
			"faces": {
				"north": {"uv": [7, 8, 9, 9], "texture": "#texture"},
				"east": {"uv": [5, 8, 9, 9], "texture": "#texture"},
				"south": {"uv": [7, 8, 9, 9], "texture": "#texture"},
				"west": {"uv": [7, 8, 11, 9], "texture": "#texture"},
				"up": {"uv": [7, 7, 9, 11], "texture": "#texture"},
				"down": {"uv": [7, 5, 9, 9], "texture": "#texture"}
			}
		},
		{
			"name": "Box1",
			"from": [6.5, 6, 8],
			"to": [9.5, 7.5, 10],
			"faces": {
				"north": {"uv": [6.5, 8.5, 9.5, 10], "texture": "#texture"},
				"east": {"uv": [6, 8.5, 8, 10], "texture": "#texture"},
				"south": {"uv": [6.5, 8.5, 9.5, 10], "texture": "#texture"},
				"west": {"uv": [8, 8.5, 10, 10], "texture": "#texture"},
				"up": {"uv": [6.5, 8, 9.5, 10], "texture": "#texture"},
				"down": {"uv": [6.5, 6, 9.5, 8], "texture": "#texture"}
			}
		},
		{
			"name": "Box1",
			"from": [6, 7, 8],
			"to": [10, 8, 10],
			"faces": {
				"north": {"uv": [6, 7.5, 10, 8.5], "texture": "#texture"},
				"east": {"uv": [6, 7.5, 8, 8.5], "texture": "#texture"},
				"south": {"uv": [6, 7.5, 10, 8.5], "texture": "#texture"},
				"west": {"uv": [8, 7.5, 10, 8.5], "texture": "#texture"},
				"up": {"uv": [6, 8, 10, 10], "texture": "#texture"},
				"down": {"uv": [6, 6, 10, 8], "texture": "#texture"}
			}
		},
		{
			"name": "Box1",
			"from": [6.5, 7, 7.5],
			"to": [9.5, 8, 10.5],
			"faces": {
				"north": {"uv": [6.5, 7.5, 9.5, 8.5], "texture": "#texture"},
				"east": {"uv": [5.5, 7.5, 8.5, 8.5], "texture": "#texture"},
				"south": {"uv": [6.5, 7.5, 9.5, 8.5], "texture": "#texture"},
				"west": {"uv": [7.5, 7.5, 10.5, 8.5], "texture": "#texture"},
				"up": {"uv": [6.5, 7.5, 9.5, 10.5], "texture": "#texture"},
				"down": {"uv": [6.5, 5.5, 9.5, 8.5], "texture": "#texture"}
			}
		},
		{
			"name": "Box1",
			"from": [6.5, 7.5, 8],
			"to": [9.5, 9, 10],
			"faces": {
				"north": {"uv": [6.5, 7, 9.5, 8.5], "texture": "#texture"},
				"east": {"uv": [6, 7, 8, 8.5], "texture": "#texture"},
				"south": {"uv": [6.5, 7, 9.5, 8.5], "texture": "#texture"},
				"west": {"uv": [8, 7, 10, 8.5], "texture": "#texture"},
				"up": {"uv": [6.5, 8, 9.5, 10], "texture": "#texture"},
				"down": {"uv": [6.5, 6, 9.5, 8], "texture": "#texture"}
			}
		},
		{
			"name": "Box1",
			"from": [7, 7.5, 7.5],
			"to": [9, 9, 10.5],
			"faces": {
				"north": {"uv": [7, 8.5, 9, 10], "texture": "#texture"},
				"east": {"uv": [5.5, 8.5, 8.5, 10], "texture": "#texture"},
				"south": {"uv": [7, 8.5, 9, 10], "texture": "#texture"},
				"west": {"uv": [7.5, 8.5, 10.5, 10], "texture": "#texture"},
				"up": {"uv": [7, 7.5, 9, 10.5], "texture": "#texture"},
				"down": {"uv": [7, 5.5, 9, 8.5], "texture": "#texture"}
			}
		},
		{
			"name": "Box1",
			"from": [7, 8.5, 7],
			"to": [9, 9, 11],
			"faces": {
				"north": {"uv": [7, 7, 9, 7.5], "texture": "#texture"},
				"east": {"uv": [5, 7, 9, 7.5], "texture": "#texture"},
				"south": {"uv": [7, 7, 9, 7.5], "texture": "#texture"},
				"west": {"uv": [7, 7, 11, 7.5], "texture": "#texture"},
				"up": {"uv": [7, 7, 9, 11], "texture": "#texture"},
				"down": {"uv": [7, 5, 9, 9], "texture": "#texture"}
			}
		},
		{
			"name": "Box1",
			"from": [6.5, 8.5, 7.5],
			"to": [9.5, 9, 10.5],
			"faces": {
				"north": {"uv": [6.5, 7, 9.5, 7.5], "texture": "#texture"},
				"east": {"uv": [5.5, 7, 8.5, 7.5], "texture": "#texture"},
				"south": {"uv": [6.5, 7, 9.5, 7.5], "texture": "#texture"},
				"west": {"uv": [7.5, 7, 10.5, 7.5], "texture": "#texture"},
				"up": {"uv": [6.5, 7.5, 9.5, 10.5], "texture": "#texture"},
				"down": {"uv": [6.5, 5.5, 9.5, 8.5], "texture": "#texture"}
			}
		},
		{
			"name": "Box1",
			"from": [6, 8.5, 8],
			"to": [10, 9, 10],
			"faces": {
				"north": {"uv": [6, 7, 10, 7.5], "texture": "#texture"},
				"east": {"uv": [6, 7, 8, 7.5], "texture": "#texture"},
				"south": {"uv": [6, 7, 10, 7.5], "texture": "#texture"},
				"west": {"uv": [8, 7, 10, 7.5], "texture": "#texture"},
				"up": {"uv": [6, 8, 10, 10], "texture": "#texture"},
				"down": {"uv": [6, 6, 10, 8], "texture": "#texture"}
			}
		},
		{
			"name": "Box1",
			"from": [6.75, 9, 6.75],
			"to": [9.25, 9.5, 11.25],
			"faces": {
				"north": {"uv": [6.75, 6.5, 9.25, 7], "texture": "#texture"},
				"east": {"uv": [4.75, 6.5, 9.25, 7], "texture": "#texture"},
				"south": {"uv": [6.75, 6.5, 9.25, 7], "texture": "#texture"},
				"west": {"uv": [6.75, 6.5, 11.25, 7], "texture": "#texture"},
				"up": {"uv": [6.75, 6.75, 9.25, 11.25], "texture": "#texture"},
				"down": {"uv": [6.75, 4.75, 9.25, 9.25], "texture": "#texture"}
			}
		},
		{
			"name": "Box1",
			"from": [6.25, 9, 7.25],
			"to": [9.75, 9.5, 10.75],
			"faces": {
				"north": {"uv": [6, 6.5, 9.5, 7], "texture": "#texture"},
				"east": {"uv": [5, 6.5, 8.5, 7], "texture": "#texture"},
				"south": {"uv": [6.5, 6.5, 10, 7], "texture": "#texture"},
				"west": {"uv": [7.5, 6.5, 11, 7], "texture": "#texture"},
				"up": {"uv": [6.5, 7.5, 10, 11], "texture": "#texture"},
				"down": {"uv": [6.5, 5, 10, 8.5], "texture": "#texture"}
			}
		},
		{
			"name": "Box1",
			"from": [5.75, 9, 7.75],
			"to": [10.25, 9.5, 10.25],
			"faces": {
				"north": {"uv": [5.5, 6.5, 10, 7], "texture": "#texture"},
				"east": {"uv": [5.5, 6.5, 8, 7], "texture": "#texture"},
				"south": {"uv": [6, 6.5, 10.5, 7], "texture": "#texture"},
				"west": {"uv": [8, 6.5, 10.5, 7], "texture": "#texture"},
				"up": {"uv": [6, 8, 10.5, 10.5], "texture": "#texture"},
				"down": {"uv": [6, 5.5, 10.5, 8], "texture": "#texture"}
			}
		},
		{
			"name": "Box1",
			"from": [5.5, 9.5, 7.5],
			"to": [10.5, 10, 10.5],
			"faces": {
				"north": {"uv": [5.5, 6, 10.5, 6.5], "texture": "#texture"},
				"east": {"uv": [5.5, 6, 8.5, 6.5], "texture": "#texture"},
				"south": {"uv": [5.5, 6, 10.5, 6.5], "texture": "#texture"},
				"west": {"uv": [7.5, 6, 10.5, 6.5], "texture": "#texture"},
				"up": {"uv": [5.5, 7.5, 10.5, 10.5], "texture": "#texture"},
				"down": {"uv": [5.5, 5.5, 10.5, 8.5], "texture": "#texture"}
			}
		},
		{
			"name": "Box1",
			"from": [6, 9.5, 7],
			"to": [10, 10, 11],
			"faces": {
				"north": {"uv": [6, 6, 10, 6.5], "texture": "#texture"},
				"east": {"uv": [5, 6, 9, 6.5], "texture": "#texture"},
				"south": {"uv": [6, 6, 10, 6.5], "texture": "#texture"},
				"west": {"uv": [7, 6, 11, 6.5], "texture": "#texture"},
				"up": {"uv": [6, 7, 10, 11], "texture": "#texture"},
				"down": {"uv": [6, 5, 10, 9], "texture": "#texture"}
			}
		},
		{
			"name": "Box1",
			"from": [6.5, 9.5, 6.5],
			"to": [9.5, 10, 11.5],
			"faces": {
				"north": {"uv": [6.5, 6, 9.5, 6.5], "texture": "#texture"},
				"east": {"uv": [4.5, 6, 9.5, 6.5], "texture": "#texture"},
				"south": {"uv": [6.5, 6, 9.5, 6.5], "texture": "#texture"},
				"west": {"uv": [6.5, 6, 11.5, 6.5], "texture": "#texture"},
				"up": {"uv": [6.5, 6.5, 9.5, 11.5], "texture": "#texture"},
				"down": {"uv": [6.5, 4.5, 9.5, 9.5], "texture": "#texture"}
			}
		},
		{
			"name": "Box1",
			"from": [7, -7.5, 8.5],
			"to": [9, 5, 9.5],
			"faces": {
				"north": {"uv": [7, 11, 9, 16], "texture": "#texture"},
				"east": {"uv": [6.5, 11, 7.5, 16], "texture": "#texture"},
				"south": {"uv": [7, 11, 9, 16], "texture": "#texture"},
				"west": {"uv": [8.5, 11, 9.5, 16], "texture": "#texture"},
				"up": {"uv": [7, 8.5, 9, 9.5], "texture": "#texture"},
				"down": {"uv": [7, 6.5, 9, 7.5], "texture": "#texture"}
			}
		},
		{
			"name": "Box1",
			"from": [7.5, -7.5, 8],
			"to": [8.5, 5, 10],
			"faces": {
				"north": {"uv": [7.5, 11, 8.5, 16], "texture": "#texture"},
				"east": {"uv": [6, 11, 8, 16], "texture": "#texture"},
				"south": {"uv": [7.5, 11, 8.5, 16], "texture": "#texture"},
				"west": {"uv": [8, 11, 10, 16], "texture": "#texture"},
				"up": {"uv": [7.5, 8, 8.5, 10], "texture": "#texture"},
				"down": {"uv": [7.5, 6, 8.5, 8], "texture": "#texture"}
			}
		},
		{
			"name": "Box1",
			"from": [7, 10, 7],
			"to": [9, 11, 11],
			"faces": {
				"north": {"uv": [7, 5, 9, 6], "texture": "#particle"},
				"east": {"uv": [5, 5, 9, 6], "texture": "#particle"},
				"south": {"uv": [7, 5, 9, 6], "texture": "#particle"},
				"west": {"uv": [7, 5, 11, 6], "texture": "#particle"},
				"up": {"uv": [7, 7, 9, 11], "texture": "#particle"},
				"down": {"uv": [7, 5, 9, 9], "texture": "#particle"}
			}
		},
		{
			"name": "Box1",
			"from": [6.5, 10, 7.5],
			"to": [9.5, 11, 10.5],
			"faces": {
				"north": {"uv": [6.5, 5, 9.5, 6], "texture": "#particle"},
				"east": {"uv": [5.5, 5, 8.5, 6], "texture": "#particle"},
				"south": {"uv": [6.5, 5, 9.5, 6], "texture": "#particle"},
				"west": {"uv": [7.5, 5, 10.5, 6], "texture": "#particle"},
				"up": {"uv": [6.5, 7.5, 9.5, 10.5], "texture": "#particle"},
				"down": {"uv": [6.5, 5.5, 9.5, 8.5], "texture": "#particle"}
			}
		},
		{
			"name": "Box1",
			"from": [6, 10, 8],
			"to": [10, 11, 10],
			"faces": {
				"north": {"uv": [6, 5, 10, 6], "texture": "#particle"},
				"east": {"uv": [6, 5, 8, 6], "texture": "#particle"},
				"south": {"uv": [6, 5, 10, 6], "texture": "#particle"},
				"west": {"uv": [8, 5, 10, 6], "texture": "#particle"},
				"up": {"uv": [6, 8, 10, 10], "texture": "#particle"},
				"down": {"uv": [6, 6, 10, 8], "texture": "#particle"}
			}
		},
		{
			"name": "Box1",
			"from": [7, 11, 7.5],
			"to": [9, 11.5, 10.5],
			"faces": {
				"north": {"uv": [7, 4.5, 9, 5], "texture": "#particle"},
				"east": {"uv": [5.5, 4.5, 8.5, 5], "texture": "#particle"},
				"south": {"uv": [7, 4.5, 9, 5], "texture": "#particle"},
				"west": {"uv": [7.5, 4.5, 10.5, 5], "texture": "#particle"},
				"up": {"uv": [7, 7.5, 9, 10.5], "texture": "#particle"},
				"down": {"uv": [7, 5.5, 9, 8.5], "texture": "#particle"}
			}
		},
		{
			"name": "Box1",
			"from": [6.5, 11, 8],
			"to": [9.5, 11.5, 10],
			"faces": {
				"north": {"uv": [6.5, 5, 9.5, 5.5], "texture": "#particle"},
				"east": {"uv": [6, 5, 8, 5.5], "texture": "#particle"},
				"south": {"uv": [6.5, 5, 9.5, 5.5], "texture": "#particle"},
				"west": {"uv": [8, 5, 10, 5.5], "texture": "#particle"},
				"up": {"uv": [6.5, 8, 9.5, 10], "texture": "#particle"},
				"down": {"uv": [6.5, 6, 9.5, 8], "texture": "#particle"}
			}
		},
		{
			"name": "Box1",
			"from": [7.5, 11.5, 8],
			"to": [8.5, 12, 10],
			"faces": {
				"north": {"uv": [7.5, 4, 8.5, 4.5], "texture": "#particle"},
				"east": {"uv": [6, 4, 8, 4.5], "texture": "#particle"},
				"south": {"uv": [7.5, 4, 8.5, 4.5], "texture": "#particle"},
				"west": {"uv": [8, 4, 10, 4.5], "texture": "#particle"},
				"up": {"uv": [7.5, 8, 8.5, 10], "texture": "#particle"},
				"down": {"uv": [7.5, 6, 8.5, 8], "texture": "#particle"}
			}
		},
		{
			"name": "Box1",
			"from": [7, 11.5, 8.5],
			"to": [9, 12, 9.5],
			"faces": {
				"north": {"uv": [7, 4, 9, 4.5], "texture": "#particle"},
				"east": {"uv": [6.5, 4, 7.5, 4.5], "texture": "#particle"},
				"south": {"uv": [7, 4, 9, 4.5], "texture": "#particle"},
				"west": {"uv": [8.5, 4, 9.5, 4.5], "texture": "#particle"},
				"up": {"uv": [7, 8.5, 9, 9.5], "texture": "#particle"},
				"down": {"uv": [7, 6.5, 9, 7.5], "texture": "#particle"}
			}
		}
	],
	"display": {
		"thirdperson_righthand": {
			"translation": [0, 6.9565, 0.2],
			"scale": [0.7, 0.7, 0.7]
		},
		"thirdperson_lefthand": {
			"translation": [0, 6.9565, 0.2],
			"scale": [0.7, 0.7, 0.7]
		},
		"firstperson_righthand": {
			"translation": [0, 3.4782, 0],
			"scale": [0.5, 0.5, 0.5]
		},
		"firstperson_lefthand": {
			"translation": [0, 3.4782, 0],
			"scale": [0.5, 0.5, 0.5]
		},
		"ground": {
			"translation": [0, 10.434, 0]
		},
		"gui": {
			"rotation": [0, -17, 0],
			"translation": [0, 4.5, 0],
			"scale": [0.8, 0.8, 0.8]
		},
		"fixed": {
			"translation": [0, 5.5652, 0]
		}
	}
}