{
  "parent": "item/handheld",
  "textures": {
    "layer0": "item/iron_pickaxe"
  },
  "overrides": [
    {
      "predicate": {
        "damage": 0.004,
        "damaged": 1
      },
      "model": "item/droid/r2_body_blue"
    },
    {
      "predicate": {
        "damage": 0.008,
        "damaged": 1
      },
      "model": "item/droid/r2_head_blue"
    },
    {
      "predicate": {
        "damage": 0.012,
        "damaged": 1
      },
      "model": "item/droid/r2_head_red"
    },
    {
      "predicate": {
        "damage": 0.016,
        "damaged": 1
      },
      "model": "item/droid/r2_head_purple"
    },
    {
      "predicate": {
        "damage": 0.02,
        "damaged": 1
      },
      "model": "item/droid/r2_head_orange"
    },
    {
      "predicate": {
        "damage": 0.024,
        "damaged": 1
      },
      "model": "item/droid/r2_head_green"
    },
    {
      "predicate": {
        "damage": 0.028,
        "damaged": 1
      },
      "model": "item/droid/r2_full_blue"
    },
    {
      "predicate": {
        "damage": 0.032,
        "damaged": 1
      },
      "model": "item/droid/r2_full_purple"
    },
    {
      "predicate": {
        "damage": 0.036,
        "damaged": 1
      },
      "model": "item/droid/r2_full_red"
    },
    {
      "predicate": {
        "damage": 0.040,
        "damaged": 1
      },
      "model": "item/droid/r2_full_orange"
    },
    {
      "predicate": {
        "damage": 0.044,
        "damaged": 1
      },
      "model": "item/droid/r2_full_green"
    },
    {
      "predicate": {
        "damage": 0.048,
        "damaged": 1
      },
      "model": "item/droid/r5_head_red"
    },
    {
      "predicate": {
        "damage": 0.052,
        "damaged": 1
      },
      "model": "item/droid/r5_head_black"
    },
    {
      "predicate": {
        "damage": 0.056,
        "damaged": 1
      },
      "model": "item/droid/r5_head_blue"
    },
    {
      "predicate": {
        "damage": 0.060,
        "damaged": 1
      },
      "model": "item/droid/r5_head_green"
    },
    {
      "predicate": {
        "damage": 0.064,
        "damaged": 1
      },
      "model": "item/droid/r5_head_purple"
    },
    {
      "predicate": {
        "damage": 0.068,
        "damaged": 1
      },
      "model": "item/droid/r5_head_orange"
    },
    {
      "predicate": {
        "damage": 0.072,
        "damaged": 1
      },
      "model": "item/droid/r5_full_red"
    },
    {
      "predicate": {
        "damage": 0.076,
        "damaged": 1
      },
      "model": "item/droid/r5_full_black"
    },
    {
      "predicate": {
        "damage": 0.080,
        "damaged": 1
      },
      "model": "item/droid/r2_full_blue_ears"
    },
    {
      "predicate": {
        "damage": 0.084,
        "damaged": 1
      },
      "model": "item/droid/r5_full_halloween"
    },
    {
      "predicate": {
        "damage": 0.088,
        "damaged": 1
      },
      "model": "item/droid/r5_head_yellow"
    },
    {
      "predicate": {
        "damage": 0.092,
        "damaged": 1
      },
      "model": "item/droid/r5_head_pink"
    },
    {
      "predicate": {
        "damage": 0.096,
        "damaged": 1
      },
      "model": "item/droid/r5_full_pink"
    },
    {
      "predicate": {
        "damage": 0.100,
        "damaged": 1
      },
      "model": "item/droid/r5_full_yellow"
    },
    {
      "predicate": {
        "damage": 0.104,
        "damaged": 1
      },
      "model": "item/droid/r2_full_yellow"
    },
    {
      "predicate": {
        "damage": 0.108,
        "damaged": 1
      },
      "model": "item/droid/r2_full_pink"
    },
    {
      "predicate": {
        "damage": 0.112,
        "damaged": 1
      },
      "model": "item/droid/r2_head_yellow"
    },
    {
      "predicate": {
        "damage": 0.116,
        "damaged": 1
      },
      "model": "item/droid/r2_head_pink"
    },
    {
      "predicate": {
        "damage": 0.120,
        "damaged": 1
      },
      "model": "item/droid/r5_full_green"
    },
    {
      "predicate": {
        "damage": 0.124,
        "damaged": 1
      },
      "model": "item/droid/r5_full_purple"
    },
    {
      "predicate": {
        "damage": 0.128,
        "damaged": 1
      },
      "model": "item/droid/r5_full_blue"
    },
    {
      "predicate": {
        "damage": 0.132,
        "damaged": 1
      },
      "model": "item/droid/r5_full_orange"
    },
    {
      "predicate": {
        "damage": 0.136,
        "damaged": 1
      },
      "model": "item/droid/r6_full_orange"
    },
    {
      "predicate": {
        "damage": 0.140,
        "damaged": 1
      },
      "model": "item/droid/r6_full_red"
    },
    {
      "predicate": {
        "damage": 0.144,
        "damaged": 1
      },
      "model": "item/droid/r6_full_yellow"
    },
    {
      "predicate": {
        "damage": 0.148,
        "damaged": 1
      },
      "model": "item/droid/r6_full_pink"
    },
    {
      "predicate": {
        "damage": 0.152,
        "damaged": 1
      },
      "model": "item/droid/r6_full_blue"
    },
    {
      "predicate": {
        "damage": 0.156,
        "damaged": 1
      },
      "model": "item/droid/r6_full_green"
    },
    {
      "predicate": {
        "damage": 0.160,
        "damaged": 1
      },
      "model": "item/droid/r6_full_purple"
    },
    {
      "predicate": {
        "damage": 0.164,
        "damaged": 1
      },
      "model": "item/droid/r6_head_purple"
    },
    {
      "predicate": {
        "damage": 0.168,
        "damaged": 1
      },
      "model": "item/droid/r6_head_red"
    },
    {
      "predicate": {
        "damage": 0.172,
        "damaged": 1
      },
      "model": "item/droid/r6_head_pink"
    },
    {
      "predicate": {
        "damage": 0.176,
        "damaged": 1
      },
      "model": "item/droid/r6_head_blue"
    },
    {
      "predicate": {
        "damage": 0.180,
        "damaged": 1
      },
      "model": "item/droid/r6_head_green"
    },
    {
      "predicate": {
        "damage": 0.184,
        "damaged": 1
      },
      "model": "item/droid/r6_head_yellow"
    },
    {
      "predicate": {
        "damage": 0.188,
        "damaged": 1
      },
      "model": "item/droid/r6_head_orange"
    },
    {
      "predicate": {
        "damage": 0.192,
        "damaged": 1
      },
      "model": "item/droid/r3_full_s2"
    },
    {
      "predicate": {
        "damage": 0.196,
        "damaged": 1
      },
      "model": "item/droid/r3_full_33"
    },
    {
      "predicate": {
        "damage": 0.2,
        "damaged": 1
      },
      "model": "item/droid/r3_head_s2"
    },
    {
      "predicate": {
        "damage": 0.204,
        "damaged": 1
      },
      "model": "item/droid/r5_full_d23"
    },
    {
      "predicate": {
        "damage": 0.208,
        "damaged": 1
      },
      "model": "item/droid/r5_full_oswald"
    },
    {
      "predicate": {
        "damage": 0.212,
        "damaged": 1
      },
      "model": "item/droid/r6_full_gwts"
    },
    {
      "predicate": {
        "damage": 0.216,
        "damaged": 1
      },
      "model": "item/droid/r2_full_gwts"
    },
    {
      "predicate": {
        "damage": 0.22,
        "damaged": 1
      },
      "model": "item/droid/r5_full_gwts"
    },
    {
      "predicate": {
        "damage": 0.224,
        "damaged": 1
      },
      "model": "item/droid/r2_full_b1"
    },
    {
      "predicate": {
        "damage": 0.228,
        "damaged": 1
      },
      "model": "item/droid/r3_full_t2"
    },
    {
      "predicate": {
        "damage": 0.232,
        "damaged": 1
      },
      "model": "item/droid/r3_head_t2"
    },
    {
      "predicate": {
        "damage": 0.236,
        "damaged": 1
      },
      "model": "item/droid/r5_full_a2"
    },
    {
      "predicate": {
        "damage": 0.24,
        "damaged": 1
      },
      "model": "item/droid/r5_head_a2"
    },
    {
      "predicate": {
        "damage": 0.244,
        "damaged": 1
      },
      "model": "item/droid/r5_head_u8"
    },
    {
      "predicate": {
        "damage": 0.248,
        "damaged": 1
      },
      "model": "item/droid/r5_full_u8"
    },
    {
          "predicate": {
            "damage": 0.252,
            "damaged": 1
          },
            "model": "item/droid/battle"
    },
    {
          "predicate": {
            "damage": 0.256,
            "damaged": 1
          },
            "model": "item/droid/r5_full_depotred"
    },
    {
          "predicate": {
            "damage": 0.260,
            "damaged": 1
          },
            "model": "item/droid/r4_full_depot"
    },
    {
          "predicate": {
            "damage": 0.264,
            "damaged": 1
          },
            "model": "item/droid/r4_full_red"
    },
    {
          "predicate": {
            "damage": 0.268,
            "damaged": 1
          },
            "model": "item/droid/r4_full_orange"
    },
    {
          "predicate": {
            "damage": 0.272,
            "damaged": 1
          },
            "model": "item/droid/r4_full_yellow"
    },
    {
          "predicate": {
            "damage": 0.276,
            "damaged": 1
          },
            "model": "item/droid/r4_full_green"
    },
    {
          "predicate": {
            "damage": 0.280,
            "damaged": 1
          },
            "model": "item/droid/r4_full_blue"
    },
    {
          "predicate": {
            "damage": 0.284,
            "damaged": 1
          },
            "model": "item/droid/r4_full_purple"
    },
    {
          "predicate": {
            "damage": 0.288,
            "damaged": 1
          },
            "model": "item/droid/r4_full_black"
    },
    {
          "predicate": {
            "damage": 0.292,
            "damaged": 1
          },
            "model": "item/droid/r4_full_pink"
    },
    {
          "predicate": {
            "damage": 0.296,
            "damaged": 1
          },
            "model": "item/droid/r4_head_pink"
    },
    {
          "predicate": {
            "damage": 0.300,
            "damaged": 1
          },
            "model": "item/droid/r4_head_black"
    },
    {
          "predicate": {
            "damage": 0.304,
            "damaged": 1
          },
            "model": "item/droid/r4_head_red"
    },
    {
          "predicate": {
            "damage": 0.308,
            "damaged": 1
          },
            "model": "item/droid/r4_head_orange"
    },
    {
          "predicate": {
            "damage": 0.312,
            "damaged": 1
          },
            "model": "item/droid/r4_head_yellow"
    },
    {
          "predicate": {
            "damage": 0.316,
            "damaged": 1
          },
            "model": "item/droid/r4_head_green"
    },
    {
          "predicate": {
            "damage": 0.320,
            "damaged": 1
          },
            "model": "item/droid/r4_head_blue"
    },
    {
          "predicate": {
            "damage": 0.324,
            "damaged": 1
          },
            "model": "item/droid/r4_head_purple"
    },
    {
          "predicate": {
            "damage": 0.328,
            "damaged": 1
          },
            "model": "item/droid/dj_r3x_full"
    },
    {
          "predicate": {
            "damage": 0.332,
            "damaged": 1
          },
            "model": "item/droid/dj_r3x_bottom"
    },
    {
          "predicate": {
            "damage": 0.336,
            "damaged": 1
          },
            "model": "item/droid/dj_r3x_middle"
    },
    {
          "predicate": {
            "damage": 0.340,
            "damaged": 1
          },
            "model": "item/droid/dj_r3x_head"
    },
    {
          "predicate": {
            "damage": 0.344,
            "damaged": 1
          },
            "model": "item/droid/r5_body_a2"
    },
    {
          "predicate": {
            "damage": 0.348,
            "damaged": 1
          },
            "model": "item/droid/mouse_food"
    },
    {
          "predicate": {
            "damage": 0.352,
            "damaged": 1
          },
            "model": "item/sabers/elemental_hilt"
    },
    {
          "predicate": {
            "damage": 0.356,
            "damaged": 1
          },
            "model": "item/sabers/elemental_blue"
    },
    {
          "predicate": {
            "damage": 0.360,
            "damaged": 1
          },
            "model": "item/sabers/elemental_green"
    },
    {
          "predicate": {
            "damage": 0.364,
            "damaged": 1
          },
            "model": "item/sabers/elemental_purple"
    },
    {
          "predicate": {
            "damage": 0.368,
            "damaged": 1
          },
            "model": "item/sabers/elemental_red"
    },
    {
          "predicate": {
            "damage": 0.372,
            "damaged": 1
          },
            "model": "item/sabers/elemental_white"
    },
    {
          "predicate": {
            "damage": 0.376,
            "damaged": 1
          },
            "model": "item/sabers/elemental_yellow"
    },
    {
          "predicate": {
            "damage": 0.380,
            "damaged": 1
          },
            "model": "item/sabers/peacejustice_hilt"
    },
    {
          "predicate": {
            "damage": 0.384,
            "damaged": 1
          },
            "model": "item/sabers/peacejustice_blue"
    },
    {
          "predicate": {
            "damage": 0.388,
            "damaged": 1
          },
            "model": "item/sabers/peacejustice_green"
    },
    {
          "predicate": {
            "damage": 0.392,
            "damaged": 1
          },
            "model": "item/sabers/peacejustice_purple"
    },
    {
          "predicate": {
            "damage": 0.396,
            "damaged": 1
          },
            "model": "item/sabers/peacejustice_red"
    },
    {
          "predicate": {
            "damage": 0.4,
            "damaged": 1
          },
            "model": "item/sabers/peacejustice_white"
    },
    {
          "predicate": {
            "damage": 0.404,
            "damaged": 1
          },
            "model": "item/sabers/peacejustice_yellow"
    },
    {
          "predicate": {
            "damage": 0.408,
            "damaged": 1
          },
            "model": "item/sabers/powercontrol_hilt"
    },
    {
          "predicate": {
            "damage": 0.412,
            "damaged": 1
          },
            "model": "item/sabers/powercontrol_blue"
    },
    {
          "predicate": {
            "damage": 0.416,
            "damaged": 1
          },
            "model": "item/sabers/powercontrol_green"
    },
    {
          "predicate": {
            "damage": 0.42,
            "damaged": 1
          },
            "model": "item/sabers/powercontrol_purple"
    },
    {
          "predicate": {
            "damage": 0.424,
            "damaged": 1
          },
            "model": "item/sabers/powercontrol_red"
    },
    {
          "predicate": {
            "damage": 0.428,
            "damaged": 1
          },
            "model": "item/sabers/powercontrol_white"
    },
    {
          "predicate": {
            "damage": 0.432,
            "damaged": 1
          },
            "model": "item/sabers/powercontrol_yellow"
    },
    {
          "predicate": {
            "damage": 0.436,
            "damaged": 1
          },
            "model": "item/sabers/protdef_hilt"
    },
    {
          "predicate": {
            "damage": 0.44,
            "damaged": 1
          },
            "model": "item/sabers/protdef_blue"
    },
    {
          "predicate": {
            "damage": 0.444,
            "damaged": 1
          },
            "model": "item/sabers/protdef_green"
    },
    {
          "predicate": {
            "damage": 0.448,
            "damaged": 1
          },
            "model": "item/sabers/protdef_purple"
    },
    {
          "predicate": {
            "damage": 0.452,
            "damaged": 1
          },
            "model": "item/sabers/protdef_red"
    },
    {
          "predicate": {
            "damage": 0.456,
            "damaged": 1
          },
            "model": "item/sabers/protdef_white"
    },
    {
          "predicate": {
            "damage": 0.46,
            "damaged": 1
          },
            "model": "item/sabers/protdef_yellow"
    }
    ]
}
