{
	"credit": "Made by _Kastle with Blockbench. Message Kastle#4801 on Discord for inquiries. If you recieved this model from someone other than myself without context, it was probably stolen.",
	"textures": {
		"3": "custom/blue_walkman01",
		"4": "block/red_wool",
		"5": "block/white_wool",
		"green_terracotta": "block/green_terracotta",
		"glass_white": "block/white_stained_glass",
		"stone_slab_top": "block/stone_slab_top",
		"quartz_block_top": "block/quartz_block_top",
		"particle": "block/quartz_block_top"
	},
	"elements": [
		{
			"name": "green_terracotta",
			"from": [7.5, -16, 6],
			"to": [8.5, -12.5, 7.5],
			"faces": {
				"north": {"uv": [8.5, 16, 13, 0], "texture": "#green_terracotta"},
				"east": {"uv": [8.5, 16, 13, 0], "texture": "#green_terracotta"},
				"south": {"uv": [8.5, 16, 13, 0], "texture": "#green_terracotta"},
				"west": {"uv": [8.5, 16, 13, 0], "texture": "#green_terracotta"},
				"up": {"uv": [6, 7.5, 7.5, 8.5], "rotation": 270, "texture": "#green_terracotta"},
				"down": {"uv": [6, 7.5, 7.5, 8.5], "rotation": 90, "texture": "#green_terracotta"}
			}
		},
		{
			"name": "green_terracotta",
			"from": [6, -16, 7.5],
			"to": [7.5, -12.5, 8.5],
			"faces": {
				"north": {"uv": [8.5, 16, 13, 0], "texture": "#green_terracotta"},
				"east": {"uv": [8.5, 16, 13, 0], "texture": "#green_terracotta"},
				"south": {"uv": [8.5, 16, 13, 0], "texture": "#green_terracotta"},
				"west": {"uv": [8.5, 16, 13, 0], "texture": "#green_terracotta"},
				"up": {"uv": [7.5, 8.5, 8.5, 10], "rotation": 270, "texture": "#green_terracotta"},
				"down": {"uv": [7.5, 6, 8.5, 7.5], "rotation": 90, "texture": "#green_terracotta"}
			}
		},
		{
			"name": "green_terracotta",
			"from": [8.5, -16, 7.5],
			"to": [10, -12.5, 8.5],
			"faces": {
				"north": {"uv": [8.5, 16, 13, 0], "texture": "#green_terracotta"},
				"east": {"uv": [8.5, 16, 13, 0], "texture": "#green_terracotta"},
				"south": {"uv": [8.5, 16, 13, 0], "texture": "#green_terracotta"},
				"west": {"uv": [8.5, 16, 13, 0], "texture": "#green_terracotta"},
				"up": {"uv": [7.5, 8.5, 8.5, 10], "rotation": 270, "texture": "#green_terracotta"},
				"down": {"uv": [7.5, 6, 8.5, 7.5], "rotation": 90, "texture": "#green_terracotta"}
			}
		},
		{
			"name": "green_terracotta",
			"from": [8.5, -16, 6.5],
			"to": [9.5, -12.5, 7.5],
			"faces": {
				"north": {"uv": [8.5, 16, 13, 0], "texture": "#green_terracotta"},
				"east": {"uv": [8.5, 16, 13, 0], "texture": "#green_terracotta"},
				"south": {"uv": [8.5, 16, 13, 0], "texture": "#green_terracotta"},
				"west": {"uv": [8.5, 16, 13, 0], "texture": "#green_terracotta"},
				"up": {"uv": [6.5, 8.5, 7.5, 9.5], "rotation": 270, "texture": "#green_terracotta"},
				"down": {"uv": [6.5, 6.5, 7.5, 7.5], "rotation": 90, "texture": "#green_terracotta"}
			}
		},
		{
			"name": "green_terracotta",
			"from": [6.5, -16, 6.5],
			"to": [7.5, -12.5, 7.5],
			"faces": {
				"north": {"uv": [8.5, 16, 13, 0], "texture": "#green_terracotta"},
				"east": {"uv": [8.5, 16, 13, 0], "texture": "#green_terracotta"},
				"south": {"uv": [8.5, 16, 13, 0], "texture": "#green_terracotta"},
				"west": {"uv": [8.5, 16, 13, 0], "texture": "#green_terracotta"},
				"up": {"uv": [6.5, 8.5, 7.5, 9.5], "rotation": 270, "texture": "#green_terracotta"},
				"down": {"uv": [6.5, 6.5, 7.5, 7.5], "rotation": 90, "texture": "#green_terracotta"}
			}
		},
		{
			"name": "green_terracotta",
			"from": [8.5, 19, 7.5],
			"to": [9.5, 19.5, 8.5],
			"faces": {
				"north": {"uv": [0, 0, 16, 16], "texture": "#green_terracotta"},
				"east": {"uv": [0, 0, 16, 16], "texture": "#green_terracotta"},
				"south": {"uv": [0, 0, 16, 16], "texture": "#green_terracotta"},
				"west": {"uv": [0, 0, 16, 16], "texture": "#green_terracotta"},
				"up": {"uv": [0, 0, 16, 16], "rotation": 270, "texture": "#green_terracotta"},
				"down": {"uv": [0, 0, 16, 16], "rotation": 90, "texture": "#green_terracotta"}
			}
		},
		{
			"name": "green_terracotta",
			"from": [12.5, 17.5, 8],
			"to": [13, 23, 8.5],
			"rotation": {"angle": -45, "axis": "z", "origin": [13, 17.5, 8.5]},
			"faces": {
				"north": {"uv": [7, 16, 11, 6.5], "texture": "#particle"},
				"east": {"uv": [7, 16, 11, 6.5], "texture": "#particle"},
				"south": {"uv": [7, 16, 11, 6.5], "texture": "#particle"},
				"west": {"uv": [7, 16, 11, 6.5], "texture": "#particle"},
				"up": {"uv": [7, 7, 9, 9], "rotation": 90, "texture": "#particle"},
				"down": {"uv": [7, 7, 9, 9], "rotation": 270, "texture": "#particle"}
			}
		},
		{
			"name": "green_terracotta",
			"from": [7.5, 1, 7.5],
			"to": [8.5, 21, 8.5],
			"faces": {
				"north": {"uv": [7.5, 0, 8.5, 15], "texture": "#green_terracotta"},
				"east": {"uv": [7.5, 0, 8.5, 15], "texture": "#green_terracotta"},
				"south": {"uv": [7.5, 0, 8.5, 15], "texture": "#green_terracotta"},
				"west": {"uv": [7.5, 0, 8.5, 15], "texture": "#green_terracotta"},
				"up": {"uv": [7.5, 7.5, 8.5, 8.5], "rotation": 270, "texture": "#green_terracotta"},
				"down": {"uv": [7.5, 7.5, 8.5, 8.5], "rotation": 90, "texture": "#green_terracotta"}
			}
		},
		{
			"name": "glass_white",
			"from": [6, 22.5, 5.5],
			"to": [10, 28.5, 6],
			"faces": {
				"north": {"uv": [1, 1, 11, 15], "texture": "#glass_white"},
				"east": {"uv": [1, 1, 2, 15], "texture": "#glass_white"},
				"south": {"uv": [1, 1, 11, 15], "texture": "#glass_white"},
				"west": {"uv": [1, 1, 2, 15], "texture": "#glass_white"},
				"up": {"uv": [1, 1, 5, 1.5], "rotation": 180, "texture": "#glass_white"},
				"down": {"uv": [1, 1, 5, 1.5], "rotation": 180, "texture": "#glass_white"}
			}
		},
		{
			"name": "glass_white",
			"from": [6.5, 21.5, 6],
			"to": [9.5, 22.5, 6.5],
			"faces": {
				"north": {"uv": [1, 1, 11, 4], "texture": "#glass_white"},
				"east": {"uv": [1, 1, 2, 15], "texture": "#glass_white"},
				"south": {"uv": [1, 1, 11, 4], "texture": "#glass_white"},
				"west": {"uv": [1, 1, 2, 15], "texture": "#glass_white"},
				"up": {"uv": [1, 1, 5, 1.5], "rotation": 180, "texture": "#glass_white"},
				"down": {"uv": [1, 1, 5, 1.5], "rotation": 180, "texture": "#glass_white"}
			}
		},
		{
			"name": "green_terracotta",
			"from": [10.5, 21, 7.5],
			"to": [11, 28.5, 8.5],
			"faces": {
				"north": {"uv": [0, 0, 16, 16], "texture": "#green_terracotta"},
				"east": {"uv": [0, 0, 16, 16], "texture": "#green_terracotta"},
				"south": {"uv": [0, 0, 16, 16], "texture": "#green_terracotta"},
				"west": {"uv": [0, 0, 16, 16], "texture": "#green_terracotta"},
				"up": {"uv": [0, 0, 16, 16], "rotation": 270, "texture": "#green_terracotta"},
				"down": {"uv": [0, 0, 16, 16], "rotation": 90, "texture": "#green_terracotta"}
			}
		},
		{
			"name": "green_terracotta",
			"from": [5, 21, 7.5],
			"to": [5.5, 28.5, 8.5],
			"faces": {
				"north": {"uv": [0, 0, 16, 16], "texture": "#green_terracotta"},
				"east": {"uv": [0, 0, 16, 16], "texture": "#green_terracotta"},
				"south": {"uv": [0, 0, 16, 16], "texture": "#green_terracotta"},
				"west": {"uv": [0, 0, 16, 16], "texture": "#green_terracotta"},
				"up": {"uv": [0, 0, 16, 16], "rotation": 270, "texture": "#green_terracotta"},
				"down": {"uv": [0, 0, 16, 16], "rotation": 90, "texture": "#green_terracotta"}
			}
		},
		{
			"name": "green_terracotta",
			"from": [5.5, 20, 7.5],
			"to": [6, 21, 8.5],
			"faces": {
				"north": {"uv": [0, 0, 16, 16], "texture": "#green_terracotta"},
				"east": {"uv": [0, 0, 16, 16], "texture": "#green_terracotta"},
				"south": {"uv": [0, 0, 16, 16], "texture": "#green_terracotta"},
				"west": {"uv": [0, 0, 16, 16], "texture": "#green_terracotta"},
				"up": {"uv": [0, 0, 16, 16], "rotation": 270, "texture": "#green_terracotta"},
				"down": {"uv": [0, 0, 16, 16], "rotation": 90, "texture": "#green_terracotta"}
			}
		},
		{
			"name": "green_terracotta",
			"from": [10, 20, 7.5],
			"to": [10.5, 21, 8.5],
			"faces": {
				"north": {"uv": [0, 0, 16, 16], "texture": "#green_terracotta"},
				"east": {"uv": [0, 0, 16, 16], "texture": "#green_terracotta"},
				"south": {"uv": [0, 0, 16, 16], "texture": "#green_terracotta"},
				"west": {"uv": [0, 0, 16, 16], "texture": "#green_terracotta"},
				"up": {"uv": [0, 0, 16, 16], "rotation": 270, "texture": "#green_terracotta"},
				"down": {"uv": [0, 0, 16, 16], "rotation": 90, "texture": "#green_terracotta"}
			}
		},
		{
			"name": "green_terracotta",
			"from": [9.5, 19.5, 7.5],
			"to": [10, 20, 8.5],
			"faces": {
				"north": {"uv": [0, 0, 16, 16], "texture": "#green_terracotta"},
				"east": {"uv": [0, 0, 16, 16], "texture": "#green_terracotta"},
				"south": {"uv": [0, 0, 16, 16], "texture": "#green_terracotta"},
				"west": {"uv": [0, 0, 16, 16], "texture": "#green_terracotta"},
				"up": {"uv": [0, 0, 16, 16], "rotation": 270, "texture": "#green_terracotta"},
				"down": {"uv": [0, 0, 16, 16], "rotation": 90, "texture": "#green_terracotta"}
			}
		},
		{
			"name": "green_terracotta",
			"from": [6, 19.5, 7.5],
			"to": [6.5, 20, 8.5],
			"faces": {
				"north": {"uv": [0, 0, 16, 16], "texture": "#green_terracotta"},
				"east": {"uv": [0, 0, 16, 16], "texture": "#green_terracotta"},
				"south": {"uv": [0, 0, 16, 16], "texture": "#green_terracotta"},
				"west": {"uv": [0, 0, 16, 16], "texture": "#green_terracotta"},
				"up": {"uv": [0, 0, 16, 16], "rotation": 270, "texture": "#green_terracotta"},
				"down": {"uv": [0, 0, 16, 16], "rotation": 90, "texture": "#green_terracotta"}
			}
		},
		{
			"name": "green_terracotta",
			"from": [6.5, 19, 7.5],
			"to": [7.5, 19.5, 8.5],
			"faces": {
				"north": {"uv": [0, 0, 16, 16], "texture": "#green_terracotta"},
				"east": {"uv": [0, 0, 16, 16], "texture": "#green_terracotta"},
				"south": {"uv": [0, 0, 16, 16], "texture": "#green_terracotta"},
				"west": {"uv": [0, 0, 16, 16], "texture": "#green_terracotta"},
				"up": {"uv": [0, 0, 16, 16], "rotation": 270, "texture": "#green_terracotta"},
				"down": {"uv": [0, 0, 16, 16], "rotation": 90, "texture": "#green_terracotta"}
			}
		},
		{
			"name": "glass_white",
			"from": [6, 22, 6],
			"to": [6.5, 22.5, 6.5],
			"faces": {
				"north": {"uv": [1, 1, 4, 4], "texture": "#glass_white"},
				"east": {"uv": [1, 1, 4, 4], "texture": "#glass_white"},
				"south": {"uv": [1, 1, 4, 4], "texture": "#glass_white"},
				"west": {"uv": [1, 1, 4, 4], "texture": "#glass_white"},
				"up": {"uv": [1, 1, 5, 1.5], "rotation": 180, "texture": "#glass_white"},
				"down": {"uv": [1, 1, 5, 1.5], "rotation": 180, "texture": "#glass_white"}
			}
		},
		{
			"name": "glass_white",
			"from": [9.5, 22, 6],
			"to": [10, 22.5, 6.5],
			"faces": {
				"north": {"uv": [1, 1, 4, 4], "texture": "#glass_white"},
				"east": {"uv": [1, 1, 4, 4], "texture": "#glass_white"},
				"south": {"uv": [1, 1, 4, 4], "texture": "#glass_white"},
				"west": {"uv": [1, 1, 4, 4], "texture": "#glass_white"},
				"up": {"uv": [1, 1, 5, 1.5], "rotation": 180, "texture": "#glass_white"},
				"down": {"uv": [1, 1, 5, 1.5], "rotation": 180, "texture": "#glass_white"}
			}
		},
		{
			"name": "green_terracotta",
			"from": [6, 28, 5],
			"to": [10, 28.5, 5.5],
			"faces": {
				"north": {"uv": [7, 16, 11, 6.5], "texture": "#green_terracotta"},
				"east": {"uv": [7, 16, 11, 6.5], "texture": "#green_terracotta"},
				"south": {"uv": [7, 16, 11, 6.5], "texture": "#green_terracotta"},
				"west": {"uv": [7, 16, 11, 6.5], "texture": "#green_terracotta"},
				"up": {"uv": [7, 7, 9, 9], "rotation": 270, "texture": "#green_terracotta"},
				"down": {"uv": [7, 7, 9, 9], "rotation": 90, "texture": "#green_terracotta"}
			}
		},
		{
			"name": "green_terracotta",
			"from": [5.5, 28, 5.5],
			"to": [6, 28.5, 6],
			"faces": {
				"north": {"uv": [7, 16, 11, 6.5], "texture": "#green_terracotta"},
				"east": {"uv": [7, 16, 11, 6.5], "texture": "#green_terracotta"},
				"south": {"uv": [7, 16, 11, 6.5], "texture": "#green_terracotta"},
				"west": {"uv": [7, 16, 11, 6.5], "texture": "#green_terracotta"},
				"up": {"uv": [7, 7, 9, 9], "rotation": 270, "texture": "#green_terracotta"},
				"down": {"uv": [7, 7, 9, 9], "rotation": 90, "texture": "#green_terracotta"}
			}
		},
		{
			"name": "green_terracotta",
			"from": [10, 28, 5.5],
			"to": [10.5, 28.5, 6],
			"faces": {
				"north": {"uv": [7, 16, 11, 6.5], "texture": "#green_terracotta"},
				"east": {"uv": [7, 16, 11, 6.5], "texture": "#green_terracotta"},
				"south": {"uv": [7, 16, 11, 6.5], "texture": "#green_terracotta"},
				"west": {"uv": [7, 16, 11, 6.5], "texture": "#green_terracotta"},
				"up": {"uv": [7, 7, 9, 9], "rotation": 270, "texture": "#green_terracotta"},
				"down": {"uv": [7, 7, 9, 9], "rotation": 90, "texture": "#green_terracotta"}
			}
		},
		{
			"name": "green_terracotta",
			"from": [10.5, 28.5, 8],
			"to": [11, 29, 8.5],
			"faces": {
				"north": {"uv": [7, 16, 11, 6.5], "texture": "#green_terracotta"},
				"east": {"uv": [7, 16, 11, 6.5], "texture": "#green_terracotta"},
				"south": {"uv": [7, 16, 11, 6.5], "texture": "#green_terracotta"},
				"west": {"uv": [7, 16, 11, 6.5], "texture": "#green_terracotta"},
				"up": {"uv": [7, 7, 9, 9], "rotation": 270, "texture": "#green_terracotta"},
				"down": {"uv": [7, 7, 9, 9], "rotation": 90, "texture": "#green_terracotta"}
			}
		},
		{
			"name": "green_terracotta",
			"from": [10.5, 28.5, 7],
			"to": [11, 29, 7.5],
			"faces": {
				"north": {"uv": [7, 16, 11, 6.5], "texture": "#green_terracotta"},
				"east": {"uv": [7, 16, 11, 6.5], "texture": "#green_terracotta"},
				"south": {"uv": [7, 16, 11, 6.5], "texture": "#green_terracotta"},
				"west": {"uv": [7, 16, 11, 6.5], "texture": "#green_terracotta"},
				"up": {"uv": [7, 7, 9, 9], "rotation": 270, "texture": "#green_terracotta"},
				"down": {"uv": [7, 7, 9, 9], "rotation": 90, "texture": "#green_terracotta"}
			}
		},
		{
			"name": "green_terracotta",
			"from": [10.5, 28.5, 6],
			"to": [11, 29, 6.5],
			"faces": {
				"north": {"uv": [7, 16, 11, 6.5], "texture": "#green_terracotta"},
				"east": {"uv": [7, 16, 11, 6.5], "texture": "#green_terracotta"},
				"south": {"uv": [7, 16, 11, 6.5], "texture": "#green_terracotta"},
				"west": {"uv": [7, 16, 11, 6.5], "texture": "#green_terracotta"},
				"up": {"uv": [7, 7, 9, 9], "rotation": 270, "texture": "#green_terracotta"},
				"down": {"uv": [7, 7, 9, 9], "rotation": 90, "texture": "#green_terracotta"}
			}
		},
		{
			"name": "green_terracotta",
			"from": [9.5, 28.5, 5],
			"to": [10, 29, 5.5],
			"faces": {
				"north": {"uv": [7, 16, 11, 6.5], "texture": "#green_terracotta"},
				"east": {"uv": [7, 16, 11, 6.5], "texture": "#green_terracotta"},
				"south": {"uv": [7, 16, 11, 6.5], "texture": "#green_terracotta"},
				"west": {"uv": [7, 16, 11, 6.5], "texture": "#green_terracotta"},
				"up": {"uv": [7, 7, 9, 9], "rotation": 270, "texture": "#green_terracotta"},
				"down": {"uv": [7, 7, 9, 9], "rotation": 90, "texture": "#green_terracotta"}
			}
		},
		{
			"name": "green_terracotta",
			"from": [8.5, 28.5, 5],
			"to": [9, 29, 5.5],
			"faces": {
				"north": {"uv": [7, 16, 11, 6.5], "texture": "#green_terracotta"},
				"east": {"uv": [7, 16, 11, 6.5], "texture": "#green_terracotta"},
				"south": {"uv": [7, 16, 11, 6.5], "texture": "#green_terracotta"},
				"west": {"uv": [7, 16, 11, 6.5], "texture": "#green_terracotta"},
				"up": {"uv": [7, 7, 9, 9], "rotation": 270, "texture": "#green_terracotta"},
				"down": {"uv": [7, 7, 9, 9], "rotation": 90, "texture": "#green_terracotta"}
			}
		},
		{
			"name": "green_terracotta",
			"from": [7.5, 28.5, 5],
			"to": [8, 29, 5.5],
			"faces": {
				"north": {"uv": [7, 16, 11, 6.5], "texture": "#green_terracotta"},
				"east": {"uv": [7, 16, 11, 6.5], "texture": "#green_terracotta"},
				"south": {"uv": [7, 16, 11, 6.5], "texture": "#green_terracotta"},
				"west": {"uv": [7, 16, 11, 6.5], "texture": "#green_terracotta"},
				"up": {"uv": [7, 7, 9, 9], "rotation": 270, "texture": "#green_terracotta"},
				"down": {"uv": [7, 7, 9, 9], "rotation": 90, "texture": "#green_terracotta"}
			}
		},
		{
			"name": "green_terracotta",
			"from": [6.5, 28.5, 5],
			"to": [7, 29, 5.5],
			"faces": {
				"north": {"uv": [7, 16, 11, 6.5], "texture": "#green_terracotta"},
				"east": {"uv": [7, 16, 11, 6.5], "texture": "#green_terracotta"},
				"south": {"uv": [7, 16, 11, 6.5], "texture": "#green_terracotta"},
				"west": {"uv": [7, 16, 11, 6.5], "texture": "#green_terracotta"},
				"up": {"uv": [7, 7, 9, 9], "rotation": 270, "texture": "#green_terracotta"},
				"down": {"uv": [7, 7, 9, 9], "rotation": 90, "texture": "#green_terracotta"}
			}
		},
		{
			"name": "green_terracotta",
			"from": [5.5, 28.5, 5.5],
			"to": [6, 29, 6],
			"faces": {
				"north": {"uv": [7, 16, 11, 6.5], "texture": "#green_terracotta"},
				"east": {"uv": [7, 16, 11, 6.5], "texture": "#green_terracotta"},
				"south": {"uv": [7, 16, 11, 6.5], "texture": "#green_terracotta"},
				"west": {"uv": [7, 16, 11, 6.5], "texture": "#green_terracotta"},
				"up": {"uv": [7, 7, 9, 9], "rotation": 270, "texture": "#green_terracotta"},
				"down": {"uv": [7, 7, 9, 9], "rotation": 90, "texture": "#green_terracotta"}
			}
		},
		{
			"name": "green_terracotta",
			"from": [5, 28.5, 6.5],
			"to": [5.5, 29, 7],
			"faces": {
				"north": {"uv": [7, 16, 11, 6.5], "texture": "#green_terracotta"},
				"east": {"uv": [7, 16, 11, 6.5], "texture": "#green_terracotta"},
				"south": {"uv": [7, 16, 11, 6.5], "texture": "#green_terracotta"},
				"west": {"uv": [7, 16, 11, 6.5], "texture": "#green_terracotta"},
				"up": {"uv": [7, 7, 9, 9], "rotation": 270, "texture": "#green_terracotta"},
				"down": {"uv": [7, 7, 9, 9], "rotation": 90, "texture": "#green_terracotta"}
			}
		},
		{
			"name": "green_terracotta",
			"from": [5, 28.5, 7.5],
			"to": [5.5, 29, 8],
			"faces": {
				"north": {"uv": [7, 16, 11, 6.5], "texture": "#green_terracotta"},
				"east": {"uv": [7, 16, 11, 6.5], "texture": "#green_terracotta"},
				"south": {"uv": [7, 16, 11, 6.5], "texture": "#green_terracotta"},
				"west": {"uv": [7, 16, 11, 6.5], "texture": "#green_terracotta"},
				"up": {"uv": [7, 7, 9, 9], "rotation": 270, "texture": "#green_terracotta"},
				"down": {"uv": [7, 7, 9, 9], "rotation": 90, "texture": "#green_terracotta"}
			}
		},
		{
			"name": "Element",
			"from": [4, 15, 6],
			"to": [5.5, 18, 6.5],
			"faces": {
				"north": {"uv": [5, 2, 6, 3], "texture": "#3"},
				"east": {"uv": [5, 2, 6, 3], "texture": "#3"},
				"south": {"uv": [5, 2, 6, 3], "texture": "#3"},
				"west": {"uv": [5, 2, 6, 3], "texture": "#3"},
				"up": {"uv": [5, 2, 6, 3], "rotation": 180, "texture": "#3"},
				"down": {"uv": [5, 2, 6, 3], "rotation": 180, "texture": "#3"}
			}
		},
		{
			"name": "green_terracotta",
			"from": [7.5, 31, 7.5],
			"to": [8.5, 32, 8.5],
			"faces": {
				"north": {"uv": [7, 16, 11, 6.5], "texture": "#green_terracotta"},
				"east": {"uv": [7, 16, 11, 6.5], "texture": "#green_terracotta"},
				"south": {"uv": [7, 16, 11, 6.5], "texture": "#green_terracotta"},
				"west": {"uv": [7, 16, 11, 6.5], "texture": "#green_terracotta"},
				"up": {"uv": [7, 7, 9, 9], "rotation": 270, "texture": "#green_terracotta"},
				"down": {"uv": [7, 7, 9, 9], "rotation": 90, "texture": "#green_terracotta"}
			}
		},
		{
			"name": "Element",
			"from": [6, 12, 6],
			"to": [10, 16, 6.5],
			"faces": {
				"north": {"uv": [5, 2, 6, 3], "texture": "#3"},
				"east": {"uv": [5, 2, 6, 3], "texture": "#3"},
				"south": {"uv": [5, 2, 6, 3], "texture": "#3"},
				"west": {"uv": [5, 2, 6, 3], "texture": "#3"},
				"up": {"uv": [5, 2, 6, 3], "rotation": 180, "texture": "#3"},
				"down": {"uv": [5, 2, 6, 3], "rotation": 180, "texture": "#3"}
			}
		},
		{
			"name": "Element",
			"from": [6.5, 8, 6],
			"to": [9.5, 12, 6.5],
			"faces": {
				"north": {"uv": [5, 2, 6, 3], "texture": "#5"},
				"east": {"uv": [5, 2, 6, 3], "texture": "#5"},
				"south": {"uv": [5, 2, 6, 3], "texture": "#5"},
				"west": {"uv": [5, 2, 6, 3], "texture": "#5"},
				"up": {"uv": [5, 2, 6, 3], "rotation": 180, "texture": "#5"},
				"down": {"uv": [5, 2, 6, 3], "rotation": 180, "texture": "#5"}
			}
		},
		{
			"name": "Element",
			"from": [7, 4, 6],
			"to": [9, 8, 6.5],
			"faces": {
				"north": {"uv": [5, 2, 6, 3], "texture": "#5"},
				"east": {"uv": [5, 2, 6, 3], "texture": "#5"},
				"south": {"uv": [5, 2, 6, 3], "texture": "#5"},
				"west": {"uv": [5, 2, 6, 3], "texture": "#5"},
				"up": {"uv": [5, 2, 6, 3], "rotation": 180, "texture": "#5"},
				"down": {"uv": [5, 2, 6, 3], "rotation": 180, "texture": "#5"}
			}
		},
		{
			"name": "Element",
			"from": [7.5, -4.5, 6.5],
			"to": [8.5, -0.5, 7],
			"faces": {
				"north": {"uv": [5, 2, 6, 3], "texture": "#5"},
				"east": {"uv": [5, 2, 6, 3], "texture": "#5"},
				"south": {"uv": [5, 2, 6, 3], "texture": "#5"},
				"west": {"uv": [5, 2, 6, 3], "texture": "#5"},
				"up": {"uv": [5, 2, 6, 3], "rotation": 180, "texture": "#5"},
				"down": {"uv": [5, 2, 6, 3], "rotation": 180, "texture": "#5"}
			}
		},
		{
			"name": "Element",
			"from": [8.5, 0, 6],
			"to": [10, 4, 6.5],
			"faces": {
				"north": {"uv": [5, 2, 6, 3], "texture": "#4"},
				"east": {"uv": [5, 2, 6, 3], "texture": "#4"},
				"south": {"uv": [5, 2, 6, 3], "texture": "#4"},
				"west": {"uv": [5, 2, 6, 3], "texture": "#4"},
				"up": {"uv": [5, 2, 6, 3], "rotation": 180, "texture": "#4"},
				"down": {"uv": [5, 2, 6, 3], "rotation": 180, "texture": "#4"}
			}
		},
		{
			"name": "Element",
			"from": [9, 3, 6],
			"to": [10.5, 8, 6.5],
			"faces": {
				"north": {"uv": [5, 2, 6, 3], "texture": "#4"},
				"east": {"uv": [5, 2, 6, 3], "texture": "#4"},
				"south": {"uv": [5, 2, 6, 3], "texture": "#4"},
				"west": {"uv": [5, 2, 6, 3], "texture": "#4"},
				"up": {"uv": [5, 2, 6, 3], "rotation": 180, "texture": "#4"},
				"down": {"uv": [5, 2, 6, 3], "rotation": 180, "texture": "#4"}
			}
		},
		{
			"name": "Element",
			"from": [9.5, 7, 6],
			"to": [11, 11.5, 6.5],
			"faces": {
				"north": {"uv": [5, 2, 6, 3], "texture": "#4"},
				"east": {"uv": [5, 2, 6, 3], "texture": "#4"},
				"south": {"uv": [5, 2, 6, 3], "texture": "#4"},
				"west": {"uv": [5, 2, 6, 3], "texture": "#4"},
				"up": {"uv": [5, 2, 6, 3], "rotation": 180, "texture": "#4"},
				"down": {"uv": [5, 2, 6, 3], "rotation": 180, "texture": "#4"}
			}
		},
		{
			"name": "Element",
			"from": [6.5, -2, 6.5],
			"to": [7, -0.5, 7],
			"faces": {
				"north": {"uv": [5, 2, 6, 3], "texture": "#4"},
				"east": {"uv": [5, 2, 6, 3], "texture": "#4"},
				"south": {"uv": [5, 2, 6, 3], "texture": "#4"},
				"west": {"uv": [5, 2, 6, 3], "texture": "#4"},
				"up": {"uv": [5, 2, 6, 3], "rotation": 180, "texture": "#4"},
				"down": {"uv": [5, 2, 6, 3], "rotation": 180, "texture": "#4"}
			}
		},
		{
			"name": "Element",
			"from": [10, 11.5, 6],
			"to": [11.5, 16, 6.5],
			"faces": {
				"north": {"uv": [5, 2, 6, 3], "texture": "#3"},
				"east": {"uv": [5, 2, 6, 3], "texture": "#3"},
				"south": {"uv": [5, 2, 6, 3], "texture": "#3"},
				"west": {"uv": [5, 2, 6, 3], "texture": "#3"},
				"up": {"uv": [5, 2, 6, 3], "rotation": 180, "texture": "#3"},
				"down": {"uv": [5, 2, 6, 3], "rotation": 180, "texture": "#3"}
			}
		},
		{
			"name": "Element",
			"from": [4.5, 11.5, 6],
			"to": [6, 16, 6.5],
			"faces": {
				"north": {"uv": [5, 2, 6, 3], "texture": "#3"},
				"east": {"uv": [5, 2, 6, 3], "texture": "#3"},
				"south": {"uv": [5, 2, 6, 3], "texture": "#3"},
				"west": {"uv": [5, 2, 6, 3], "texture": "#3"},
				"up": {"uv": [5, 2, 6, 3], "rotation": 180, "texture": "#3"},
				"down": {"uv": [5, 2, 6, 3], "rotation": 180, "texture": "#3"}
			}
		},
		{
			"name": "Element",
			"from": [5, 7, 6],
			"to": [6.5, 11.5, 6.5],
			"faces": {
				"north": {"uv": [5, 2, 6, 3], "texture": "#4"},
				"east": {"uv": [5, 2, 6, 3], "texture": "#4"},
				"south": {"uv": [5, 2, 6, 3], "texture": "#4"},
				"west": {"uv": [5, 2, 6, 3], "texture": "#4"},
				"up": {"uv": [5, 2, 6, 3], "rotation": 180, "texture": "#4"},
				"down": {"uv": [5, 2, 6, 3], "rotation": 180, "texture": "#4"}
			}
		},
		{
			"name": "Element",
			"from": [5.5, 3, 6],
			"to": [7, 8, 6.5],
			"faces": {
				"north": {"uv": [5, 2, 6, 3], "texture": "#4"},
				"east": {"uv": [5, 2, 6, 3], "texture": "#4"},
				"south": {"uv": [5, 2, 6, 3], "texture": "#4"},
				"west": {"uv": [5, 2, 6, 3], "texture": "#4"},
				"up": {"uv": [5, 2, 6, 3], "rotation": 180, "texture": "#4"},
				"down": {"uv": [5, 2, 6, 3], "rotation": 180, "texture": "#4"}
			}
		},
		{
			"name": "Element",
			"from": [6, 0, 6],
			"to": [7.5, 4, 6.5],
			"faces": {
				"north": {"uv": [5, 2, 6, 3], "texture": "#4"},
				"east": {"uv": [5, 2, 6, 3], "texture": "#4"},
				"south": {"uv": [5, 2, 6, 3], "texture": "#4"},
				"west": {"uv": [5, 2, 6, 3], "texture": "#4"},
				"up": {"uv": [5, 2, 6, 3], "rotation": 180, "texture": "#4"},
				"down": {"uv": [5, 2, 6, 3], "rotation": 180, "texture": "#4"}
			}
		},
		{
			"name": "Element",
			"from": [6.5, -0.5, 6],
			"to": [7.5, 0, 6.5],
			"faces": {
				"north": {"uv": [5, 2, 6, 3], "texture": "#4"},
				"east": {"uv": [5, 2, 6, 3], "texture": "#4"},
				"south": {"uv": [5, 2, 6, 3], "texture": "#4"},
				"west": {"uv": [5, 2, 6, 3], "texture": "#4"},
				"up": {"uv": [5, 2, 6, 3], "rotation": 180, "texture": "#4"},
				"down": {"uv": [5, 2, 6, 3], "rotation": 180, "texture": "#4"}
			}
		},
		{
			"name": "Element",
			"from": [10.5, 15, 6],
			"to": [12, 18, 6.5],
			"faces": {
				"north": {"uv": [5, 2, 6, 3], "texture": "#3"},
				"east": {"uv": [5, 2, 6, 3], "texture": "#3"},
				"south": {"uv": [5, 2, 6, 3], "texture": "#3"},
				"west": {"uv": [5, 2, 6, 3], "texture": "#3"},
				"up": {"uv": [5, 2, 6, 3], "rotation": 180, "texture": "#3"},
				"down": {"uv": [5, 2, 6, 3], "rotation": 180, "texture": "#3"}
			}
		},
		{
			"name": "Element",
			"from": [5.5, -0.5, 6.5],
			"to": [6, 3, 7],
			"faces": {
				"north": {"uv": [3, 0, 4, 1], "texture": "#4"},
				"east": {"uv": [3, 0, 4, 1], "texture": "#4"},
				"south": {"uv": [3, 0, 4, 1], "texture": "#4"},
				"west": {"uv": [3, 0, 4, 1], "texture": "#4"},
				"up": {"uv": [3, 0, 4, 1], "rotation": 180, "texture": "#4"},
				"down": {"uv": [3, 0, 4, 1], "rotation": 180, "texture": "#4"}
			}
		},
		{
			"name": "Element",
			"from": [11.5, 10.5, 6.5],
			"to": [12, 15, 7],
			"faces": {
				"north": {"uv": [3, 0, 4, 1], "texture": "#4"},
				"east": {"uv": [3, 0, 4, 1], "texture": "#4"},
				"south": {"uv": [3, 0, 4, 1], "texture": "#4"},
				"west": {"uv": [3, 0, 4, 1], "texture": "#4"},
				"up": {"uv": [3, 0, 4, 1], "rotation": 180, "texture": "#4"},
				"down": {"uv": [3, 0, 4, 1], "rotation": 180, "texture": "#4"}
			}
		},
		{
			"name": "Element",
			"from": [3.5, 14.5, 6.5],
			"to": [4, 18, 7],
			"faces": {
				"north": {"uv": [3, 0, 4, 1], "texture": "#4"},
				"east": {"uv": [3, 0, 4, 1], "texture": "#4"},
				"south": {"uv": [3, 0, 4, 1], "texture": "#4"},
				"west": {"uv": [3, 0, 4, 1], "texture": "#4"},
				"up": {"uv": [3, 0, 4, 1], "rotation": 180, "texture": "#4"},
				"down": {"uv": [3, 0, 4, 1], "rotation": 180, "texture": "#4"}
			}
		},
		{
			"name": "Element",
			"from": [4, 10.5, 6.5],
			"to": [4.5, 15, 7],
			"faces": {
				"north": {"uv": [3, 0, 4, 1], "texture": "#4"},
				"east": {"uv": [3, 0, 4, 1], "texture": "#4"},
				"south": {"uv": [3, 0, 4, 1], "texture": "#4"},
				"west": {"uv": [3, 0, 4, 1], "texture": "#4"},
				"up": {"uv": [3, 0, 4, 1], "rotation": 180, "texture": "#4"},
				"down": {"uv": [3, 0, 4, 1], "rotation": 180, "texture": "#4"}
			}
		},
		{
			"name": "Element",
			"from": [4.5, 6.5, 6.5],
			"to": [5, 11, 7],
			"faces": {
				"north": {"uv": [3, 0, 4, 1], "texture": "#4"},
				"east": {"uv": [3, 0, 4, 1], "texture": "#4"},
				"south": {"uv": [3, 0, 4, 1], "texture": "#4"},
				"west": {"uv": [3, 0, 4, 1], "texture": "#4"},
				"up": {"uv": [3, 0, 4, 1], "rotation": 180, "texture": "#4"},
				"down": {"uv": [3, 0, 4, 1], "rotation": 180, "texture": "#4"}
			}
		},
		{
			"name": "Element",
			"from": [11, 6.5, 6.5],
			"to": [11.5, 11, 7],
			"faces": {
				"north": {"uv": [3, 0, 4, 1], "texture": "#4"},
				"east": {"uv": [3, 0, 4, 1], "texture": "#4"},
				"south": {"uv": [3, 0, 4, 1], "texture": "#4"},
				"west": {"uv": [3, 0, 4, 1], "texture": "#4"},
				"up": {"uv": [3, 0, 4, 1], "rotation": 180, "texture": "#4"},
				"down": {"uv": [3, 0, 4, 1], "rotation": 180, "texture": "#4"}
			}
		},
		{
			"name": "Element",
			"from": [10.5, 2.5, 6.5],
			"to": [11, 7, 7],
			"faces": {
				"north": {"uv": [3, 0, 4, 1], "texture": "#4"},
				"east": {"uv": [3, 0, 4, 1], "texture": "#4"},
				"south": {"uv": [3, 0, 4, 1], "texture": "#4"},
				"west": {"uv": [3, 0, 4, 1], "texture": "#4"},
				"up": {"uv": [3, 0, 4, 1], "rotation": 180, "texture": "#4"},
				"down": {"uv": [3, 0, 4, 1], "rotation": 180, "texture": "#4"}
			}
		},
		{
			"name": "Element",
			"from": [5, 2.5, 6.5],
			"to": [5.5, 7, 7],
			"faces": {
				"north": {"uv": [3, 0, 4, 1], "texture": "#4"},
				"east": {"uv": [3, 0, 4, 1], "texture": "#4"},
				"south": {"uv": [3, 0, 4, 1], "texture": "#4"},
				"west": {"uv": [3, 0, 4, 1], "texture": "#4"},
				"up": {"uv": [3, 0, 4, 1], "rotation": 180, "texture": "#4"},
				"down": {"uv": [3, 0, 4, 1], "rotation": 180, "texture": "#4"}
			}
		},
		{
			"name": "Element",
			"from": [6, -2.5, 6.5],
			"to": [6.5, 0, 7],
			"faces": {
				"north": {"uv": [3, 0, 4, 1], "texture": "#4"},
				"east": {"uv": [3, 0, 4, 1], "texture": "#4"},
				"south": {"uv": [3, 0, 4, 1], "texture": "#4"},
				"west": {"uv": [3, 0, 4, 1], "texture": "#4"},
				"up": {"uv": [3, 0, 4, 1], "rotation": 180, "texture": "#4"},
				"down": {"uv": [3, 0, 4, 1], "rotation": 180, "texture": "#4"}
			}
		},
		{
			"name": "Element",
			"from": [9.5, -2.5, 6.5],
			"to": [10, 0, 7],
			"faces": {
				"north": {"uv": [3, 0, 4, 1], "texture": "#4"},
				"east": {"uv": [3, 0, 4, 1], "texture": "#4"},
				"south": {"uv": [3, 0, 4, 1], "texture": "#4"},
				"west": {"uv": [3, 0, 4, 1], "texture": "#4"},
				"up": {"uv": [3, 0, 4, 1], "rotation": 180, "texture": "#4"},
				"down": {"uv": [3, 0, 4, 1], "rotation": 180, "texture": "#4"}
			}
		},
		{
			"name": "Element",
			"from": [12, 14.5, 6.5],
			"to": [12.5, 18, 7],
			"faces": {
				"north": {"uv": [3, 0, 4, 1], "texture": "#4"},
				"east": {"uv": [3, 0, 4, 1], "texture": "#4"},
				"south": {"uv": [3, 0, 4, 1], "texture": "#4"},
				"west": {"uv": [3, 0, 4, 1], "texture": "#4"},
				"up": {"uv": [3, 0, 4, 1], "rotation": 180, "texture": "#4"},
				"down": {"uv": [3, 0, 4, 1], "rotation": 180, "texture": "#4"}
			}
		},
		{
			"name": "Element",
			"from": [5.5, 16, 6],
			"to": [10.5, 18, 6.5],
			"faces": {
				"north": {"uv": [5, 2, 6, 3], "texture": "#3"},
				"east": {"uv": [5, 2, 6, 3], "texture": "#3"},
				"south": {"uv": [5, 2, 6, 3], "texture": "#3"},
				"west": {"uv": [5, 2, 6, 3], "texture": "#3"},
				"up": {"uv": [5, 2, 6, 3], "rotation": 180, "texture": "#3"},
				"down": {"uv": [5, 2, 6, 3], "rotation": 180, "texture": "#3"}
			}
		},
		{
			"name": "Element",
			"from": [10, -0.5, 6.5],
			"to": [10.5, 3, 7],
			"faces": {
				"north": {"uv": [3, 0, 4, 1], "texture": "#4"},
				"east": {"uv": [3, 0, 4, 1], "texture": "#4"},
				"south": {"uv": [3, 0, 4, 1], "texture": "#4"},
				"west": {"uv": [3, 0, 4, 1], "texture": "#4"},
				"up": {"uv": [3, 0, 4, 1], "rotation": 180, "texture": "#4"},
				"down": {"uv": [3, 0, 4, 1], "rotation": 180, "texture": "#4"}
			}
		},
		{
			"name": "Element",
			"from": [8.5, -0.5, 6],
			"to": [9.5, 0, 6.5],
			"faces": {
				"north": {"uv": [5, 2, 6, 3], "texture": "#4"},
				"east": {"uv": [5, 2, 6, 3], "texture": "#4"},
				"south": {"uv": [5, 2, 6, 3], "texture": "#4"},
				"west": {"uv": [5, 2, 6, 3], "texture": "#4"},
				"up": {"uv": [5, 2, 6, 3], "rotation": 180, "texture": "#4"},
				"down": {"uv": [5, 2, 6, 3], "rotation": 180, "texture": "#4"}
			}
		},
		{
			"name": "Element",
			"from": [7, -5, 6.5],
			"to": [7.5, -0.5, 7],
			"faces": {
				"north": {"uv": [5, 2, 6, 3], "texture": "#4"},
				"east": {"uv": [5, 2, 6, 3], "texture": "#4"},
				"south": {"uv": [5, 2, 6, 3], "texture": "#4"},
				"west": {"uv": [5, 2, 6, 3], "texture": "#4"},
				"up": {"uv": [5, 2, 6, 3], "rotation": 180, "texture": "#4"},
				"down": {"uv": [5, 2, 6, 3], "rotation": 180, "texture": "#4"}
			}
		},
		{
			"name": "Element",
			"from": [9, -2, 6.5],
			"to": [9.5, -0.5, 7],
			"faces": {
				"north": {"uv": [5, 2, 6, 3], "texture": "#4"},
				"east": {"uv": [5, 2, 6, 3], "texture": "#4"},
				"south": {"uv": [5, 2, 6, 3], "texture": "#4"},
				"west": {"uv": [5, 2, 6, 3], "texture": "#4"},
				"up": {"uv": [5, 2, 6, 3], "rotation": 180, "texture": "#4"},
				"down": {"uv": [5, 2, 6, 3], "rotation": 180, "texture": "#4"}
			}
		},
		{
			"name": "Element",
			"from": [8.5, -5, 6.5],
			"to": [9, -0.5, 7],
			"faces": {
				"north": {"uv": [5, 2, 6, 3], "texture": "#4"},
				"east": {"uv": [5, 2, 6, 3], "texture": "#4"},
				"south": {"uv": [5, 2, 6, 3], "texture": "#4"},
				"west": {"uv": [5, 2, 6, 3], "texture": "#4"},
				"up": {"uv": [5, 2, 6, 3], "rotation": 180, "texture": "#4"},
				"down": {"uv": [5, 2, 6, 3], "rotation": 180, "texture": "#4"}
			}
		},
		{
			"name": "green_terracotta",
			"from": [6, 28, 10.5],
			"to": [10, 28.5, 11],
			"faces": {
				"north": {"uv": [7, 16, 11, 6.5], "texture": "#green_terracotta"},
				"east": {"uv": [7, 16, 11, 6.5], "texture": "#green_terracotta"},
				"south": {"uv": [7, 16, 11, 6.5], "texture": "#green_terracotta"},
				"west": {"uv": [7, 16, 11, 6.5], "texture": "#green_terracotta"},
				"up": {"uv": [7, 7, 9, 9], "rotation": 270, "texture": "#green_terracotta"},
				"down": {"uv": [7, 7, 9, 9], "rotation": 90, "texture": "#green_terracotta"}
			}
		},
		{
			"name": "green_terracotta",
			"from": [6, 28.5, 10.5],
			"to": [6.5, 29, 11],
			"faces": {
				"north": {"uv": [7, 16, 11, 6.5], "texture": "#green_terracotta"},
				"east": {"uv": [7, 16, 11, 6.5], "texture": "#green_terracotta"},
				"south": {"uv": [7, 16, 11, 6.5], "texture": "#green_terracotta"},
				"west": {"uv": [7, 16, 11, 6.5], "texture": "#green_terracotta"},
				"up": {"uv": [7, 7, 9, 9], "rotation": 270, "texture": "#green_terracotta"},
				"down": {"uv": [7, 7, 9, 9], "rotation": 90, "texture": "#green_terracotta"}
			}
		},
		{
			"name": "green_terracotta",
			"from": [7, 28.5, 10.5],
			"to": [7.5, 29, 11],
			"faces": {
				"north": {"uv": [7, 16, 11, 6.5], "texture": "#green_terracotta"},
				"east": {"uv": [7, 16, 11, 6.5], "texture": "#green_terracotta"},
				"south": {"uv": [7, 16, 11, 6.5], "texture": "#green_terracotta"},
				"west": {"uv": [7, 16, 11, 6.5], "texture": "#green_terracotta"},
				"up": {"uv": [7, 7, 9, 9], "rotation": 270, "texture": "#green_terracotta"},
				"down": {"uv": [7, 7, 9, 9], "rotation": 90, "texture": "#green_terracotta"}
			}
		},
		{
			"name": "green_terracotta",
			"from": [8, 28.5, 10.5],
			"to": [8.5, 29, 11],
			"faces": {
				"north": {"uv": [7, 16, 11, 6.5], "texture": "#green_terracotta"},
				"east": {"uv": [7, 16, 11, 6.5], "texture": "#green_terracotta"},
				"south": {"uv": [7, 16, 11, 6.5], "texture": "#green_terracotta"},
				"west": {"uv": [7, 16, 11, 6.5], "texture": "#green_terracotta"},
				"up": {"uv": [7, 7, 9, 9], "rotation": 270, "texture": "#green_terracotta"},
				"down": {"uv": [7, 7, 9, 9], "rotation": 90, "texture": "#green_terracotta"}
			}
		},
		{
			"name": "green_terracotta",
			"from": [9, 28.5, 10.5],
			"to": [9.5, 29, 11],
			"faces": {
				"north": {"uv": [7, 16, 11, 6.5], "texture": "#green_terracotta"},
				"east": {"uv": [7, 16, 11, 6.5], "texture": "#green_terracotta"},
				"south": {"uv": [7, 16, 11, 6.5], "texture": "#green_terracotta"},
				"west": {"uv": [7, 16, 11, 6.5], "texture": "#green_terracotta"},
				"up": {"uv": [7, 7, 9, 9], "rotation": 270, "texture": "#green_terracotta"},
				"down": {"uv": [7, 7, 9, 9], "rotation": 90, "texture": "#green_terracotta"}
			}
		},
		{
			"name": "glass_white",
			"from": [6, 22.5, 10],
			"to": [10, 28.5, 10.5],
			"faces": {
				"north": {"uv": [1, 1, 11, 15], "texture": "#glass_white"},
				"east": {"uv": [1, 1, 2, 15], "texture": "#glass_white"},
				"south": {"uv": [1, 1, 11, 15], "texture": "#glass_white"},
				"west": {"uv": [1, 1, 2, 15], "texture": "#glass_white"},
				"up": {"uv": [1, 1, 5, 1.5], "rotation": 180, "texture": "#glass_white"},
				"down": {"uv": [1, 1, 5, 1.5], "rotation": 180, "texture": "#glass_white"}
			}
		},
		{
			"name": "green_terracotta",
			"from": [5.5, 28, 10],
			"to": [6, 28.5, 10.5],
			"faces": {
				"north": {"uv": [7, 16, 11, 6.5], "texture": "#green_terracotta"},
				"east": {"uv": [7, 16, 11, 6.5], "texture": "#green_terracotta"},
				"south": {"uv": [7, 16, 11, 6.5], "texture": "#green_terracotta"},
				"west": {"uv": [7, 16, 11, 6.5], "texture": "#green_terracotta"},
				"up": {"uv": [7, 7, 9, 9], "rotation": 270, "texture": "#green_terracotta"},
				"down": {"uv": [7, 7, 9, 9], "rotation": 90, "texture": "#green_terracotta"}
			}
		},
		{
			"name": "green_terracotta",
			"from": [10, 28, 10],
			"to": [10.5, 28.5, 10.5],
			"faces": {
				"north": {"uv": [7, 16, 11, 6.5], "texture": "#green_terracotta"},
				"east": {"uv": [7, 16, 11, 6.5], "texture": "#green_terracotta"},
				"south": {"uv": [7, 16, 11, 6.5], "texture": "#green_terracotta"},
				"west": {"uv": [7, 16, 11, 6.5], "texture": "#green_terracotta"},
				"up": {"uv": [7, 7, 9, 9], "rotation": 270, "texture": "#green_terracotta"},
				"down": {"uv": [7, 7, 9, 9], "rotation": 90, "texture": "#green_terracotta"}
			}
		},
		{
			"name": "green_terracotta",
			"from": [10, 28.5, 10],
			"to": [10.5, 29, 10.5],
			"faces": {
				"north": {"uv": [7, 16, 11, 6.5], "texture": "#green_terracotta"},
				"east": {"uv": [7, 16, 11, 6.5], "texture": "#green_terracotta"},
				"south": {"uv": [7, 16, 11, 6.5], "texture": "#green_terracotta"},
				"west": {"uv": [7, 16, 11, 6.5], "texture": "#green_terracotta"},
				"up": {"uv": [7, 7, 9, 9], "rotation": 270, "texture": "#green_terracotta"},
				"down": {"uv": [7, 7, 9, 9], "rotation": 90, "texture": "#green_terracotta"}
			}
		},
		{
			"name": "Cube167",
			"from": [6, 29, 5.5],
			"to": [10, 29.5, 10.5],
			"faces": {
				"north": {"uv": [0, 0, 16, 1], "texture": "#quartz_block_top"},
				"east": {"uv": [0, 0, 16, 1], "texture": "#quartz_block_top"},
				"south": {"uv": [0, 0, 16, 1], "texture": "#quartz_block_top"},
				"west": {"uv": [0, 0, 16, 1], "texture": "#quartz_block_top"},
				"up": {"uv": [0, 0, 13.5, 13], "rotation": 270, "texture": "#quartz_block_top"},
				"down": {"uv": [0, 0, 13.5, 13], "rotation": 270, "texture": "#quartz_block_top"}
			}
		},
		{
			"name": "green_terracotta",
			"from": [7.5, -16, 8.5],
			"to": [8.5, -12.5, 10],
			"faces": {
				"north": {"uv": [8.5, 16, 13, 0], "texture": "#green_terracotta"},
				"east": {"uv": [8.5, 16, 13, 0], "texture": "#green_terracotta"},
				"south": {"uv": [8.5, 16, 13, 0], "texture": "#green_terracotta"},
				"west": {"uv": [8.5, 16, 13, 0], "texture": "#green_terracotta"},
				"up": {"uv": [6, 7.5, 7.5, 8.5], "rotation": 270, "texture": "#green_terracotta"},
				"down": {"uv": [6, 7.5, 7.5, 8.5], "rotation": 90, "texture": "#green_terracotta"}
			}
		},
		{
			"name": "glass_white",
			"from": [10, 22.5, 6],
			"to": [10.5, 28.5, 10],
			"faces": {
				"north": {"uv": [1, 1, 2, 15], "texture": "#glass_white"},
				"east": {"uv": [1, 1, 11, 15], "texture": "#glass_white"},
				"south": {"uv": [1, 1, 2, 15], "texture": "#glass_white"},
				"west": {"uv": [1, 1, 11, 15], "texture": "#glass_white"},
				"up": {"uv": [1, 1, 5, 1.5], "rotation": 270, "texture": "#glass_white"},
				"down": {"uv": [1, 1, 5, 1.5], "rotation": 90, "texture": "#glass_white"}
			}
		},
		{
			"name": "glass_white",
			"from": [5.5, 22.5, 6],
			"to": [6, 28.5, 10],
			"faces": {
				"north": {"uv": [1, 1, 2, 15], "texture": "#glass_white"},
				"east": {"uv": [1, 1, 11, 15], "texture": "#glass_white"},
				"south": {"uv": [1, 1, 2, 15], "texture": "#glass_white"},
				"west": {"uv": [1, 1, 11, 15], "texture": "#glass_white"},
				"up": {"uv": [1, 1, 5, 1.5], "rotation": 270, "texture": "#glass_white"},
				"down": {"uv": [1, 1, 5, 1.5], "rotation": 90, "texture": "#glass_white"}
			}
		},
		{
			"name": "glass_white",
			"from": [9.5, 22, 9.5],
			"to": [10, 22.5, 10],
			"faces": {
				"north": {"uv": [1, 1, 4, 4], "texture": "#glass_white"},
				"east": {"uv": [1, 1, 4, 4], "texture": "#glass_white"},
				"south": {"uv": [1, 1, 4, 4], "texture": "#glass_white"},
				"west": {"uv": [1, 1, 4, 4], "texture": "#glass_white"},
				"up": {"uv": [1, 1, 5, 1.5], "rotation": 180, "texture": "#glass_white"},
				"down": {"uv": [1, 1, 5, 1.5], "rotation": 180, "texture": "#glass_white"}
			}
		},
		{
			"name": "glass_white",
			"from": [6.5, 21.5, 9.5],
			"to": [9.5, 22.5, 10],
			"faces": {
				"north": {"uv": [1, 1, 11, 4], "texture": "#glass_white"},
				"east": {"uv": [1, 1, 2, 15], "texture": "#glass_white"},
				"south": {"uv": [1, 1, 11, 4], "texture": "#glass_white"},
				"west": {"uv": [1, 1, 2, 15], "texture": "#glass_white"},
				"up": {"uv": [1, 1, 5, 1.5], "rotation": 180, "texture": "#glass_white"},
				"down": {"uv": [1, 1, 5, 1.5], "rotation": 180, "texture": "#glass_white"}
			}
		},
		{
			"name": "glass_white",
			"from": [6, 22, 9.5],
			"to": [6.5, 22.5, 10],
			"faces": {
				"north": {"uv": [1, 1, 4, 4], "texture": "#glass_white"},
				"east": {"uv": [1, 1, 4, 4], "texture": "#glass_white"},
				"south": {"uv": [1, 1, 4, 4], "texture": "#glass_white"},
				"west": {"uv": [1, 1, 4, 4], "texture": "#glass_white"},
				"up": {"uv": [1, 1, 5, 1.5], "rotation": 180, "texture": "#glass_white"},
				"down": {"uv": [1, 1, 5, 1.5], "rotation": 180, "texture": "#glass_white"}
			}
		},
		{
			"name": "green_terracotta",
			"from": [10.5, 28, 6],
			"to": [11, 28.5, 10],
			"faces": {
				"north": {"uv": [7, 16, 11, 6.5], "texture": "#green_terracotta"},
				"east": {"uv": [7, 16, 11, 6.5], "texture": "#green_terracotta"},
				"south": {"uv": [7, 16, 11, 6.5], "texture": "#green_terracotta"},
				"west": {"uv": [7, 16, 11, 6.5], "texture": "#green_terracotta"},
				"up": {"uv": [7, 7, 9, 9], "rotation": 270, "texture": "#green_terracotta"},
				"down": {"uv": [7, 7, 9, 9], "rotation": 90, "texture": "#green_terracotta"}
			}
		},
		{
			"name": "green_terracotta",
			"from": [5, 28.5, 9.5],
			"to": [5.5, 29, 10],
			"faces": {
				"north": {"uv": [7, 16, 11, 6.5], "texture": "#green_terracotta"},
				"east": {"uv": [7, 16, 11, 6.5], "texture": "#green_terracotta"},
				"south": {"uv": [7, 16, 11, 6.5], "texture": "#green_terracotta"},
				"west": {"uv": [7, 16, 11, 6.5], "texture": "#green_terracotta"},
				"up": {"uv": [7, 7, 9, 9], "rotation": 270, "texture": "#green_terracotta"},
				"down": {"uv": [7, 7, 9, 9], "rotation": 90, "texture": "#green_terracotta"}
			}
		},
		{
			"name": "green_terracotta",
			"from": [5, 28, 6],
			"to": [5.5, 28.5, 10],
			"faces": {
				"north": {"uv": [7, 16, 11, 6.5], "texture": "#green_terracotta"},
				"east": {"uv": [7, 16, 11, 6.5], "texture": "#green_terracotta"},
				"south": {"uv": [7, 16, 11, 6.5], "texture": "#green_terracotta"},
				"west": {"uv": [7, 16, 11, 6.5], "texture": "#green_terracotta"},
				"up": {"uv": [7, 7, 9, 9], "rotation": 270, "texture": "#green_terracotta"},
				"down": {"uv": [7, 7, 9, 9], "rotation": 90, "texture": "#green_terracotta"}
			}
		},
		{
			"name": "Element",
			"from": [10.5, 15, 9.5],
			"to": [12, 18, 10],
			"faces": {
				"north": {"uv": [5, 2, 6, 3], "texture": "#3"},
				"east": {"uv": [5, 2, 6, 3], "texture": "#3"},
				"south": {"uv": [5, 2, 6, 3], "texture": "#3"},
				"west": {"uv": [5, 2, 6, 3], "texture": "#3"},
				"up": {"uv": [5, 2, 6, 3], "texture": "#3"},
				"down": {"uv": [5, 2, 6, 3], "texture": "#3"}
			}
		},
		{
			"name": "Cube167",
			"from": [10, 29, 6],
			"to": [10.5, 29.5, 10],
			"faces": {
				"north": {"uv": [0, 0, 16, 1], "texture": "#quartz_block_top"},
				"east": {"uv": [0, 0, 16, 1], "texture": "#quartz_block_top"},
				"south": {"uv": [0, 0, 16, 1], "texture": "#quartz_block_top"},
				"west": {"uv": [0, 0, 16, 1], "texture": "#quartz_block_top"},
				"up": {"uv": [0, 0, 1, 9], "rotation": 270, "texture": "#quartz_block_top"},
				"down": {"uv": [0, 0, 1, 9], "rotation": 270, "texture": "#quartz_block_top"}
			}
		},
		{
			"name": "Cube167",
			"from": [5.5, 29, 6],
			"to": [6, 29.5, 10],
			"faces": {
				"north": {"uv": [0, 0, 16, 1], "texture": "#quartz_block_top"},
				"east": {"uv": [0, 0, 16, 1], "texture": "#quartz_block_top"},
				"south": {"uv": [0, 0, 16, 1], "texture": "#quartz_block_top"},
				"west": {"uv": [0, 0, 16, 1], "texture": "#quartz_block_top"},
				"up": {"uv": [0, 0, 1, 9], "rotation": 270, "texture": "#quartz_block_top"},
				"down": {"uv": [0, 0, 1, 9], "rotation": 270, "texture": "#quartz_block_top"}
			}
		},
		{
			"name": "Cube167",
			"from": [6, 29.5, 6],
			"to": [10, 30, 10],
			"faces": {
				"north": {"uv": [0, 0, 16, 1], "texture": "#quartz_block_top"},
				"east": {"uv": [0, 0, 16, 1], "texture": "#quartz_block_top"},
				"south": {"uv": [0, 0, 16, 1], "texture": "#quartz_block_top"},
				"west": {"uv": [0, 0, 16, 1], "texture": "#quartz_block_top"},
				"up": {"uv": [0, 0, 13.5, 13], "rotation": 270, "texture": "#quartz_block_top"},
				"down": {"uv": [0, 0, 13.5, 13], "rotation": 270, "texture": "#quartz_block_top"}
			}
		},
		{
			"name": "Element",
			"from": [6, 12, 9.5],
			"to": [10, 16, 10],
			"faces": {
				"north": {"uv": [5, 2, 6, 3], "texture": "#3"},
				"east": {"uv": [5, 2, 6, 3], "texture": "#3"},
				"south": {"uv": [5, 2, 6, 3], "texture": "#3"},
				"west": {"uv": [5, 2, 6, 3], "texture": "#3"},
				"up": {"uv": [5, 2, 6, 3], "texture": "#3"},
				"down": {"uv": [5, 2, 6, 3], "texture": "#3"}
			}
		},
		{
			"name": "Element",
			"from": [6.5, 8, 9.5],
			"to": [9.5, 12, 10],
			"faces": {
				"north": {"uv": [5, 2, 6, 3], "texture": "#5"},
				"east": {"uv": [5, 2, 6, 3], "texture": "#5"},
				"south": {"uv": [5, 2, 6, 3], "texture": "#5"},
				"west": {"uv": [5, 2, 6, 3], "texture": "#5"},
				"up": {"uv": [5, 2, 6, 3], "texture": "#5"},
				"down": {"uv": [5, 2, 6, 3], "texture": "#5"}
			}
		},
		{
			"name": "Element",
			"from": [7, 4, 9.5],
			"to": [9, 8, 10],
			"faces": {
				"north": {"uv": [5, 2, 6, 3], "texture": "#5"},
				"east": {"uv": [5, 2, 6, 3], "texture": "#5"},
				"south": {"uv": [5, 2, 6, 3], "texture": "#5"},
				"west": {"uv": [5, 2, 6, 3], "texture": "#5"},
				"up": {"uv": [5, 2, 6, 3], "texture": "#5"},
				"down": {"uv": [5, 2, 6, 3], "texture": "#5"}
			}
		},
		{
			"name": "Element",
			"from": [6, 0, 9.5],
			"to": [7.5, 4, 10],
			"faces": {
				"north": {"uv": [5, 2, 6, 3], "texture": "#4"},
				"east": {"uv": [5, 2, 6, 3], "texture": "#4"},
				"south": {"uv": [5, 2, 6, 3], "texture": "#4"},
				"west": {"uv": [5, 2, 6, 3], "texture": "#4"},
				"up": {"uv": [5, 2, 6, 3], "texture": "#4"},
				"down": {"uv": [5, 2, 6, 3], "texture": "#4"}
			}
		},
		{
			"name": "Element",
			"from": [5.5, 3, 9.5],
			"to": [7, 8, 10],
			"faces": {
				"north": {"uv": [5, 2, 6, 3], "texture": "#4"},
				"east": {"uv": [5, 2, 6, 3], "texture": "#4"},
				"south": {"uv": [5, 2, 6, 3], "texture": "#4"},
				"west": {"uv": [5, 2, 6, 3], "texture": "#4"},
				"up": {"uv": [5, 2, 6, 3], "texture": "#4"},
				"down": {"uv": [5, 2, 6, 3], "texture": "#4"}
			}
		},
		{
			"name": "Element",
			"from": [5, 7, 9.5],
			"to": [6.5, 11.5, 10],
			"faces": {
				"north": {"uv": [5, 2, 6, 3], "texture": "#4"},
				"east": {"uv": [5, 2, 6, 3], "texture": "#4"},
				"south": {"uv": [5, 2, 6, 3], "texture": "#4"},
				"west": {"uv": [5, 2, 6, 3], "texture": "#4"},
				"up": {"uv": [5, 2, 6, 3], "texture": "#4"},
				"down": {"uv": [5, 2, 6, 3], "texture": "#4"}
			}
		},
		{
			"name": "Element",
			"from": [4.5, 11.5, 9.5],
			"to": [6, 16, 10],
			"faces": {
				"north": {"uv": [5, 2, 6, 3], "texture": "#3"},
				"east": {"uv": [5, 2, 6, 3], "texture": "#3"},
				"south": {"uv": [5, 2, 6, 3], "texture": "#3"},
				"west": {"uv": [5, 2, 6, 3], "texture": "#3"},
				"up": {"uv": [5, 2, 6, 3], "texture": "#3"},
				"down": {"uv": [5, 2, 6, 3], "texture": "#3"}
			}
		},
		{
			"name": "Element",
			"from": [10, 11.5, 9.5],
			"to": [11.5, 16, 10],
			"faces": {
				"north": {"uv": [5, 2, 6, 3], "texture": "#3"},
				"east": {"uv": [5, 2, 6, 3], "texture": "#3"},
				"south": {"uv": [5, 2, 6, 3], "texture": "#3"},
				"west": {"uv": [5, 2, 6, 3], "texture": "#3"},
				"up": {"uv": [5, 2, 6, 3], "texture": "#3"},
				"down": {"uv": [5, 2, 6, 3], "texture": "#3"}
			}
		},
		{
			"name": "Element",
			"from": [9.5, 7, 9.5],
			"to": [11, 11.5, 10],
			"faces": {
				"north": {"uv": [5, 2, 6, 3], "texture": "#4"},
				"east": {"uv": [5, 2, 6, 3], "texture": "#4"},
				"south": {"uv": [5, 2, 6, 3], "texture": "#4"},
				"west": {"uv": [5, 2, 6, 3], "texture": "#4"},
				"up": {"uv": [5, 2, 6, 3], "texture": "#4"},
				"down": {"uv": [5, 2, 6, 3], "texture": "#4"}
			}
		},
		{
			"name": "Element",
			"from": [9, 3, 9.5],
			"to": [10.5, 8, 10],
			"faces": {
				"north": {"uv": [5, 2, 6, 3], "texture": "#4"},
				"east": {"uv": [5, 2, 6, 3], "texture": "#4"},
				"south": {"uv": [5, 2, 6, 3], "texture": "#4"},
				"west": {"uv": [5, 2, 6, 3], "texture": "#4"},
				"up": {"uv": [5, 2, 6, 3], "texture": "#4"},
				"down": {"uv": [5, 2, 6, 3], "texture": "#4"}
			}
		},
		{
			"name": "Element",
			"from": [8.5, 0, 9.5],
			"to": [10, 4, 10],
			"faces": {
				"north": {"uv": [5, 2, 6, 3], "texture": "#4"},
				"east": {"uv": [5, 2, 6, 3], "texture": "#4"},
				"south": {"uv": [5, 2, 6, 3], "texture": "#4"},
				"west": {"uv": [5, 2, 6, 3], "texture": "#4"},
				"up": {"uv": [5, 2, 6, 3], "texture": "#4"},
				"down": {"uv": [5, 2, 6, 3], "texture": "#4"}
			}
		},
		{
			"name": "Element",
			"from": [8.5, -0.5, 9.5],
			"to": [9.5, 0, 10],
			"faces": {
				"north": {"uv": [5, 2, 6, 3], "texture": "#4"},
				"east": {"uv": [5, 2, 6, 3], "texture": "#4"},
				"south": {"uv": [5, 2, 6, 3], "texture": "#4"},
				"west": {"uv": [5, 2, 6, 3], "texture": "#4"},
				"up": {"uv": [5, 2, 6, 3], "texture": "#4"},
				"down": {"uv": [5, 2, 6, 3], "texture": "#4"}
			}
		},
		{
			"name": "Element",
			"from": [4, 15, 9.5],
			"to": [5.5, 18, 10],
			"faces": {
				"north": {"uv": [5, 2, 6, 3], "texture": "#3"},
				"east": {"uv": [5, 2, 6, 3], "texture": "#3"},
				"south": {"uv": [5, 2, 6, 3], "texture": "#3"},
				"west": {"uv": [5, 2, 6, 3], "texture": "#3"},
				"up": {"uv": [5, 2, 6, 3], "texture": "#3"},
				"down": {"uv": [5, 2, 6, 3], "texture": "#3"}
			}
		},
		{
			"name": "Element",
			"from": [5.5, 16, 9.5],
			"to": [10.5, 18, 10],
			"faces": {
				"north": {"uv": [5, 2, 6, 3], "texture": "#3"},
				"east": {"uv": [5, 2, 6, 3], "texture": "#3"},
				"south": {"uv": [5, 2, 6, 3], "texture": "#3"},
				"west": {"uv": [5, 2, 6, 3], "texture": "#3"},
				"up": {"uv": [5, 2, 6, 3], "texture": "#3"},
				"down": {"uv": [5, 2, 6, 3], "texture": "#3"}
			}
		},
		{
			"name": "Element",
			"from": [7.5, -1.5, 6],
			"to": [8.5, 4, 6.5],
			"faces": {
				"north": {"uv": [5, 2, 6, 3], "texture": "#5"},
				"east": {"uv": [5, 2, 6, 3], "texture": "#5"},
				"south": {"uv": [5, 2, 6, 3], "texture": "#5"},
				"west": {"uv": [5, 2, 6, 3], "texture": "#5"},
				"up": {"uv": [5, 2, 6, 3], "texture": "#5"},
				"down": {"uv": [5, 2, 6, 3], "texture": "#5"}
			}
		},
		{
			"name": "Element",
			"from": [6.5, -0.5, 9.5],
			"to": [7.5, 0, 10],
			"faces": {
				"north": {"uv": [5, 2, 6, 3], "texture": "#4"},
				"east": {"uv": [5, 2, 6, 3], "texture": "#4"},
				"south": {"uv": [5, 2, 6, 3], "texture": "#4"},
				"west": {"uv": [5, 2, 6, 3], "texture": "#4"},
				"up": {"uv": [5, 2, 6, 3], "texture": "#4"},
				"down": {"uv": [5, 2, 6, 3], "texture": "#4"}
			}
		},
		{
			"name": "green_terracotta",
			"from": [6.5, -16, 8.5],
			"to": [7.5, -12.5, 9.5],
			"faces": {
				"north": {"uv": [8.5, 16, 13, 0], "texture": "#green_terracotta"},
				"east": {"uv": [8.5, 16, 13, 0], "texture": "#green_terracotta"},
				"south": {"uv": [8.5, 16, 13, 0], "texture": "#green_terracotta"},
				"west": {"uv": [8.5, 16, 13, 0], "texture": "#green_terracotta"},
				"up": {"uv": [6.5, 8.5, 7.5, 9.5], "rotation": 270, "texture": "#green_terracotta"},
				"down": {"uv": [6.5, 6.5, 7.5, 7.5], "rotation": 90, "texture": "#green_terracotta"}
			}
		},
		{
			"name": "green_terracotta",
			"from": [8.5, -16, 8.5],
			"to": [9.5, -12.5, 9.5],
			"faces": {
				"north": {"uv": [8.5, 16, 13, 0], "texture": "#green_terracotta"},
				"east": {"uv": [8.5, 16, 13, 0], "texture": "#green_terracotta"},
				"south": {"uv": [8.5, 16, 13, 0], "texture": "#green_terracotta"},
				"west": {"uv": [8.5, 16, 13, 0], "texture": "#green_terracotta"},
				"up": {"uv": [6.5, 8.5, 7.5, 9.5], "rotation": 270, "texture": "#green_terracotta"},
				"down": {"uv": [6.5, 6.5, 7.5, 7.5], "rotation": 90, "texture": "#green_terracotta"}
			}
		},
		{
			"name": "green_terracotta",
			"from": [6.5, 0.5, 6.5],
			"to": [9.5, 1, 9.5],
			"faces": {
				"north": {"uv": [6.5, 16, 16, 15], "texture": "#green_terracotta"},
				"east": {"uv": [6.5, 16, 16, 15], "texture": "#green_terracotta"},
				"south": {"uv": [6.5, 16, 16, 15], "texture": "#green_terracotta"},
				"west": {"uv": [6.5, 16, 16, 15], "texture": "#green_terracotta"},
				"up": {"uv": [6.5, 6.5, 9.5, 9.5], "rotation": 270, "texture": "#green_terracotta"},
				"down": {"uv": [6.5, 6.5, 9.5, 9.5], "rotation": 90, "texture": "#green_terracotta"}
			}
		},
		{
			"name": "green_terracotta",
			"from": [6.5, -12, 6.5],
			"to": [9.5, -7.5, 9.5],
			"faces": {
				"north": {"uv": [6.5, 16, 16, 6], "texture": "#green_terracotta"},
				"east": {"uv": [6.5, 16, 16, 6], "texture": "#green_terracotta"},
				"south": {"uv": [6.5, 16, 16, 6], "texture": "#green_terracotta"},
				"west": {"uv": [6.5, 16, 16, 6], "texture": "#green_terracotta"},
				"up": {"uv": [6.5, 6.5, 9.5, 9.5], "rotation": 270, "texture": "#green_terracotta"},
				"down": {"uv": [6.5, 6.5, 9.5, 9.5], "rotation": 90, "texture": "#green_terracotta"}
			}
		},
		{
			"name": "glass_white",
			"from": [6, 21.5, 6.5],
			"to": [6.5, 22.5, 9.5],
			"faces": {
				"north": {"uv": [1, 1, 2, 15], "texture": "#glass_white"},
				"east": {"uv": [1, 1, 11, 4], "texture": "#glass_white"},
				"south": {"uv": [1, 1, 2, 15], "texture": "#glass_white"},
				"west": {"uv": [1, 1, 11, 4], "texture": "#glass_white"},
				"up": {"uv": [1, 1, 5, 1.5], "rotation": 270, "texture": "#glass_white"},
				"down": {"uv": [1, 1, 5, 1.5], "rotation": 90, "texture": "#glass_white"}
			}
		},
		{
			"name": "glass_white",
			"from": [9.5, 21.5, 6.5],
			"to": [10, 22.5, 9.5],
			"faces": {
				"north": {"uv": [1, 1, 2, 15], "texture": "#glass_white"},
				"east": {"uv": [1, 1, 11, 4], "texture": "#glass_white"},
				"south": {"uv": [1, 1, 2, 15], "texture": "#glass_white"},
				"west": {"uv": [1, 1, 11, 4], "texture": "#glass_white"},
				"up": {"uv": [1, 1, 5, 1.5], "rotation": 270, "texture": "#glass_white"},
				"down": {"uv": [1, 1, 5, 1.5], "rotation": 90, "texture": "#glass_white"}
			}
		},
		{
			"name": "Cube25",
			"from": [6.5, 21, 6.5],
			"to": [9.5, 21.5, 9.5],
			"faces": {
				"north": {"uv": [0, 0, 16, 1], "texture": "#green_terracotta"},
				"east": {"uv": [0, 0, 16, 1], "texture": "#green_terracotta"},
				"south": {"uv": [0, 0, 16, 1], "texture": "#green_terracotta"},
				"west": {"uv": [0, 0, 16, 1], "texture": "#green_terracotta"},
				"up": {"uv": [0, 0, 16, 16], "rotation": 270, "texture": "#stone_slab_top"},
				"down": {"uv": [0, 0, 16, 16], "rotation": 90, "texture": "#stone_slab_top"}
			}
		},
		{
			"name": "green_terracotta",
			"from": [10.5, 28.5, 9],
			"to": [11, 29, 9.5],
			"faces": {
				"north": {"uv": [7, 16, 11, 6.5], "texture": "#green_terracotta"},
				"east": {"uv": [7, 16, 11, 6.5], "texture": "#green_terracotta"},
				"south": {"uv": [7, 16, 11, 6.5], "texture": "#green_terracotta"},
				"west": {"uv": [7, 16, 11, 6.5], "texture": "#green_terracotta"},
				"up": {"uv": [7, 7, 9, 9], "rotation": 270, "texture": "#green_terracotta"},
				"down": {"uv": [7, 7, 9, 9], "rotation": 90, "texture": "#green_terracotta"}
			}
		},
		{
			"name": "Cube167",
			"from": [6.5, 30, 6.5],
			"to": [9.5, 30.5, 9.5],
			"faces": {
				"north": {"uv": [0, 0, 16, 1], "texture": "#quartz_block_top"},
				"east": {"uv": [0, 0, 16, 1], "texture": "#quartz_block_top"},
				"south": {"uv": [0, 0, 16, 1], "texture": "#quartz_block_top"},
				"west": {"uv": [0, 0, 16, 1], "texture": "#quartz_block_top"},
				"up": {"uv": [0, 0, 13.5, 13], "rotation": 270, "texture": "#quartz_block_top"},
				"down": {"uv": [0, 0, 13.5, 13], "rotation": 270, "texture": "#quartz_block_top"}
			}
		},
		{
			"name": "Element",
			"from": [7.5, -4.5, 9],
			"to": [8.5, -0.5, 9.5],
			"faces": {
				"north": {"uv": [5, 2, 6, 3], "texture": "#5"},
				"east": {"uv": [5, 2, 6, 3], "texture": "#5"},
				"south": {"uv": [5, 2, 6, 3], "texture": "#5"},
				"west": {"uv": [5, 2, 6, 3], "texture": "#5"},
				"up": {"uv": [5, 2, 6, 3], "texture": "#5"},
				"down": {"uv": [5, 2, 6, 3], "texture": "#5"}
			}
		},
		{
			"name": "Element",
			"from": [9, -2, 9],
			"to": [9.5, -0.5, 9.5],
			"faces": {
				"north": {"uv": [5, 2, 6, 3], "texture": "#4"},
				"east": {"uv": [5, 2, 6, 3], "texture": "#4"},
				"south": {"uv": [5, 2, 6, 3], "texture": "#4"},
				"west": {"uv": [5, 2, 6, 3], "texture": "#4"},
				"up": {"uv": [5, 2, 6, 3], "texture": "#4"},
				"down": {"uv": [5, 2, 6, 3], "texture": "#4"}
			}
		},
		{
			"name": "Element",
			"from": [10, -0.5, 9],
			"to": [10.5, 3, 9.5],
			"faces": {
				"north": {"uv": [3, 0, 4, 1], "texture": "#4"},
				"east": {"uv": [3, 0, 4, 1], "texture": "#4"},
				"south": {"uv": [3, 0, 4, 1], "texture": "#4"},
				"west": {"uv": [3, 0, 4, 1], "texture": "#4"},
				"up": {"uv": [3, 0, 4, 1], "texture": "#4"},
				"down": {"uv": [3, 0, 4, 1], "texture": "#4"}
			}
		},
		{
			"name": "Element",
			"from": [4, 10.5, 9],
			"to": [4.5, 15, 9.5],
			"faces": {
				"north": {"uv": [3, 0, 4, 1], "texture": "#4"},
				"east": {"uv": [3, 0, 4, 1], "texture": "#4"},
				"south": {"uv": [3, 0, 4, 1], "texture": "#4"},
				"west": {"uv": [3, 0, 4, 1], "texture": "#4"},
				"up": {"uv": [3, 0, 4, 1], "texture": "#4"},
				"down": {"uv": [3, 0, 4, 1], "texture": "#4"}
			}
		},
		{
			"name": "Element",
			"from": [11.5, 10.5, 9],
			"to": [12, 15, 9.5],
			"faces": {
				"north": {"uv": [3, 0, 4, 1], "texture": "#4"},
				"east": {"uv": [3, 0, 4, 1], "texture": "#4"},
				"south": {"uv": [3, 0, 4, 1], "texture": "#4"},
				"west": {"uv": [3, 0, 4, 1], "texture": "#4"},
				"up": {"uv": [3, 0, 4, 1], "texture": "#4"},
				"down": {"uv": [3, 0, 4, 1], "texture": "#4"}
			}
		},
		{
			"name": "Element",
			"from": [11, 6.5, 9],
			"to": [11.5, 11, 9.5],
			"faces": {
				"north": {"uv": [3, 0, 4, 1], "texture": "#4"},
				"east": {"uv": [3, 0, 4, 1], "texture": "#4"},
				"south": {"uv": [3, 0, 4, 1], "texture": "#4"},
				"west": {"uv": [3, 0, 4, 1], "texture": "#4"},
				"up": {"uv": [3, 0, 4, 1], "texture": "#4"},
				"down": {"uv": [3, 0, 4, 1], "texture": "#4"}
			}
		},
		{
			"name": "Element",
			"from": [4.5, 6.5, 9],
			"to": [5, 11, 9.5],
			"faces": {
				"north": {"uv": [3, 0, 4, 1], "texture": "#4"},
				"east": {"uv": [3, 0, 4, 1], "texture": "#4"},
				"south": {"uv": [3, 0, 4, 1], "texture": "#4"},
				"west": {"uv": [3, 0, 4, 1], "texture": "#4"},
				"up": {"uv": [3, 0, 4, 1], "texture": "#4"},
				"down": {"uv": [3, 0, 4, 1], "texture": "#4"}
			}
		},
		{
			"name": "Element",
			"from": [5, 2.5, 9],
			"to": [5.5, 7, 9.5],
			"faces": {
				"north": {"uv": [3, 0, 4, 1], "texture": "#4"},
				"east": {"uv": [3, 0, 4, 1], "texture": "#4"},
				"south": {"uv": [3, 0, 4, 1], "texture": "#4"},
				"west": {"uv": [3, 0, 4, 1], "texture": "#4"},
				"up": {"uv": [3, 0, 4, 1], "texture": "#4"},
				"down": {"uv": [3, 0, 4, 1], "texture": "#4"}
			}
		},
		{
			"name": "Element",
			"from": [10.5, 2.5, 9],
			"to": [11, 7, 9.5],
			"faces": {
				"north": {"uv": [3, 0, 4, 1], "texture": "#4"},
				"east": {"uv": [3, 0, 4, 1], "texture": "#4"},
				"south": {"uv": [3, 0, 4, 1], "texture": "#4"},
				"west": {"uv": [3, 0, 4, 1], "texture": "#4"},
				"up": {"uv": [3, 0, 4, 1], "texture": "#4"},
				"down": {"uv": [3, 0, 4, 1], "texture": "#4"}
			}
		},
		{
			"name": "Element",
			"from": [9.5, -2.5, 9],
			"to": [10, 0, 9.5],
			"faces": {
				"north": {"uv": [3, 0, 4, 1], "texture": "#4"},
				"east": {"uv": [3, 0, 4, 1], "texture": "#4"},
				"south": {"uv": [3, 0, 4, 1], "texture": "#4"},
				"west": {"uv": [3, 0, 4, 1], "texture": "#4"},
				"up": {"uv": [3, 0, 4, 1], "texture": "#4"},
				"down": {"uv": [3, 0, 4, 1], "texture": "#4"}
			}
		},
		{
			"name": "Element",
			"from": [6, -2.5, 9],
			"to": [6.5, 0, 9.5],
			"faces": {
				"north": {"uv": [3, 0, 4, 1], "texture": "#4"},
				"east": {"uv": [3, 0, 4, 1], "texture": "#4"},
				"south": {"uv": [3, 0, 4, 1], "texture": "#4"},
				"west": {"uv": [3, 0, 4, 1], "texture": "#4"},
				"up": {"uv": [3, 0, 4, 1], "texture": "#4"},
				"down": {"uv": [3, 0, 4, 1], "texture": "#4"}
			}
		},
		{
			"name": "Element",
			"from": [3.5, 14.5, 9],
			"to": [4, 18, 9.5],
			"faces": {
				"north": {"uv": [3, 0, 4, 1], "texture": "#4"},
				"east": {"uv": [3, 0, 4, 1], "texture": "#4"},
				"south": {"uv": [3, 0, 4, 1], "texture": "#4"},
				"west": {"uv": [3, 0, 4, 1], "texture": "#4"},
				"up": {"uv": [3, 0, 4, 1], "texture": "#4"},
				"down": {"uv": [3, 0, 4, 1], "texture": "#4"}
			}
		},
		{
			"name": "Element",
			"from": [5.5, -0.5, 9],
			"to": [6, 3, 9.5],
			"faces": {
				"north": {"uv": [3, 0, 4, 1], "texture": "#4"},
				"east": {"uv": [3, 0, 4, 1], "texture": "#4"},
				"south": {"uv": [3, 0, 4, 1], "texture": "#4"},
				"west": {"uv": [3, 0, 4, 1], "texture": "#4"},
				"up": {"uv": [3, 0, 4, 1], "texture": "#4"},
				"down": {"uv": [3, 0, 4, 1], "texture": "#4"}
			}
		},
		{
			"name": "Element",
			"from": [8.5, -5, 9],
			"to": [9, -0.5, 9.5],
			"faces": {
				"north": {"uv": [5, 2, 6, 3], "texture": "#4"},
				"east": {"uv": [5, 2, 6, 3], "texture": "#4"},
				"south": {"uv": [5, 2, 6, 3], "texture": "#4"},
				"west": {"uv": [5, 2, 6, 3], "texture": "#4"},
				"up": {"uv": [5, 2, 6, 3], "texture": "#4"},
				"down": {"uv": [5, 2, 6, 3], "texture": "#4"}
			}
		},
		{
			"name": "Element",
			"from": [6.5, -2, 9],
			"to": [7, -0.5, 9.5],
			"faces": {
				"north": {"uv": [5, 2, 6, 3], "texture": "#4"},
				"east": {"uv": [5, 2, 6, 3], "texture": "#4"},
				"south": {"uv": [5, 2, 6, 3], "texture": "#4"},
				"west": {"uv": [5, 2, 6, 3], "texture": "#4"},
				"up": {"uv": [5, 2, 6, 3], "texture": "#4"},
				"down": {"uv": [5, 2, 6, 3], "texture": "#4"}
			}
		},
		{
			"name": "Element",
			"from": [7, -5, 9],
			"to": [7.5, -0.5, 9.5],
			"faces": {
				"north": {"uv": [5, 2, 6, 3], "texture": "#4"},
				"east": {"uv": [5, 2, 6, 3], "texture": "#4"},
				"south": {"uv": [5, 2, 6, 3], "texture": "#4"},
				"west": {"uv": [5, 2, 6, 3], "texture": "#4"},
				"up": {"uv": [5, 2, 6, 3], "texture": "#4"},
				"down": {"uv": [5, 2, 6, 3], "texture": "#4"}
			}
		},
		{
			"name": "green_terracotta",
			"from": [7, -12.5, 7],
			"to": [9, -12, 9],
			"faces": {
				"north": {"uv": [7, 16, 16, 15], "texture": "#green_terracotta"},
				"east": {"uv": [7, 16, 16, 15], "texture": "#green_terracotta"},
				"south": {"uv": [7, 16, 16, 15], "texture": "#green_terracotta"},
				"west": {"uv": [7, 16, 16, 15], "texture": "#green_terracotta"},
				"up": {"uv": [7, 7, 9, 9], "rotation": 270, "texture": "#green_terracotta"},
				"down": {"uv": [7, 7, 9, 9], "rotation": 90, "texture": "#green_terracotta"}
			}
		},
		{
			"name": "green_terracotta",
			"from": [7, -7.5, 7],
			"to": [9, 0.5, 9],
			"faces": {
				"north": {"uv": [7, 16, 11, 6.5], "texture": "#green_terracotta"},
				"east": {"uv": [7, 16, 11, 6.5], "texture": "#green_terracotta"},
				"south": {"uv": [7, 16, 11, 6.5], "texture": "#green_terracotta"},
				"west": {"uv": [7, 16, 11, 6.5], "texture": "#green_terracotta"},
				"up": {"uv": [7, 7, 9, 9], "rotation": 270, "texture": "#green_terracotta"},
				"down": {"uv": [7, 7, 9, 9], "rotation": 90, "texture": "#green_terracotta"}
			}
		},
		{
			"name": "green_terracotta",
			"from": [7, 1.5, 7],
			"to": [9, 2, 9],
			"faces": {
				"north": {"uv": [7, 16, 11, 6.5], "texture": "#green_terracotta"},
				"east": {"uv": [7, 16, 11, 6.5], "texture": "#green_terracotta"},
				"south": {"uv": [7, 16, 11, 6.5], "texture": "#green_terracotta"},
				"west": {"uv": [7, 16, 11, 6.5], "texture": "#green_terracotta"},
				"up": {"uv": [7, 7, 9, 9], "rotation": 270, "texture": "#green_terracotta"},
				"down": {"uv": [7, 7, 9, 9], "rotation": 90, "texture": "#green_terracotta"}
			}
		},
		{
			"name": "green_terracotta",
			"from": [5, 28.5, 8.5],
			"to": [5.5, 29, 9],
			"faces": {
				"north": {"uv": [7, 16, 11, 6.5], "texture": "#green_terracotta"},
				"east": {"uv": [7, 16, 11, 6.5], "texture": "#green_terracotta"},
				"south": {"uv": [7, 16, 11, 6.5], "texture": "#green_terracotta"},
				"west": {"uv": [7, 16, 11, 6.5], "texture": "#green_terracotta"},
				"up": {"uv": [7, 7, 9, 9], "rotation": 270, "texture": "#green_terracotta"},
				"down": {"uv": [7, 7, 9, 9], "rotation": 90, "texture": "#green_terracotta"}
			}
		},
		{
			"name": "green_terracotta",
			"from": [7, 18, 7],
			"to": [9, 20.5, 9],
			"faces": {
				"north": {"uv": [7, 16, 11, 6.5], "texture": "#green_terracotta"},
				"east": {"uv": [7, 16, 11, 6.5], "texture": "#green_terracotta"},
				"south": {"uv": [7, 16, 11, 6.5], "texture": "#green_terracotta"},
				"west": {"uv": [7, 16, 11, 6.5], "texture": "#green_terracotta"},
				"up": {"uv": [7, 7, 9, 9], "rotation": 270, "texture": "#green_terracotta"},
				"down": {"uv": [7, 7, 9, 9], "rotation": 90, "texture": "#green_terracotta"}
			}
		},
		{
			"name": "green_terracotta",
			"from": [7, 30.5, 7],
			"to": [9, 31, 9],
			"faces": {
				"north": {"uv": [7, 16, 11, 6.5], "texture": "#green_terracotta"},
				"east": {"uv": [7, 16, 11, 6.5], "texture": "#green_terracotta"},
				"south": {"uv": [7, 16, 11, 6.5], "texture": "#green_terracotta"},
				"west": {"uv": [7, 16, 11, 6.5], "texture": "#green_terracotta"},
				"up": {"uv": [7, 7, 9, 9], "rotation": 270, "texture": "#green_terracotta"},
				"down": {"uv": [7, 7, 9, 9], "rotation": 90, "texture": "#green_terracotta"}
			}
		},
		{
			"name": "Element",
			"from": [3.5, 18, 7],
			"to": [4, 18.5, 9],
			"faces": {
				"north": {"uv": [3, 0, 4, 1], "texture": "#4"},
				"east": {"uv": [3, 0, 4, 1], "texture": "#4"},
				"south": {"uv": [3, 0, 4, 1], "texture": "#4"},
				"west": {"uv": [3, 0, 4, 1], "texture": "#4"},
				"up": {"uv": [3, 0, 4, 1], "texture": "#4"},
				"down": {"uv": [3, 0, 4, 1], "texture": "#4"}
			}
		},
		{
			"name": "Element",
			"from": [12, 14.5, 9],
			"to": [12.5, 18, 9.5],
			"faces": {
				"north": {"uv": [3, 0, 4, 1], "texture": "#4"},
				"east": {"uv": [3, 0, 4, 1], "texture": "#4"},
				"south": {"uv": [3, 0, 4, 1], "texture": "#4"},
				"west": {"uv": [3, 0, 4, 1], "texture": "#4"},
				"up": {"uv": [3, 0, 4, 1], "texture": "#4"},
				"down": {"uv": [3, 0, 4, 1], "texture": "#4"}
			}
		},
		{
			"name": "Element",
			"from": [10, 18, 6.5],
			"to": [12, 18.5, 9.5],
			"faces": {
				"north": {"uv": [5, 2, 6, 3], "texture": "#3"},
				"east": {"uv": [5, 2, 6, 3], "texture": "#3"},
				"south": {"uv": [5, 2, 6, 3], "texture": "#3"},
				"west": {"uv": [5, 2, 6, 3], "texture": "#3"},
				"up": {"uv": [5, 2, 6, 3], "texture": "#3"},
				"down": {"uv": [5, 2, 6, 3], "texture": "#3"}
			}
		},
		{
			"name": "Element",
			"from": [12, 18, 7],
			"to": [12.5, 18.5, 9],
			"faces": {
				"north": {"uv": [3, 0, 4, 1], "texture": "#4"},
				"east": {"uv": [3, 0, 4, 1], "texture": "#4"},
				"south": {"uv": [3, 0, 4, 1], "texture": "#4"},
				"west": {"uv": [3, 0, 4, 1], "texture": "#4"},
				"up": {"uv": [3, 0, 4, 1], "texture": "#4"},
				"down": {"uv": [3, 0, 4, 1], "texture": "#4"}
			}
		},
		{
			"name": "Element",
			"from": [4, 18, 6.5],
			"to": [6, 18.5, 9.5],
			"faces": {
				"north": {"uv": [5, 2, 6, 3], "texture": "#3"},
				"east": {"uv": [5, 2, 6, 3], "texture": "#3"},
				"south": {"uv": [5, 2, 6, 3], "texture": "#3"},
				"west": {"uv": [5, 2, 6, 3], "texture": "#3"},
				"up": {"uv": [5, 2, 6, 3], "texture": "#3"},
				"down": {"uv": [5, 2, 6, 3], "texture": "#3"}
			}
		},
		{
			"name": "Element",
			"from": [7.5, -1.5, 9.5],
			"to": [8.5, 4, 10],
			"faces": {
				"north": {"uv": [5, 2, 6, 3], "texture": "#5"},
				"east": {"uv": [5, 2, 6, 3], "texture": "#5"},
				"south": {"uv": [5, 2, 6, 3], "texture": "#5"},
				"west": {"uv": [5, 2, 6, 3], "texture": "#5"},
				"up": {"uv": [5, 2, 6, 3], "texture": "#5"},
				"down": {"uv": [5, 2, 6, 3], "texture": "#5"}
			}
		},
		{
			"name": "green_terracotta",
			"from": [2.5, 17.5, 7.5],
			"to": [13.5, 18, 8.5],
			"faces": {
				"north": {"uv": [7, 16, 11, 6.5], "texture": "#green_terracotta"},
				"east": {"uv": [7, 16, 11, 6.5], "texture": "#green_terracotta"},
				"south": {"uv": [7, 16, 11, 6.5], "texture": "#green_terracotta"},
				"west": {"uv": [7, 16, 11, 6.5], "texture": "#green_terracotta"},
				"up": {"uv": [7, 7, 9, 9], "rotation": 270, "texture": "#green_terracotta"},
				"down": {"uv": [7, 7, 9, 9], "rotation": 90, "texture": "#green_terracotta"}
			}
		},
		{
			"name": "green_terracotta",
			"from": [3, 17.5, 7.5],
			"to": [3.5, 23, 8],
			"rotation": {"angle": 45, "axis": "z", "origin": [3, 17.5, 7.5]},
			"faces": {
				"north": {"uv": [7, 16, 11, 6.5], "texture": "#particle"},
				"east": {"uv": [7, 16, 11, 6.5], "texture": "#particle"},
				"south": {"uv": [7, 16, 11, 6.5], "texture": "#particle"},
				"west": {"uv": [7, 16, 11, 6.5], "texture": "#particle"},
				"up": {"uv": [7, 7, 9, 9], "rotation": 270, "texture": "#particle"},
				"down": {"uv": [7, 7, 9, 9], "rotation": 90, "texture": "#particle"}
			}
		},
		{
			"name": "Element",
			"from": [11, 11, 6],
			"to": [11.5, 11.5, 6.5],
			"faces": {
				"north": {"uv": [5, 2, 6, 3], "texture": "#4"},
				"east": {"uv": [5, 2, 6, 3], "texture": "#4"},
				"south": {"uv": [5, 2, 6, 3], "texture": "#4"},
				"west": {"uv": [5, 2, 6, 3], "texture": "#4"},
				"up": {"uv": [5, 2, 6, 3], "rotation": 180, "texture": "#4"},
				"down": {"uv": [5, 2, 6, 3], "rotation": 180, "texture": "#4"}
			}
		},
		{
			"name": "Element",
			"from": [9.5, 11.5, 6],
			"to": [10, 12, 6.5],
			"faces": {
				"north": {"uv": [5, 2, 6, 3], "texture": "#4"},
				"east": {"uv": [5, 2, 6, 3], "texture": "#4"},
				"south": {"uv": [5, 2, 6, 3], "texture": "#4"},
				"west": {"uv": [5, 2, 6, 3], "texture": "#4"},
				"up": {"uv": [5, 2, 6, 3], "rotation": 180, "texture": "#4"},
				"down": {"uv": [5, 2, 6, 3], "rotation": 180, "texture": "#4"}
			}
		},
		{
			"name": "Element",
			"from": [6, 11.5, 6],
			"to": [6.5, 12, 6.5],
			"faces": {
				"north": {"uv": [5, 2, 6, 3], "texture": "#4"},
				"east": {"uv": [5, 2, 6, 3], "texture": "#4"},
				"south": {"uv": [5, 2, 6, 3], "texture": "#4"},
				"west": {"uv": [5, 2, 6, 3], "texture": "#4"},
				"up": {"uv": [5, 2, 6, 3], "rotation": 180, "texture": "#4"},
				"down": {"uv": [5, 2, 6, 3], "rotation": 180, "texture": "#4"}
			}
		},
		{
			"name": "Element",
			"from": [4.5, 11, 6],
			"to": [5, 11.5, 6.5],
			"faces": {
				"north": {"uv": [5, 2, 6, 3], "texture": "#4"},
				"east": {"uv": [5, 2, 6, 3], "texture": "#4"},
				"south": {"uv": [5, 2, 6, 3], "texture": "#4"},
				"west": {"uv": [5, 2, 6, 3], "texture": "#4"},
				"up": {"uv": [5, 2, 6, 3], "rotation": 180, "texture": "#4"},
				"down": {"uv": [5, 2, 6, 3], "rotation": 180, "texture": "#4"}
			}
		},
		{
			"name": "Element",
			"from": [-1, 17.2, 7.5],
			"to": [0.5, 17.7, 8],
			"rotation": {"angle": 45, "axis": "z", "origin": [-1, 17.2, 7.5]},
			"faces": {
				"north": {"uv": [5, 2, 6, 3], "texture": "#5"},
				"east": {"uv": [5, 2, 6, 3], "texture": "#5"},
				"south": {"uv": [5, 2, 6, 3], "texture": "#5"},
				"west": {"uv": [5, 2, 6, 3], "texture": "#5"},
				"up": {"uv": [5, 2, 6, 3], "texture": "#5"},
				"down": {"uv": [5, 2, 6, 3], "texture": "#5"}
			}
		},
		{
			"name": "Element",
			"from": [0.5, 17.7, 7.5],
			"to": [2, 18.2, 8],
			"rotation": {"angle": 45, "axis": "z", "origin": [-1, 17.2, 7.5]},
			"faces": {
				"north": {"uv": [5, 2, 6, 3], "texture": "#5"},
				"east": {"uv": [5, 2, 6, 3], "texture": "#5"},
				"south": {"uv": [5, 2, 6, 3], "texture": "#5"},
				"west": {"uv": [5, 2, 6, 3], "texture": "#5"},
				"up": {"uv": [5, 2, 6, 3], "texture": "#5"},
				"down": {"uv": [5, 2, 6, 3], "texture": "#5"}
			}
		},
		{
			"name": "Element",
			"from": [0.5, 18.2, 7.5],
			"to": [2, 18.7, 8],
			"rotation": {"angle": 45, "axis": "z", "origin": [-1, 17.2, 7.5]},
			"faces": {
				"north": {"uv": [5, 2, 6, 3], "texture": "#4"},
				"east": {"uv": [5, 2, 6, 3], "texture": "#4"},
				"south": {"uv": [5, 2, 6, 3], "texture": "#4"},
				"west": {"uv": [5, 2, 6, 3], "texture": "#4"},
				"up": {"uv": [5, 2, 6, 3], "texture": "#4"},
				"down": {"uv": [5, 2, 6, 3], "texture": "#4"}
			}
		},
		{
			"name": "Element",
			"from": [-1, 17.7, 7.5],
			"to": [0.5, 18.2, 8],
			"rotation": {"angle": 45, "axis": "z", "origin": [-1, 17.2, 7.5]},
			"faces": {
				"north": {"uv": [5, 2, 6, 3], "texture": "#4"},
				"east": {"uv": [5, 2, 6, 3], "texture": "#4"},
				"south": {"uv": [5, 2, 6, 3], "texture": "#4"},
				"west": {"uv": [5, 2, 6, 3], "texture": "#4"},
				"up": {"uv": [5, 2, 6, 3], "texture": "#4"},
				"down": {"uv": [5, 2, 6, 3], "texture": "#4"}
			}
		},
		{
			"name": "Element",
			"from": [0.5, 18.7, 7.5],
			"to": [2, 19.7, 8],
			"rotation": {"angle": 45, "axis": "z", "origin": [-1, 17.2, 7.5]},
			"faces": {
				"north": {"uv": [5, 2, 6, 3], "texture": "#3"},
				"east": {"uv": [5, 2, 6, 3], "texture": "#3"},
				"south": {"uv": [5, 2, 6, 3], "texture": "#3"},
				"west": {"uv": [5, 2, 6, 3], "texture": "#3"},
				"up": {"uv": [5, 2, 6, 3], "texture": "#3"},
				"down": {"uv": [5, 2, 6, 3], "texture": "#3"}
			}
		},
		{
			"name": "Element",
			"from": [-1, 18.7, 7.5],
			"to": [0.5, 19.2, 8],
			"rotation": {"angle": 45, "axis": "z", "origin": [-1, 17.2, 7.5]},
			"faces": {
				"north": {"uv": [5, 2, 6, 3], "texture": "#4"},
				"east": {"uv": [5, 2, 6, 3], "texture": "#4"},
				"south": {"uv": [5, 2, 6, 3], "texture": "#4"},
				"west": {"uv": [5, 2, 6, 3], "texture": "#4"},
				"up": {"uv": [5, 2, 6, 3], "texture": "#4"},
				"down": {"uv": [5, 2, 6, 3], "texture": "#4"}
			}
		},
		{
			"name": "Element",
			"from": [-1, 18.2, 7.5],
			"to": [0.5, 18.7, 8],
			"rotation": {"angle": 45, "axis": "z", "origin": [-1, 17.2, 7.5]},
			"faces": {
				"north": {"uv": [5, 2, 6, 3], "texture": "#5"},
				"east": {"uv": [5, 2, 6, 3], "texture": "#5"},
				"south": {"uv": [5, 2, 6, 3], "texture": "#5"},
				"west": {"uv": [5, 2, 6, 3], "texture": "#5"},
				"up": {"uv": [5, 2, 6, 3], "texture": "#5"},
				"down": {"uv": [5, 2, 6, 3], "texture": "#5"}
			}
		},
		{
			"name": "Element",
			"from": [15.5, 17.2, 8],
			"to": [17, 17.7, 8.5],
			"rotation": {"angle": -45, "axis": "z", "origin": [17, 17.2, 8.5]},
			"faces": {
				"north": {"uv": [5, 2, 6, 3], "texture": "#5"},
				"east": {"uv": [5, 2, 6, 3], "texture": "#5"},
				"south": {"uv": [5, 2, 6, 3], "texture": "#5"},
				"west": {"uv": [5, 2, 6, 3], "texture": "#5"},
				"up": {"uv": [5, 2, 6, 3], "rotation": 180, "texture": "#5"},
				"down": {"uv": [5, 2, 6, 3], "rotation": 180, "texture": "#5"}
			}
		},
		{
			"name": "Element",
			"from": [15.5, 17.7, 8],
			"to": [17, 18.2, 8.5],
			"rotation": {"angle": -45, "axis": "z", "origin": [17, 17.2, 8.5]},
			"faces": {
				"north": {"uv": [5, 2, 6, 3], "texture": "#4"},
				"east": {"uv": [5, 2, 6, 3], "texture": "#4"},
				"south": {"uv": [5, 2, 6, 3], "texture": "#4"},
				"west": {"uv": [5, 2, 6, 3], "texture": "#4"},
				"up": {"uv": [5, 2, 6, 3], "rotation": 180, "texture": "#4"},
				"down": {"uv": [5, 2, 6, 3], "rotation": 180, "texture": "#4"}
			}
		},
		{
			"name": "Element",
			"from": [15.5, 18.2, 8],
			"to": [17, 18.7, 8.5],
			"rotation": {"angle": -45, "axis": "z", "origin": [17, 17.2, 8.5]},
			"faces": {
				"north": {"uv": [5, 2, 6, 3], "texture": "#5"},
				"east": {"uv": [5, 2, 6, 3], "texture": "#5"},
				"south": {"uv": [5, 2, 6, 3], "texture": "#5"},
				"west": {"uv": [5, 2, 6, 3], "texture": "#5"},
				"up": {"uv": [5, 2, 6, 3], "rotation": 180, "texture": "#5"},
				"down": {"uv": [5, 2, 6, 3], "rotation": 180, "texture": "#5"}
			}
		},
		{
			"name": "Element",
			"from": [14, 18.7, 8],
			"to": [15.5, 19.7, 8.5],
			"rotation": {"angle": -45, "axis": "z", "origin": [17, 17.2, 8.5]},
			"faces": {
				"north": {"uv": [5, 2, 6, 3], "texture": "#3"},
				"east": {"uv": [5, 2, 6, 3], "texture": "#3"},
				"south": {"uv": [5, 2, 6, 3], "texture": "#3"},
				"west": {"uv": [5, 2, 6, 3], "texture": "#3"},
				"up": {"uv": [5, 2, 6, 3], "rotation": 180, "texture": "#3"},
				"down": {"uv": [5, 2, 6, 3], "rotation": 180, "texture": "#3"}
			}
		},
		{
			"name": "Element",
			"from": [14, 18.2, 8],
			"to": [15.5, 18.7, 8.5],
			"rotation": {"angle": -45, "axis": "z", "origin": [17, 17.2, 8.5]},
			"faces": {
				"north": {"uv": [5, 2, 6, 3], "texture": "#4"},
				"east": {"uv": [5, 2, 6, 3], "texture": "#4"},
				"south": {"uv": [5, 2, 6, 3], "texture": "#4"},
				"west": {"uv": [5, 2, 6, 3], "texture": "#4"},
				"up": {"uv": [5, 2, 6, 3], "rotation": 180, "texture": "#4"},
				"down": {"uv": [5, 2, 6, 3], "rotation": 180, "texture": "#4"}
			}
		},
		{
			"name": "Element",
			"from": [14, 17.7, 8],
			"to": [15.5, 18.2, 8.5],
			"rotation": {"angle": -45, "axis": "z", "origin": [17, 17.2, 8.5]},
			"faces": {
				"north": {"uv": [5, 2, 6, 3], "texture": "#5"},
				"east": {"uv": [5, 2, 6, 3], "texture": "#5"},
				"south": {"uv": [5, 2, 6, 3], "texture": "#5"},
				"west": {"uv": [5, 2, 6, 3], "texture": "#5"},
				"up": {"uv": [5, 2, 6, 3], "rotation": 180, "texture": "#5"},
				"down": {"uv": [5, 2, 6, 3], "rotation": 180, "texture": "#5"}
			}
		},
		{
			"name": "Element",
			"from": [15.5, 18.7, 8],
			"to": [17, 19.2, 8.5],
			"rotation": {"angle": -45, "axis": "z", "origin": [17, 17.2, 8.5]},
			"faces": {
				"north": {"uv": [5, 2, 6, 3], "texture": "#4"},
				"east": {"uv": [5, 2, 6, 3], "texture": "#4"},
				"south": {"uv": [5, 2, 6, 3], "texture": "#4"},
				"west": {"uv": [5, 2, 6, 3], "texture": "#4"},
				"up": {"uv": [5, 2, 6, 3], "rotation": 180, "texture": "#4"},
				"down": {"uv": [5, 2, 6, 3], "rotation": 180, "texture": "#4"}
			}
		},
		{
			"name": "Element",
			"from": [11, 11, 9.5],
			"to": [11.5, 11.5, 10],
			"faces": {
				"north": {"uv": [5, 2, 6, 3], "texture": "#4"},
				"east": {"uv": [5, 2, 6, 3], "texture": "#4"},
				"south": {"uv": [5, 2, 6, 3], "texture": "#4"},
				"west": {"uv": [5, 2, 6, 3], "texture": "#4"},
				"up": {"uv": [5, 2, 6, 3], "rotation": 180, "texture": "#4"},
				"down": {"uv": [5, 2, 6, 3], "rotation": 180, "texture": "#4"}
			}
		},
		{
			"name": "Element",
			"from": [9.5, 11.5, 9.5],
			"to": [10, 12, 10],
			"faces": {
				"north": {"uv": [5, 2, 6, 3], "texture": "#4"},
				"east": {"uv": [5, 2, 6, 3], "texture": "#4"},
				"south": {"uv": [5, 2, 6, 3], "texture": "#4"},
				"west": {"uv": [5, 2, 6, 3], "texture": "#4"},
				"up": {"uv": [5, 2, 6, 3], "rotation": 180, "texture": "#4"},
				"down": {"uv": [5, 2, 6, 3], "rotation": 180, "texture": "#4"}
			}
		},
		{
			"name": "Element",
			"from": [6, 11.5, 9.5],
			"to": [6.5, 12, 10],
			"faces": {
				"north": {"uv": [5, 2, 6, 3], "texture": "#4"},
				"east": {"uv": [5, 2, 6, 3], "texture": "#4"},
				"south": {"uv": [5, 2, 6, 3], "texture": "#4"},
				"west": {"uv": [5, 2, 6, 3], "texture": "#4"},
				"up": {"uv": [5, 2, 6, 3], "rotation": 180, "texture": "#4"},
				"down": {"uv": [5, 2, 6, 3], "rotation": 180, "texture": "#4"}
			}
		},
		{
			"name": "Element",
			"from": [4.5, 11, 9.5],
			"to": [5, 11.5, 10],
			"faces": {
				"north": {"uv": [5, 2, 6, 3], "texture": "#4"},
				"east": {"uv": [5, 2, 6, 3], "texture": "#4"},
				"south": {"uv": [5, 2, 6, 3], "texture": "#4"},
				"west": {"uv": [5, 2, 6, 3], "texture": "#4"},
				"up": {"uv": [5, 2, 6, 3], "rotation": 180, "texture": "#4"},
				"down": {"uv": [5, 2, 6, 3], "rotation": 180, "texture": "#4"}
			}
		},
		{
			"name": "green_terracotta",
			"from": [7, 14, 5.5],
			"to": [9, 16, 6],
			"faces": {
				"north": {"uv": [7, 0, 9, 2], "texture": "#5"},
				"east": {"uv": [10, 0, 10.5, 2], "texture": "#5"},
				"south": {"uv": [7, 0, 9, 2], "texture": "#5"},
				"west": {"uv": [5.5, 0, 6, 2], "texture": "#5"},
				"up": {"uv": [7, 5.5, 9, 6], "texture": "#5"},
				"down": {"uv": [7, 10, 9, 10.5], "texture": "#5"}
			}
		},
		{
			"name": "green_terracotta",
			"from": [8.5, 16.5, 5.5],
			"to": [9, 17, 6],
			"faces": {
				"north": {"uv": [7, 15, 7.5, 15.5], "texture": "#5"},
				"east": {"uv": [10, 15, 10.5, 15.5], "texture": "#5"},
				"south": {"uv": [8.5, 15, 9, 15.5], "texture": "#5"},
				"west": {"uv": [5.5, 15, 6, 15.5], "texture": "#5"},
				"up": {"uv": [8.5, 5.5, 9, 6], "texture": "#5"},
				"down": {"uv": [8.5, 10, 9, 10.5], "texture": "#5"}
			}
		},
		{
			"name": "green_terracotta",
			"from": [9.5, 15.5, 5.5],
			"to": [10, 16, 6],
			"faces": {
				"north": {"uv": [6, 0, 6.5, 0.5], "texture": "#5"},
				"east": {"uv": [10, 0, 10.5, 0.5], "texture": "#5"},
				"south": {"uv": [9.5, 0, 10, 0.5], "texture": "#5"},
				"west": {"uv": [5.5, 0, 6, 0.5], "texture": "#5"},
				"up": {"uv": [9.5, 5.5, 10, 6], "texture": "#5"},
				"down": {"uv": [9.5, 10, 10, 10.5], "texture": "#5"}
			}
		},
		{
			"name": "green_terracotta",
			"from": [7, 16.5, 5.5],
			"to": [7.5, 17, 6],
			"faces": {
				"north": {"uv": [8.5, 15, 9, 15.5], "texture": "#5"},
				"east": {"uv": [10, 15, 10.5, 15.5], "texture": "#5"},
				"south": {"uv": [7, 15, 7.5, 15.5], "texture": "#5"},
				"west": {"uv": [5.5, 15, 6, 15.5], "texture": "#5"},
				"up": {"uv": [7, 5.5, 7.5, 6], "texture": "#5"},
				"down": {"uv": [7, 10, 7.5, 10.5], "texture": "#5"}
			}
		},
		{
			"name": "green_terracotta",
			"from": [6, 15.5, 5.5],
			"to": [6.5, 16, 6],
			"faces": {
				"north": {"uv": [9.5, 0, 10, 0.5], "texture": "#5"},
				"east": {"uv": [10, 0, 10.5, 0.5], "texture": "#5"},
				"south": {"uv": [6, 0, 6.5, 0.5], "texture": "#5"},
				"west": {"uv": [5.5, 0, 6, 0.5], "texture": "#5"},
				"up": {"uv": [6, 5.5, 6.5, 6], "texture": "#5"},
				"down": {"uv": [6, 10, 6.5, 10.5], "texture": "#5"}
			}
		},
		{
			"name": "green_terracotta",
			"from": [6, 14, 5.5],
			"to": [6.5, 14.5, 6],
			"faces": {
				"north": {"uv": [9.5, 1.5, 10, 2], "texture": "#5"},
				"east": {"uv": [10, 1.5, 10.5, 2], "texture": "#5"},
				"south": {"uv": [6, 1.5, 6.5, 2], "texture": "#5"},
				"west": {"uv": [5.5, 1.5, 6, 2], "texture": "#5"},
				"up": {"uv": [6, 5.5, 6.5, 6], "texture": "#5"},
				"down": {"uv": [6, 10, 6.5, 10.5], "texture": "#5"}
			}
		},
		{
			"name": "green_terracotta",
			"from": [9.5, 14, 5.5],
			"to": [10, 14.5, 6],
			"faces": {
				"north": {"uv": [6, 1.5, 6.5, 2], "texture": "#5"},
				"east": {"uv": [10, 1.5, 10.5, 2], "texture": "#5"},
				"south": {"uv": [9.5, 1.5, 10, 2], "texture": "#5"},
				"west": {"uv": [5.5, 1.5, 6, 2], "texture": "#5"},
				"up": {"uv": [9.5, 5.5, 10, 6], "texture": "#5"},
				"down": {"uv": [9.5, 10, 10, 10.5], "texture": "#5"}
			}
		},
		{
			"name": "green_terracotta",
			"from": [8.5, 13, 5.5],
			"to": [9, 13.5, 6],
			"faces": {
				"north": {"uv": [7, 2.5, 7.5, 3], "texture": "#5"},
				"east": {"uv": [10, 2.5, 10.5, 3], "texture": "#5"},
				"south": {"uv": [8.5, 2.5, 9, 3], "texture": "#5"},
				"west": {"uv": [5.5, 2.5, 6, 3], "texture": "#5"},
				"up": {"uv": [8.5, 5.5, 9, 6], "texture": "#5"},
				"down": {"uv": [8.5, 10, 9, 10.5], "texture": "#5"}
			}
		},
		{
			"name": "green_terracotta",
			"from": [7, 13, 5.5],
			"to": [7.5, 13.5, 6],
			"faces": {
				"north": {"uv": [8.5, 2.5, 9, 3], "texture": "#5"},
				"east": {"uv": [10, 2.5, 10.5, 3], "texture": "#5"},
				"south": {"uv": [7, 2.5, 7.5, 3], "texture": "#5"},
				"west": {"uv": [5.5, 2.5, 6, 3], "texture": "#5"},
				"up": {"uv": [7, 5.5, 7.5, 6], "texture": "#5"},
				"down": {"uv": [7, 10, 7.5, 10.5], "texture": "#5"}
			}
		},
		{
			"name": "green_terracotta",
			"from": [7, 13, 10],
			"to": [7.5, 13.5, 10.5],
			"faces": {
				"north": {"uv": [8.5, 2.5, 9, 3], "texture": "#5"},
				"east": {"uv": [5.5, 2.5, 6, 3], "texture": "#5"},
				"south": {"uv": [7, 2.5, 7.5, 3], "texture": "#5"},
				"west": {"uv": [10, 2.5, 10.5, 3], "texture": "#5"},
				"up": {"uv": [7, 10, 7.5, 10.5], "texture": "#5"},
				"down": {"uv": [7, 5.5, 7.5, 6], "texture": "#5"}
			}
		},
		{
			"name": "green_terracotta",
			"from": [6, 14, 10],
			"to": [6.5, 14.5, 10.5],
			"faces": {
				"north": {"uv": [9.5, 1.5, 10, 2], "texture": "#5"},
				"east": {"uv": [10, 1.5, 10.5, 2], "texture": "#5"},
				"south": {"uv": [6, 1.5, 6.5, 2], "texture": "#5"},
				"west": {"uv": [5.5, 1.5, 6, 2], "texture": "#5"},
				"up": {"uv": [6, 5.5, 6.5, 6], "texture": "#5"},
				"down": {"uv": [6, 10, 6.5, 10.5], "texture": "#5"}
			}
		},
		{
			"name": "green_terracotta",
			"from": [7, 14, 10],
			"to": [9, 16, 10.5],
			"faces": {
				"north": {"uv": [7, 0, 9, 2], "texture": "#5"},
				"east": {"uv": [10, 0, 10.5, 2], "texture": "#5"},
				"south": {"uv": [7, 0, 9, 2], "texture": "#5"},
				"west": {"uv": [5.5, 0, 6, 2], "texture": "#5"},
				"up": {"uv": [7, 5.5, 9, 6], "texture": "#5"},
				"down": {"uv": [7, 10, 9, 10.5], "texture": "#5"}
			}
		},
		{
			"name": "green_terracotta",
			"from": [6, 15.5, 10],
			"to": [6.5, 16, 10.5],
			"faces": {
				"north": {"uv": [9.5, 0, 10, 0.5], "texture": "#5"},
				"east": {"uv": [10, 0, 10.5, 0.5], "texture": "#5"},
				"south": {"uv": [6, 0, 6.5, 0.5], "texture": "#5"},
				"west": {"uv": [5.5, 0, 6, 0.5], "texture": "#5"},
				"up": {"uv": [6, 5.5, 6.5, 6], "texture": "#5"},
				"down": {"uv": [6, 10, 6.5, 10.5], "texture": "#5"}
			}
		},
		{
			"name": "green_terracotta",
			"from": [7, 16.5, 10],
			"to": [7.5, 17, 10.5],
			"faces": {
				"north": {"uv": [8.5, 15, 9, 15.5], "texture": "#5"},
				"east": {"uv": [10, 15, 10.5, 15.5], "texture": "#5"},
				"south": {"uv": [7, 15, 7.5, 15.5], "texture": "#5"},
				"west": {"uv": [5.5, 15, 6, 15.5], "texture": "#5"},
				"up": {"uv": [7, 5.5, 7.5, 6], "texture": "#5"},
				"down": {"uv": [7, 10, 7.5, 10.5], "texture": "#5"}
			}
		},
		{
			"name": "green_terracotta",
			"from": [8.5, 16.5, 10],
			"to": [9, 17, 10.5],
			"faces": {
				"north": {"uv": [7, 15, 7.5, 15.5], "texture": "#5"},
				"east": {"uv": [10, 15, 10.5, 15.5], "texture": "#5"},
				"south": {"uv": [8.5, 15, 9, 15.5], "texture": "#5"},
				"west": {"uv": [5.5, 15, 6, 15.5], "texture": "#5"},
				"up": {"uv": [8.5, 5.5, 9, 6], "texture": "#5"},
				"down": {"uv": [8.5, 10, 9, 10.5], "texture": "#5"}
			}
		},
		{
			"name": "green_terracotta",
			"from": [9.5, 15.5, 10],
			"to": [10, 16, 10.5],
			"faces": {
				"north": {"uv": [6, 0, 6.5, 0.5], "texture": "#5"},
				"east": {"uv": [10, 0, 10.5, 0.5], "texture": "#5"},
				"south": {"uv": [9.5, 0, 10, 0.5], "texture": "#5"},
				"west": {"uv": [5.5, 0, 6, 0.5], "texture": "#5"},
				"up": {"uv": [9.5, 5.5, 10, 6], "texture": "#5"},
				"down": {"uv": [9.5, 10, 10, 10.5], "texture": "#5"}
			}
		},
		{
			"name": "green_terracotta",
			"from": [9.5, 14, 10],
			"to": [10, 14.5, 10.5],
			"faces": {
				"north": {"uv": [6, 1.5, 6.5, 2], "texture": "#5"},
				"east": {"uv": [10, 1.5, 10.5, 2], "texture": "#5"},
				"south": {"uv": [9.5, 1.5, 10, 2], "texture": "#5"},
				"west": {"uv": [5.5, 1.5, 6, 2], "texture": "#5"},
				"up": {"uv": [9.5, 5.5, 10, 6], "texture": "#5"},
				"down": {"uv": [9.5, 10, 10, 10.5], "texture": "#5"}
			}
		},
		{
			"name": "green_terracotta",
			"from": [8.5, 13, 10],
			"to": [9, 13.5, 10.5],
			"faces": {
				"north": {"uv": [7, 2.5, 7.5, 3], "texture": "#5"},
				"east": {"uv": [10, 2.5, 10.5, 3], "texture": "#5"},
				"south": {"uv": [8.5, 2.5, 9, 3], "texture": "#5"},
				"west": {"uv": [5.5, 2.5, 6, 3], "texture": "#5"},
				"up": {"uv": [8.5, 5.5, 9, 6], "texture": "#5"},
				"down": {"uv": [8.5, 10, 9, 10.5], "texture": "#5"}
			}
		}
	],
	"display": {
		"thirdperson_righthand": {
			"rotation": [0, 180, 0],
			"scale": [0.4086, 0.4086, 0.4086]
		},
		"thirdperson_lefthand": {
			"scale": [0.4086, 0.4086, 0.4086]
		},
		"firstperson_righthand": {
			"translation": [0, 4.1739, 0],
			"scale": [0.2695, 0.2695, 0.2695]
		},
		"firstperson_lefthand": {
			"translation": [0, 4.1739, 0],
			"scale": [0.2695, 0.2695, 0.2695]
		},
		"ground": {
			"rotation": [90, 0, 90]
		},
		"gui": {
			"translation": [0, 0.0069, 0],
			"scale": [0.3042, 0.3042, 0.3042]
		},
		"head": {
			"rotation": [0, 180, 0],
			"translation": [0, 20.884, 0],
			"scale": [2.7822, 2.7822, 2.7822]
		},
		"fixed": {
			"rotation": [0, 180, 0],
			"translation": [0, 0, 0.0003],
			"scale": [0.3739, 0.3739, 0.3739]
		}
	}
}
