{
	"credit": "Made by _Kastle with Blockbench. Message Kastle#4801 on Discord for inquiries. If you recieved this model from someone other than myself without context, it was probably stolen.",
	"textures": {
		"3": "block/brown_wool",
		"4": "block/white_wool",
		"5": "block/red_wool",
		"6": "custom/club33_ears_blue"
	},
	"elements": [
		{
			"name": "Element",
			"from": [7, 11, 6.5],
			"to": [8, 12, 9.5],
			"faces": {
				"north": {"uv": [0, 0, 0.5, 0.5], "texture": "#5"},
				"east": {"uv": [0, 0, 3, 0.5], "texture": "#5"},
				"south": {"uv": [0, 0, 0.5, 0.5], "texture": "#5"},
				"west": {"uv": [0, 0, 3, 0.5], "texture": "#5"},
				"up": {"uv": [0, 0, 0.5, 3], "texture": "#5"},
				"down": {"uv": [0, 0, 0.5, 3], "texture": "#5"}
			}
		},
		{
			"name": "Element",
			"from": [7, 12, 5.5],
			"to": [8, 14, 10.5],
			"faces": {
				"north": {"uv": [0, 0, 0.5, 1], "texture": "#5"},
				"east": {"uv": [0, 0, 4, 1], "texture": "#5"},
				"south": {"uv": [0, 0, 0.5, 1], "texture": "#5"},
				"west": {"uv": [0, 0, 4, 1], "texture": "#5"},
				"up": {"uv": [0, 0, 0.5, 4], "texture": "#5"},
				"down": {"uv": [0, 0, 0.5, 4], "texture": "#5"}
			}
		},
		{
			"name": "Element",
			"from": [7, 8, -1],
			"to": [8, 14, 0],
			"faces": {
				"north": {"uv": [0, 0, 0.5, 1.5], "texture": "#4"},
				"east": {"uv": [0, 0, 2, 1.5], "texture": "#4"},
				"south": {"uv": [0, 0, 0.5, 1.5], "texture": "#4"},
				"west": {"uv": [0, 0, 2, 1.5], "texture": "#4"},
				"up": {"uv": [0, 0, 0.5, 2], "texture": "#4"},
				"down": {"uv": [0, 0, 0.5, 2], "texture": "#4"}
			}
		},
		{
			"name": "Element",
			"from": [7, 5, 4],
			"to": [8, 6, 12],
			"faces": {
				"north": {"uv": [0, 0, 0.5, 2], "texture": "#4"},
				"east": {"uv": [0, 0, 2, 2], "texture": "#4"},
				"south": {"uv": [0, 0, 0.5, 2], "texture": "#4"},
				"west": {"uv": [0, 0, 2, 2], "texture": "#4"},
				"up": {"uv": [0, 0, 0.5, 2], "texture": "#4"},
				"down": {"uv": [0, 0, 0.5, 2], "texture": "#4"}
			}
		},
		{
			"name": "Element",
			"from": [7, 7, 16],
			"to": [8, 8, 18],
			"faces": {
				"north": {"uv": [0, 0, 0.5, 0.5], "texture": "#5"},
				"east": {"uv": [0, 0, 3, 0.5], "texture": "#5"},
				"south": {"uv": [0, 0, 0.5, 0.5], "texture": "#5"},
				"west": {"uv": [0, 0, 3, 0.5], "texture": "#5"},
				"up": {"uv": [0, 0, 0.5, 3], "texture": "#5"},
				"down": {"uv": [0, 0, 0.5, 3], "texture": "#5"}
			}
		},
		{
			"name": "Element",
			"from": [7, 6, 14],
			"to": [8, 7, 18],
			"faces": {
				"north": {"uv": [0, 0, 0.5, 0.5], "texture": "#5"},
				"east": {"uv": [0, 0, 4, 0.5], "texture": "#5"},
				"south": {"uv": [0, 0, 0.5, 0.5], "texture": "#5"},
				"west": {"uv": [0, 0, 4, 0.5], "texture": "#5"},
				"up": {"uv": [0, 0, 0.5, 4], "texture": "#5"},
				"down": {"uv": [0, 0, 0.5, 4], "texture": "#5"}
			}
		},
		{
			"name": "Element",
			"from": [7, 5, 12],
			"to": [8, 6, 17],
			"faces": {
				"north": {"uv": [0, 0, 0.5, 0.5], "texture": "#5"},
				"east": {"uv": [0, 0, 5, 1], "texture": "#5"},
				"south": {"uv": [0, 0, 0.5, 0.5], "texture": "#5"},
				"west": {"uv": [0, 0, 5, 1], "texture": "#5"},
				"up": {"uv": [0, 0, 0.5, 9], "texture": "#5"},
				"down": {"uv": [0, 0, 0.5, 9], "texture": "#5"}
			}
		},
		{
			"name": "Element",
			"from": [7, 4, 0],
			"to": [8, 5, 16],
			"faces": {
				"north": {"uv": [0, 0, 0.5, 0.5], "texture": "#5"},
				"east": {"uv": [0, 0, 8, 0.5], "texture": "#5"},
				"south": {"uv": [0, 0, 0.5, 0.5], "texture": "#5"},
				"west": {"uv": [0, 0, 8, 0.5], "texture": "#5"},
				"up": {"uv": [0, 0, 0.5, 8], "texture": "#5"},
				"down": {"uv": [0, 0, 0.5, 8], "texture": "#5"}
			}
		},
		{
			"name": "Element",
			"from": [7, 3, 2],
			"to": [8, 4, 14],
			"faces": {
				"north": {"uv": [0, 0, 0.5, 0.5], "texture": "#5"},
				"east": {"uv": [0, 0, 6, 0.5], "texture": "#5"},
				"south": {"uv": [0, 0, 0.5, 0.5], "texture": "#5"},
				"west": {"uv": [0, 0, 6, 0.5], "texture": "#5"},
				"up": {"uv": [0, 0, 0.5, 6], "texture": "#5"},
				"down": {"uv": [0, 0, 0.5, 6], "texture": "#5"}
			}
		},
		{
			"name": "Element",
			"from": [7, 2, 4],
			"to": [8, 3, 12],
			"faces": {
				"north": {"uv": [0, 0, 0.5, 0.5], "texture": "#5"},
				"east": {"uv": [0, 0, 4, 0.5], "texture": "#5"},
				"south": {"uv": [0, 0, 0.5, 0.5], "texture": "#5"},
				"west": {"uv": [0, 0, 4, 0.5], "texture": "#5"},
				"up": {"uv": [0, 0, 0.5, 4], "texture": "#5"},
				"down": {"uv": [0, 0, 0.5, 4], "texture": "#5"}
			}
		},
		{
			"name": "Element",
			"from": [8, 12, -3],
			"to": [9, 13, 19],
			"faces": {
				"north": {"uv": [0, 0, 0.5, 0.5], "texture": "#3"},
				"east": {"uv": [0, 0, 11, 0.5], "texture": "#3"},
				"south": {"uv": [0, 0, 0.5, 0.5], "texture": "#3"},
				"west": {"uv": [0, 0, 11, 0.5], "texture": "#3"},
				"up": {"uv": [0, 0, 0.5, 11], "texture": "#3"},
				"down": {"uv": [0, 0, 0.5, 11], "texture": "#3"}
			}
		},
		{
			"name": "Element",
			"from": [7, 8, 17],
			"to": [8, 10, 19],
			"faces": {
				"north": {"uv": [0, 0, 0.5, 1], "texture": "#5"},
				"east": {"uv": [0, 0, 2, 1], "texture": "#5"},
				"south": {"uv": [0, 0, 0.5, 1], "texture": "#5"},
				"west": {"uv": [0, 0, 2, 1], "texture": "#5"},
				"up": {"uv": [0, 0, 0.5, 2], "texture": "#5"},
				"down": {"uv": [0, 0, 0.5, 2], "texture": "#5"}
			}
		},
		{
			"name": "Element",
			"from": [7, 10, 18],
			"to": [8, 14, 20],
			"faces": {
				"north": {"uv": [0, 0, 0.5, 2], "texture": "#5"},
				"east": {"uv": [0, 0, 2, 2], "texture": "#5"},
				"south": {"uv": [0, 0, 0.5, 2], "texture": "#5"},
				"west": {"uv": [0, 0, 2, 2], "texture": "#5"},
				"up": {"uv": [0, 0, 0.5, 2], "texture": "#5"},
				"down": {"uv": [0, 0, 0.5, 2], "texture": "#5"}
			}
		},
		{
			"name": "Element",
			"from": [7, 10, 16],
			"to": [8, 14, 18],
			"faces": {
				"north": {"uv": [0, 0, 0.5, 2], "texture": "#4"},
				"east": {"uv": [0, 0, 2, 2], "texture": "#4"},
				"south": {"uv": [0, 0, 0.5, 2], "texture": "#4"},
				"west": {"uv": [0, 0, 2, 2], "texture": "#4"},
				"up": {"uv": [0, 0, 0.5, 2], "texture": "#4"},
				"down": {"uv": [0, 0, 0.5, 2], "texture": "#4"}
			}
		},
		{
			"name": "Element",
			"from": [7, 7, 14],
			"to": [8, 9, 16],
			"faces": {
				"north": {"uv": [0, 0, 0.5, 0.5], "texture": "#4"},
				"east": {"uv": [0, 0, 0.5, 0.5], "texture": "#4"},
				"south": {"uv": [0, 0, 0.5, 0.5], "texture": "#4"},
				"west": {"uv": [0, 0, 0.5, 0.5], "texture": "#4"},
				"up": {"uv": [0, 0, 0.5, 0.5], "texture": "#4"},
				"down": {"uv": [0, 0, 0.5, 0.5], "texture": "#4"}
			}
		},
		{
			"name": "Element",
			"from": [7, 6, 11.5],
			"to": [8, 8, 14],
			"faces": {
				"north": {"uv": [0, 0, 0.5, 0.5], "texture": "#4"},
				"east": {"uv": [0, 0, 0.5, 0.5], "texture": "#4"},
				"south": {"uv": [0, 0, 0.5, 0.5], "texture": "#4"},
				"west": {"uv": [0, 0, 0.5, 0.5], "texture": "#4"},
				"up": {"uv": [0, 0, 0.5, 0.5], "texture": "#4"},
				"down": {"uv": [0, 0, 0.5, 0.5], "texture": "#4"}
			}
		},
		{
			"name": "Element",
			"from": [7, 5, -1],
			"to": [8, 6, 4],
			"faces": {
				"north": {"uv": [0, 0, 0.5, 0.5], "texture": "#5"},
				"east": {"uv": [0, 0, 5, 1], "texture": "#5"},
				"south": {"uv": [0, 0, 0.5, 0.5], "texture": "#5"},
				"west": {"uv": [0, 0, 5, 1], "texture": "#5"},
				"up": {"uv": [0, 0, 0.5, 9], "texture": "#5"},
				"down": {"uv": [0, 0, 0.5, 9], "texture": "#5"}
			}
		},
		{
			"name": "Element",
			"from": [7, 6, 2],
			"to": [8, 8, 4.5],
			"faces": {
				"north": {"uv": [0, 0, 0.5, 0.5], "texture": "#4"},
				"east": {"uv": [0, 0, 0.5, 0.5], "texture": "#4"},
				"south": {"uv": [0, 0, 0.5, 0.5], "texture": "#4"},
				"west": {"uv": [0, 0, 0.5, 0.5], "texture": "#4"},
				"up": {"uv": [0, 0, 0.5, 0.5], "texture": "#4"},
				"down": {"uv": [0, 0, 0.5, 0.5], "texture": "#4"}
			}
		},
		{
			"name": "Element",
			"from": [7, 10, -2],
			"to": [8, 14, -1],
			"faces": {
				"north": {"uv": [0, 0, 0.5, 2], "texture": "#4"},
				"east": {"uv": [0, 0, 2, 2], "texture": "#4"},
				"south": {"uv": [0, 0, 0.5, 2], "texture": "#4"},
				"west": {"uv": [0, 0, 2, 2], "texture": "#4"},
				"up": {"uv": [0, 0, 0.5, 2], "texture": "#4"},
				"down": {"uv": [0, 0, 0.5, 2], "texture": "#4"}
			}
		},
		{
			"name": "Element",
			"from": [7, 10, -4],
			"to": [8, 14, -2],
			"faces": {
				"north": {"uv": [0, 0, 0.5, 2], "texture": "#5"},
				"east": {"uv": [0, 0, 2, 2], "texture": "#5"},
				"south": {"uv": [0, 0, 0.5, 2], "texture": "#5"},
				"west": {"uv": [0, 0, 2, 2], "texture": "#5"},
				"up": {"uv": [0, 0, 0.5, 2], "texture": "#5"},
				"down": {"uv": [0, 0, 0.5, 2], "texture": "#5"}
			}
		},
		{
			"name": "Element",
			"from": [7, 8, -3],
			"to": [8, 10, -1],
			"faces": {
				"north": {"uv": [0, 0, 0.5, 1], "texture": "#5"},
				"east": {"uv": [0, 0, 2, 1], "texture": "#5"},
				"south": {"uv": [0, 0, 0.5, 1], "texture": "#5"},
				"west": {"uv": [0, 0, 2, 1], "texture": "#5"},
				"up": {"uv": [0, 0, 0.5, 2], "texture": "#5"},
				"down": {"uv": [0, 0, 0.5, 2], "texture": "#5"}
			}
		},
		{
			"name": "Element",
			"from": [7, 7, -2],
			"to": [8, 8, 0],
			"faces": {
				"north": {"uv": [0, 0, 0.5, 0.5], "texture": "#5"},
				"east": {"uv": [0, 0, 3, 0.5], "texture": "#5"},
				"south": {"uv": [0, 0, 0.5, 0.5], "texture": "#5"},
				"west": {"uv": [0, 0, 3, 0.5], "texture": "#5"},
				"up": {"uv": [0, 0, 0.5, 3], "texture": "#5"},
				"down": {"uv": [0, 0, 0.5, 3], "texture": "#5"}
			}
		},
		{
			"name": "Element",
			"from": [7, 6, -2],
			"to": [8, 7, 2],
			"faces": {
				"north": {"uv": [0, 0, 0.5, 0.5], "texture": "#5"},
				"east": {"uv": [0, 0, 4, 0.5], "texture": "#5"},
				"south": {"uv": [0, 0, 0.5, 0.5], "texture": "#5"},
				"west": {"uv": [0, 0, 4, 0.5], "texture": "#5"},
				"up": {"uv": [0, 0, 0.5, 4], "texture": "#5"},
				"down": {"uv": [0, 0, 0.5, 4], "texture": "#5"}
			}
		},
		{
			"name": "Element",
			"from": [7, 7, 0],
			"to": [8, 9, 3],
			"faces": {
				"north": {"uv": [0, 0, 0.5, 2], "texture": "#4"},
				"east": {"uv": [0, 0, 2, 2], "texture": "#4"},
				"south": {"uv": [0, 0, 0.5, 2], "texture": "#4"},
				"west": {"uv": [0, 0, 2, 2], "texture": "#4"},
				"up": {"uv": [0, 0, 0.5, 2], "texture": "#4"},
				"down": {"uv": [0, 0, 0.5, 2], "texture": "#4"}
			}
		},
		{
			"name": "Element",
			"from": [7, 8, 13],
			"to": [8, 9, 14],
			"faces": {
				"north": {"uv": [0, 0, 0.5, 0.5], "texture": "#4"},
				"east": {"uv": [0, 0, 2, 0.5], "texture": "#4"},
				"south": {"uv": [0, 0, 0.5, 0.5], "texture": "#4"},
				"west": {"uv": [0, 0, 2, 0.5], "texture": "#4"},
				"up": {"uv": [0, 0, 0.5, 2], "texture": "#4"},
				"down": {"uv": [0, 0, 0.5, 2], "texture": "#4"}
			}
		},
		{
			"name": "Element",
			"from": [7, 11, 0],
			"to": [8, 14, 2],
			"faces": {
				"north": {"uv": [0, 0, 0.5, 1.5], "texture": "#6"},
				"east": {"uv": [0, 0, 2, 1.5], "texture": "#6"},
				"south": {"uv": [0, 0, 0.5, 1.5], "texture": "#6"},
				"west": {"uv": [0, 0, 2, 1.5], "texture": "#6"},
				"up": {"uv": [0, 0, 0.5, 2], "texture": "#6"},
				"down": {"uv": [0, 0, 0.5, 2], "texture": "#6"}
			}
		},
		{
			"name": "Element",
			"from": [7, 8, 0],
			"to": [8, 11, 1],
			"faces": {
				"north": {"uv": [0, 0, 0.5, 2], "texture": "#4"},
				"east": {"uv": [0, 0, 2, 2], "texture": "#4"},
				"south": {"uv": [0, 0, 0.5, 2], "texture": "#4"},
				"west": {"uv": [0, 0, 2, 2], "texture": "#4"},
				"up": {"uv": [0, 0, 0.5, 2], "texture": "#4"},
				"down": {"uv": [0, 0, 0.5, 2], "texture": "#4"}
			}
		},
		{
			"name": "Element",
			"from": [7, 6, 4.5],
			"to": [8, 7, 11.5],
			"faces": {
				"north": {"uv": [0, 0, 0.5, 0.5], "texture": "#4"},
				"east": {"uv": [0, 0, 0.5, 0.5], "texture": "#4"},
				"south": {"uv": [0, 0, 0.5, 0.5], "texture": "#4"},
				"west": {"uv": [0, 0, 0.5, 0.5], "texture": "#4"},
				"up": {"uv": [0, 0, 0.5, 0.5], "texture": "#4"},
				"down": {"uv": [0, 0, 0.5, 0.5], "texture": "#4"}
			}
		},
		{
			"name": "Element",
			"from": [7, 8, 15],
			"to": [8, 11, 17],
			"faces": {
				"north": {"uv": [0, 0, 0.5, 2], "texture": "#4"},
				"east": {"uv": [0, 0, 2, 2], "texture": "#4"},
				"south": {"uv": [0, 0, 0.5, 2], "texture": "#4"},
				"west": {"uv": [0, 0, 2, 2], "texture": "#4"},
				"up": {"uv": [0, 0, 0.5, 2], "texture": "#4"},
				"down": {"uv": [0, 0, 0.5, 2], "texture": "#4"}
			}
		},
		{
			"name": "Element",
			"from": [7, 9, 1],
			"to": [8, 12, 3],
			"faces": {
				"north": {"uv": [0, 0, 0.5, 1.5], "texture": "#6"},
				"east": {"uv": [0, 0, 2, 1.5], "texture": "#6"},
				"south": {"uv": [0, 0, 0.5, 1.5], "texture": "#6"},
				"west": {"uv": [0, 0, 2, 1.5], "texture": "#6"},
				"up": {"uv": [0, 0, 0.5, 2], "texture": "#6"},
				"down": {"uv": [0, 0, 0.5, 2], "texture": "#6"}
			}
		},
		{
			"name": "Element",
			"from": [7, 8, 3],
			"to": [8, 10, 6],
			"faces": {
				"north": {"uv": [0, 0, 0.5, 1.5], "texture": "#6"},
				"east": {"uv": [0, 0, 2, 1.5], "texture": "#6"},
				"south": {"uv": [0, 0, 0.5, 1.5], "texture": "#6"},
				"west": {"uv": [0, 0, 2, 1.5], "texture": "#6"},
				"up": {"uv": [0, 0, 0.5, 2], "texture": "#6"},
				"down": {"uv": [0, 0, 0.5, 2], "texture": "#6"}
			}
		},
		{
			"name": "Element",
			"from": [7, 7, 4.5],
			"to": [8, 9, 11.5],
			"faces": {
				"north": {"uv": [0, 0, 0.5, 1.5], "texture": "#6"},
				"east": {"uv": [0, 0, 2, 1.5], "texture": "#6"},
				"south": {"uv": [0, 0, 0.5, 1.5], "texture": "#6"},
				"west": {"uv": [0, 0, 2, 1.5], "texture": "#6"},
				"up": {"uv": [0, 0, 0.5, 2], "texture": "#6"},
				"down": {"uv": [0, 0, 0.5, 2], "texture": "#6"}
			}
		},
		{
			"name": "Element",
			"from": [7, 8, 10],
			"to": [8, 10, 13],
			"faces": {
				"north": {"uv": [0, 0, 0.5, 1.5], "texture": "#6"},
				"east": {"uv": [0, 0, 2, 1.5], "texture": "#6"},
				"south": {"uv": [0, 0, 0.5, 1.5], "texture": "#6"},
				"west": {"uv": [0, 0, 2, 1.5], "texture": "#6"},
				"up": {"uv": [0, 0, 0.5, 2], "texture": "#6"},
				"down": {"uv": [0, 0, 0.5, 2], "texture": "#6"}
			}
		},
		{
			"name": "Element",
			"from": [7, 10, 3],
			"to": [8, 11, 4],
			"faces": {
				"north": {"uv": [0, 0, 0.5, 2], "texture": "#6"},
				"east": {"uv": [0, 0, 2, 2], "texture": "#6"},
				"south": {"uv": [0, 0, 0.5, 2], "texture": "#6"},
				"west": {"uv": [0, 0, 2, 2], "texture": "#6"},
				"up": {"uv": [0, 0, 0.5, 2], "texture": "#6"},
				"down": {"uv": [0, 0, 0.5, 2], "texture": "#6"}
			}
		},
		{
			"name": "Element",
			"from": [7, 10, 12],
			"to": [8, 11, 13],
			"faces": {
				"north": {"uv": [0, 0, 0.5, 2], "texture": "#6"},
				"east": {"uv": [0, 0, 2, 2], "texture": "#6"},
				"south": {"uv": [0, 0, 0.5, 2], "texture": "#6"},
				"west": {"uv": [0, 0, 2, 2], "texture": "#6"},
				"up": {"uv": [0, 0, 0.5, 2], "texture": "#6"},
				"down": {"uv": [0, 0, 0.5, 2], "texture": "#6"}
			}
		},
		{
			"name": "Element",
			"from": [7, 9, 13],
			"to": [8, 12, 15],
			"faces": {
				"north": {"uv": [0, 0, 0.5, 1.5], "texture": "#6"},
				"east": {"uv": [0, 0, 2, 1.5], "texture": "#6"},
				"south": {"uv": [0, 0, 0.5, 1.5], "texture": "#6"},
				"west": {"uv": [0, 0, 2, 1.5], "texture": "#6"},
				"up": {"uv": [0, 0, 0.5, 2], "texture": "#6"},
				"down": {"uv": [0, 0, 0.5, 2], "texture": "#6"}
			}
		},
		{
			"name": "Element",
			"from": [7, 11, 14],
			"to": [8, 14, 16],
			"faces": {
				"north": {"uv": [0, 0, 0.5, 1.5], "texture": "#6"},
				"east": {"uv": [0, 0, 2, 1.5], "texture": "#6"},
				"south": {"uv": [0, 0, 0.5, 1.5], "texture": "#6"},
				"west": {"uv": [0, 0, 2, 1.5], "texture": "#6"},
				"up": {"uv": [0, 0, 0.5, 2], "texture": "#6"},
				"down": {"uv": [0, 0, 0.5, 2], "texture": "#6"}
			}
		},
		{
			"name": "Element",
			"from": [7, 9, 6],
			"to": [8, 11, 10],
			"faces": {
				"north": {"uv": [0, 0, 0.5, 0.5], "texture": "#4"},
				"east": {"uv": [0, 0, 3, 0.5], "texture": "#4"},
				"south": {"uv": [0, 0, 0.5, 0.5], "texture": "#4"},
				"west": {"uv": [0, 0, 3, 0.5], "texture": "#4"},
				"up": {"uv": [0, 0, 0.5, 3], "texture": "#4"},
				"down": {"uv": [0, 0, 0.5, 3], "texture": "#4"}
			}
		},
		{
			"name": "Element",
			"from": [7, 10, 4],
			"to": [8, 12, 6.5],
			"faces": {
				"north": {"uv": [0, 0, 0.5, 0.5], "texture": "#4"},
				"east": {"uv": [0, 0, 3, 0.5], "texture": "#4"},
				"south": {"uv": [0, 0, 0.5, 0.5], "texture": "#4"},
				"west": {"uv": [0, 0, 3, 0.5], "texture": "#4"},
				"up": {"uv": [0, 0, 0.5, 3], "texture": "#4"},
				"down": {"uv": [0, 0, 0.5, 3], "texture": "#4"}
			}
		},
		{
			"name": "Element",
			"from": [7, 10, 9.5],
			"to": [8, 12, 12],
			"faces": {
				"north": {"uv": [0, 0, 0.5, 0.5], "texture": "#4"},
				"east": {"uv": [0, 0, 3, 0.5], "texture": "#4"},
				"south": {"uv": [0, 0, 0.5, 0.5], "texture": "#4"},
				"west": {"uv": [0, 0, 3, 0.5], "texture": "#4"},
				"up": {"uv": [0, 0, 0.5, 3], "texture": "#4"},
				"down": {"uv": [0, 0, 0.5, 3], "texture": "#4"}
			}
		},
		{
			"name": "Element",
			"from": [7, 11, 3],
			"to": [8, 12, 4],
			"faces": {
				"north": {"uv": [0, 0, 0.5, 0.5], "texture": "#4"},
				"east": {"uv": [0, 0, 3, 0.5], "texture": "#4"},
				"south": {"uv": [0, 0, 0.5, 0.5], "texture": "#4"},
				"west": {"uv": [0, 0, 3, 0.5], "texture": "#4"},
				"up": {"uv": [0, 0, 0.5, 3], "texture": "#4"},
				"down": {"uv": [0, 0, 0.5, 3], "texture": "#4"}
			}
		},
		{
			"name": "Element",
			"from": [7, 11, 12],
			"to": [8, 12, 13],
			"faces": {
				"north": {"uv": [0, 0, 0.5, 0.5], "texture": "#4"},
				"east": {"uv": [0, 0, 3, 0.5], "texture": "#4"},
				"south": {"uv": [0, 0, 0.5, 0.5], "texture": "#4"},
				"west": {"uv": [0, 0, 3, 0.5], "texture": "#4"},
				"up": {"uv": [0, 0, 0.5, 3], "texture": "#4"},
				"down": {"uv": [0, 0, 0.5, 3], "texture": "#4"}
			}
		},
		{
			"name": "Element",
			"from": [7, 12, 2],
			"to": [8, 14, 5.5],
			"faces": {
				"north": {"uv": [0, 0, 0.5, 0.5], "texture": "#4"},
				"east": {"uv": [0, 0, 3, 0.5], "texture": "#4"},
				"south": {"uv": [0, 0, 0.5, 0.5], "texture": "#4"},
				"west": {"uv": [0, 0, 3, 0.5], "texture": "#4"},
				"up": {"uv": [0, 0, 0.5, 3], "texture": "#4"},
				"down": {"uv": [0, 0, 0.5, 3], "texture": "#4"}
			}
		},
		{
			"name": "Element",
			"from": [7, 12, 10.5],
			"to": [8, 14, 14],
			"faces": {
				"north": {"uv": [0, 0, 0.5, 0.5], "texture": "#4"},
				"east": {"uv": [0, 0, 3, 0.5], "texture": "#4"},
				"south": {"uv": [0, 0, 0.5, 0.5], "texture": "#4"},
				"west": {"uv": [0, 0, 3, 0.5], "texture": "#4"},
				"up": {"uv": [0, 0, 0.5, 3], "texture": "#4"},
				"down": {"uv": [0, 0, 0.5, 3], "texture": "#4"}
			}
		}
	],
	"display": {
		"thirdperson_righthand": {
			"rotation": [0, 180, 0],
			"scale": [0.4086, 0.4086, 0.4086]
		},
		"thirdperson_lefthand": {
			"scale": [0.4086, 0.4086, 0.4086]
		},
		"firstperson_righthand": {
			"rotation": [0, 180, 0]
		},
		"ground": {
			"rotation": [0, 0, 86]
		},
		"gui": {
			"rotation": [0, -90, 0],
			"scale": [0.6173, 0.6173, 0.6173]
		},
		"head": {
			"rotation": [0, 90, 0],
			"translation": [0, -11.81, 0],
			"scale": [1.3129, 3.0607, 3.0607]
		},
		"fixed": {
			"rotation": [0, 90, 0],
			"translation": [0, 0, 0.0003],
			"scale": [0.7913, 0.7913, 0.7913]
		}
	}
}
