{
  "__comment": "Designed_by_Mouskegamer_with_Cubik_Studio_-_https://cubik.studio",
  "textures": {
    "particle": "block/e_particle",
    "texture": "custom/hattie"
  },
  "elements": [
    {
      "__comment": "Box1",
      "from": [
        2,
        0,
        2
      ],
      "to": [
        14,
        12,
        14
      ],
      "faces": {
        "down": {
          "uv": [
            8,
            4,
            12,
            8
          ],
          "texture": "#texture"
        },
        "up": {
          "uv": [
            4,
            4,
            8,
            8
          ],
          "texture": "#texture"
        },
        "north": {
          "uv": [
            4,
            8,
            8,
            12
          ],
          "texture": "#texture"
        },
        "south": {
          "uv": [
            12,
            8,
            16,
            12
          ],
          "texture": "#texture"
        },
        "west": {
          "uv": [
            8,
            8,
            12,
            12
          ],
          "texture": "#texture"
        },
        "east": {
          "uv": [
            0,
            8,
            4,
            12
          ],
          "texture": "#texture"
        }
      }
    }
  ],
  "display": {
    "thirdperson_righthand": {
      "scale": [
        0.4,
        0.4,
        0.4
      ]
    },
    "thirdperson_lefthand": {
      "scale": [
        0.4,
        0.4,
        0.4
      ]
    },
    "firstperson_righthand": {
      "scale": [
        0.4,
        0.4,
        0.4
      ]
    },
    "firstperson_lefthand": {
      "scale": [
        0.4,
        0.4,
        0.4
      ]
    },
    "gui": {
      "rotation": [
        0,
        -180,
        0
      ]
    },
    "head": {
      "translation": [
        0,
        1,
        0
      ],
      "scale": [
        0.95,
        0.95,
        0.95
      ]
    }
  }
}
