{
	"__comment": "Designed by Ghasper with Cubik Studio - https://cubik.studio",
	"textures": {
		"3": "block/brown_wool",
		"5": "block/red_wool",
		"6": "block/yellow_wool",
		"7": "block/orange_wool"
	},
	"elements": [ 	 
		{
			"__comment": "Element",
			"from": [ 7, 11, 5.5 ],
			"to": [ 8, 12, 10.5 ],
			"faces": {
				"down": { "uv": [ 0, 0, 0.5, 3 ], "texture": "#5" },
				"up": { "uv": [ 0, 0, 0.5, 3 ], "texture": "#5" },
				"north": { "uv": [ 0, 0, 0.5, 0.5 ], "texture": "#5" },
				"south": { "uv": [ 0, 0, 0.5, 0.5 ], "texture": "#5" },
				"west": { "uv": [ 0, 0, 3, 0.5 ], "texture": "#5" },
				"east": { "uv": [ 0, 0, 3, 0.5 ], "texture": "#5" }
			}
		},
		{
			"__comment": "Element",
			"from": [ 7, 12, 4.5 ],
			"to": [ 8, 14, 11.5 ],
			"faces": {
				"down": { "uv": [ 0, 0, 0.5, 4 ], "texture": "#5" },
				"up": { "uv": [ 0, 0, 0.5, 4 ], "texture": "#5" },
				"north": { "uv": [ 0, 0, 0.5, 1 ], "texture": "#5" },
				"south": { "uv": [ 0, 0, 0.5, 1 ], "texture": "#5" },
				"west": { "uv": [ 0, 0, 4, 1 ], "texture": "#5" },
				"east": { "uv": [ 0, 0, 4, 1 ], "texture": "#5" }
			}
		},
		{
			"__comment": "Element",
			"from": [ 7, 5, 16 ],
			"to": [ 8, 8, 17 ],
			"faces": {
				"down": { "uv": [ 7, 15, 8, 16 ], "texture": "#7" },
				"up": { "uv": [ 7, 0, 8, 1 ], "texture": "#7" },
				"north": { "uv": [ 8, 8, 9, 11 ], "texture": "#7" },
				"south": { "uv": [ 7, 8, 8, 11 ], "texture": "#7" },
				"west": { "uv": [ 0, 8, 1, 11 ], "texture": "#7" },
				"east": { "uv": [ 15, 8, 16, 11 ], "texture": "#7" }
			}
		},
		{
			"__comment": "Element",
			"from": [ 7, 4, 0 ],
			"to": [ 8, 7, 16 ],
			"faces": {
				"down": { "uv": [ 7, 0, 8, 16 ], "texture": "#7" },
				"up": { "uv": [ 7, 0, 8, 16 ], "texture": "#7" },
				"north": { "uv": [ 8, 9, 9, 12 ], "texture": "#7" },
				"south": { "uv": [ 7, 9, 8, 12 ], "texture": "#7" },
				"west": { "uv": [ 0, 9, 16, 12 ], "texture": "#7" },
				"east": { "uv": [ 0, 9, 16, 12 ], "texture": "#7" }
			}
		},
		{
			"__comment": "Element",
			"from": [ 7, 3, 2 ],
			"to": [ 8, 4, 14 ],
			"faces": {
				"down": { "uv": [ 0, 0, 0.5, 6 ], "texture": "#7" },
				"up": { "uv": [ 0, 0, 0.5, 6 ], "texture": "#7" },
				"north": { "uv": [ 0, 0, 0.5, 0.5 ], "texture": "#7" },
				"south": { "uv": [ 0, 0, 0.5, 0.5 ], "texture": "#7" },
				"west": { "uv": [ 0, 0, 6, 0.5 ], "texture": "#7" },
				"east": { "uv": [ 0, 0, 6, 0.5 ], "texture": "#7" }
			}
		},
		{
			"__comment": "Element",
			"from": [ 7, 2, 4 ],
			"to": [ 8, 3, 12 ],
			"faces": {
				"down": { "uv": [ 0, 0, 0.5, 4 ], "texture": "#7" },
				"up": { "uv": [ 0, 0, 0.5, 4 ], "texture": "#7" },
				"north": { "uv": [ 0, 0, 0.5, 0.5 ], "texture": "#7" },
				"south": { "uv": [ 0, 0, 0.5, 0.5 ], "texture": "#7" },
				"west": { "uv": [ 0, 0, 4, 0.5 ], "texture": "#7" },
				"east": { "uv": [ 0, 0, 4, 0.5 ], "texture": "#7" }
			}
		},
		{
			"__comment": "Element",
			"from": [ 8, 12, -3 ],
			"to": [ 9, 13, 19 ],
			"faces": {
				"down": { "uv": [ 0, 0, 0.5, 11 ], "texture": "#3" },
				"up": { "uv": [ 0, 0, 0.5, 11 ], "texture": "#3" },
				"north": { "uv": [ 0, 0, 0.5, 0.5 ], "texture": "#3" },
				"south": { "uv": [ 0, 0, 0.5, 0.5 ], "texture": "#3" },
				"west": { "uv": [ 0, 0, 11, 0.5 ], "texture": "#3" },
				"east": { "uv": [ 0, 0, 11, 0.5 ], "texture": "#3" }
			}
		},
		{
			"__comment": "Element",
			"from": [ 7, 8, 15 ],
			"to": [ 8, 10, 19 ],
			"faces": {
				"down": { "uv": [ 7, 0, 8, 1 ], "texture": "#7" },
				"up": { "uv": [ 7, 15, 8, 16 ], "texture": "#7" },
				"north": { "uv": [ 8, 6, 9, 8 ], "texture": "#7" },
				"south": { "uv": [ 7, 6, 8, 8 ], "texture": "#7" },
				"west": { "uv": [ 15, 6, 16, 8 ], "texture": "#7" },
				"east": { "uv": [ 0, 6, 1, 8 ], "texture": "#7" }
			}
		},
		{
			"__comment": "Element",
			"from": [ 7, 5, -1 ],
			"to": [ 8, 8, 0 ],
			"faces": {
				"down": { "uv": [ 7, 0, 8, 1 ], "texture": "#7" },
				"up": { "uv": [ 7, 15, 8, 16 ], "texture": "#7" },
				"north": { "uv": [ 8, 8, 9, 11 ], "texture": "#7" },
				"south": { "uv": [ 7, 8, 8, 11 ], "texture": "#7" },
				"west": { "uv": [ 15, 8, 16, 11 ], "texture": "#7" },
				"east": { "uv": [ 0, 8, 1, 11 ], "texture": "#7" }
			}
		},
		{
			"__comment": "Element",
			"from": [ 7, 10, -4 ],
			"to": [ 8, 14, 0 ],
			"faces": {
				"down": { "uv": [ 7, 0, 8, 4 ], "texture": "#7" },
				"up": { "uv": [ 7, 12, 8, 16 ], "texture": "#7" },
				"north": { "uv": [ 8, 2, 9, 6 ], "texture": "#7" },
				"south": { "uv": [ 7, 2, 8, 6 ], "texture": "#7" },
				"west": { "uv": [ 12, 2, 16, 6 ], "texture": "#7" },
				"east": { "uv": [ 0, 2, 4, 6 ], "texture": "#7" }
			}
		},
		{
			"__comment": "Element",
			"from": [ 7, 8, -3 ],
			"to": [ 8, 10, 1 ],
			"faces": {
				"down": { "uv": [ 7, 15, 8, 16 ], "texture": "#7" },
				"up": { "uv": [ 7, 0, 8, 1 ], "texture": "#7" },
				"north": { "uv": [ 8, 6, 9, 8 ], "texture": "#7" },
				"south": { "uv": [ 7, 6, 8, 8 ], "texture": "#7" },
				"west": { "uv": [ 0, 6, 1, 8 ], "texture": "#7" },
				"east": { "uv": [ 15, 6, 16, 8 ], "texture": "#7" }
			}
		},
		{
			"__comment": "Element",
			"from": [ 7, 11, 0 ],
			"to": [ 8, 14, 4.5 ],
			"faces": {
				"down": { "uv": [ 7, 11.5, 8, 16 ], "texture": "#6" },
				"up": { "uv": [ 7, 0, 8, 4.5 ], "texture": "#6" },
				"north": { "uv": [ 8, 2, 9, 5 ], "texture": "#6" },
				"south": { "uv": [ 7, 2, 8, 5 ], "texture": "#6" },
				"west": { "uv": [ 0, 2, 4.5, 5 ], "texture": "#6" },
				"east": { "uv": [ 11.5, 2, 16, 5 ], "texture": "#6" }
			}
		},
		{
			"__comment": "Element",
			"from": [ 7, 9, 1 ],
			"to": [ 8, 12, 3 ],
			"faces": {
				"down": { "uv": [ 7, 13, 8, 15 ], "texture": "#6" },
				"up": { "uv": [ 7, 1, 8, 3 ], "texture": "#6" },
				"north": { "uv": [ 8, 4, 9, 7 ], "texture": "#6" },
				"south": { "uv": [ 7, 4, 8, 7 ], "texture": "#6" },
				"west": { "uv": [ 1, 4, 3, 7 ], "texture": "#6" },
				"east": { "uv": [ 13, 4, 15, 7 ], "texture": "#6" }
			}
		},
		{
			"__comment": "Element",
			"from": [ 7, 8, 3 ],
			"to": [ 8, 11, 13 ],
			"faces": {
				"down": { "uv": [ 7, 3, 8, 13 ], "texture": "#6" },
				"up": { "uv": [ 7, 3, 8, 13 ], "texture": "#6" },
				"north": { "uv": [ 8, 5, 9, 8 ], "texture": "#6" },
				"south": { "uv": [ 7, 5, 8, 8 ], "texture": "#6" },
				"west": { "uv": [ 3, 5, 13, 8 ], "texture": "#6" },
				"east": { "uv": [ 3, 5, 13, 8 ], "texture": "#6" }
			}
		},
		{
			"__comment": "Element",
			"from": [ 7, 7, 4.5 ],
			"to": [ 8, 8.5, 11.5 ],
			"faces": {
				"down": { "uv": [ 7, 4.5, 8, 11.5 ], "texture": "#6" },
				"up": { "uv": [ 7, 4.5, 8, 11.5 ], "texture": "#6" },
				"north": { "uv": [ 8, 7.5, 9, 9 ], "texture": "#6" },
				"south": { "uv": [ 7, 7.5, 8, 9 ], "texture": "#6" },
				"west": { "uv": [ 4.5, 7.5, 11.5, 9 ], "texture": "#6" },
				"east": { "uv": [ 4.5, 7.5, 11.5, 9 ], "texture": "#6" }
			}
		},
		{
			"__comment": "Element",
			"from": [ 7, 10, 3 ],
			"to": [ 8, 11, 4 ],
			"faces": {
				"down": { "uv": [ 7, 12, 8, 13 ], "texture": "#6" },
				"up": { "uv": [ 7, 3, 8, 4 ], "texture": "#6" },
				"north": { "uv": [ 8, 5, 9, 6 ], "texture": "#6" },
				"south": { "uv": [ 7, 5, 8, 6 ], "texture": "#6" },
				"west": { "uv": [ 3, 5, 4, 6 ], "texture": "#6" },
				"east": { "uv": [ 12, 5, 13, 6 ], "texture": "#6" }
			}
		},
		{
			"__comment": "Element",
			"from": [ 7, 9, 13 ],
			"to": [ 8, 11, 15 ],
			"faces": {
				"down": { "uv": [ 7, 1, 8, 3 ], "texture": "#6" },
				"up": { "uv": [ 7, 13, 8, 15 ], "texture": "#6" },
				"north": { "uv": [ 8, 5, 9, 7 ], "texture": "#6" },
				"south": { "uv": [ 7, 5, 8, 7 ], "texture": "#6" },
				"west": { "uv": [ 13, 5, 15, 7 ], "texture": "#6" },
				"east": { "uv": [ 1, 5, 3, 7 ], "texture": "#6" }
			}
		},
		{
			"__comment": "Element",
			"from": [ 7, 11, 11.5 ],
			"to": [ 8, 14, 16 ],
			"faces": {
				"down": { "uv": [ 7, 0, 8, 4.5 ], "texture": "#6" },
				"up": { "uv": [ 7, 11.5, 8, 16 ], "texture": "#6" },
				"north": { "uv": [ 8, 2, 9, 5 ], "texture": "#6" },
				"south": { "uv": [ 7, 2, 8, 5 ], "texture": "#6" },
				"west": { "uv": [ 11.5, 2, 16, 5 ], "texture": "#6" },
				"east": { "uv": [ 0, 2, 4.5, 5 ], "texture": "#6" }
			}
		},
		{
			"__comment": "Element",
			"from": [ 7, 11, 4.5 ],
			"to": [ 8, 12, 5.5 ],
			"faces": {
				"down": { "uv": [ 7, 10.5, 8, 11.5 ], "texture": "#6" },
				"up": { "uv": [ 7, 4.5, 8, 5.5 ], "texture": "#6" },
				"north": { "uv": [ 8, 4, 9, 5 ], "texture": "#6" },
				"south": { "uv": [ 7, 4, 8, 5 ], "texture": "#6" },
				"west": { "uv": [ 4.5, 4, 5.5, 5 ], "texture": "#6" },
				"east": { "uv": [ 10.5, 4, 11.5, 5 ], "texture": "#6" }
			}
		},
		{
			"__comment": "Element",
			"from": [ 7, 11, 10.5 ],
			"to": [ 8, 12, 11.5 ],
			"faces": {
				"down": { "uv": [ 7, 4.5, 8, 5.5 ], "texture": "#6" },
				"up": { "uv": [ 7, 10.5, 8, 11.5 ], "texture": "#6" },
				"north": { "uv": [ 8, 4, 9, 5 ], "texture": "#6" },
				"south": { "uv": [ 7, 4, 8, 5 ], "texture": "#6" },
				"west": { "uv": [ 10.5, 4, 11.5, 5 ], "texture": "#6" },
				"east": { "uv": [ 4.5, 4, 5.5, 5 ], "texture": "#6" }
			}
		},
		{
			"__comment": "Element",
			"from": [ 7, 10, 16 ],
			"to": [ 8, 14, 20 ],
			"faces": {
				"down": { "uv": [ 7, 12, 8, 16 ], "texture": "#7" },
				"up": { "uv": [ 7, 0, 8, 4 ], "texture": "#7" },
				"north": { "uv": [ 8, 2, 9, 6 ], "texture": "#7" },
				"south": { "uv": [ 7, 2, 8, 6 ], "texture": "#7" },
				"west": { "uv": [ 0, 2, 4, 6 ], "texture": "#7" },
				"east": { "uv": [ 12, 2, 16, 6 ], "texture": "#7" }
			}
		},
		{
			"__comment": "Element",
			"from": [ 7, 7, 0 ],
			"to": [ 8, 8, 4.5 ],
			"faces": {
				"down": { "uv": [ 7, 11.5, 8, 16 ], "texture": "#7" },
				"up": { "uv": [ 7, 0, 8, 4.5 ], "texture": "#7" },
				"north": { "uv": [ 8, 8, 9, 9 ], "texture": "#7" },
				"south": { "uv": [ 7, 8, 8, 9 ], "texture": "#7" },
				"west": { "uv": [ 0, 8, 4.5, 9 ], "texture": "#7" },
				"east": { "uv": [ 11.5, 8, 16, 9 ], "texture": "#7" }
			}
		},
		{
			"__comment": "Element",
			"from": [ 7, 7, 11.5 ],
			"to": [ 8, 8, 16 ],
			"faces": {
				"down": { "uv": [ 7, 0, 8, 4.5 ], "texture": "#7" },
				"up": { "uv": [ 7, 11.5, 8, 16 ], "texture": "#7" },
				"north": { "uv": [ 8, 8, 9, 9 ], "texture": "#7" },
				"south": { "uv": [ 7, 8, 8, 9 ], "texture": "#7" },
				"west": { "uv": [ 11.5, 8, 16, 9 ], "texture": "#7" },
				"east": { "uv": [ 0, 8, 4.5, 9 ], "texture": "#7" }
			}
		},
		{
			"__comment": "Element",
			"from": [ 7, 6, -2 ],
			"to": [ 8, 8, -1 ],
			"faces": {
				"down": { "uv": [ 7, 1, 8, 2 ], "texture": "#7" },
				"up": { "uv": [ 7, 14, 8, 15 ], "texture": "#7" },
				"north": { "uv": [ 8, 8, 9, 10 ], "texture": "#7" },
				"south": { "uv": [ 7, 8, 8, 10 ], "texture": "#7" },
				"west": { "uv": [ 14, 8, 15, 10 ], "texture": "#7" },
				"east": { "uv": [ 1, 8, 2, 10 ], "texture": "#7" }
			}
		},
		{
			"__comment": "Element",
			"from": [ 7, 6, 17 ],
			"to": [ 8, 8, 18 ],
			"faces": {
				"down": { "uv": [ 7, 14, 8, 15 ], "texture": "#7" },
				"up": { "uv": [ 7, 1, 8, 2 ], "texture": "#7" },
				"north": { "uv": [ 8, 8, 9, 10 ], "texture": "#7" },
				"south": { "uv": [ 7, 8, 8, 10 ], "texture": "#7" },
				"west": { "uv": [ 1, 8, 2, 10 ], "texture": "#7" },
				"east": { "uv": [ 14, 8, 15, 10 ], "texture": "#7" }
			}
		},
		{
			"__comment": "Element",
			"from": [ 7, 8, 13 ],
			"to": [ 8, 9, 15 ],
			"faces": {
				"down": { "uv": [ 7, 1, 8, 3 ], "texture": "#7" },
				"up": { "uv": [ 7, 13, 8, 15 ], "texture": "#7" },
				"north": { "uv": [ 8, 7, 9, 8 ], "texture": "#7" },
				"south": { "uv": [ 7, 7, 8, 8 ], "texture": "#7" },
				"west": { "uv": [ 13, 7, 15, 8 ], "texture": "#7" },
				"east": { "uv": [ 1, 7, 3, 8 ], "texture": "#7" }
			}
		},
		{
			"__comment": "Element",
			"from": [ 7, 8, 1 ],
			"to": [ 8, 9, 3 ],
			"faces": {
				"down": { "uv": [ 7, 13, 8, 15 ], "texture": "#7" },
				"up": { "uv": [ 7, 1, 8, 3 ], "texture": "#7" },
				"north": { "uv": [ 8, 7, 9, 8 ], "texture": "#7" },
				"south": { "uv": [ 7, 7, 8, 8 ], "texture": "#7" },
				"west": { "uv": [ 1, 7, 3, 8 ], "texture": "#7" },
				"east": { "uv": [ 13, 7, 15, 8 ], "texture": "#7" }
			}
		},
		{
			"__comment": "Element",
			"from": [ 7, 10, 15 ],
			"to": [ 8, 11, 16 ],
			"faces": {
				"down": { "uv": [ 7, 0, 8, 1 ], "texture": "#7" },
				"up": { "uv": [ 7, 15, 8, 16 ], "texture": "#7" },
				"north": { "uv": [ 8, 5, 9, 6 ], "texture": "#7" },
				"south": { "uv": [ 7, 5, 8, 6 ], "texture": "#7" },
				"west": { "uv": [ 15, 5, 16, 6 ], "texture": "#7" },
				"east": { "uv": [ 0, 5, 1, 6 ], "texture": "#7" }
			}
		},
		{
			"__comment": "Element",
			"from": [ 7, 10, 0 ],
			"to": [ 8, 11, 1 ],
			"faces": {
				"down": { "uv": [ 7, 15, 8, 16 ], "texture": "#7" },
				"up": { "uv": [ 7, 0, 8, 1 ], "texture": "#7" },
				"north": { "uv": [ 8, 5, 9, 6 ], "texture": "#7" },
				"south": { "uv": [ 7, 5, 8, 6 ], "texture": "#7" },
				"west": { "uv": [ 0, 5, 1, 6 ], "texture": "#7" },
				"east": { "uv": [ 15, 5, 16, 6 ], "texture": "#7" }
			}
		}
	],
	"display": {
		"thirdperson_righthand": {
			"rotation":  [ 0, 180, 0 ],
			"scale":  [ 0.4086, 0.4086, 0.4086 ]
		},
		"thirdperson_lefthand": {
			"scale":  [ 0.4086, 0.4086, 0.4086 ]
		},
		"firstperson_righthand": {
			"rotation":  [ 0, 180, 0 ]
		},
		"gui": {
			"rotation":  [ 0, -90, 0 ],
			"scale":  [ 0.6173, 0.6173, 0.6173 ]
		},
		"head": {
			"rotation":  [ 0, 90, 0 ],
			"translation":  [ 0, -11.81, 0 ],
			"scale":  [ 1.3129, 3.0607, 3.0607 ]
		},
		"ground": {
			"rotation":  [ 0, 0, 86 ]
		},
		"fixed": {
			"rotation":  [ 0, 90, 0 ],
			"translation":  [ 0, 0, 0.0003 ],
			"scale":  [ 0.7913, 0.7913, 0.7913 ]
		}
	}
}