{
  "__comment": "Designed_by_Mouskegamer_with_Cubik_Studio_-_https://cubik.studio",
  "textures": {
    "particle": "block/red_concrete",
    "texture": "block/polished_andesite",
    "texture1": "block/stone_slab_side"
  },
  "elements": [
    {
      "__comment": "Box1",
      "from": [
        6,
        0,
        10.5
      ],
      "to": [
        10,
        0.5,
        14.5
      ],
      "faces": {
        "down": {
          "uv": [
            6,
            1.5,
            10,
            5.5
          ],
          "texture": "#particle"
        },
        "up": {
          "uv": [
            6,
            10.5,
            10,
            14.5
          ],
          "texture": "#particle"
        },
        "north": {
          "uv": [
            6,
            15.5,
            10,
            16
          ],
          "texture": "#particle"
        },
        "south": {
          "uv": [
            6,
            15.5,
            10,
            16
          ],
          "texture": "#particle"
        },
        "west": {
          "uv": [
            10.5,
            15.5,
            14.5,
            16
          ],
          "texture": "#particle"
        },
        "east": {
          "uv": [
            1.5,
            15.5,
            5.5,
            16
          ],
          "texture": "#particle"
        }
      }
    },
    {
      "__comment": "Box1",
      "from": [
        6,
        0,
        1.5
      ],
      "to": [
        10,
        0.5,
        5.5
      ],
      "faces": {
        "down": {
          "uv": [
            7,
            9,
            11,
            13
          ],
          "texture": "#particle"
        },
        "up": {
          "uv": [
            7,
            3,
            11,
            7
          ],
          "texture": "#particle"
        },
        "north": {
          "uv": [
            5,
            15.5,
            9,
            16
          ],
          "texture": "#particle"
        },
        "south": {
          "uv": [
            7,
            15.5,
            11,
            16
          ],
          "texture": "#particle"
        },
        "west": {
          "uv": [
            3,
            15.5,
            7,
            16
          ],
          "texture": "#particle"
        },
        "east": {
          "uv": [
            9,
            15.5,
            13,
            16
          ],
          "texture": "#particle"
        }
      }
    },
    {
      "__comment": "Box1",
      "from": [
        6.5,
        0,
        5.5
      ],
      "to": [
        9.5,
        1.5,
        10.5
      ],
      "faces": {
        "down": {
          "uv": [
            7.5,
            4,
            10.5,
            9
          ],
          "texture": "#texture1"
        },
        "up": {
          "uv": [
            7.5,
            7,
            10.5,
            12
          ],
          "texture": "#texture1"
        },
        "north": {
          "uv": [
            5.5,
            14.5,
            8.5,
            16
          ],
          "texture": "#texture1"
        },
        "south": {
          "uv": [
            7.5,
            14.5,
            10.5,
            16
          ],
          "texture": "#texture1"
        },
        "west": {
          "uv": [
            7,
            14.5,
            12,
            16
          ],
          "texture": "#texture1"
        },
        "east": {
          "uv": [
            4,
            14.5,
            9,
            16
          ],
          "texture": "#texture1"
        }
      }
    },
    {
      "__comment": "Box1",
      "from": [
        6,
        0,
        7
      ],
      "to": [
        10,
        5,
        9
      ],
      "faces": {
        "down": {
          "uv": [
            7,
            5.5,
            11,
            7.5
          ],
          "texture": "#texture"
        },
        "up": {
          "uv": [
            7,
            8.5,
            11,
            10.5
          ],
          "texture": "#texture"
        },
        "north": {
          "uv": [
            5,
            11,
            9,
            16
          ],
          "texture": "#texture"
        },
        "south": {
          "uv": [
            7,
            11,
            11,
            16
          ],
          "texture": "#texture"
        },
        "west": {
          "uv": [
            8.5,
            11,
            10.5,
            16
          ],
          "texture": "#texture"
        },
        "east": {
          "uv": [
            5.5,
            11,
            7.5,
            16
          ],
          "texture": "#texture"
        }
      }
    },
    {
      "__comment": "Box1",
      "from": [
        6,
        1,
        2
      ],
      "to": [
        10,
        1.5,
        6
      ],
      "faces": {
        "down": {
          "uv": [
            7,
            8.5,
            11,
            12.5
          ],
          "texture": "#particle"
        },
        "up": {
          "uv": [
            7,
            3.5,
            11,
            7.5
          ],
          "texture": "#particle"
        },
        "north": {
          "uv": [
            5,
            14.5,
            9,
            15
          ],
          "texture": "#particle"
        },
        "south": {
          "uv": [
            7,
            14.5,
            11,
            15
          ],
          "texture": "#particle"
        },
        "west": {
          "uv": [
            3.5,
            14.5,
            7.5,
            15
          ],
          "texture": "#particle"
        },
        "east": {
          "uv": [
            8.5,
            14.5,
            12.5,
            15
          ],
          "texture": "#particle"
        }
      }
    },
    {
      "__comment": "Box1",
      "from": [
        6,
        1,
        10
      ],
      "to": [
        10,
        1.5,
        14
      ],
      "faces": {
        "down": {
          "uv": [
            7,
            0.5,
            11,
            4.5
          ],
          "texture": "#particle"
        },
        "up": {
          "uv": [
            7,
            11.5,
            11,
            15.5
          ],
          "texture": "#particle"
        },
        "north": {
          "uv": [
            5,
            14.5,
            9,
            15
          ],
          "texture": "#particle"
        },
        "south": {
          "uv": [
            7,
            14.5,
            11,
            15
          ],
          "texture": "#particle"
        },
        "west": {
          "uv": [
            11.5,
            14.5,
            15.5,
            15
          ],
          "texture": "#particle"
        },
        "east": {
          "uv": [
            0.5,
            14.5,
            4.5,
            15
          ],
          "texture": "#particle"
        }
      }
    },
    {
      "__comment": "Box1",
      "from": [
        6,
        1.5,
        1.5
      ],
      "to": [
        10,
        2,
        7
      ],
      "faces": {
        "down": {
          "uv": [
            7,
            7.5,
            11,
            13
          ],
          "texture": "#particle"
        },
        "up": {
          "uv": [
            7,
            3,
            11,
            8.5
          ],
          "texture": "#particle"
        },
        "north": {
          "uv": [
            5,
            14,
            9,
            14.5
          ],
          "texture": "#particle"
        },
        "south": {
          "uv": [
            7,
            14,
            11,
            14.5
          ],
          "texture": "#particle"
        },
        "west": {
          "uv": [
            3,
            14,
            8.5,
            14.5
          ],
          "texture": "#particle"
        },
        "east": {
          "uv": [
            7.5,
            14,
            13,
            14.5
          ],
          "texture": "#particle"
        }
      }
    },
    {
      "__comment": "Box1",
      "from": [
        6,
        1.5,
        9
      ],
      "to": [
        10,
        2,
        14.5
      ],
      "faces": {
        "down": {
          "uv": [
            7,
            0,
            11,
            5.5
          ],
          "texture": "#particle"
        },
        "up": {
          "uv": [
            7,
            10.5,
            11,
            16
          ],
          "texture": "#particle"
        },
        "north": {
          "uv": [
            5,
            14,
            9,
            14.5
          ],
          "texture": "#particle"
        },
        "south": {
          "uv": [
            7,
            14,
            11,
            14.5
          ],
          "texture": "#particle"
        },
        "west": {
          "uv": [
            10.5,
            14,
            16,
            14.5
          ],
          "texture": "#particle"
        },
        "east": {
          "uv": [
            0,
            14,
            5.5,
            14.5
          ],
          "texture": "#particle"
        }
      }
    },
    {
      "__comment": "Box1",
      "from": [
        6,
        2.5,
        2.5
      ],
      "to": [
        10,
        3.5,
        7
      ],
      "faces": {
        "down": {
          "uv": [
            7,
            7.5,
            11,
            12
          ],
          "texture": "#particle"
        },
        "up": {
          "uv": [
            7,
            4,
            11,
            8.5
          ],
          "texture": "#particle"
        },
        "north": {
          "uv": [
            5,
            13,
            9,
            14
          ],
          "texture": "#particle"
        },
        "south": {
          "uv": [
            7,
            13,
            11,
            14
          ],
          "texture": "#particle"
        },
        "west": {
          "uv": [
            4,
            13,
            8.5,
            14
          ],
          "texture": "#particle"
        },
        "east": {
          "uv": [
            7.5,
            13,
            12,
            14
          ],
          "texture": "#particle"
        }
      }
    },
    {
      "__comment": "Box1",
      "from": [
        6.5,
        2.5,
        1.5
      ],
      "to": [
        9.5,
        3.5,
        2.5
      ],
      "faces": {
        "down": {
          "uv": [
            7.5,
            12,
            10.5,
            13
          ],
          "texture": "#particle"
        },
        "up": {
          "uv": [
            7.5,
            3,
            10.5,
            4
          ],
          "texture": "#particle"
        },
        "north": {
          "uv": [
            5.5,
            12.5,
            8.5,
            13.5
          ],
          "texture": "#particle"
        },
        "south": {
          "uv": [
            7.5,
            12.5,
            10.5,
            13.5
          ],
          "texture": "#particle"
        },
        "west": {
          "uv": [
            3,
            12.5,
            4,
            13.5
          ],
          "texture": "#particle"
        },
        "east": {
          "uv": [
            12,
            12.5,
            13,
            13.5
          ],
          "texture": "#particle"
        }
      }
    },
    {
      "__comment": "Box1",
      "from": [
        6.5,
        2.5,
        13.5
      ],
      "to": [
        9.5,
        3.5,
        14.5
      ],
      "faces": {
        "down": {
          "uv": [
            7.5,
            0,
            10.5,
            1
          ],
          "texture": "#particle"
        },
        "up": {
          "uv": [
            7.5,
            15,
            10.5,
            16
          ],
          "texture": "#particle"
        },
        "north": {
          "uv": [
            5.5,
            13,
            8.5,
            14
          ],
          "texture": "#particle"
        },
        "south": {
          "uv": [
            7.5,
            13,
            10.5,
            14
          ],
          "texture": "#particle"
        },
        "west": {
          "uv": [
            15,
            13,
            16,
            14
          ],
          "texture": "#particle"
        },
        "east": {
          "uv": [
            0,
            13,
            1,
            14
          ],
          "texture": "#particle"
        }
      }
    },
    {
      "__comment": "Box1",
      "from": [
        6,
        2.5,
        9
      ],
      "to": [
        10,
        3.5,
        13.5
      ],
      "faces": {
        "down": {
          "uv": [
            7,
            1,
            11,
            5.5
          ],
          "texture": "#particle"
        },
        "up": {
          "uv": [
            7,
            10.5,
            11,
            15
          ],
          "texture": "#particle"
        },
        "north": {
          "uv": [
            5,
            13,
            9,
            14
          ],
          "texture": "#particle"
        },
        "south": {
          "uv": [
            7,
            13,
            11,
            14
          ],
          "texture": "#particle"
        },
        "west": {
          "uv": [
            10.5,
            13,
            15,
            14
          ],
          "texture": "#particle"
        },
        "east": {
          "uv": [
            1,
            13,
            5.5,
            14
          ],
          "texture": "#particle"
        }
      }
    },
    {
      "__comment": "Box1",
      "from": [
        6,
        3.5,
        1.5
      ],
      "to": [
        10,
        4,
        6.5
      ],
      "faces": {
        "down": {
          "uv": [
            7,
            8,
            11,
            13
          ],
          "texture": "#particle"
        },
        "up": {
          "uv": [
            7,
            3,
            11,
            8
          ],
          "texture": "#particle"
        },
        "north": {
          "uv": [
            5,
            12,
            9,
            12.5
          ],
          "texture": "#particle"
        },
        "south": {
          "uv": [
            7,
            12,
            11,
            12.5
          ],
          "texture": "#particle"
        },
        "west": {
          "uv": [
            3,
            12,
            8,
            12.5
          ],
          "texture": "#particle"
        },
        "east": {
          "uv": [
            8,
            12,
            13,
            12.5
          ],
          "texture": "#particle"
        }
      }
    },
    {
      "__comment": "Box1",
      "from": [
        6,
        3.5,
        9.5
      ],
      "to": [
        10,
        4,
        14.5
      ],
      "faces": {
        "down": {
          "uv": [
            7,
            0,
            11,
            5
          ],
          "texture": "#particle"
        },
        "up": {
          "uv": [
            7,
            11,
            11,
            16
          ],
          "texture": "#particle"
        },
        "north": {
          "uv": [
            5,
            12,
            9,
            12.5
          ],
          "texture": "#particle"
        },
        "south": {
          "uv": [
            7,
            12,
            11,
            12.5
          ],
          "texture": "#particle"
        },
        "west": {
          "uv": [
            11,
            12,
            16,
            12.5
          ],
          "texture": "#particle"
        },
        "east": {
          "uv": [
            0,
            12,
            5,
            12.5
          ],
          "texture": "#particle"
        }
      }
    },
    {
      "__comment": "Box1",
      "from": [
        6,
        4,
        10
      ],
      "to": [
        10,
        4.5,
        14.5
      ],
      "faces": {
        "down": {
          "uv": [
            7,
            0,
            11,
            4.5
          ],
          "texture": "#particle"
        },
        "up": {
          "uv": [
            7,
            11.5,
            11,
            16
          ],
          "texture": "#particle"
        },
        "north": {
          "uv": [
            5,
            11.5,
            9,
            12
          ],
          "texture": "#particle"
        },
        "south": {
          "uv": [
            7,
            11.5,
            11,
            12
          ],
          "texture": "#particle"
        },
        "west": {
          "uv": [
            11.5,
            11.5,
            16,
            12
          ],
          "texture": "#particle"
        },
        "east": {
          "uv": [
            0,
            11.5,
            4.5,
            12
          ],
          "texture": "#particle"
        }
      }
    },
    {
      "__comment": "Box1",
      "from": [
        6,
        4,
        1.5
      ],
      "to": [
        10,
        4.5,
        6
      ],
      "faces": {
        "down": {
          "uv": [
            7,
            8.5,
            11,
            13
          ],
          "texture": "#particle"
        },
        "up": {
          "uv": [
            7,
            3,
            11,
            7.5
          ],
          "texture": "#particle"
        },
        "north": {
          "uv": [
            5,
            11.5,
            9,
            12
          ],
          "texture": "#particle"
        },
        "south": {
          "uv": [
            7,
            11.5,
            11,
            12
          ],
          "texture": "#particle"
        },
        "west": {
          "uv": [
            3,
            11.5,
            7.5,
            12
          ],
          "texture": "#particle"
        },
        "east": {
          "uv": [
            8.5,
            11.5,
            13,
            12
          ],
          "texture": "#particle"
        }
      }
    },
    {
      "__comment": "Box1",
      "from": [
        6,
        4.5,
        2
      ],
      "to": [
        10,
        5.5,
        5.5
      ],
      "faces": {
        "down": {
          "uv": [
            7,
            9,
            11,
            12.5
          ],
          "texture": "#particle"
        },
        "up": {
          "uv": [
            7,
            3.5,
            11,
            7
          ],
          "texture": "#particle"
        },
        "north": {
          "uv": [
            5,
            10.5,
            9,
            11.5
          ],
          "texture": "#particle"
        },
        "south": {
          "uv": [
            7,
            10.5,
            11,
            11.5
          ],
          "texture": "#particle"
        },
        "west": {
          "uv": [
            3.5,
            10.5,
            7,
            11.5
          ],
          "texture": "#particle"
        },
        "east": {
          "uv": [
            9,
            10.5,
            12.5,
            11.5
          ],
          "texture": "#particle"
        }
      }
    },
    {
      "__comment": "Box1",
      "from": [
        6,
        4.5,
        10.5
      ],
      "to": [
        10,
        5.5,
        14
      ],
      "faces": {
        "down": {
          "uv": [
            7,
            0.5,
            11,
            4
          ],
          "texture": "#particle"
        },
        "up": {
          "uv": [
            7,
            12,
            11,
            15.5
          ],
          "texture": "#particle"
        },
        "north": {
          "uv": [
            5,
            10.5,
            9,
            11.5
          ],
          "texture": "#particle"
        },
        "south": {
          "uv": [
            7,
            10.5,
            11,
            11.5
          ],
          "texture": "#particle"
        },
        "west": {
          "uv": [
            12,
            10.5,
            15.5,
            11.5
          ],
          "texture": "#particle"
        },
        "east": {
          "uv": [
            0.5,
            10.5,
            4,
            11.5
          ],
          "texture": "#particle"
        }
      }
    },
    {
      "__comment": "Box1",
      "from": [
        6.5,
        5,
        7
      ],
      "to": [
        9.5,
        7.5,
        9
      ],
      "faces": {
        "down": {
          "uv": [
            7.5,
            5.5,
            10.5,
            7.5
          ],
          "texture": "#texture"
        },
        "up": {
          "uv": [
            7.5,
            8.5,
            10.5,
            10.5
          ],
          "texture": "#texture"
        },
        "north": {
          "uv": [
            5.5,
            8.5,
            8.5,
            11
          ],
          "texture": "#texture"
        },
        "south": {
          "uv": [
            7.5,
            8.5,
            10.5,
            11
          ],
          "texture": "#texture"
        },
        "west": {
          "uv": [
            8.5,
            8.5,
            10.5,
            11
          ],
          "texture": "#texture"
        },
        "east": {
          "uv": [
            5.5,
            8.5,
            7.5,
            11
          ],
          "texture": "#texture"
        }
      }
    },
    {
      "__comment": "Box1",
      "from": [
        6.5,
        3.5,
        4.5
      ],
      "to": [
        9.5,
        7.5,
        7
      ],
      "faces": {
        "down": {
          "uv": [
            7.5,
            7.5,
            10.5,
            10
          ],
          "texture": "#particle"
        },
        "up": {
          "uv": [
            7.5,
            6,
            10.5,
            8.5
          ],
          "texture": "#particle"
        },
        "north": {
          "uv": [
            5.5,
            8.5,
            8.5,
            12.5
          ],
          "texture": "#particle"
        },
        "south": {
          "uv": [
            7.5,
            8.5,
            10.5,
            12.5
          ],
          "texture": "#particle"
        },
        "west": {
          "uv": [
            6,
            8.5,
            8.5,
            12.5
          ],
          "texture": "#particle"
        },
        "east": {
          "uv": [
            7.5,
            8.5,
            10,
            12.5
          ],
          "texture": "#particle"
        }
      }
    },
    {
      "__comment": "Box1",
      "from": [
        6.5,
        3.5,
        9
      ],
      "to": [
        9.5,
        7.5,
        11.5
      ],
      "faces": {
        "down": {
          "uv": [
            7.5,
            3,
            10.5,
            5.5
          ],
          "texture": "#particle"
        },
        "up": {
          "uv": [
            7.5,
            10.5,
            10.5,
            13
          ],
          "texture": "#particle"
        },
        "north": {
          "uv": [
            5.5,
            8.5,
            8.5,
            12.5
          ],
          "texture": "#particle"
        },
        "south": {
          "uv": [
            7.5,
            8.5,
            10.5,
            12.5
          ],
          "texture": "#particle"
        },
        "west": {
          "uv": [
            10.5,
            8.5,
            13,
            12.5
          ],
          "texture": "#particle"
        },
        "east": {
          "uv": [
            3,
            8.5,
            5.5,
            12.5
          ],
          "texture": "#particle"
        }
      }
    },
    {
      "__comment": "Box1",
      "from": [
        6,
        5.5,
        1.5
      ],
      "to": [
        10,
        6.5,
        5
      ],
      "faces": {
        "down": {
          "uv": [
            7,
            9.5,
            11,
            13
          ],
          "texture": "#particle"
        },
        "up": {
          "uv": [
            7,
            3,
            11,
            6.5
          ],
          "texture": "#particle"
        },
        "north": {
          "uv": [
            5,
            9.5,
            9,
            10.5
          ],
          "texture": "#particle"
        },
        "south": {
          "uv": [
            7,
            9.5,
            11,
            10.5
          ],
          "texture": "#particle"
        },
        "west": {
          "uv": [
            3,
            9.5,
            6.5,
            10.5
          ],
          "texture": "#particle"
        },
        "east": {
          "uv": [
            9.5,
            9.5,
            13,
            10.5
          ],
          "texture": "#particle"
        }
      }
    },
    {
      "__comment": "Box1",
      "from": [
        6,
        5.5,
        11
      ],
      "to": [
        10,
        6.5,
        14.5
      ],
      "faces": {
        "down": {
          "uv": [
            7,
            0,
            11,
            3.5
          ],
          "texture": "#particle"
        },
        "up": {
          "uv": [
            7,
            12.5,
            11,
            16
          ],
          "texture": "#particle"
        },
        "north": {
          "uv": [
            5,
            9.5,
            9,
            10.5
          ],
          "texture": "#particle"
        },
        "south": {
          "uv": [
            7,
            9.5,
            11,
            10.5
          ],
          "texture": "#particle"
        },
        "west": {
          "uv": [
            12.5,
            9.5,
            16,
            10.5
          ],
          "texture": "#particle"
        },
        "east": {
          "uv": [
            0,
            9.5,
            3.5,
            10.5
          ],
          "texture": "#particle"
        }
      }
    },
    {
      "__comment": "Box1",
      "from": [
        6,
        6.5,
        1.5
      ],
      "to": [
        10,
        7.5,
        4.5
      ],
      "faces": {
        "down": {
          "uv": [
            7,
            10,
            11,
            13
          ],
          "texture": "#particle"
        },
        "up": {
          "uv": [
            7,
            3,
            11,
            6
          ],
          "texture": "#particle"
        },
        "north": {
          "uv": [
            5,
            8.5,
            9,
            9.5
          ],
          "texture": "#particle"
        },
        "south": {
          "uv": [
            7,
            8.5,
            11,
            9.5
          ],
          "texture": "#particle"
        },
        "west": {
          "uv": [
            3,
            8.5,
            6,
            9.5
          ],
          "texture": "#particle"
        },
        "east": {
          "uv": [
            10,
            8.5,
            13,
            9.5
          ],
          "texture": "#particle"
        }
      }
    },
    {
      "__comment": "Box1",
      "from": [
        6,
        6.5,
        11.5
      ],
      "to": [
        10,
        7.5,
        14.5
      ],
      "faces": {
        "down": {
          "uv": [
            7,
            0,
            11,
            3
          ],
          "texture": "#particle"
        },
        "up": {
          "uv": [
            7,
            13,
            11,
            16
          ],
          "texture": "#particle"
        },
        "north": {
          "uv": [
            5,
            8.5,
            9,
            9.5
          ],
          "texture": "#particle"
        },
        "south": {
          "uv": [
            7,
            8.5,
            11,
            9.5
          ],
          "texture": "#particle"
        },
        "west": {
          "uv": [
            13,
            8.5,
            16,
            9.5
          ],
          "texture": "#particle"
        },
        "east": {
          "uv": [
            0,
            8.5,
            3,
            9.5
          ],
          "texture": "#particle"
        }
      }
    },
    {
      "__comment": "Box1",
      "from": [
        7.5,
        7.5,
        3.5
      ],
      "to": [
        8.5,
        8,
        5
      ],
      "faces": {
        "down": {
          "uv": [
            8.5,
            9.5,
            9.5,
            11
          ],
          "texture": "#texture"
        },
        "up": {
          "uv": [
            8.5,
            5,
            9.5,
            6.5
          ],
          "texture": "#texture"
        },
        "north": {
          "uv": [
            6.5,
            8,
            7.5,
            8.5
          ],
          "texture": "#texture"
        },
        "south": {
          "uv": [
            8.5,
            8,
            9.5,
            8.5
          ],
          "texture": "#texture"
        },
        "west": {
          "uv": [
            5,
            8,
            6.5,
            8.5
          ],
          "texture": "#texture"
        },
        "east": {
          "uv": [
            9.5,
            8,
            11,
            8.5
          ],
          "texture": "#texture"
        }
      }
    },
    {
      "__comment": "Box1",
      "from": [
        7.5,
        7.5,
        11
      ],
      "to": [
        8.5,
        8,
        12.5
      ],
      "faces": {
        "down": {
          "uv": [
            8.5,
            2,
            9.5,
            3.5
          ],
          "texture": "#texture"
        },
        "up": {
          "uv": [
            8.5,
            12.5,
            9.5,
            14
          ],
          "texture": "#texture"
        },
        "north": {
          "uv": [
            6.5,
            8,
            7.5,
            8.5
          ],
          "texture": "#texture"
        },
        "south": {
          "uv": [
            8.5,
            8,
            9.5,
            8.5
          ],
          "texture": "#texture"
        },
        "west": {
          "uv": [
            12.5,
            8,
            14,
            8.5
          ],
          "texture": "#texture"
        },
        "east": {
          "uv": [
            2,
            8,
            3.5,
            8.5
          ],
          "texture": "#texture"
        }
      }
    },
    {
      "__comment": "Box1",
      "from": [
        7.5,
        7.5,
        6
      ],
      "to": [
        8.5,
        8,
        7
      ],
      "faces": {
        "down": {
          "uv": [
            8.5,
            7.5,
            9.5,
            8.5
          ],
          "texture": "#texture"
        },
        "up": {
          "uv": [
            8.5,
            7.5,
            9.5,
            8.5
          ],
          "texture": "#texture"
        },
        "north": {
          "uv": [
            6.5,
            8,
            7.5,
            8.5
          ],
          "texture": "#texture"
        },
        "south": {
          "uv": [
            8.5,
            8,
            9.5,
            8.5
          ],
          "texture": "#texture"
        },
        "west": {
          "uv": [
            7.5,
            8,
            8.5,
            8.5
          ],
          "texture": "#texture"
        },
        "east": {
          "uv": [
            7.5,
            8,
            8.5,
            8.5
          ],
          "texture": "#texture"
        }
      }
    },
    {
      "__comment": "Box1",
      "from": [
        7.5,
        7.5,
        9
      ],
      "to": [
        8.5,
        8,
        10
      ],
      "faces": {
        "down": {
          "uv": [
            8.5,
            4.5,
            9.5,
            5.5
          ],
          "texture": "#texture"
        },
        "up": {
          "uv": [
            8.5,
            10.5,
            9.5,
            11.5
          ],
          "texture": "#texture"
        },
        "north": {
          "uv": [
            6.5,
            8,
            7.5,
            8.5
          ],
          "texture": "#texture"
        },
        "south": {
          "uv": [
            8.5,
            8,
            9.5,
            8.5
          ],
          "texture": "#texture"
        },
        "west": {
          "uv": [
            10.5,
            8,
            11.5,
            8.5
          ],
          "texture": "#texture"
        },
        "east": {
          "uv": [
            4.5,
            8,
            5.5,
            8.5
          ],
          "texture": "#texture"
        }
      }
    },
    {
      "__comment": "Box1",
      "from": [
        7.5,
        8.5,
        6.5
      ],
      "to": [
        8.5,
        9,
        9.5
      ],
      "faces": {
        "down": {
          "uv": [
            8.5,
            5,
            9.5,
            8
          ],
          "texture": "#texture"
        },
        "up": {
          "uv": [
            8.5,
            8,
            9.5,
            11
          ],
          "texture": "#texture"
        },
        "north": {
          "uv": [
            6.5,
            7,
            7.5,
            7.5
          ],
          "texture": "#texture"
        },
        "south": {
          "uv": [
            8.5,
            7,
            9.5,
            7.5
          ],
          "texture": "#texture"
        },
        "west": {
          "uv": [
            8,
            7,
            11,
            7.5
          ],
          "texture": "#texture"
        },
        "east": {
          "uv": [
            5,
            7,
            8,
            7.5
          ],
          "texture": "#texture"
        }
      }
    },
    {
      "__comment": "Box1",
      "from": [
        7.5,
        8,
        8.5
      ],
      "to": [
        8.5,
        8.5,
        10
      ],
      "faces": {
        "down": {
          "uv": [
            8.5,
            4.5,
            9.5,
            6
          ],
          "texture": "#texture"
        },
        "up": {
          "uv": [
            8.5,
            10,
            9.5,
            11.5
          ],
          "texture": "#texture"
        },
        "north": {
          "uv": [
            6.5,
            7.5,
            7.5,
            8
          ],
          "texture": "#texture"
        },
        "south": {
          "uv": [
            8.5,
            7.5,
            9.5,
            8
          ],
          "texture": "#texture"
        },
        "west": {
          "uv": [
            10,
            7.5,
            11.5,
            8
          ],
          "texture": "#texture"
        },
        "east": {
          "uv": [
            4.5,
            7.5,
            6,
            8
          ],
          "texture": "#texture"
        }
      }
    },
    {
      "__comment": "Box1",
      "from": [
        7.5,
        8,
        6
      ],
      "to": [
        8.5,
        8.5,
        7.5
      ],
      "faces": {
        "down": {
          "uv": [
            8.5,
            7,
            9.5,
            8.5
          ],
          "texture": "#texture"
        },
        "up": {
          "uv": [
            8.5,
            7.5,
            9.5,
            9
          ],
          "texture": "#texture"
        },
        "north": {
          "uv": [
            6.5,
            7.5,
            7.5,
            8
          ],
          "texture": "#texture"
        },
        "south": {
          "uv": [
            8.5,
            7.5,
            9.5,
            8
          ],
          "texture": "#texture"
        },
        "west": {
          "uv": [
            7.5,
            7.5,
            9,
            8
          ],
          "texture": "#texture"
        },
        "east": {
          "uv": [
            7,
            7.5,
            8.5,
            8
          ],
          "texture": "#texture"
        }
      }
    },
    {
      "__comment": "Box1",
      "from": [
        6.5,
        4.5,
        13.5
      ],
      "to": [
        9.5,
        5.5,
        14.5
      ],
      "faces": {
        "down": {
          "uv": [
            7.5,
            0,
            10.5,
            1
          ],
          "texture": "#particle"
        },
        "up": {
          "uv": [
            7.5,
            15,
            10.5,
            16
          ],
          "texture": "#particle"
        },
        "north": {
          "uv": [
            5.5,
            10.5,
            8.5,
            11.5
          ],
          "texture": "#particle"
        },
        "south": {
          "uv": [
            7.5,
            10.5,
            10.5,
            11.5
          ],
          "texture": "#particle"
        },
        "west": {
          "uv": [
            15,
            10.5,
            16,
            11.5
          ],
          "texture": "#particle"
        },
        "east": {
          "uv": [
            0,
            10.5,
            1,
            11.5
          ],
          "texture": "#particle"
        }
      }
    },
    {
      "__comment": "Box1",
      "from": [
        6.5,
        4.5,
        1.5
      ],
      "to": [
        9.5,
        5.5,
        2.5
      ],
      "faces": {
        "down": {
          "uv": [
            7.5,
            12,
            10.5,
            13
          ],
          "texture": "#particle"
        },
        "up": {
          "uv": [
            7.5,
            3,
            10.5,
            4
          ],
          "texture": "#particle"
        },
        "north": {
          "uv": [
            5.5,
            10.5,
            8.5,
            11.5
          ],
          "texture": "#particle"
        },
        "south": {
          "uv": [
            7.5,
            10.5,
            10.5,
            11.5
          ],
          "texture": "#particle"
        },
        "west": {
          "uv": [
            3,
            10.5,
            4,
            11.5
          ],
          "texture": "#particle"
        },
        "east": {
          "uv": [
            12,
            10.5,
            13,
            11.5
          ],
          "texture": "#particle"
        }
      }
    },
    {
      "__comment": "Box1",
      "from": [
        6,
        4.5,
        1.5
      ],
      "to": [
        6.5,
        5.5,
        2
      ],
      "faces": {
        "down": {
          "uv": [
            7,
            12.5,
            7.5,
            13
          ],
          "texture": "#texture"
        },
        "up": {
          "uv": [
            7,
            3,
            7.5,
            3.5
          ],
          "texture": "#texture"
        },
        "north": {
          "uv": [
            8.5,
            10.5,
            9,
            11.5
          ],
          "texture": "#texture"
        },
        "south": {
          "uv": [
            7,
            10.5,
            7.5,
            11.5
          ],
          "texture": "#texture"
        },
        "west": {
          "uv": [
            3,
            10.5,
            3.5,
            11.5
          ],
          "texture": "#texture"
        },
        "east": {
          "uv": [
            12.5,
            10.5,
            13,
            11.5
          ],
          "texture": "#texture"
        }
      }
    },
    {
      "__comment": "Box1",
      "from": [
        6,
        4.5,
        1.5
      ],
      "to": [
        6.5,
        5.5,
        2
      ],
      "faces": {
        "down": {
          "uv": [
            7,
            12.5,
            7.5,
            13
          ],
          "texture": "#texture"
        },
        "up": {
          "uv": [
            7,
            3,
            7.5,
            3.5
          ],
          "texture": "#texture"
        },
        "north": {
          "uv": [
            8.5,
            10.5,
            9,
            11.5
          ],
          "texture": "#texture"
        },
        "south": {
          "uv": [
            7,
            10.5,
            7.5,
            11.5
          ],
          "texture": "#texture"
        },
        "west": {
          "uv": [
            3,
            10.5,
            3.5,
            11.5
          ],
          "texture": "#texture"
        },
        "east": {
          "uv": [
            12.5,
            10.5,
            13,
            11.5
          ],
          "texture": "#texture"
        }
      }
    },
    {
      "__comment": "Box1",
      "from": [
        9.5,
        4.5,
        1.5
      ],
      "to": [
        10,
        5.5,
        2
      ],
      "faces": {
        "down": {
          "uv": [
            10.5,
            12.5,
            11,
            13
          ],
          "texture": "#texture"
        },
        "up": {
          "uv": [
            10.5,
            3,
            11,
            3.5
          ],
          "texture": "#texture"
        },
        "north": {
          "uv": [
            5,
            10.5,
            5.5,
            11.5
          ],
          "texture": "#texture"
        },
        "south": {
          "uv": [
            10.5,
            10.5,
            11,
            11.5
          ],
          "texture": "#texture"
        },
        "west": {
          "uv": [
            3,
            10.5,
            3.5,
            11.5
          ],
          "texture": "#texture"
        },
        "east": {
          "uv": [
            12.5,
            10.5,
            13,
            11.5
          ],
          "texture": "#texture"
        }
      }
    },
    {
      "__comment": "Box1",
      "from": [
        6,
        4.5,
        14
      ],
      "to": [
        6.5,
        5.5,
        14.5
      ],
      "faces": {
        "down": {
          "uv": [
            7,
            0,
            7.5,
            0.5
          ],
          "texture": "#texture"
        },
        "up": {
          "uv": [
            7,
            15.5,
            7.5,
            16
          ],
          "texture": "#texture"
        },
        "north": {
          "uv": [
            8.5,
            10.5,
            9,
            11.5
          ],
          "texture": "#texture"
        },
        "south": {
          "uv": [
            7,
            10.5,
            7.5,
            11.5
          ],
          "texture": "#texture"
        },
        "west": {
          "uv": [
            15.5,
            10.5,
            16,
            11.5
          ],
          "texture": "#texture"
        },
        "east": {
          "uv": [
            0,
            10.5,
            0.5,
            11.5
          ],
          "texture": "#texture"
        }
      }
    },
    {
      "__comment": "Box1",
      "from": [
        9.5,
        4.5,
        14
      ],
      "to": [
        10,
        5.5,
        14.5
      ],
      "faces": {
        "down": {
          "uv": [
            10.5,
            0,
            11,
            0.5
          ],
          "texture": "#texture"
        },
        "up": {
          "uv": [
            10.5,
            15.5,
            11,
            16
          ],
          "texture": "#texture"
        },
        "north": {
          "uv": [
            5,
            10.5,
            5.5,
            11.5
          ],
          "texture": "#texture"
        },
        "south": {
          "uv": [
            10.5,
            10.5,
            11,
            11.5
          ],
          "texture": "#texture"
        },
        "west": {
          "uv": [
            15.5,
            10.5,
            16,
            11.5
          ],
          "texture": "#texture"
        },
        "east": {
          "uv": [
            0,
            10.5,
            0.5,
            11.5
          ],
          "texture": "#texture"
        }
      }
    },
    {
      "__comment": "Box1",
      "from": [
        6,
        2,
        1.5
      ],
      "to": [
        10,
        2.5,
        7
      ],
      "faces": {
        "down": {
          "uv": [
            7,
            7.5,
            11,
            13
          ],
          "texture": "#particle"
        },
        "up": {
          "uv": [
            7,
            3,
            11,
            8.5
          ],
          "texture": "#particle"
        },
        "north": {
          "uv": [
            5,
            13.5,
            9,
            14
          ],
          "texture": "#particle"
        },
        "south": {
          "uv": [
            7,
            13.5,
            11,
            14
          ],
          "texture": "#particle"
        },
        "west": {
          "uv": [
            3,
            13.5,
            8.5,
            14
          ],
          "texture": "#particle"
        },
        "east": {
          "uv": [
            7.5,
            13.5,
            13,
            14
          ],
          "texture": "#particle"
        }
      }
    },
    {
      "__comment": "Box1",
      "from": [
        6,
        2,
        9
      ],
      "to": [
        10,
        2.5,
        14.5
      ],
      "faces": {
        "down": {
          "uv": [
            7,
            0,
            11,
            5.5
          ],
          "texture": "#particle"
        },
        "up": {
          "uv": [
            7,
            10.5,
            11,
            16
          ],
          "texture": "#particle"
        },
        "north": {
          "uv": [
            5,
            13.5,
            9,
            14
          ],
          "texture": "#particle"
        },
        "south": {
          "uv": [
            7,
            13.5,
            11,
            14
          ],
          "texture": "#particle"
        },
        "west": {
          "uv": [
            10.5,
            13.5,
            16,
            14
          ],
          "texture": "#particle"
        },
        "east": {
          "uv": [
            0,
            13.5,
            5.5,
            14
          ],
          "texture": "#particle"
        }
      }
    },
    {
      "__comment": "Box1",
      "from": [
        6,
        0.5,
        2
      ],
      "to": [
        10,
        1,
        5.5
      ],
      "faces": {
        "down": {
          "uv": [
            7,
            9,
            11,
            12.5
          ],
          "texture": "#particle"
        },
        "up": {
          "uv": [
            7,
            3.5,
            11,
            7
          ],
          "texture": "#particle"
        },
        "north": {
          "uv": [
            5,
            15,
            9,
            15.5
          ],
          "texture": "#particle"
        },
        "south": {
          "uv": [
            7,
            15,
            11,
            15.5
          ],
          "texture": "#particle"
        },
        "west": {
          "uv": [
            3.5,
            15,
            7,
            15.5
          ],
          "texture": "#particle"
        },
        "east": {
          "uv": [
            9,
            15,
            12.5,
            15.5
          ],
          "texture": "#particle"
        }
      }
    },
    {
      "__comment": "Box1",
      "from": [
        6,
        0.5,
        10.5
      ],
      "to": [
        10,
        1,
        14
      ],
      "faces": {
        "down": {
          "uv": [
            7,
            0.5,
            11,
            4
          ],
          "texture": "#particle"
        },
        "up": {
          "uv": [
            7,
            12,
            11,
            15.5
          ],
          "texture": "#particle"
        },
        "north": {
          "uv": [
            5,
            15,
            9,
            15.5
          ],
          "texture": "#particle"
        },
        "south": {
          "uv": [
            7,
            15,
            11,
            15.5
          ],
          "texture": "#particle"
        },
        "west": {
          "uv": [
            12,
            15,
            15.5,
            15.5
          ],
          "texture": "#particle"
        },
        "east": {
          "uv": [
            0.5,
            15,
            4,
            15.5
          ],
          "texture": "#particle"
        }
      }
    },
    {
      "__comment": "Box1",
      "from": [
        6,
        0.5,
        14
      ],
      "to": [
        6.5,
        1.5,
        14.5
      ],
      "faces": {
        "down": {
          "uv": [
            7,
            0,
            7.5,
            0.5
          ],
          "texture": "#texture"
        },
        "up": {
          "uv": [
            7,
            15.5,
            7.5,
            16
          ],
          "texture": "#texture"
        },
        "north": {
          "uv": [
            8.5,
            14.5,
            9,
            15.5
          ],
          "texture": "#texture"
        },
        "south": {
          "uv": [
            7,
            14.5,
            7.5,
            15.5
          ],
          "texture": "#texture"
        },
        "west": {
          "uv": [
            15.5,
            14.5,
            16,
            15.5
          ],
          "texture": "#texture"
        },
        "east": {
          "uv": [
            0,
            14.5,
            0.5,
            15.5
          ],
          "texture": "#texture"
        }
      }
    },
    {
      "__comment": "Box1",
      "from": [
        6,
        0.5,
        1.5
      ],
      "to": [
        6.5,
        1.5,
        2
      ],
      "faces": {
        "down": {
          "uv": [
            7,
            12.5,
            7.5,
            13
          ],
          "texture": "#texture"
        },
        "up": {
          "uv": [
            7,
            3,
            7.5,
            3.5
          ],
          "texture": "#texture"
        },
        "north": {
          "uv": [
            8.5,
            14.5,
            9,
            15.5
          ],
          "texture": "#texture"
        },
        "south": {
          "uv": [
            7,
            14.5,
            7.5,
            15.5
          ],
          "texture": "#texture"
        },
        "west": {
          "uv": [
            3,
            14.5,
            3.5,
            15.5
          ],
          "texture": "#texture"
        },
        "east": {
          "uv": [
            12.5,
            14.5,
            13,
            15.5
          ],
          "texture": "#texture"
        }
      }
    },
    {
      "__comment": "Box1",
      "from": [
        9.5,
        0.5,
        1.5
      ],
      "to": [
        10,
        1.5,
        2
      ],
      "faces": {
        "down": {
          "uv": [
            10.5,
            12.5,
            11,
            13
          ],
          "texture": "#texture"
        },
        "up": {
          "uv": [
            10.5,
            3,
            11,
            3.5
          ],
          "texture": "#texture"
        },
        "north": {
          "uv": [
            5,
            14.5,
            5.5,
            15.5
          ],
          "texture": "#texture"
        },
        "south": {
          "uv": [
            10.5,
            14.5,
            11,
            15.5
          ],
          "texture": "#texture"
        },
        "west": {
          "uv": [
            3,
            14.5,
            3.5,
            15.5
          ],
          "texture": "#texture"
        },
        "east": {
          "uv": [
            12.5,
            14.5,
            13,
            15.5
          ],
          "texture": "#texture"
        }
      }
    },
    {
      "__comment": "Box1",
      "from": [
        9.5,
        0.5,
        14
      ],
      "to": [
        10,
        1.5,
        14.5
      ],
      "faces": {
        "down": {
          "uv": [
            10.5,
            0,
            11,
            0.5
          ],
          "texture": "#texture"
        },
        "up": {
          "uv": [
            10.5,
            15.5,
            11,
            16
          ],
          "texture": "#texture"
        },
        "north": {
          "uv": [
            5,
            14.5,
            5.5,
            15.5
          ],
          "texture": "#texture"
        },
        "south": {
          "uv": [
            10.5,
            14.5,
            11,
            15.5
          ],
          "texture": "#texture"
        },
        "west": {
          "uv": [
            15.5,
            14.5,
            16,
            15.5
          ],
          "texture": "#texture"
        },
        "east": {
          "uv": [
            0,
            14.5,
            0.5,
            15.5
          ],
          "texture": "#texture"
        }
      }
    },
    {
      "__comment": "Box1",
      "from": [
        6.5,
        0.5,
        13.5
      ],
      "to": [
        9.5,
        1.5,
        14.5
      ],
      "faces": {
        "down": {
          "uv": [
            7.5,
            0,
            10.5,
            1
          ],
          "texture": "#particle"
        },
        "up": {
          "uv": [
            7.5,
            15,
            10.5,
            16
          ],
          "texture": "#particle"
        },
        "north": {
          "uv": [
            5.5,
            14.5,
            8.5,
            15.5
          ],
          "texture": "#particle"
        },
        "south": {
          "uv": [
            7.5,
            14.5,
            10.5,
            15.5
          ],
          "texture": "#particle"
        },
        "west": {
          "uv": [
            15,
            14.5,
            16,
            15.5
          ],
          "texture": "#particle"
        },
        "east": {
          "uv": [
            0,
            14.5,
            1,
            15.5
          ],
          "texture": "#particle"
        }
      }
    },
    {
      "__comment": "Box1",
      "from": [
        6.5,
        0.5,
        1.5
      ],
      "to": [
        9.5,
        1.5,
        2.5
      ],
      "faces": {
        "down": {
          "uv": [
            7.5,
            12,
            10.5,
            13
          ],
          "texture": "#particle"
        },
        "up": {
          "uv": [
            7.5,
            3,
            10.5,
            4
          ],
          "texture": "#particle"
        },
        "north": {
          "uv": [
            5.5,
            14.5,
            8.5,
            15.5
          ],
          "texture": "#particle"
        },
        "south": {
          "uv": [
            7.5,
            14.5,
            10.5,
            15.5
          ],
          "texture": "#particle"
        },
        "west": {
          "uv": [
            3,
            14.5,
            4,
            15.5
          ],
          "texture": "#particle"
        },
        "east": {
          "uv": [
            12,
            14.5,
            13,
            15.5
          ],
          "texture": "#particle"
        }
      }
    }
  ],
  "display": {
    "thirdperson_righthand": {
      "rotation": [
        90,
        0,
        0
      ],
      "translation": [
        0,
        -2.086,
        0
      ]
    },
    "thirdperson_lefthand": {
      "rotation": [
        90,
        0,
        0
      ],
      "translation": [
        0,
        -2.086,
        0
      ]
    },
    "firstperson_righthand": {
      "rotation": [
        0,
        11,
        0
      ],
      "translation": [
        0,
        5.5652,
        0
      ],
      "scale": [
        0.7,
        0.7,
        0.7
      ]
    },
    "firstperson_lefthand": {
      "rotation": [
        0,
        11,
        0
      ],
      "translation": [
        0,
        5.5652,
        0
      ],
      "scale": [
        0.7,
        0.7,
        0.7
      ]
    },
    "gui": {
      "rotation": [
        0,
        -64,
        0
      ],
      "translation": [
        0,
        3.4782,
        0
      ]
    },
    "ground": {
      "translation": [
        0,
        4.8695,
        0
      ]
    },
    "fixed": {
      "rotation": [
        0,
        90,
        0
      ],
      "translation": [
        0,
        3.5,
        0
      ]
    }
  }
}
