{
  "__comment": "Designed_by_Gamerkm_with_Cubik_Studio_-_https://cubik.studio",
  "textures": {
    "particle": "block/e_particle",
    "castle_image": "custom/castle_image",
    "quartz_block_top": "block/quartz_block_top",
    "terracotta_black": "block/black_terracotta",
    "stone_slab_top": "block/stone_slab_top"
  },
  "elements": [
    {
      "__comment": "quartz_block_top",
      "from": [
        4.5,
        20,
        -5.5
      ],
      "to": [
        11.5,
        20.5,
        -5
      ],
      "faces": {
        "down": {
          "uv": [
            4.5,
            5,
            11.5,
            5.5
          ],
          "texture": "#quartz_block_top"
        },
        "up": {
          "uv": [
            4.5,
            10.5,
            11.5,
            11
          ],
          "texture": "#quartz_block_top"
        },
        "north": {
          "uv": [
            4.5,
            11.5,
            11.5,
            12
          ],
          "texture": "#quartz_block_top"
        },
        "south": {
          "uv": [
            4.5,
            11.5,
            11.5,
            12
          ],
          "texture": "#quartz_block_top"
        },
        "west": {
          "uv": [
            10.5,
            11.5,
            11,
            12
          ],
          "texture": "#quartz_block_top"
        },
        "east": {
          "uv": [
            5,
            11.5,
            5.5,
            12
          ],
          "texture": "#quartz_block_top"
        }
      }
    },
    {
      "__comment": "screen",
      "from": [
        5,
        20.5,
        -5.5
      ],
      "to": [
        11,
        24,
        -5
      ],
      "faces": {
        "down": {
          "uv": [
            5,
            11,
            11,
            11.5
          ],
          "texture": "#quartz_block_top"
        },
        "up": {
          "uv": [
            5,
            4.5,
            11,
            5
          ],
          "texture": "#quartz_block_top"
        },
        "north": {
          "uv": [
            5,
            7,
            11,
            10.5
          ],
          "texture": "#quartz_block_top"
        },
        "south": {
          "uv": [
            1,
            3.499999,
            14.5,
            12.5
          ],
          "texture": "#castle_image"
        },
        "west": {
          "uv": [
            4.5,
            7,
            5,
            10.5
          ],
          "texture": "#quartz_block_top"
        },
        "east": {
          "uv": [
            11,
            7,
            11.5,
            10.5
          ],
          "texture": "#quartz_block_top"
        }
      }
    },
    {
      "__comment": "quartz_block_top",
      "from": [
        11,
        20.5,
        -5.5
      ],
      "to": [
        12,
        24,
        -5
      ],
      "faces": {
        "down": {
          "uv": [
            11,
            5,
            12,
            5.5
          ],
          "texture": "#quartz_block_top"
        },
        "up": {
          "uv": [
            11,
            10.5,
            12,
            11
          ],
          "texture": "#quartz_block_top"
        },
        "north": {
          "uv": [
            4,
            8,
            5,
            11.5
          ],
          "texture": "#quartz_block_top"
        },
        "south": {
          "uv": [
            11,
            8,
            12,
            11.5
          ],
          "texture": "#quartz_block_top"
        },
        "west": {
          "uv": [
            10.5,
            8,
            11,
            11.5
          ],
          "texture": "#quartz_block_top"
        },
        "east": {
          "uv": [
            5,
            8,
            5.5,
            11.5
          ],
          "texture": "#quartz_block_top"
        }
      }
    },
    {
      "__comment": "quartz_block_top",
      "from": [
        4.5,
        23,
        -5.5
      ],
      "to": [
        5,
        24,
        -5
      ],
      "faces": {
        "down": {
          "uv": [
            4.5,
            5,
            5,
            5.5
          ],
          "texture": "#quartz_block_top"
        },
        "up": {
          "uv": [
            4.5,
            10.5,
            5,
            11
          ],
          "texture": "#quartz_block_top"
        },
        "north": {
          "uv": [
            11,
            8,
            11.5,
            9
          ],
          "texture": "#quartz_block_top"
        },
        "south": {
          "uv": [
            4.5,
            8,
            5,
            9
          ],
          "texture": "#quartz_block_top"
        },
        "west": {
          "uv": [
            10.5,
            8,
            11,
            9
          ],
          "texture": "#quartz_block_top"
        },
        "east": {
          "uv": [
            5,
            8,
            5.5,
            9
          ],
          "texture": "#quartz_block_top"
        }
      }
    },
    {
      "__comment": "terracotta_black",
      "from": [
        7.5,
        19,
        -5.5
      ],
      "to": [
        9.5,
        19.5,
        -5
      ],
      "faces": {
        "down": {
          "uv": [
            7.5,
            5,
            9.5,
            5.5
          ],
          "texture": "#terracotta_black"
        },
        "up": {
          "uv": [
            7.5,
            10.5,
            9.5,
            11
          ],
          "texture": "#terracotta_black"
        },
        "north": {
          "uv": [
            6.5,
            12.5,
            8.5,
            13
          ],
          "texture": "#terracotta_black"
        },
        "south": {
          "uv": [
            7.5,
            12.5,
            9.5,
            13
          ],
          "texture": "#terracotta_black"
        },
        "west": {
          "uv": [
            10.5,
            12.5,
            11,
            13
          ],
          "texture": "#terracotta_black"
        },
        "east": {
          "uv": [
            5,
            12.5,
            5.5,
            13
          ],
          "texture": "#terracotta_black"
        }
      }
    },
    {
      "__comment": "quartz_block_top",
      "from": [
        4.5,
        24,
        -5.5
      ],
      "to": [
        11.5,
        24.5,
        -5
      ],
      "faces": {
        "down": {
          "uv": [
            4.5,
            5,
            11.5,
            5.5
          ],
          "texture": "#quartz_block_top"
        },
        "up": {
          "uv": [
            4.5,
            10.5,
            11.5,
            11
          ],
          "texture": "#quartz_block_top"
        },
        "north": {
          "uv": [
            4.5,
            7.5,
            11.5,
            8
          ],
          "texture": "#quartz_block_top"
        },
        "south": {
          "uv": [
            4.5,
            7.5,
            11.5,
            8
          ],
          "texture": "#quartz_block_top"
        },
        "west": {
          "uv": [
            10.5,
            7.5,
            11,
            8
          ],
          "texture": "#quartz_block_top"
        },
        "east": {
          "uv": [
            5,
            7.5,
            5.5,
            8
          ],
          "texture": "#quartz_block_top"
        }
      }
    },
    {
      "__comment": "terracotta_black",
      "from": [
        7,
        24,
        -5
      ],
      "to": [
        9,
        24.5,
        -4.5
      ],
      "faces": {
        "down": {
          "uv": [
            7,
            4.5,
            9,
            5
          ],
          "texture": "#terracotta_black"
        },
        "up": {
          "uv": [
            7,
            11,
            9,
            11.5
          ],
          "texture": "#terracotta_black"
        },
        "north": {
          "uv": [
            7,
            7.5,
            9,
            8
          ],
          "texture": "#terracotta_black"
        },
        "south": {
          "uv": [
            7,
            7.5,
            9,
            8
          ],
          "texture": "#terracotta_black"
        },
        "west": {
          "uv": [
            11,
            7.5,
            11.5,
            8
          ],
          "texture": "#terracotta_black"
        },
        "east": {
          "uv": [
            4.5,
            7.5,
            5,
            8
          ],
          "texture": "#terracotta_black"
        }
      }
    },
    {
      "__comment": "terracotta_black",
      "from": [
        7,
        24.5,
        -5.5
      ],
      "to": [
        9,
        25,
        -5
      ],
      "faces": {
        "down": {
          "uv": [
            7,
            5,
            9,
            5.5
          ],
          "texture": "#terracotta_black"
        },
        "up": {
          "uv": [
            7,
            10.5,
            9,
            11
          ],
          "texture": "#terracotta_black"
        },
        "north": {
          "uv": [
            7,
            7,
            9,
            7.5
          ],
          "texture": "#terracotta_black"
        },
        "south": {
          "uv": [
            7,
            7,
            9,
            7.5
          ],
          "texture": "#terracotta_black"
        },
        "west": {
          "uv": [
            10.5,
            7,
            11,
            7.5
          ],
          "texture": "#terracotta_black"
        },
        "east": {
          "uv": [
            5,
            7,
            5.5,
            7.5
          ],
          "texture": "#terracotta_black"
        }
      }
    },
    {
      "__comment": "terracotta_black",
      "from": [
        7,
        23.5,
        -6
      ],
      "to": [
        9,
        24.5,
        -5.5
      ],
      "faces": {
        "down": {
          "uv": [
            7,
            5.5,
            9,
            6
          ],
          "texture": "#terracotta_black"
        },
        "up": {
          "uv": [
            7,
            10,
            9,
            10.5
          ],
          "texture": "#terracotta_black"
        },
        "north": {
          "uv": [
            7,
            7.5,
            9,
            8.5
          ],
          "texture": "#terracotta_black"
        },
        "south": {
          "uv": [
            7,
            7.5,
            9,
            8.5
          ],
          "texture": "#terracotta_black"
        },
        "west": {
          "uv": [
            10,
            7.5,
            10.5,
            8.5
          ],
          "texture": "#terracotta_black"
        },
        "east": {
          "uv": [
            5.5,
            7.5,
            6,
            8.5
          ],
          "texture": "#terracotta_black"
        }
      }
    },
    {
      "__comment": "terracotta_black",
      "from": [
        7.5,
        20,
        -6
      ],
      "to": [
        8.5,
        23.5,
        -5.5
      ],
      "faces": {
        "down": {
          "uv": [
            7.5,
            5.5,
            8.5,
            6
          ],
          "texture": "#terracotta_black"
        },
        "up": {
          "uv": [
            7.5,
            10,
            8.5,
            10.5
          ],
          "texture": "#terracotta_black"
        },
        "north": {
          "uv": [
            7.5,
            8.5,
            8.5,
            12
          ],
          "texture": "#terracotta_black"
        },
        "south": {
          "uv": [
            7.5,
            8.5,
            8.5,
            12
          ],
          "texture": "#terracotta_black"
        },
        "west": {
          "uv": [
            10,
            8.5,
            10.5,
            12
          ],
          "texture": "#terracotta_black"
        },
        "east": {
          "uv": [
            5.5,
            8.5,
            6,
            12
          ],
          "texture": "#terracotta_black"
        }
      }
    },
    {
      "__comment": "terracotta_black",
      "from": [
        4.5,
        22.5,
        -5.5
      ],
      "to": [
        5,
        23,
        -5
      ],
      "faces": {
        "down": {
          "uv": [
            4.5,
            5,
            5,
            5.5
          ],
          "texture": "#terracotta_black"
        },
        "up": {
          "uv": [
            4.5,
            10.5,
            5,
            11
          ],
          "texture": "#terracotta_black"
        },
        "north": {
          "uv": [
            11,
            9,
            11.5,
            9.5
          ],
          "texture": "#terracotta_black"
        },
        "south": {
          "uv": [
            4.5,
            9,
            5,
            9.5
          ],
          "texture": "#terracotta_black"
        },
        "west": {
          "uv": [
            10.5,
            9,
            11,
            9.5
          ],
          "texture": "#terracotta_black"
        },
        "east": {
          "uv": [
            5,
            9,
            5.5,
            9.5
          ],
          "texture": "#terracotta_black"
        }
      }
    },
    {
      "__comment": "quartz_block_top",
      "from": [
        4,
        20.5,
        -5.5
      ],
      "to": [
        4.5,
        24,
        -5
      ],
      "faces": {
        "down": {
          "uv": [
            4,
            5,
            4.5,
            5.5
          ],
          "texture": "#quartz_block_top"
        },
        "up": {
          "uv": [
            4,
            10.5,
            4.5,
            11
          ],
          "texture": "#quartz_block_top"
        },
        "north": {
          "uv": [
            11.5,
            8,
            12,
            11.5
          ],
          "texture": "#quartz_block_top"
        },
        "south": {
          "uv": [
            4,
            8,
            4.5,
            11.5
          ],
          "texture": "#quartz_block_top"
        },
        "west": {
          "uv": [
            10.5,
            8,
            11,
            11.5
          ],
          "texture": "#quartz_block_top"
        },
        "east": {
          "uv": [
            5,
            8,
            5.5,
            11.5
          ],
          "texture": "#quartz_block_top"
        }
      }
    },
    {
      "__comment": "terracotta_black",
      "from": [
        7,
        19.5,
        -5.5
      ],
      "to": [
        9,
        20,
        -4.5
      ],
      "faces": {
        "down": {
          "uv": [
            7,
            4.5,
            9,
            5.5
          ],
          "texture": "#terracotta_black"
        },
        "up": {
          "uv": [
            7,
            10.5,
            9,
            11.5
          ],
          "texture": "#terracotta_black"
        },
        "north": {
          "uv": [
            7,
            12,
            9,
            12.5
          ],
          "texture": "#terracotta_black"
        },
        "south": {
          "uv": [
            7,
            12,
            9,
            12.5
          ],
          "texture": "#terracotta_black"
        },
        "west": {
          "uv": [
            10.5,
            12,
            11.5,
            12.5
          ],
          "texture": "#terracotta_black"
        },
        "east": {
          "uv": [
            4.5,
            12,
            5.5,
            12.5
          ],
          "texture": "#terracotta_black"
        }
      }
    },
    {
      "__comment": "quartz_block_top",
      "from": [
        4.5,
        20.5,
        -5.5
      ],
      "to": [
        5,
        22.5,
        -5
      ],
      "faces": {
        "down": {
          "uv": [
            4.5,
            5,
            5,
            5.5
          ],
          "texture": "#quartz_block_top"
        },
        "up": {
          "uv": [
            4.5,
            10.5,
            5,
            11
          ],
          "texture": "#quartz_block_top"
        },
        "north": {
          "uv": [
            11,
            9.5,
            11.5,
            11.5
          ],
          "texture": "#quartz_block_top"
        },
        "south": {
          "uv": [
            4.5,
            9.5,
            5,
            11.5
          ],
          "texture": "#quartz_block_top"
        },
        "west": {
          "uv": [
            10.5,
            9.5,
            11,
            11.5
          ],
          "texture": "#quartz_block_top"
        },
        "east": {
          "uv": [
            5,
            9.5,
            5.5,
            11.5
          ],
          "texture": "#quartz_block_top"
        }
      }
    },
    {
      "__comment": "terracotta_black",
      "from": [
        7.5,
        18.5,
        -5
      ],
      "to": [
        8.5,
        19,
        -4
      ],
      "faces": {
        "down": {
          "uv": [
            7.5,
            4,
            8.5,
            5
          ],
          "texture": "#terracotta_black"
        },
        "up": {
          "uv": [
            7.5,
            11,
            8.5,
            12
          ],
          "texture": "#terracotta_black"
        },
        "north": {
          "uv": [
            7.5,
            13,
            8.5,
            13.5
          ],
          "texture": "#terracotta_black"
        },
        "south": {
          "uv": [
            7.5,
            13,
            8.5,
            13.5
          ],
          "texture": "#terracotta_black"
        },
        "west": {
          "uv": [
            11,
            13,
            12,
            13.5
          ],
          "texture": "#terracotta_black"
        },
        "east": {
          "uv": [
            4,
            13,
            5,
            13.5
          ],
          "texture": "#terracotta_black"
        }
      }
    },
    {
      "__comment": "terracotta_black",
      "from": [
        7.5,
        19.5,
        -6
      ],
      "to": [
        8.5,
        20,
        -5
      ],
      "faces": {
        "down": {
          "uv": [
            7.5,
            5,
            8.5,
            6
          ],
          "texture": "#terracotta_black"
        },
        "up": {
          "uv": [
            7.5,
            10,
            8.5,
            11
          ],
          "texture": "#terracotta_black"
        },
        "north": {
          "uv": [
            7.5,
            12,
            8.5,
            12.5
          ],
          "texture": "#terracotta_black"
        },
        "south": {
          "uv": [
            7.5,
            12,
            8.5,
            12.5
          ],
          "texture": "#terracotta_black"
        },
        "west": {
          "uv": [
            10,
            12,
            11,
            12.5
          ],
          "texture": "#terracotta_black"
        },
        "east": {
          "uv": [
            5,
            12,
            6,
            12.5
          ],
          "texture": "#terracotta_black"
        }
      }
    },
    {
      "__comment": "terracotta_black",
      "from": [
        7,
        -13.5,
        21
      ],
      "to": [
        9,
        -7.5,
        22
      ],
      "rotation": {
        "origin": [
          7.5,
          -7.5,
          20.5
        ],
        "axis": "x",
        "angle": -45
      },
      "faces": {
        "down": {
          "uv": [
            7,
            11.5,
            9,
            12.5
          ],
          "texture": "#terracotta_black"
        },
        "up": {
          "uv": [
            9,
            12.5,
            7,
            11.5
          ],
          "texture": "#terracotta_black"
        },
        "north": {
          "uv": [
            9,
            6.5,
            7,
            0.5
          ],
          "texture": "#terracotta_black"
        },
        "south": {
          "uv": [
            7,
            9.5,
            9,
            15.5
          ],
          "texture": "#terracotta_black"
        },
        "west": {
          "uv": [
            9.5,
            11.5,
            15.5,
            12.5
          ],
          "texture": "#terracotta_black",
          "rotation": 90
        },
        "east": {
          "uv": [
            0.5,
            11.5,
            6.5,
            12.5
          ],
          "texture": "#terracotta_black",
          "rotation": 270
        }
      }
    },
    {
      "__comment": "terracotta_black",
      "from": [
        7,
        19,
        -5
      ],
      "to": [
        9,
        19.5,
        -4
      ],
      "faces": {
        "down": {
          "uv": [
            7,
            4,
            9,
            5
          ],
          "texture": "#terracotta_black"
        },
        "up": {
          "uv": [
            7,
            11,
            9,
            12
          ],
          "texture": "#terracotta_black"
        },
        "north": {
          "uv": [
            7,
            12.5,
            9,
            13
          ],
          "texture": "#terracotta_black"
        },
        "south": {
          "uv": [
            7,
            12.5,
            9,
            13
          ],
          "texture": "#terracotta_black"
        },
        "west": {
          "uv": [
            11,
            12.5,
            12,
            13
          ],
          "texture": "#terracotta_black"
        },
        "east": {
          "uv": [
            4,
            12.5,
            5,
            13
          ],
          "texture": "#terracotta_black"
        }
      }
    },
    {
      "__comment": "stone_slab_top",
      "from": [
        7.5,
        -7.5,
        20.9998
      ],
      "to": [
        8.5,
        28,
        21.9998
      ],
      "rotation": {
        "origin": [
          7.5,
          -7.5,
          20.5
        ],
        "axis": "x",
        "angle": -45
      },
      "faces": {
        "down": {
          "uv": [
            7.5,
            11.5,
            8.5,
            12.5
          ],
          "texture": "#stone_slab_top"
        },
        "up": {
          "uv": [
            8.5,
            12.5,
            7.5,
            11.5
          ],
          "texture": "#stone_slab_top"
        },
        "north": {
          "uv": [
            8.5,
            16,
            7.5,
            0
          ],
          "texture": "#stone_slab_top"
        },
        "south": {
          "uv": [
            7.5,
            0,
            8.5,
            16
          ],
          "texture": "#stone_slab_top"
        },
        "west": {
          "uv": [
            0,
            11.5,
            16,
            12.5
          ],
          "texture": "#stone_slab_top",
          "rotation": 90
        },
        "east": {
          "uv": [
            0,
            11.5,
            16,
            12.5
          ],
          "texture": "#stone_slab_top",
          "rotation": 270
        }
      }
    },
    {
      "__comment": "terracotta_black",
      "from": [
        7.5,
        28,
        21.0002
      ],
      "to": [
        8.5,
        29,
        22.0002
      ],
      "rotation": {
        "origin": [
          7.5,
          -7.5,
          20.5
        ],
        "axis": "x",
        "angle": -45
      },
      "faces": {
        "down": {
          "uv": [
            7.5,
            11,
            8.5,
            13
          ],
          "texture": "#terracotta_black"
        },
        "up": {
          "uv": [
            8.5,
            13,
            7.5,
            11
          ],
          "texture": "#terracotta_black"
        },
        "north": {
          "uv": [
            8.5,
            9.5,
            7.5,
            3.5
          ],
          "texture": "#terracotta_black"
        },
        "south": {
          "uv": [
            7.5,
            6.5,
            8.5,
            12.5
          ],
          "texture": "#terracotta_black"
        },
        "west": {
          "uv": [
            6.5,
            11,
            12.5,
            13
          ],
          "texture": "#terracotta_black",
          "rotation": 90
        },
        "east": {
          "uv": [
            3.5,
            11,
            9.5,
            13
          ],
          "texture": "#terracotta_black",
          "rotation": 270
        }
      }
    },
    {
      "__comment": "terracotta_black",
      "from": [
        7.5,
        -13.5,
        20.5
      ],
      "to": [
        8.5,
        -7.5,
        22.5
      ],
      "rotation": {
        "origin": [
          7.5,
          -7.5,
          20.5
        ],
        "axis": "x",
        "angle": -45
      },
      "faces": {
        "down": {
          "uv": [
            7.5,
            11,
            8.5,
            13
          ],
          "texture": "#terracotta_black"
        },
        "up": {
          "uv": [
            8.5,
            13,
            7.5,
            11
          ],
          "texture": "#terracotta_black"
        },
        "north": {
          "uv": [
            8.5,
            9.5,
            7.5,
            3.5
          ],
          "texture": "#terracotta_black"
        },
        "south": {
          "uv": [
            7.5,
            6.5,
            8.5,
            12.5
          ],
          "texture": "#terracotta_black"
        },
        "west": {
          "uv": [
            6.5,
            11,
            12.5,
            13
          ],
          "texture": "#terracotta_black",
          "rotation": 90
        },
        "east": {
          "uv": [
            3.5,
            11,
            9.5,
            13
          ],
          "texture": "#terracotta_black",
          "rotation": 270
        }
      }
    }
  ],
  "display": {
    "thirdperson_righthand": {
      "rotation": [
        68,
        4,
        0
      ],
      "translation": [
        -1.388,
        12.518,
        7.6504
      ],
      "scale": [
        0.6,
        0.6,
        0.6
      ]
    },
    "thirdperson_lefthand": {
      "rotation": [
        68,
        4,
        0
      ],
      "translation": [
        -1.388,
        12.518,
        7.6504
      ],
      "scale": [
        0.6,
        0.6,
        0.6
      ]
    },
    "gui": {
      "rotation": [
        -33,
        -6,
        -3
      ],
      "translation": [
        -0.695,
        0,
        -2.086
      ]
    },
    "head": {
      "scale": [
        1.1,
        1.1,
        1.1
      ]
    },
    "ground": {
      "rotation": [
        0,
        -6,
        -79
      ],
      "translation": [
        0,
        0.6956,
        0
      ],
      "scale": [
        0.5,
        0.5,
        0.5
      ]
    },
    "fixed": {
      "rotation": [
        -28,
        131,
        -14
      ],
      "translation": [
        0.6956,
        0.6963,
        -2.086
      ],
      "scale": [
        0.5,
        0.5,
        0.5
      ]
    }
  }
}
