{
  "__comment": "Designed_by_LongtheNinja_-_https://cubik.studio",
  "textures": {
    "texture1": "block/quartz_block_side",
    "particle": "block/nether_bricks"
  },
  "elements": [
    {
      "__comment": "Box2",
      "from": [
        0.0002,
        -0.0003,
        -1.9998
      ],
      "to": [
        16.0002,
        1.9997,
        5.5002
      ],
      "faces": {
        "down": {
          "uv": [
            0.01,
            10.51,
            15.99,
            15.99
          ],
          "texture": "#texture1"
        },
        "up": {
          "uv": [
            0.01,
            0.01000023,
            15.99,
            5.49
          ],
          "texture": "#texture1"
        },
        "north": {
          "uv": [
            0.01,
            14.01,
            15.99,
            15.99
          ],
          "texture": "#texture1"
        },
        "south": {
          "uv": [
            0.01,
            14.01,
            15.99,
            15.99
          ],
          "texture": "#texture1"
        },
        "west": {
          "uv": [
            0.01,
            14.01,
            5.49,
            15.99
          ],
          "texture": "#texture1"
        },
        "east": {
          "uv": [
            10.51,
            14.01,
            15.99,
            15.99
          ],
          "texture": "#texture1"
        }
      }
    },
    {
      "__comment": "Box3",
      "from": [
        0.0008,
        2.9998,
        -2.0004
      ],
      "to": [
        16.0008,
        4.9998,
        4.9996
      ],
      "faces": {
        "down": {
          "uv": [
            0.01,
            11.01,
            15.99,
            15.99
          ],
          "texture": "#texture1"
        },
        "up": {
          "uv": [
            0.01,
            0.01000023,
            15.99,
            4.99
          ],
          "texture": "#texture1"
        },
        "north": {
          "uv": [
            0.01,
            11.01,
            15.99,
            12.99
          ],
          "texture": "#texture1"
        },
        "south": {
          "uv": [
            0.01,
            11.01,
            15.99,
            12.99
          ],
          "texture": "#texture1"
        },
        "west": {
          "uv": [
            0.01,
            11.01,
            4.99,
            12.99
          ],
          "texture": "#texture1"
        },
        "east": {
          "uv": [
            11.01,
            11.01,
            15.99,
            12.99
          ],
          "texture": "#texture1"
        }
      }
    },
    {
      "__comment": "Box4",
      "from": [
        -0.0001,
        5.0009,
        -1.9999
      ],
      "to": [
        15.9999,
        7.0009,
        4.500101
      ],
      "faces": {
        "down": {
          "uv": [
            0.01,
            11.51,
            15.99,
            15.99
          ],
          "texture": "#texture1"
        },
        "up": {
          "uv": [
            0.01,
            0.01000023,
            15.99,
            4.49
          ],
          "texture": "#texture1"
        },
        "north": {
          "uv": [
            0.01,
            9.01,
            15.99,
            10.99
          ],
          "texture": "#texture1"
        },
        "south": {
          "uv": [
            0.01,
            9.01,
            15.99,
            10.99
          ],
          "texture": "#texture1"
        },
        "west": {
          "uv": [
            0.01,
            9.01,
            4.49,
            10.99
          ],
          "texture": "#texture1"
        },
        "east": {
          "uv": [
            11.51,
            9.01,
            15.99,
            10.99
          ],
          "texture": "#texture1"
        }
      }
    },
    {
      "__comment": "Box5",
      "from": [
        0.0007,
        7.0005,
        -1.9997
      ],
      "to": [
        16.0007,
        9.0005,
        4.0003
      ],
      "faces": {
        "down": {
          "uv": [
            0.01,
            12.01,
            15.99,
            15.99
          ],
          "texture": "#texture1"
        },
        "up": {
          "uv": [
            0.01,
            0.01000023,
            15.99,
            3.99
          ],
          "texture": "#texture1"
        },
        "north": {
          "uv": [
            0.01,
            7.01,
            15.99,
            8.99
          ],
          "texture": "#texture1"
        },
        "south": {
          "uv": [
            0.01,
            7.01,
            15.99,
            8.99
          ],
          "texture": "#texture1"
        },
        "west": {
          "uv": [
            0.01,
            7.01,
            3.99,
            8.99
          ],
          "texture": "#texture1"
        },
        "east": {
          "uv": [
            12.01,
            7.01,
            15.99,
            8.99
          ],
          "texture": "#texture1"
        }
      }
    },
    {
      "__comment": "Box6",
      "from": [
        0.0007,
        8.9993,
        -2.001
      ],
      "to": [
        16.0007,
        10.9993,
        3.499
      ],
      "faces": {
        "down": {
          "uv": [
            0.01,
            12.51,
            15.99,
            15.99
          ],
          "texture": "#texture1"
        },
        "up": {
          "uv": [
            0.01,
            0.01000023,
            15.99,
            3.49
          ],
          "texture": "#texture1"
        },
        "north": {
          "uv": [
            0.01,
            5.01,
            15.99,
            6.99
          ],
          "texture": "#texture1"
        },
        "south": {
          "uv": [
            0.01,
            5.01,
            15.99,
            6.99
          ],
          "texture": "#texture1"
        },
        "west": {
          "uv": [
            0.01,
            5.01,
            3.49,
            6.99
          ],
          "texture": "#texture1"
        },
        "east": {
          "uv": [
            12.51,
            5.01,
            15.99,
            6.99
          ],
          "texture": "#texture1"
        }
      }
    },
    {
      "__comment": "Box7",
      "from": [
        -0.0002,
        10.9992,
        -2.0007
      ],
      "to": [
        15.9998,
        12.9992,
        2.9993
      ],
      "faces": {
        "down": {
          "uv": [
            0.01,
            13.01,
            15.99,
            15.99
          ],
          "texture": "#texture1"
        },
        "up": {
          "uv": [
            0.01,
            0.01000023,
            15.99,
            2.99
          ],
          "texture": "#texture1"
        },
        "north": {
          "uv": [
            0.01,
            3.01,
            15.99,
            4.99
          ],
          "texture": "#texture1"
        },
        "south": {
          "uv": [
            0.01,
            3.01,
            15.99,
            4.99
          ],
          "texture": "#texture1"
        },
        "west": {
          "uv": [
            0.01,
            3.01,
            2.99,
            4.99
          ],
          "texture": "#texture1"
        },
        "east": {
          "uv": [
            13.01,
            3.01,
            15.99,
            4.99
          ],
          "texture": "#texture1"
        }
      }
    },
    {
      "__comment": "Box8",
      "from": [
        -0.0003,
        13.0003,
        -2.0004
      ],
      "to": [
        15.9997,
        15.0003,
        2.4996
      ],
      "faces": {
        "down": {
          "uv": [
            0.01,
            13.51,
            15.99,
            15.99
          ],
          "texture": "#texture1"
        },
        "up": {
          "uv": [
            0.01,
            0.01000023,
            15.99,
            2.49
          ],
          "texture": "#texture1"
        },
        "north": {
          "uv": [
            0.01,
            1.01,
            15.99,
            2.99
          ],
          "texture": "#texture1"
        },
        "south": {
          "uv": [
            0.01,
            1.01,
            15.99,
            2.99
          ],
          "texture": "#texture1"
        },
        "west": {
          "uv": [
            0.01,
            1.01,
            2.49,
            2.99
          ],
          "texture": "#texture1"
        },
        "east": {
          "uv": [
            13.51,
            1.01,
            15.99,
            2.99
          ],
          "texture": "#texture1"
        }
      }
    },
    {
      "__comment": "Box9",
      "from": [
        0.0002,
        15.0004,
        -1.9996
      ],
      "to": [
        16.0002,
        16.5004,
        2.000399
      ],
      "faces": {
        "down": {
          "uv": [
            0.01,
            14.01,
            15.99,
            15.99
          ],
          "texture": "#texture1"
        },
        "up": {
          "uv": [
            0.01,
            0.01000023,
            15.99,
            1.99
          ],
          "texture": "#texture1"
        },
        "north": {
          "uv": [
            0.01,
            0.01000023,
            15.99,
            0.9899998
          ],
          "texture": "#texture1"
        },
        "south": {
          "uv": [
            0.01,
            0.01000023,
            15.99,
            0.9899998
          ],
          "texture": "#texture1"
        },
        "west": {
          "uv": [
            0.01,
            0.01000023,
            1.99,
            0.9899998
          ],
          "texture": "#texture1"
        },
        "east": {
          "uv": [
            14.01,
            0.01000023,
            15.99,
            0.9899998
          ],
          "texture": "#texture1"
        }
      }
    },
    {
      "__comment": "Box10",
      "from": [
        24.4993,
        2.5008,
        -2.0007
      ],
      "to": [
        31.9993,
        14.5008,
        -1.0007
      ],
      "faces": {
        "down": {
          "uv": [
            8.51,
            1.01,
            15.99,
            1.99
          ],
          "texture": "#texture1"
        },
        "up": {
          "uv": [
            8.51,
            14.01,
            15.99,
            14.99
          ],
          "texture": "#texture1"
        },
        "north": {
          "uv": [
            0.01,
            1.51,
            7.49,
            13.49
          ],
          "texture": "#texture1"
        },
        "south": {
          "uv": [
            8.51,
            1.51,
            15.99,
            13.49
          ],
          "texture": "#texture1"
        },
        "west": {
          "uv": [
            14.01,
            1.51,
            14.99,
            13.49
          ],
          "texture": "#texture1"
        },
        "east": {
          "uv": [
            1.01,
            1.51,
            1.99,
            13.49
          ],
          "texture": "#texture1"
        }
      }
    },
    {
      "__comment": "Box12",
      "from": [
        16.0009,
        15.0007,
        -2.0005
      ],
      "to": [
        31.5009,
        15.0017,
        -1.0005
      ],
      "faces": {
        "down": {
          "uv": [
            0.01,
            1.01,
            15.49,
            1.99
          ],
          "texture": "#texture"
        },
        "up": {
          "uv": [
            0.01,
            14.01,
            15.49,
            14.99
          ],
          "texture": "#texture"
        },
        "north": {
          "uv": [
            0.51,
            1.009,
            15.99,
            0.9899998
          ],
          "texture": "#texture"
        },
        "south": {
          "uv": [
            0.01,
            1.009,
            15.49,
            0.9899998
          ],
          "texture": "#texture"
        },
        "west": {
          "uv": [
            14.01,
            1.009,
            14.99,
            0.9899998
          ],
          "texture": "#texture"
        },
        "east": {
          "uv": [
            1.01,
            1.009,
            1.99,
            0.9899998
          ],
          "texture": "#texture"
        }
      }
    },
    {
      "__comment": "Box13",
      "from": [
        15.9999,
        14.9994,
        -2.0007
      ],
      "to": [
        31.9999,
        15.9994,
        -1.0007
      ],
      "faces": {
        "down": {
          "uv": [
            0.01,
            1.01,
            15.99,
            1.99
          ],
          "texture": "#texture1"
        },
        "up": {
          "uv": [
            0.01,
            14.01,
            15.99,
            14.99
          ],
          "texture": "#texture1"
        },
        "north": {
          "uv": [
            0.01,
            0.01000023,
            15.99,
            0.9899998
          ],
          "texture": "#texture1"
        },
        "south": {
          "uv": [
            0.01,
            0.01000023,
            15.99,
            0.9899998
          ],
          "texture": "#texture1"
        },
        "west": {
          "uv": [
            14.01,
            0.01000023,
            14.99,
            0.9899998
          ],
          "texture": "#texture1"
        },
        "east": {
          "uv": [
            1.01,
            0.01000023,
            1.99,
            0.9899998
          ],
          "texture": "#texture1"
        }
      }
    },
    {
      "__comment": "Box15",
      "from": [
        15.9999,
        14.5005,
        -2.0006
      ],
      "to": [
        31.99991,
        15.0005,
        -1.5006
      ],
      "faces": {
        "down": {
          "uv": [
            0.01,
            1.51,
            15.99,
            1.99
          ],
          "texture": "#particle"
        },
        "up": {
          "uv": [
            0.01,
            14.01,
            15.99,
            14.49
          ],
          "texture": "#particle"
        },
        "north": {
          "uv": [
            0.01,
            1.01,
            15.99,
            1.49
          ],
          "texture": "#particle"
        },
        "south": {
          "uv": [
            0.01,
            1.01,
            15.99,
            1.49
          ],
          "texture": "#particle"
        },
        "west": {
          "uv": [
            14.01,
            1.01,
            14.49,
            1.49
          ],
          "texture": "#particle"
        },
        "east": {
          "uv": [
            1.51,
            1.01,
            1.99,
            1.49
          ],
          "texture": "#particle"
        }
      }
    },
    {
      "__comment": "Box16",
      "from": [
        15.9997,
        2.4992,
        -2.0002
      ],
      "to": [
        18.4997,
        14.4992,
        -1.0002
      ],
      "faces": {
        "down": {
          "uv": [
            0.01,
            1.01,
            2.49,
            1.99
          ],
          "texture": "#texture1"
        },
        "up": {
          "uv": [
            0.01,
            14.01,
            2.49,
            14.99
          ],
          "texture": "#texture1"
        },
        "north": {
          "uv": [
            13.51,
            1.51,
            15.99,
            13.49
          ],
          "texture": "#texture1"
        },
        "south": {
          "uv": [
            0.01,
            1.51,
            2.49,
            13.49
          ],
          "texture": "#texture1"
        },
        "west": {
          "uv": [
            14.01,
            1.51,
            14.99,
            13.49
          ],
          "texture": "#texture1"
        },
        "east": {
          "uv": [
            1.01,
            1.51,
            1.99,
            13.49
          ],
          "texture": "#texture1"
        }
      }
    },
    {
      "__comment": "Box17",
      "from": [
        18.4997,
        3.4998,
        -1.9992
      ],
      "to": [
        24.4997,
        3.9998,
        -0.9992003
      ],
      "faces": {
        "down": {
          "uv": [
            2.51,
            1.01,
            8.49,
            1.99
          ],
          "texture": "#texture1"
        },
        "up": {
          "uv": [
            2.51,
            14.01,
            8.49,
            14.99
          ],
          "texture": "#texture1"
        },
        "north": {
          "uv": [
            7.51,
            12.01,
            13.49,
            12.49
          ],
          "texture": "#texture1"
        },
        "south": {
          "uv": [
            2.51,
            12.01,
            8.49,
            12.49
          ],
          "texture": "#texture1"
        },
        "west": {
          "uv": [
            14.01,
            12.01,
            14.99,
            12.49
          ],
          "texture": "#texture1"
        },
        "east": {
          "uv": [
            1.01,
            12.01,
            1.99,
            12.49
          ],
          "texture": "#texture1"
        }
      }
    },
    {
      "__comment": "Box18",
      "from": [
        18.4999,
        4.5004,
        -1.9991
      ],
      "to": [
        24.4999,
        5.0004,
        -0.9990997
      ],
      "faces": {
        "down": {
          "uv": [
            2.51,
            1.01,
            8.49,
            1.99
          ],
          "texture": "#texture1"
        },
        "up": {
          "uv": [
            2.51,
            14.01,
            8.49,
            14.99
          ],
          "texture": "#texture1"
        },
        "north": {
          "uv": [
            7.51,
            11.01,
            13.49,
            11.49
          ],
          "texture": "#texture1"
        },
        "south": {
          "uv": [
            2.51,
            11.01,
            8.49,
            11.49
          ],
          "texture": "#texture1"
        },
        "west": {
          "uv": [
            14.01,
            11.01,
            14.99,
            11.49
          ],
          "texture": "#texture1"
        },
        "east": {
          "uv": [
            1.01,
            11.01,
            1.99,
            11.49
          ],
          "texture": "#texture1"
        }
      }
    },
    {
      "__comment": "Box19",
      "from": [
        18.5,
        5.4998,
        -1.9991
      ],
      "to": [
        24.5,
        5.9998,
        -0.9990999
      ],
      "faces": {
        "down": {
          "uv": [
            2.51,
            1.01,
            8.49,
            1.99
          ],
          "texture": "#texture1"
        },
        "up": {
          "uv": [
            2.51,
            14.01,
            8.49,
            14.99
          ],
          "texture": "#texture1"
        },
        "north": {
          "uv": [
            7.51,
            10.01,
            13.49,
            10.49
          ],
          "texture": "#texture1"
        },
        "south": {
          "uv": [
            2.51,
            10.01,
            8.49,
            10.49
          ],
          "texture": "#texture1"
        },
        "west": {
          "uv": [
            14.01,
            10.01,
            14.99,
            10.49
          ],
          "texture": "#texture1"
        },
        "east": {
          "uv": [
            1.01,
            10.01,
            1.99,
            10.49
          ],
          "texture": "#texture1"
        }
      }
    },
    {
      "__comment": "Box20",
      "from": [
        18.5,
        6.4991,
        -1.9997
      ],
      "to": [
        24.5,
        6.9991,
        -0.9996998
      ],
      "faces": {
        "down": {
          "uv": [
            2.51,
            1.01,
            8.49,
            1.99
          ],
          "texture": "#texture1"
        },
        "up": {
          "uv": [
            2.51,
            14.01,
            8.49,
            14.99
          ],
          "texture": "#texture1"
        },
        "north": {
          "uv": [
            7.51,
            9.01,
            13.49,
            9.49
          ],
          "texture": "#texture1"
        },
        "south": {
          "uv": [
            2.51,
            9.01,
            8.49,
            9.49
          ],
          "texture": "#texture1"
        },
        "west": {
          "uv": [
            14.01,
            9.01,
            14.99,
            9.49
          ],
          "texture": "#texture1"
        },
        "east": {
          "uv": [
            1.01,
            9.01,
            1.99,
            9.49
          ],
          "texture": "#texture1"
        }
      }
    },
    {
      "__comment": "Box21",
      "from": [
        18.5004,
        7.4991,
        -1.9994
      ],
      "to": [
        24.5004,
        7.9991,
        -0.9993999
      ],
      "faces": {
        "down": {
          "uv": [
            2.51,
            1.01,
            8.49,
            1.99
          ],
          "texture": "#texture1"
        },
        "up": {
          "uv": [
            2.51,
            14.01,
            8.49,
            14.99
          ],
          "texture": "#texture1"
        },
        "north": {
          "uv": [
            7.51,
            8.01,
            13.49,
            8.49
          ],
          "texture": "#texture1"
        },
        "south": {
          "uv": [
            2.51,
            8.01,
            8.49,
            8.49
          ],
          "texture": "#texture1"
        },
        "west": {
          "uv": [
            14.01,
            8.01,
            14.99,
            8.49
          ],
          "texture": "#texture1"
        },
        "east": {
          "uv": [
            1.01,
            8.01,
            1.99,
            8.49
          ],
          "texture": "#texture1"
        }
      }
    },
    {
      "__comment": "Box22",
      "from": [
        18.5,
        8.500999,
        -1.9998
      ],
      "to": [
        24.5,
        9.000999,
        -0.9997996
      ],
      "faces": {
        "down": {
          "uv": [
            2.51,
            1.01,
            8.49,
            1.99
          ],
          "texture": "#texture1"
        },
        "up": {
          "uv": [
            2.51,
            14.01,
            8.49,
            14.99
          ],
          "texture": "#texture1"
        },
        "north": {
          "uv": [
            7.51,
            7.01,
            13.49,
            7.49
          ],
          "texture": "#texture1"
        },
        "south": {
          "uv": [
            2.51,
            7.01,
            8.49,
            7.49
          ],
          "texture": "#texture1"
        },
        "west": {
          "uv": [
            14.01,
            7.01,
            14.99,
            7.49
          ],
          "texture": "#texture1"
        },
        "east": {
          "uv": [
            1.01,
            7.01,
            1.99,
            7.49
          ],
          "texture": "#texture1"
        }
      }
    },
    {
      "__comment": "Box23",
      "from": [
        18.4998,
        9.5001,
        -1.9994
      ],
      "to": [
        24.4998,
        14.5001,
        -0.9993998
      ],
      "faces": {
        "down": {
          "uv": [
            2.51,
            1.01,
            8.49,
            1.99
          ],
          "texture": "#texture1"
        },
        "up": {
          "uv": [
            2.51,
            14.01,
            8.49,
            14.99
          ],
          "texture": "#texture1"
        },
        "north": {
          "uv": [
            7.51,
            1.51,
            13.49,
            6.49
          ],
          "texture": "#texture1"
        },
        "south": {
          "uv": [
            2.51,
            1.51,
            8.49,
            6.49
          ],
          "texture": "#texture1"
        },
        "west": {
          "uv": [
            14.01,
            1.51,
            14.99,
            6.49
          ],
          "texture": "#texture1"
        },
        "east": {
          "uv": [
            1.01,
            1.51,
            1.99,
            6.49
          ],
          "texture": "#texture1"
        }
      }
    },
    {
      "__comment": "Box24",
      "from": [
        15.9999,
        -0.0002,
        -1.9993
      ],
      "to": [
        31.9999,
        1.9998,
        -0.9992996
      ],
      "faces": {
        "down": {
          "uv": [
            0.01,
            1.01,
            15.99,
            1.99
          ],
          "texture": "#texture1"
        },
        "up": {
          "uv": [
            0.01,
            14.01,
            15.99,
            14.99
          ],
          "texture": "#texture1"
        },
        "north": {
          "uv": [
            0.01,
            14.01,
            15.99,
            15.99
          ],
          "texture": "#texture1"
        },
        "south": {
          "uv": [
            0.01,
            14.01,
            15.99,
            15.99
          ],
          "texture": "#texture1"
        },
        "west": {
          "uv": [
            14.01,
            14.01,
            14.99,
            15.99
          ],
          "texture": "#texture1"
        },
        "east": {
          "uv": [
            1.01,
            14.01,
            1.99,
            15.99
          ],
          "texture": "#texture1"
        }
      }
    },
    {
      "__comment": "Box25",
      "from": [
        -0.0007,
        2.5009,
        -2.001
      ],
      "to": [
        15.9993,
        3.0009,
        5.499
      ],
      "faces": {
        "down": {
          "uv": [
            0.01,
            10.51,
            15.99,
            15.99
          ],
          "texture": "#texture1"
        },
        "up": {
          "uv": [
            0.01,
            0.01000023,
            15.99,
            5.49
          ],
          "texture": "#texture1"
        },
        "north": {
          "uv": [
            0.01,
            13.01,
            15.99,
            13.49
          ],
          "texture": "#texture1"
        },
        "south": {
          "uv": [
            0.01,
            13.01,
            15.99,
            13.49
          ],
          "texture": "#texture1"
        },
        "west": {
          "uv": [
            0.01,
            13.01,
            5.49,
            13.49
          ],
          "texture": "#texture1"
        },
        "east": {
          "uv": [
            10.51,
            13.01,
            15.99,
            13.49
          ],
          "texture": "#texture1"
        }
      }
    },
    {
      "__comment": "Box26",
      "from": [
        15.4991,
        2.0002,
        -1.9995
      ],
      "to": [
        31.9991,
        2.5002,
        -1.4995
      ],
      "faces": {
        "down": {
          "uv": [
            15.51,
            1.51,
            15.99,
            1.99
          ],
          "texture": "#particle"
        },
        "up": {
          "uv": [
            15.51,
            14.01,
            15.99,
            14.49
          ],
          "texture": "#particle"
        },
        "north": {
          "uv": [
            0.01,
            13.51,
            0.49,
            13.99
          ],
          "texture": "#particle"
        },
        "south": {
          "uv": [
            15.51,
            13.51,
            15.99,
            13.99
          ],
          "texture": "#particle"
        },
        "west": {
          "uv": [
            14.01,
            13.51,
            14.49,
            13.99
          ],
          "texture": "#particle"
        },
        "east": {
          "uv": [
            1.51,
            13.51,
            1.99,
            13.99
          ],
          "texture": "#particle"
        }
      }
    },
    {
      "__comment": "Box27",
      "from": [
        18.4998,
        2.4999,
        -1.9999
      ],
      "to": [
        24.4998,
        2.9999,
        -0.9998997
      ],
      "faces": {
        "down": {
          "uv": [
            2.51,
            1.01,
            8.49,
            1.99
          ],
          "texture": "#texture1"
        },
        "up": {
          "uv": [
            2.51,
            14.01,
            8.49,
            14.99
          ],
          "texture": "#texture1"
        },
        "north": {
          "uv": [
            7.51,
            13.01,
            13.49,
            13.49
          ],
          "texture": "#texture1"
        },
        "south": {
          "uv": [
            2.51,
            13.01,
            8.49,
            13.49
          ],
          "texture": "#texture1"
        },
        "west": {
          "uv": [
            14.01,
            13.01,
            14.99,
            13.49
          ],
          "texture": "#texture1"
        },
        "east": {
          "uv": [
            1.01,
            13.01,
            1.99,
            13.49
          ],
          "texture": "#texture1"
        }
      }
    },
    {
      "__comment": "Box28",
      "from": [
        18.501,
        2.4994,
        -1.9993
      ],
      "to": [
        24.501,
        9.4994,
        -1.4993
      ],
      "faces": {
        "down": {
          "uv": [
            2.51,
            1.51,
            8.49,
            1.99
          ],
          "texture": "#particle"
        },
        "up": {
          "uv": [
            2.51,
            14.01,
            8.49,
            14.49
          ],
          "texture": "#particle"
        },
        "north": {
          "uv": [
            7.51,
            6.51,
            13.49,
            13.49
          ],
          "texture": "#particle"
        },
        "south": {
          "uv": [
            2.51,
            6.51,
            8.49,
            13.49
          ],
          "texture": "#particle"
        },
        "west": {
          "uv": [
            14.01,
            6.51,
            14.49,
            13.49
          ],
          "texture": "#particle"
        },
        "east": {
          "uv": [
            1.51,
            6.51,
            1.99,
            13.49
          ],
          "texture": "#particle"
        }
      }
    },
    {
      "__comment": "Box29",
      "from": [
        0.501,
        2.0009,
        -2.0003
      ],
      "to": [
        15.501,
        2.5009,
        4.9997
      ],
      "faces": {
        "down": {
          "uv": [
            0.51,
            11.01,
            15.49,
            15.99
          ],
          "texture": "#particle"
        },
        "up": {
          "uv": [
            0.51,
            0.01000023,
            15.49,
            4.99
          ],
          "texture": "#particle"
        },
        "north": {
          "uv": [
            0.51,
            13.51,
            15.49,
            13.99
          ],
          "texture": "#particle"
        },
        "south": {
          "uv": [
            0.51,
            13.51,
            15.49,
            13.99
          ],
          "texture": "#particle"
        },
        "west": {
          "uv": [
            0.01,
            13.51,
            4.99,
            13.99
          ],
          "texture": "#particle"
        },
        "east": {
          "uv": [
            11.01,
            13.51,
            15.99,
            13.99
          ],
          "texture": "#particle"
        }
      }
    },
    {
      "__comment": "Box12",
      "from": [
        -16,
        15,
        -2
      ],
      "to": [
        -0.5,
        15.001,
        -1
      ],
      "faces": {
        "down": {
          "uv": [
            0.01,
            1.01,
            15.49,
            1.99
          ],
          "texture": "#texture"
        },
        "up": {
          "uv": [
            0.01,
            14.01,
            15.49,
            14.99
          ],
          "texture": "#texture"
        },
        "north": {
          "uv": [
            0.51,
            1.009,
            15.99,
            0.9899998
          ],
          "texture": "#texture"
        },
        "south": {
          "uv": [
            0.01,
            1.009,
            15.49,
            0.9899998
          ],
          "texture": "#texture"
        },
        "west": {
          "uv": [
            14.01,
            1.009,
            14.99,
            0.9899998
          ],
          "texture": "#texture"
        },
        "east": {
          "uv": [
            1.01,
            1.009,
            1.99,
            0.9899998
          ],
          "texture": "#texture"
        }
      }
    },
    {
      "__comment": "Box13",
      "from": [
        -16,
        15,
        -2
      ],
      "to": [
        3.814697E-06,
        16,
        -1
      ],
      "faces": {
        "down": {
          "uv": [
            0.01,
            1.01,
            15.99,
            1.99
          ],
          "texture": "#texture1"
        },
        "up": {
          "uv": [
            0.01,
            14.01,
            15.99,
            14.99
          ],
          "texture": "#texture1"
        },
        "north": {
          "uv": [
            0.01,
            0.01000023,
            15.99,
            0.9899998
          ],
          "texture": "#texture1"
        },
        "south": {
          "uv": [
            0.01,
            0.01000023,
            15.99,
            0.9899998
          ],
          "texture": "#texture1"
        },
        "west": {
          "uv": [
            14.01,
            0.01000023,
            14.99,
            0.9899998
          ],
          "texture": "#texture1"
        },
        "east": {
          "uv": [
            1.01,
            0.01000023,
            1.99,
            0.9899998
          ],
          "texture": "#texture1"
        }
      }
    },
    {
      "__comment": "Box15",
      "from": [
        -16,
        14.5,
        -2
      ],
      "to": [
        -3.814697E-06,
        15,
        -1.5
      ],
      "faces": {
        "down": {
          "uv": [
            0.01,
            1.51,
            15.99,
            1.99
          ],
          "texture": "#particle"
        },
        "up": {
          "uv": [
            0.01,
            14.01,
            15.99,
            14.49
          ],
          "texture": "#particle"
        },
        "north": {
          "uv": [
            0.01,
            1.01,
            15.99,
            1.49
          ],
          "texture": "#particle"
        },
        "south": {
          "uv": [
            0.01,
            1.01,
            15.99,
            1.49
          ],
          "texture": "#particle"
        },
        "west": {
          "uv": [
            14.01,
            1.01,
            14.49,
            1.49
          ],
          "texture": "#particle"
        },
        "east": {
          "uv": [
            1.51,
            1.01,
            1.99,
            1.49
          ],
          "texture": "#particle"
        }
      }
    },
    {
      "__comment": "Box23",
      "from": [
        -8.499599,
        9.4999,
        -1.9992
      ],
      "to": [
        -2.499599,
        14.4999,
        -0.9991996
      ],
      "faces": {
        "down": {
          "uv": [
            2.51,
            1.01,
            8.49,
            1.99
          ],
          "texture": "#texture1"
        },
        "up": {
          "uv": [
            2.51,
            14.01,
            8.49,
            14.99
          ],
          "texture": "#texture1"
        },
        "north": {
          "uv": [
            7.51,
            1.51,
            13.49,
            6.49
          ],
          "texture": "#texture1"
        },
        "south": {
          "uv": [
            8.51,
            2.01,
            14.49,
            6.99
          ],
          "texture": "#texture1"
        },
        "west": {
          "uv": [
            14.01,
            1.51,
            14.99,
            6.49
          ],
          "texture": "#texture1"
        },
        "east": {
          "uv": [
            1.01,
            1.51,
            1.99,
            6.49
          ],
          "texture": "#texture1"
        }
      }
    },
    {
      "__comment": "Box22",
      "from": [
        -8.499,
        8.5007,
        -1.9997
      ],
      "to": [
        -2.499,
        9.0007,
        -0.9997003
      ],
      "faces": {
        "down": {
          "uv": [
            2.51,
            1.01,
            8.49,
            1.99
          ],
          "texture": "#texture1"
        },
        "up": {
          "uv": [
            2.51,
            14.01,
            8.49,
            14.99
          ],
          "texture": "#texture1"
        },
        "north": {
          "uv": [
            7.51,
            7.01,
            13.49,
            7.49
          ],
          "texture": "#texture1"
        },
        "south": {
          "uv": [
            2.51,
            7.01,
            8.49,
            7.49
          ],
          "texture": "#texture1"
        },
        "west": {
          "uv": [
            14.01,
            7.01,
            14.99,
            7.49
          ],
          "texture": "#texture1"
        },
        "east": {
          "uv": [
            1.01,
            7.01,
            1.99,
            7.49
          ],
          "texture": "#texture1"
        }
      }
    },
    {
      "__comment": "Box20",
      "from": [
        -8.5008,
        6.501,
        -1.9995
      ],
      "to": [
        -2.5008,
        7.001,
        -0.9994997
      ],
      "faces": {
        "down": {
          "uv": [
            2.51,
            1.01,
            8.49,
            1.99
          ],
          "texture": "#texture1"
        },
        "up": {
          "uv": [
            2.51,
            14.01,
            8.49,
            14.99
          ],
          "texture": "#texture1"
        },
        "north": {
          "uv": [
            7.51,
            9.01,
            13.49,
            9.49
          ],
          "texture": "#texture1"
        },
        "south": {
          "uv": [
            2.51,
            9.01,
            8.49,
            9.49
          ],
          "texture": "#texture1"
        },
        "west": {
          "uv": [
            14.01,
            9.01,
            14.99,
            9.49
          ],
          "texture": "#texture1"
        },
        "east": {
          "uv": [
            1.01,
            9.01,
            1.99,
            9.49
          ],
          "texture": "#texture1"
        }
      }
    },
    {
      "__comment": "Box21",
      "from": [
        -8.5,
        7.5009,
        -1.9993
      ],
      "to": [
        -2.5,
        8.0009,
        -0.9993002
      ],
      "faces": {
        "down": {
          "uv": [
            2.51,
            1.01,
            8.49,
            1.99
          ],
          "texture": "#texture1"
        },
        "up": {
          "uv": [
            2.51,
            14.01,
            8.49,
            14.99
          ],
          "texture": "#texture1"
        },
        "north": {
          "uv": [
            7.51,
            8.01,
            13.49,
            8.49
          ],
          "texture": "#texture1"
        },
        "south": {
          "uv": [
            2.51,
            8.01,
            8.49,
            8.49
          ],
          "texture": "#texture1"
        },
        "west": {
          "uv": [
            14.01,
            8.01,
            14.99,
            8.49
          ],
          "texture": "#texture1"
        },
        "east": {
          "uv": [
            1.01,
            8.01,
            1.99,
            8.49
          ],
          "texture": "#texture1"
        }
      }
    },
    {
      "__comment": "Box19",
      "from": [
        -8.499599,
        5.5,
        -1.9994
      ],
      "to": [
        -2.499599,
        6,
        -0.9994001
      ],
      "faces": {
        "down": {
          "uv": [
            2.51,
            1.01,
            8.49,
            1.99
          ],
          "texture": "#texture1"
        },
        "up": {
          "uv": [
            2.51,
            14.01,
            8.49,
            14.99
          ],
          "texture": "#texture1"
        },
        "north": {
          "uv": [
            7.51,
            10.01,
            13.49,
            10.49
          ],
          "texture": "#texture1"
        },
        "south": {
          "uv": [
            2.51,
            10.01,
            8.49,
            10.49
          ],
          "texture": "#texture1"
        },
        "west": {
          "uv": [
            14.01,
            10.01,
            14.99,
            10.49
          ],
          "texture": "#texture1"
        },
        "east": {
          "uv": [
            1.01,
            10.01,
            1.99,
            10.49
          ],
          "texture": "#texture1"
        }
      }
    },
    {
      "__comment": "Box18",
      "from": [
        -8.500199,
        4.5003,
        -2.0002
      ],
      "to": [
        -2.500199,
        5.0003,
        -1.0002
      ],
      "faces": {
        "down": {
          "uv": [
            2.51,
            1.01,
            8.49,
            1.99
          ],
          "texture": "#texture1"
        },
        "up": {
          "uv": [
            2.51,
            14.01,
            8.49,
            14.99
          ],
          "texture": "#texture1"
        },
        "north": {
          "uv": [
            7.51,
            11.01,
            13.49,
            11.49
          ],
          "texture": "#texture1"
        },
        "south": {
          "uv": [
            2.51,
            11.01,
            8.49,
            11.49
          ],
          "texture": "#texture1"
        },
        "west": {
          "uv": [
            14.01,
            11.01,
            14.99,
            11.49
          ],
          "texture": "#texture1"
        },
        "east": {
          "uv": [
            1.01,
            11.01,
            1.99,
            11.49
          ],
          "texture": "#texture1"
        }
      }
    },
    {
      "__comment": "Box17",
      "from": [
        -8.5,
        3.5009,
        -1.9994
      ],
      "to": [
        -2.5,
        4.0009,
        -0.9994004
      ],
      "faces": {
        "down": {
          "uv": [
            2.51,
            1.01,
            8.49,
            1.99
          ],
          "texture": "#texture1"
        },
        "up": {
          "uv": [
            2.51,
            14.01,
            8.49,
            14.99
          ],
          "texture": "#texture1"
        },
        "north": {
          "uv": [
            7.51,
            12.01,
            13.49,
            12.49
          ],
          "texture": "#texture1"
        },
        "south": {
          "uv": [
            2.51,
            12.01,
            8.49,
            12.49
          ],
          "texture": "#texture1"
        },
        "west": {
          "uv": [
            14.01,
            12.01,
            14.99,
            12.49
          ],
          "texture": "#texture1"
        },
        "east": {
          "uv": [
            1.01,
            12.01,
            1.99,
            12.49
          ],
          "texture": "#texture1"
        }
      }
    },
    {
      "__comment": "Box10",
      "from": [
        -16,
        2.5,
        -2
      ],
      "to": [
        -8.499998,
        14.5,
        -1
      ],
      "faces": {
        "down": {
          "uv": [
            8.51,
            1.01,
            15.99,
            1.99
          ],
          "texture": "#texture1"
        },
        "up": {
          "uv": [
            8.51,
            14.01,
            15.99,
            14.99
          ],
          "texture": "#texture1"
        },
        "north": {
          "uv": [
            0.01,
            1.51,
            7.49,
            13.49
          ],
          "texture": "#texture1"
        },
        "south": {
          "uv": [
            0.01,
            1.51,
            7.49,
            13.49
          ],
          "texture": "#texture1"
        },
        "west": {
          "uv": [
            14.01,
            1.51,
            14.99,
            13.49
          ],
          "texture": "#texture1"
        },
        "east": {
          "uv": [
            1.01,
            1.51,
            1.99,
            13.49
          ],
          "texture": "#texture1"
        }
      }
    },
    {
      "__comment": "Box16",
      "from": [
        -2.5002,
        2.4994,
        -1.9993
      ],
      "to": [
        -0.0002000332,
        14.4994,
        -0.9992995
      ],
      "faces": {
        "down": {
          "uv": [
            0.01,
            1.01,
            2.49,
            1.99
          ],
          "texture": "#texture1"
        },
        "up": {
          "uv": [
            0.01,
            14.01,
            2.49,
            14.99
          ],
          "texture": "#texture1"
        },
        "north": {
          "uv": [
            13.51,
            1.51,
            15.99,
            13.49
          ],
          "texture": "#texture1"
        },
        "south": {
          "uv": [
            13.51,
            1.51,
            15.99,
            13.49
          ],
          "texture": "#texture1"
        },
        "west": {
          "uv": [
            14.01,
            1.51,
            14.99,
            13.49
          ],
          "texture": "#texture1"
        },
        "east": {
          "uv": [
            1.01,
            1.51,
            1.99,
            13.49
          ],
          "texture": "#texture1"
        }
      }
    },
    {
      "__comment": "Box27",
      "from": [
        -8.5005,
        2.4994,
        -1.9998
      ],
      "to": [
        -2.5005,
        2.9994,
        -0.9998004
      ],
      "faces": {
        "down": {
          "uv": [
            2.51,
            1.01,
            8.49,
            1.99
          ],
          "texture": "#texture1"
        },
        "up": {
          "uv": [
            2.51,
            14.01,
            8.49,
            14.99
          ],
          "texture": "#texture1"
        },
        "north": {
          "uv": [
            7.51,
            13.01,
            13.49,
            13.49
          ],
          "texture": "#texture1"
        },
        "south": {
          "uv": [
            2.51,
            13.01,
            8.49,
            13.49
          ],
          "texture": "#texture1"
        },
        "west": {
          "uv": [
            14.01,
            13.01,
            14.99,
            13.49
          ],
          "texture": "#texture1"
        },
        "east": {
          "uv": [
            1.01,
            13.01,
            1.99,
            13.49
          ],
          "texture": "#texture1"
        }
      }
    },
    {
      "__comment": "Box28",
      "from": [
        -8.4998,
        2.4996,
        -1.9994
      ],
      "to": [
        -2.4998,
        9.499601,
        -1.4994
      ],
      "faces": {
        "down": {
          "uv": [
            2.51,
            1.51,
            8.49,
            1.99
          ],
          "texture": "#particle"
        },
        "up": {
          "uv": [
            2.51,
            14.01,
            8.49,
            14.49
          ],
          "texture": "#particle"
        },
        "north": {
          "uv": [
            7.51,
            6.51,
            13.49,
            13.49
          ],
          "texture": "#particle"
        },
        "south": {
          "uv": [
            2.51,
            6.51,
            8.49,
            13.49
          ],
          "texture": "#particle"
        },
        "west": {
          "uv": [
            14.01,
            6.51,
            14.49,
            13.49
          ],
          "texture": "#particle"
        },
        "east": {
          "uv": [
            1.51,
            6.51,
            1.99,
            13.49
          ],
          "texture": "#particle"
        }
      }
    },
    {
      "__comment": "Box24",
      "from": [
        -15.9993,
        0.0004,
        -1.9994
      ],
      "to": [
        0.0006971359,
        2.0004,
        -0.9993997
      ],
      "faces": {
        "down": {
          "uv": [
            0.01,
            1.01,
            15.99,
            1.99
          ],
          "texture": "#texture1"
        },
        "up": {
          "uv": [
            0.01,
            14.01,
            15.99,
            14.99
          ],
          "texture": "#texture1"
        },
        "north": {
          "uv": [
            0.01,
            14.01,
            15.99,
            15.99
          ],
          "texture": "#texture1"
        },
        "south": {
          "uv": [
            0.01,
            14.01,
            15.99,
            15.99
          ],
          "texture": "#texture1"
        },
        "west": {
          "uv": [
            14.01,
            14.01,
            14.99,
            15.99
          ],
          "texture": "#texture1"
        },
        "east": {
          "uv": [
            1.01,
            14.01,
            1.99,
            15.99
          ],
          "texture": "#texture1"
        }
      }
    },
    {
      "__comment": "Box26",
      "from": [
        -16,
        2,
        -2
      ],
      "to": [
        0.5,
        2.5,
        -1.5
      ],
      "faces": {
        "down": {
          "uv": [
            15.51,
            1.51,
            15.99,
            1.99
          ],
          "texture": "#particle"
        },
        "up": {
          "uv": [
            15.51,
            14.01,
            15.99,
            14.49
          ],
          "texture": "#particle"
        },
        "north": {
          "uv": [
            0.01,
            13.51,
            0.49,
            13.99
          ],
          "texture": "#particle"
        },
        "south": {
          "uv": [
            15.51,
            13.51,
            15.99,
            13.99
          ],
          "texture": "#particle"
        },
        "west": {
          "uv": [
            14.01,
            13.51,
            14.49,
            13.99
          ],
          "texture": "#particle"
        },
        "east": {
          "uv": [
            1.51,
            13.51,
            1.99,
            13.99
          ],
          "texture": "#particle"
        }
      }
    }
  ],
  "display": {
    "head": {
      "rotation": [
        0,
        180,
        0
      ],
      "translation": [
        0,
        2.7826,
        -16.68
      ],
      "scale": [
        3.2782,
        1.6695,
        1.5303
      ]
    }
  }
}
