{
	"__comment": "Designed by Mouskegamer with Cubik Studio - https://cubik.studio",
	"textures": {
		"particle": "block/red_wool",
		"texture": "block/stone_slab_top",
		"texture1": "block/red_wool",
		"texture2": "block/black_wool"
	},
	"elements": [ 	 
		{
			"__comment": "Box1",
			"from": [ 6, 11, 7 ],
			"to": [ 10, 11.5, 9 ],
			"faces": {
				"down": { "uv": [ 6, 7, 10, 9 ], "texture": "#texture" },
				"up": { "uv": [ 6, 7, 10, 9 ], "texture": "#texture" },
				"north": { "uv": [ 6, 4.5, 10, 5 ], "texture": "#texture" },
				"south": { "uv": [ 6, 4.5, 10, 5 ], "texture": "#texture" },
				"west": { "uv": [ 7, 4.5, 9, 5 ], "texture": "#texture" },
				"east": { "uv": [ 7, 4.5, 9, 5 ], "texture": "#texture" }
			}
		},
		{
			"__comment": "Box1",
			"from": [ 11, 10, 7 ],
			"to": [ 12, 11, 7.5 ],
			"faces": {
				"down": { "uv": [ 11, 8.5, 12, 9 ], "texture": "#particle" },
				"up": { "uv": [ 11, 7, 12, 7.5 ], "texture": "#particle" },
				"north": { "uv": [ 4, 5, 5, 6 ], "texture": "#particle" },
				"south": { "uv": [ 11, 5, 12, 6 ], "texture": "#particle" },
				"west": { "uv": [ 7, 5, 7.5, 6 ], "texture": "#particle" },
				"east": { "uv": [ 8.5, 5, 9, 6 ], "texture": "#particle" }
			}
		},
		{
			"__comment": "Box1",
			"from": [ 3, 9, 6 ],
			"to": [ 13, 10, 10 ],
			"faces": {
				"down": { "uv": [ 3, 6, 13, 10 ], "texture": "#texture" },
				"up": { "uv": [ 3, 6, 13, 10 ], "texture": "#texture" },
				"north": { "uv": [ 3, 6, 13, 7 ], "texture": "#texture" },
				"south": { "uv": [ 3, 6, 13, 7 ], "texture": "#texture" },
				"west": { "uv": [ 6, 6, 10, 7 ], "texture": "#texture" },
				"east": { "uv": [ 6, 6, 10, 7 ], "texture": "#texture" }
			}
		},
		{
			"__comment": "Box1",
			"from": [ 2, 7, 6 ],
			"to": [ 14, 9, 10 ],
			"faces": {
				"down": { "uv": [ 2, 6, 14, 10 ], "texture": "#texture" },
				"up": { "uv": [ 2, 6, 14, 10 ], "texture": "#texture" },
				"north": { "uv": [ 2, 7, 14, 9 ], "texture": "#texture" },
				"south": { "uv": [ 2, 7, 14, 9 ], "texture": "#texture" },
				"west": { "uv": [ 6, 7, 10, 9 ], "texture": "#texture" },
				"east": { "uv": [ 6, 7, 10, 9 ], "texture": "#texture" }
			}
		},
		{
			"__comment": "Box1",
			"from": [ 7, 11, 6 ],
			"to": [ 9, 11.5, 10 ],
			"faces": {
				"down": { "uv": [ 7, 6, 9, 10 ], "texture": "#texture" },
				"up": { "uv": [ 7, 6, 9, 10 ], "texture": "#texture" },
				"north": { "uv": [ 7, 4.5, 9, 5 ], "texture": "#texture" },
				"south": { "uv": [ 7, 4.5, 9, 5 ], "texture": "#texture" },
				"west": { "uv": [ 6, 4.5, 10, 5 ], "texture": "#texture" },
				"east": { "uv": [ 6, 4.5, 10, 5 ], "texture": "#texture" }
			}
		},
		{
			"__comment": "Box1",
			"from": [ 7, 10, 4 ],
			"to": [ 7.5, 11, 5 ],
			"faces": {
				"down": { "uv": [ 7, 11, 7.5, 12 ], "texture": "#particle" },
				"up": { "uv": [ 7, 4, 7.5, 5 ], "texture": "#particle" },
				"north": { "uv": [ 8.5, 5, 9, 6 ], "texture": "#particle" },
				"south": { "uv": [ 7, 5, 7.5, 6 ], "texture": "#particle" },
				"west": { "uv": [ 4, 5, 5, 6 ], "texture": "#particle" },
				"east": { "uv": [ 11, 5, 12, 6 ], "texture": "#particle" }
			}
		},
		{
			"__comment": "Box1",
			"from": [ 6, 4, 1 ],
			"to": [ 10, 4.5, 15 ],
			"faces": {
				"down": { "uv": [ 6, 1, 10, 15 ], "texture": "#particle" },
				"up": { "uv": [ 6, 1, 10, 15 ], "texture": "#particle" },
				"north": { "uv": [ 6, 11.5, 10, 12 ], "texture": "#particle" },
				"south": { "uv": [ 6, 11.5, 10, 12 ], "texture": "#particle" },
				"west": { "uv": [ 1, 11.5, 15, 12 ], "texture": "#particle" },
				"east": { "uv": [ 1, 11.5, 15, 12 ], "texture": "#particle" }
			}
		},
		{
			"__comment": "Box1",
			"from": [ 4, 4, 2 ],
			"to": [ 12, 4.5, 14 ],
			"faces": {
				"down": { "uv": [ 4, 2, 12, 14 ], "texture": "#particle" },
				"up": { "uv": [ 4, 2, 12, 14 ], "texture": "#particle" },
				"north": { "uv": [ 4, 11.5, 12, 12 ], "texture": "#particle" },
				"south": { "uv": [ 4, 11.5, 12, 12 ], "texture": "#particle" },
				"west": { "uv": [ 2, 11.5, 14, 12 ], "texture": "#particle" },
				"east": { "uv": [ 2, 11.5, 14, 12 ], "texture": "#particle" }
			}
		},
		{
			"__comment": "Box1",
			"from": [ 3, 4, 3 ],
			"to": [ 13, 4.5, 13 ],
			"faces": {
				"down": { "uv": [ 3, 3, 13, 13 ], "texture": "#particle" },
				"up": { "uv": [ 3, 3, 13, 13 ], "texture": "#particle" },
				"north": { "uv": [ 3, 11.5, 13, 12 ], "texture": "#particle" },
				"south": { "uv": [ 3, 11.5, 13, 12 ], "texture": "#particle" },
				"west": { "uv": [ 3, 11.5, 13, 12 ], "texture": "#particle" },
				"east": { "uv": [ 3, 11.5, 13, 12 ], "texture": "#particle" }
			}
		},
		{
			"__comment": "Box1",
			"from": [ 6, 4.5, 14 ],
			"to": [ 10, 5, 15 ],
			"faces": {
				"down": { "uv": [ 6, 1, 10, 2 ], "texture": "#texture" },
				"up": { "uv": [ 6, 14, 10, 15 ], "texture": "#texture" },
				"north": { "uv": [ 6, 11, 10, 11.5 ], "texture": "#texture" },
				"south": { "uv": [ 6, 11, 10, 11.5 ], "texture": "#texture" },
				"west": { "uv": [ 14, 11, 15, 11.5 ], "texture": "#texture" },
				"east": { "uv": [ 1, 11, 2, 11.5 ], "texture": "#texture" }
			}
		},
		{
			"__comment": "Box1",
			"from": [ 2, 4, 4 ],
			"to": [ 14, 4.5, 12 ],
			"faces": {
				"down": { "uv": [ 2, 4, 14, 12 ], "texture": "#particle" },
				"up": { "uv": [ 2, 4, 14, 12 ], "texture": "#particle" },
				"north": { "uv": [ 2, 11.5, 14, 12 ], "texture": "#particle" },
				"south": { "uv": [ 2, 11.5, 14, 12 ], "texture": "#particle" },
				"west": { "uv": [ 4, 11.5, 12, 12 ], "texture": "#particle" },
				"east": { "uv": [ 4, 11.5, 12, 12 ], "texture": "#particle" }
			}
		},
		{
			"__comment": "Box1",
			"from": [ 1, 4, 6 ],
			"to": [ 15, 4.5, 10 ],
			"faces": {
				"down": { "uv": [ 1, 6, 15, 10 ], "texture": "#particle" },
				"up": { "uv": [ 1, 6, 15, 10 ], "texture": "#particle" },
				"north": { "uv": [ 1, 11.5, 15, 12 ], "texture": "#particle" },
				"south": { "uv": [ 1, 11.5, 15, 12 ], "texture": "#particle" },
				"west": { "uv": [ 6, 11.5, 10, 12 ], "texture": "#particle" },
				"east": { "uv": [ 6, 11.5, 10, 12 ], "texture": "#particle" }
			}
		},
		{
			"__comment": "Box1",
			"from": [ 4, 4.5, 2 ],
			"to": [ 12, 5, 14 ],
			"faces": {
				"down": { "uv": [ 4, 2, 12, 14 ], "texture": "#texture" },
				"up": { "uv": [ 4, 2, 12, 14 ], "texture": "#texture" },
				"north": { "uv": [ 4, 11, 12, 11.5 ], "texture": "#texture" },
				"south": { "uv": [ 4, 11, 12, 11.5 ], "texture": "#texture" },
				"west": { "uv": [ 2, 11, 14, 11.5 ], "texture": "#texture" },
				"east": { "uv": [ 2, 11, 14, 11.5 ], "texture": "#texture" }
			}
		},
		{
			"__comment": "Box1",
			"from": [ 6, 4.5, 1 ],
			"to": [ 10, 5, 15 ],
			"faces": {
				"down": { "uv": [ 6, 1, 10, 15 ], "texture": "#texture" },
				"up": { "uv": [ 6, 1, 10, 15 ], "texture": "#texture" },
				"north": { "uv": [ 6, 11, 10, 11.5 ], "texture": "#texture" },
				"south": { "uv": [ 6, 11, 10, 11.5 ], "texture": "#texture" },
				"west": { "uv": [ 1, 11, 15, 11.5 ], "texture": "#texture" },
				"east": { "uv": [ 1, 11, 15, 11.5 ], "texture": "#texture" }
			}
		},
		{
			"__comment": "Box1",
			"from": [ 3, 4.5, 3 ],
			"to": [ 13, 5, 13 ],
			"faces": {
				"down": { "uv": [ 3, 3, 13, 13 ], "texture": "#texture" },
				"up": { "uv": [ 3, 3, 13, 13 ], "texture": "#texture" },
				"north": { "uv": [ 3, 11, 13, 11.5 ], "texture": "#texture" },
				"south": { "uv": [ 3, 11, 13, 11.5 ], "texture": "#texture" },
				"west": { "uv": [ 3, 11, 13, 11.5 ], "texture": "#texture" },
				"east": { "uv": [ 3, 11, 13, 11.5 ], "texture": "#texture" }
			}
		},
		{
			"__comment": "Box1",
			"from": [ 2, 4.5, 4 ],
			"to": [ 14, 5, 12 ],
			"faces": {
				"down": { "uv": [ 2, 4, 14, 12 ], "texture": "#texture" },
				"up": { "uv": [ 2, 4, 14, 12 ], "texture": "#texture" },
				"north": { "uv": [ 2, 11, 14, 11.5 ], "texture": "#texture" },
				"south": { "uv": [ 2, 11, 14, 11.5 ], "texture": "#texture" },
				"west": { "uv": [ 4, 11, 12, 11.5 ], "texture": "#texture" },
				"east": { "uv": [ 4, 11, 12, 11.5 ], "texture": "#texture" }
			}
		},
		{
			"__comment": "Box1",
			"from": [ 1, 4.5, 6 ],
			"to": [ 15, 5, 10 ],
			"faces": {
				"down": { "uv": [ 1, 6, 15, 10 ], "texture": "#texture" },
				"up": { "uv": [ 1, 6, 15, 10 ], "texture": "#texture" },
				"north": { "uv": [ 1, 11, 15, 11.5 ], "texture": "#texture" },
				"south": { "uv": [ 1, 11, 15, 11.5 ], "texture": "#texture" },
				"west": { "uv": [ 6, 11, 10, 11.5 ], "texture": "#texture" },
				"east": { "uv": [ 6, 11, 10, 11.5 ], "texture": "#texture" }
			}
		},
		{
			"__comment": "Box1",
			"from": [ 6.5, 5, 1 ],
			"to": [ 7.5, 6, 2 ],
			"faces": {
				"down": { "uv": [ 6.5, 14, 7.5, 15 ], "texture": "#texture1" },
				"up": { "uv": [ 6.5, 1, 7.5, 2 ], "texture": "#texture1" },
				"north": { "uv": [ 8.5, 10, 9.5, 11 ], "texture": "#texture1" },
				"south": { "uv": [ 6.5, 10, 7.5, 11 ], "texture": "#texture1" },
				"west": { "uv": [ 1, 10, 2, 11 ], "texture": "#texture1" },
				"east": { "uv": [ 14, 10, 15, 11 ], "texture": "#texture1" }
			}
		},
		{
			"__comment": "Box1",
			"from": [ 7.5, 5, 1 ],
			"to": [ 8.5, 6, 2 ],
			"faces": {
				"down": { "uv": [ 7.5, 14, 8.5, 15 ], "texture": "#particle" },
				"up": { "uv": [ 7.5, 1, 8.5, 2 ], "texture": "#particle" },
				"north": { "uv": [ 7.5, 10, 8.5, 11 ], "texture": "#particle" },
				"south": { "uv": [ 7.5, 10, 8.5, 11 ], "texture": "#particle" },
				"west": { "uv": [ 1, 10, 2, 11 ], "texture": "#particle" },
				"east": { "uv": [ 14, 10, 15, 11 ], "texture": "#particle" }
			}
		},
		{
			"__comment": "Box1",
			"from": [ 6, 5, 1 ],
			"to": [ 6.5, 6, 2 ],
			"faces": {
				"down": { "uv": [ 6, 14, 6.5, 15 ], "texture": "#particle" },
				"up": { "uv": [ 6, 1, 6.5, 2 ], "texture": "#particle" },
				"north": { "uv": [ 9.5, 10, 10, 11 ], "texture": "#particle" },
				"south": { "uv": [ 6, 10, 6.5, 11 ], "texture": "#particle" },
				"west": { "uv": [ 1, 10, 2, 11 ], "texture": "#particle" },
				"east": { "uv": [ 14, 10, 15, 11 ], "texture": "#particle" }
			}
		},
		{
			"__comment": "Box1",
			"from": [ 9, 5, 1 ],
			"to": [ 9.5, 6, 2 ],
			"faces": {
				"down": { "uv": [ 9, 14, 9.5, 15 ], "texture": "#particle" },
				"up": { "uv": [ 9, 1, 9.5, 2 ], "texture": "#particle" },
				"north": { "uv": [ 6.5, 10, 7, 11 ], "texture": "#particle" },
				"south": { "uv": [ 9, 10, 9.5, 11 ], "texture": "#particle" },
				"west": { "uv": [ 1, 10, 2, 11 ], "texture": "#particle" },
				"east": { "uv": [ 14, 10, 15, 11 ], "texture": "#particle" }
			}
		},
		{
			"__comment": "Box1",
			"from": [ 8.5, 5, 1 ],
			"to": [ 9, 6, 2 ],
			"faces": {
				"down": { "uv": [ 8.5, 14, 9, 15 ], "texture": "#texture" },
				"up": { "uv": [ 8.5, 1, 9, 2 ], "texture": "#texture" },
				"north": { "uv": [ 7, 10, 7.5, 11 ], "texture": "#texture" },
				"south": { "uv": [ 8.5, 10, 9, 11 ], "texture": "#texture" },
				"west": { "uv": [ 1, 10, 2, 11 ], "texture": "#texture" },
				"east": { "uv": [ 14, 10, 15, 11 ], "texture": "#texture" }
			}
		},
		{
			"__comment": "Box1",
			"from": [ 6, 6, 1 ],
			"to": [ 10, 6.5, 2 ],
			"faces": {
				"down": { "uv": [ 6, 14, 10, 15 ], "texture": "#texture" },
				"up": { "uv": [ 6, 1, 10, 2 ], "texture": "#texture" },
				"north": { "uv": [ 6, 9.5, 10, 10 ], "texture": "#texture" },
				"south": { "uv": [ 6, 9.5, 10, 10 ], "texture": "#texture" },
				"west": { "uv": [ 1, 9.5, 2, 10 ], "texture": "#texture" },
				"east": { "uv": [ 14, 9.5, 15, 10 ], "texture": "#texture" }
			}
		},
		{
			"__comment": "Box1",
			"from": [ 9.5, 5, 1 ],
			"to": [ 10, 6, 2 ],
			"faces": {
				"down": { "uv": [ 9.5, 14, 10, 15 ], "texture": "#texture" },
				"up": { "uv": [ 9.5, 1, 10, 2 ], "texture": "#texture" },
				"north": { "uv": [ 6, 10, 6.5, 11 ], "texture": "#texture" },
				"south": { "uv": [ 9.5, 10, 10, 11 ], "texture": "#texture" },
				"west": { "uv": [ 1, 10, 2, 11 ], "texture": "#texture" },
				"east": { "uv": [ 14, 10, 15, 11 ], "texture": "#texture" }
			}
		},
		{
			"__comment": "Box1",
			"from": [ 6.5, 6.5, 1 ],
			"to": [ 9, 7, 2 ],
			"faces": {
				"down": { "uv": [ 6.5, 14, 9, 15 ], "texture": "#particle" },
				"up": { "uv": [ 6.5, 1, 9, 2 ], "texture": "#particle" },
				"north": { "uv": [ 7, 9, 9.5, 9.5 ], "texture": "#particle" },
				"south": { "uv": [ 6.5, 9, 9, 9.5 ], "texture": "#particle" },
				"west": { "uv": [ 1, 9, 2, 9.5 ], "texture": "#particle" },
				"east": { "uv": [ 14, 9, 15, 9.5 ], "texture": "#particle" }
			}
		},
		{
			"__comment": "Box1",
			"from": [ 7, 7.5, 1.5 ],
			"to": [ 9, 8.5, 2.5 ],
			"faces": {
				"down": { "uv": [ 7, 13.5, 9, 14.5 ], "texture": "#texture2" },
				"up": { "uv": [ 7, 1.5, 9, 2.5 ], "texture": "#texture2" },
				"north": { "uv": [ 7, 7.5, 9, 8.5 ], "texture": "#texture2" },
				"south": { "uv": [ 7, 7.5, 9, 8.5 ], "texture": "#texture2" },
				"west": { "uv": [ 1.5, 7.5, 2.5, 8.5 ], "texture": "#texture2" },
				"east": { "uv": [ 13.5, 7.5, 14.5, 8.5 ], "texture": "#texture2" }
			}
		},
		{
			"__comment": "Box1",
			"from": [ 7.5, 7, 1.5 ],
			"to": [ 8.5, 9, 2.5 ],
			"faces": {
				"down": { "uv": [ 7.5, 13.5, 8.5, 14.5 ], "texture": "#texture2" },
				"up": { "uv": [ 7.5, 1.5, 8.5, 2.5 ], "texture": "#texture2" },
				"north": { "uv": [ 7.5, 7, 8.5, 9 ], "texture": "#texture2" },
				"south": { "uv": [ 7.5, 7, 8.5, 9 ], "texture": "#texture2" },
				"west": { "uv": [ 1.5, 7, 2.5, 9 ], "texture": "#texture2" },
				"east": { "uv": [ 13.5, 7, 14.5, 9 ], "texture": "#texture2" }
			}
		},
		{
			"__comment": "Box1",
			"from": [ 8.5, 7, 2 ],
			"to": [ 9.5, 7.5, 3 ],
			"faces": {
				"down": { "uv": [ 8.5, 13, 9.5, 14 ], "texture": "#particle" },
				"up": { "uv": [ 8.5, 2, 9.5, 3 ], "texture": "#particle" },
				"north": { "uv": [ 6.5, 8.5, 7.5, 9 ], "texture": "#particle" },
				"south": { "uv": [ 8.5, 8.5, 9.5, 9 ], "texture": "#particle" },
				"west": { "uv": [ 2, 8.5, 3, 9 ], "texture": "#particle" },
				"east": { "uv": [ 13, 8.5, 14, 9 ], "texture": "#particle" }
			}
		},
		{
			"__comment": "Box1",
			"from": [ 6.5, 7, 2 ],
			"to": [ 7.5, 7.5, 3 ],
			"faces": {
				"down": { "uv": [ 6.5, 13, 7.5, 14 ], "texture": "#particle" },
				"up": { "uv": [ 6.5, 2, 7.5, 3 ], "texture": "#particle" },
				"north": { "uv": [ 8.5, 8.5, 9.5, 9 ], "texture": "#particle" },
				"south": { "uv": [ 6.5, 8.5, 7.5, 9 ], "texture": "#particle" },
				"west": { "uv": [ 2, 8.5, 3, 9 ], "texture": "#particle" },
				"east": { "uv": [ 13, 8.5, 14, 9 ], "texture": "#particle" }
			}
		},
		{
			"__comment": "Box1",
			"from": [ 6.5, 7.5, 2 ],
			"to": [ 7, 8.5, 3 ],
			"faces": {
				"down": { "uv": [ 6.5, 13, 7, 14 ], "texture": "#particle" },
				"up": { "uv": [ 6.5, 2, 7, 3 ], "texture": "#particle" },
				"north": { "uv": [ 9, 7.5, 9.5, 8.5 ], "texture": "#particle" },
				"south": { "uv": [ 6.5, 7.5, 7, 8.5 ], "texture": "#particle" },
				"west": { "uv": [ 2, 7.5, 3, 8.5 ], "texture": "#particle" },
				"east": { "uv": [ 13, 7.5, 14, 8.5 ], "texture": "#particle" }
			}
		},
		{
			"__comment": "Box1",
			"from": [ 9, 7.5, 2 ],
			"to": [ 9.5, 8.5, 3 ],
			"faces": {
				"down": { "uv": [ 9, 13, 9.5, 14 ], "texture": "#particle" },
				"up": { "uv": [ 9, 2, 9.5, 3 ], "texture": "#particle" },
				"north": { "uv": [ 6.5, 7.5, 7, 8.5 ], "texture": "#particle" },
				"south": { "uv": [ 9, 7.5, 9.5, 8.5 ], "texture": "#particle" },
				"west": { "uv": [ 2, 7.5, 3, 8.5 ], "texture": "#particle" },
				"east": { "uv": [ 13, 7.5, 14, 8.5 ], "texture": "#particle" }
			}
		},
		{
			"__comment": "Box1",
			"from": [ 6.5, 8.5, 2 ],
			"to": [ 7.5, 9, 3 ],
			"faces": {
				"down": { "uv": [ 6.5, 13, 7.5, 14 ], "texture": "#particle" },
				"up": { "uv": [ 6.5, 2, 7.5, 3 ], "texture": "#particle" },
				"north": { "uv": [ 8.5, 7, 9.5, 7.5 ], "texture": "#particle" },
				"south": { "uv": [ 6.5, 7, 7.5, 7.5 ], "texture": "#particle" },
				"west": { "uv": [ 2, 7, 3, 7.5 ], "texture": "#particle" },
				"east": { "uv": [ 13, 7, 14, 7.5 ], "texture": "#particle" }
			}
		},
		{
			"__comment": "Box1",
			"from": [ 8.5, 8.5, 2 ],
			"to": [ 9.5, 9, 3 ],
			"faces": {
				"down": { "uv": [ 8.5, 13, 9.5, 14 ], "texture": "#particle" },
				"up": { "uv": [ 8.5, 2, 9.5, 3 ], "texture": "#particle" },
				"north": { "uv": [ 6.5, 7, 7.5, 7.5 ], "texture": "#particle" },
				"south": { "uv": [ 8.5, 7, 9.5, 7.5 ], "texture": "#particle" },
				"west": { "uv": [ 2, 7, 3, 7.5 ], "texture": "#particle" },
				"east": { "uv": [ 13, 7, 14, 7.5 ], "texture": "#particle" }
			}
		},
		{
			"__comment": "Box1",
			"from": [ 7, 9, 2.5 ],
			"to": [ 9, 9.5, 4 ],
			"faces": {
				"down": { "uv": [ 7, 12, 9, 13.5 ], "texture": "#particle" },
				"up": { "uv": [ 7, 2.5, 9, 4 ], "texture": "#particle" },
				"north": { "uv": [ 7, 6.5, 9, 7 ], "texture": "#particle" },
				"south": { "uv": [ 7, 6.5, 9, 7 ], "texture": "#particle" },
				"west": { "uv": [ 2.5, 6.5, 4, 7 ], "texture": "#particle" },
				"east": { "uv": [ 12, 6.5, 13.5, 7 ], "texture": "#particle" }
			}
		},
		{
			"__comment": "Box1",
			"from": [ 6, 10, 5 ],
			"to": [ 10, 11, 11 ],
			"faces": {
				"down": { "uv": [ 6, 5, 10, 11 ], "texture": "#particle" },
				"up": { "uv": [ 6, 5, 10, 11 ], "texture": "#particle" },
				"north": { "uv": [ 6, 5, 10, 6 ], "texture": "#particle" },
				"south": { "uv": [ 6, 5, 10, 6 ], "texture": "#particle" },
				"west": { "uv": [ 5, 5, 11, 6 ], "texture": "#particle" },
				"east": { "uv": [ 5, 5, 11, 6 ], "texture": "#particle" }
			}
		},
		{
			"__comment": "Box1",
			"from": [ 5, 10, 6 ],
			"to": [ 11, 11, 10 ],
			"faces": {
				"down": { "uv": [ 5, 6, 11, 10 ], "texture": "#particle" },
				"up": { "uv": [ 5, 6, 11, 10 ], "texture": "#particle" },
				"north": { "uv": [ 5, 5, 11, 6 ], "texture": "#particle" },
				"south": { "uv": [ 5, 5, 11, 6 ], "texture": "#particle" },
				"west": { "uv": [ 6, 5, 10, 6 ], "texture": "#particle" },
				"east": { "uv": [ 6, 5, 10, 6 ], "texture": "#particle" }
			}
		},
		{
			"__comment": "Box1",
			"from": [ 4.5, 5, 2 ],
			"to": [ 6, 6, 3 ],
			"faces": {
				"down": { "uv": [ 4.5, 13, 6, 14 ], "texture": "#texture" },
				"up": { "uv": [ 4.5, 2, 6, 3 ], "texture": "#texture" },
				"north": { "uv": [ 10, 10, 11.5, 11 ], "texture": "#texture" },
				"south": { "uv": [ 4.5, 10, 6, 11 ], "texture": "#texture" },
				"west": { "uv": [ 2, 10, 3, 11 ], "texture": "#texture" },
				"east": { "uv": [ 13, 10, 14, 11 ], "texture": "#texture" }
			}
		},
		{
			"__comment": "Box1",
			"from": [ 4, 5, 2 ],
			"to": [ 4.5, 6, 3 ],
			"faces": {
				"down": { "uv": [ 4, 13, 4.5, 14 ], "texture": "#particle" },
				"up": { "uv": [ 4, 2, 4.5, 3 ], "texture": "#particle" },
				"north": { "uv": [ 11.5, 10, 12, 11 ], "texture": "#particle" },
				"south": { "uv": [ 4, 10, 4.5, 11 ], "texture": "#particle" },
				"west": { "uv": [ 2, 10, 3, 11 ], "texture": "#particle" },
				"east": { "uv": [ 13, 10, 14, 11 ], "texture": "#particle" }
			}
		},
		{
			"__comment": "Box1",
			"from": [ 2, 5, 4 ],
			"to": [ 3, 6, 5 ],
			"faces": {
				"down": { "uv": [ 2, 11, 3, 12 ], "texture": "#particle" },
				"up": { "uv": [ 2, 4, 3, 5 ], "texture": "#particle" },
				"north": { "uv": [ 13, 10, 14, 11 ], "texture": "#particle" },
				"south": { "uv": [ 2, 10, 3, 11 ], "texture": "#particle" },
				"west": { "uv": [ 4, 10, 5, 11 ], "texture": "#particle" },
				"east": { "uv": [ 11, 10, 12, 11 ], "texture": "#particle" }
			}
		},
		{
			"__comment": "Box1",
			"from": [ 1, 5, 6 ],
			"to": [ 2, 6, 7 ],
			"faces": {
				"down": { "uv": [ 1, 9, 2, 10 ], "texture": "#particle" },
				"up": { "uv": [ 1, 6, 2, 7 ], "texture": "#particle" },
				"north": { "uv": [ 14, 10, 15, 11 ], "texture": "#particle" },
				"south": { "uv": [ 1, 10, 2, 11 ], "texture": "#particle" },
				"west": { "uv": [ 6, 10, 7, 11 ], "texture": "#particle" },
				"east": { "uv": [ 9, 10, 10, 11 ], "texture": "#particle" }
			}
		},
		{
			"__comment": "Box1",
			"from": [ 1, 5, 7.5 ],
			"to": [ 2, 6, 10 ],
			"faces": {
				"down": { "uv": [ 1, 6, 2, 8.5 ], "texture": "#particle" },
				"up": { "uv": [ 1, 7.5, 2, 10 ], "texture": "#particle" },
				"north": { "uv": [ 14, 10, 15, 11 ], "texture": "#particle" },
				"south": { "uv": [ 1, 10, 2, 11 ], "texture": "#particle" },
				"west": { "uv": [ 7.5, 10, 10, 11 ], "texture": "#particle" },
				"east": { "uv": [ 6, 10, 8.5, 11 ], "texture": "#particle" }
			}
		},
		{
			"__comment": "Box1",
			"from": [ 3, 5, 3 ],
			"to": [ 3.5, 6, 4 ],
			"faces": {
				"down": { "uv": [ 3, 12, 3.5, 13 ], "texture": "#texture" },
				"up": { "uv": [ 3, 3, 3.5, 4 ], "texture": "#texture" },
				"north": { "uv": [ 12.5, 10, 13, 11 ], "texture": "#texture" },
				"south": { "uv": [ 3, 10, 3.5, 11 ], "texture": "#texture" },
				"west": { "uv": [ 3, 10, 4, 11 ], "texture": "#texture" },
				"east": { "uv": [ 12, 10, 13, 11 ], "texture": "#texture" }
			}
		},
		{
			"__comment": "Box1",
			"from": [ 2, 5, 5 ],
			"to": [ 3, 6, 5.5 ],
			"faces": {
				"down": { "uv": [ 2, 10.5, 3, 11 ], "texture": "#texture" },
				"up": { "uv": [ 2, 5, 3, 5.5 ], "texture": "#texture" },
				"north": { "uv": [ 13, 10, 14, 11 ], "texture": "#texture" },
				"south": { "uv": [ 2, 10, 3, 11 ], "texture": "#texture" },
				"west": { "uv": [ 5, 10, 5.5, 11 ], "texture": "#texture" },
				"east": { "uv": [ 10.5, 10, 11, 11 ], "texture": "#texture" }
			}
		},
		{
			"__comment": "Box1",
			"from": [ 1, 5, 7 ],
			"to": [ 2, 6, 7.5 ],
			"faces": {
				"down": { "uv": [ 1, 8.5, 2, 9 ], "texture": "#texture" },
				"up": { "uv": [ 1, 7, 2, 7.5 ], "texture": "#texture" },
				"north": { "uv": [ 14, 10, 15, 11 ], "texture": "#texture" },
				"south": { "uv": [ 1, 10, 2, 11 ], "texture": "#texture" },
				"west": { "uv": [ 7, 10, 7.5, 11 ], "texture": "#texture" },
				"east": { "uv": [ 8.5, 10, 9, 11 ], "texture": "#texture" }
			}
		},
		{
			"__comment": "Box1",
			"from": [ 3.5, 5, 3 ],
			"to": [ 4, 6, 4 ],
			"faces": {
				"down": { "uv": [ 3.5, 12, 4, 13 ], "texture": "#particle" },
				"up": { "uv": [ 3.5, 3, 4, 4 ], "texture": "#particle" },
				"north": { "uv": [ 12, 10, 12.5, 11 ], "texture": "#particle" },
				"south": { "uv": [ 3.5, 10, 4, 11 ], "texture": "#particle" },
				"west": { "uv": [ 3, 10, 4, 11 ], "texture": "#particle" },
				"east": { "uv": [ 12, 10, 13, 11 ], "texture": "#particle" }
			}
		},
		{
			"__comment": "Box1",
			"from": [ 2, 5, 5.5 ],
			"to": [ 3, 6, 6.5 ],
			"faces": {
				"down": { "uv": [ 2, 9.5, 3, 10.5 ], "texture": "#particle" },
				"up": { "uv": [ 2, 5.5, 3, 6.5 ], "texture": "#particle" },
				"north": { "uv": [ 13, 10, 14, 11 ], "texture": "#particle" },
				"south": { "uv": [ 2, 10, 3, 11 ], "texture": "#particle" },
				"west": { "uv": [ 5.5, 10, 6.5, 11 ], "texture": "#particle" },
				"east": { "uv": [ 9.5, 10, 10.5, 11 ], "texture": "#particle" }
			}
		},
		{
			"__comment": "Box1",
			"from": [ 6, 6.5, 1 ],
			"to": [ 6.5, 7, 2 ],
			"faces": {
				"down": { "uv": [ 6, 14, 6.5, 15 ], "texture": "#texture" },
				"up": { "uv": [ 6, 1, 6.5, 2 ], "texture": "#texture" },
				"north": { "uv": [ 9.5, 9, 10, 9.5 ], "texture": "#texture" },
				"south": { "uv": [ 6, 9, 6.5, 9.5 ], "texture": "#texture" },
				"west": { "uv": [ 1, 9, 2, 9.5 ], "texture": "#texture" },
				"east": { "uv": [ 14, 9, 15, 9.5 ], "texture": "#texture" }
			}
		},
		{
			"__comment": "Box1",
			"from": [ 9, 6.5, 1 ],
			"to": [ 10, 7, 2 ],
			"faces": {
				"down": { "uv": [ 9, 14, 10, 15 ], "texture": "#texture" },
				"up": { "uv": [ 9, 1, 10, 2 ], "texture": "#texture" },
				"north": { "uv": [ 6, 9, 7, 9.5 ], "texture": "#texture" },
				"south": { "uv": [ 9, 9, 10, 9.5 ], "texture": "#texture" },
				"west": { "uv": [ 1, 9, 2, 9.5 ], "texture": "#texture" },
				"east": { "uv": [ 14, 9, 15, 9.5 ], "texture": "#texture" }
			}
		},
		{
			"__comment": "Box1",
			"from": [ 6, 9, 3 ],
			"to": [ 10, 10, 13 ],
			"faces": {
				"down": { "uv": [ 6, 3, 10, 13 ], "texture": "#texture" },
				"up": { "uv": [ 6, 3, 10, 13 ], "texture": "#texture" },
				"north": { "uv": [ 6, 6, 10, 7 ], "texture": "#texture" },
				"south": { "uv": [ 6, 6, 10, 7 ], "texture": "#texture" },
				"west": { "uv": [ 3, 6, 13, 7 ], "texture": "#texture" },
				"east": { "uv": [ 3, 6, 13, 7 ], "texture": "#texture" }
			}
		},
		{
			"__comment": "Box1",
			"from": [ 8.5, 10, 4 ],
			"to": [ 9, 11, 5 ],
			"faces": {
				"down": { "uv": [ 8.5, 11, 9, 12 ], "texture": "#particle" },
				"up": { "uv": [ 8.5, 4, 9, 5 ], "texture": "#particle" },
				"north": { "uv": [ 7, 5, 7.5, 6 ], "texture": "#particle" },
				"south": { "uv": [ 8.5, 5, 9, 6 ], "texture": "#particle" },
				"west": { "uv": [ 4, 5, 5, 6 ], "texture": "#particle" },
				"east": { "uv": [ 11, 5, 12, 6 ], "texture": "#particle" }
			}
		},
		{
			"__comment": "Box1",
			"from": [ 7.5, 10, 4 ],
			"to": [ 8.5, 11, 5 ],
			"faces": {
				"down": { "uv": [ 7.5, 11, 8.5, 12 ], "texture": "#texture" },
				"up": { "uv": [ 7.5, 4, 8.5, 5 ], "texture": "#texture" },
				"north": { "uv": [ 7.5, 5, 8.5, 6 ], "texture": "#texture" },
				"south": { "uv": [ 7.5, 5, 8.5, 6 ], "texture": "#texture" },
				"west": { "uv": [ 4, 5, 5, 6 ], "texture": "#texture" },
				"east": { "uv": [ 11, 5, 12, 6 ], "texture": "#texture" }
			}
		},
		{
			"__comment": "Box1",
			"from": [ 11, 10, 8.5 ],
			"to": [ 12, 11, 9 ],
			"faces": {
				"down": { "uv": [ 11, 7, 12, 7.5 ], "texture": "#particle" },
				"up": { "uv": [ 11, 8.5, 12, 9 ], "texture": "#particle" },
				"north": { "uv": [ 4, 5, 5, 6 ], "texture": "#particle" },
				"south": { "uv": [ 11, 5, 12, 6 ], "texture": "#particle" },
				"west": { "uv": [ 8.5, 5, 9, 6 ], "texture": "#particle" },
				"east": { "uv": [ 7, 5, 7.5, 6 ], "texture": "#particle" }
			}
		},
		{
			"__comment": "Box1",
			"from": [ 11, 10, 7.5 ],
			"to": [ 12, 11, 8.5 ],
			"faces": {
				"down": { "uv": [ 11, 7.5, 12, 8.5 ], "texture": "#texture" },
				"up": { "uv": [ 11, 7.5, 12, 8.5 ], "texture": "#texture" },
				"north": { "uv": [ 4, 5, 5, 6 ], "texture": "#texture" },
				"south": { "uv": [ 11, 5, 12, 6 ], "texture": "#texture" },
				"west": { "uv": [ 7.5, 5, 8.5, 6 ], "texture": "#texture" },
				"east": { "uv": [ 7.5, 5, 8.5, 6 ], "texture": "#texture" }
			}
		},
		{
			"__comment": "Box1",
			"from": [ 4, 10, 7 ],
			"to": [ 5, 11, 7.5 ],
			"faces": {
				"down": { "uv": [ 4, 8.5, 5, 9 ], "texture": "#particle" },
				"up": { "uv": [ 4, 7, 5, 7.5 ], "texture": "#particle" },
				"north": { "uv": [ 11, 5, 12, 6 ], "texture": "#particle" },
				"south": { "uv": [ 4, 5, 5, 6 ], "texture": "#particle" },
				"west": { "uv": [ 7, 5, 7.5, 6 ], "texture": "#particle" },
				"east": { "uv": [ 8.5, 5, 9, 6 ], "texture": "#particle" }
			}
		},
		{
			"__comment": "Box1",
			"from": [ 4, 10, 8.5 ],
			"to": [ 5, 11, 9 ],
			"faces": {
				"down": { "uv": [ 4, 7, 5, 7.5 ], "texture": "#particle" },
				"up": { "uv": [ 4, 8.5, 5, 9 ], "texture": "#particle" },
				"north": { "uv": [ 11, 5, 12, 6 ], "texture": "#particle" },
				"south": { "uv": [ 4, 5, 5, 6 ], "texture": "#particle" },
				"west": { "uv": [ 8.5, 5, 9, 6 ], "texture": "#particle" },
				"east": { "uv": [ 7, 5, 7.5, 6 ], "texture": "#particle" }
			}
		},
		{
			"__comment": "Box1",
			"from": [ 4, 10, 7.5 ],
			"to": [ 5, 11, 8.5 ],
			"faces": {
				"down": { "uv": [ 4, 7.5, 5, 8.5 ], "texture": "#texture" },
				"up": { "uv": [ 4, 7.5, 5, 8.5 ], "texture": "#texture" },
				"north": { "uv": [ 11, 5, 12, 6 ], "texture": "#texture" },
				"south": { "uv": [ 4, 5, 5, 6 ], "texture": "#texture" },
				"west": { "uv": [ 7.5, 5, 8.5, 6 ], "texture": "#texture" },
				"east": { "uv": [ 7.5, 5, 8.5, 6 ], "texture": "#texture" }
			}
		},
		{
			"__comment": "Box1",
			"from": [ 7, 10, 11 ],
			"to": [ 7.5, 11, 12 ],
			"faces": {
				"down": { "uv": [ 7, 4, 7.5, 5 ], "texture": "#particle" },
				"up": { "uv": [ 7, 11, 7.5, 12 ], "texture": "#particle" },
				"north": { "uv": [ 8.5, 5, 9, 6 ], "texture": "#particle" },
				"south": { "uv": [ 7, 5, 7.5, 6 ], "texture": "#particle" },
				"west": { "uv": [ 11, 5, 12, 6 ], "texture": "#particle" },
				"east": { "uv": [ 4, 5, 5, 6 ], "texture": "#particle" }
			}
		},
		{
			"__comment": "Box1",
			"from": [ 7.5, 10, 11 ],
			"to": [ 8.5, 11, 12 ],
			"faces": {
				"down": { "uv": [ 7.5, 4, 8.5, 5 ], "texture": "#texture" },
				"up": { "uv": [ 7.5, 11, 8.5, 12 ], "texture": "#texture" },
				"north": { "uv": [ 7.5, 5, 8.5, 6 ], "texture": "#texture" },
				"south": { "uv": [ 7.5, 5, 8.5, 6 ], "texture": "#texture" },
				"west": { "uv": [ 11, 5, 12, 6 ], "texture": "#texture" },
				"east": { "uv": [ 4, 5, 5, 6 ], "texture": "#texture" }
			}
		},
		{
			"__comment": "Box1",
			"from": [ 8.5, 10, 11 ],
			"to": [ 9, 11, 12 ],
			"faces": {
				"down": { "uv": [ 8.5, 4, 9, 5 ], "texture": "#particle" },
				"up": { "uv": [ 8.5, 11, 9, 12 ], "texture": "#particle" },
				"north": { "uv": [ 7, 5, 7.5, 6 ], "texture": "#particle" },
				"south": { "uv": [ 8.5, 5, 9, 6 ], "texture": "#particle" },
				"west": { "uv": [ 11, 5, 12, 6 ], "texture": "#particle" },
				"east": { "uv": [ 4, 5, 5, 6 ], "texture": "#particle" }
			}
		},
		{
			"__comment": "Box1",
			"from": [ 4, 9, 5 ],
			"to": [ 12, 10, 11 ],
			"faces": {
				"down": { "uv": [ 4, 5, 12, 11 ], "texture": "#texture" },
				"up": { "uv": [ 4, 5, 12, 11 ], "texture": "#texture" },
				"north": { "uv": [ 4, 6, 12, 7 ], "texture": "#texture" },
				"south": { "uv": [ 4, 6, 12, 7 ], "texture": "#texture" },
				"west": { "uv": [ 5, 6, 11, 7 ], "texture": "#texture" },
				"east": { "uv": [ 5, 6, 11, 7 ], "texture": "#texture" }
			}
		},
		{
			"__comment": "Box1",
			"from": [ 5, 9, 4 ],
			"to": [ 11, 10, 12 ],
			"faces": {
				"down": { "uv": [ 5, 4, 11, 12 ], "texture": "#texture" },
				"up": { "uv": [ 5, 4, 11, 12 ], "texture": "#texture" },
				"north": { "uv": [ 5, 6, 11, 7 ], "texture": "#texture" },
				"south": { "uv": [ 5, 6, 11, 7 ], "texture": "#texture" },
				"west": { "uv": [ 4, 6, 12, 7 ], "texture": "#texture" },
				"east": { "uv": [ 4, 6, 12, 7 ], "texture": "#texture" }
			}
		},
		{
			"__comment": "Box1",
			"from": [ 9.5, 7, 2 ],
			"to": [ 10, 9, 3 ],
			"faces": {
				"down": { "uv": [ 9.5, 13, 10, 14 ], "texture": "#texture" },
				"up": { "uv": [ 9.5, 2, 10, 3 ], "texture": "#texture" },
				"north": { "uv": [ 6, 7, 6.5, 9 ], "texture": "#texture" },
				"south": { "uv": [ 9.5, 7, 10, 9 ], "texture": "#texture" },
				"west": { "uv": [ 2, 7, 3, 9 ], "texture": "#texture" },
				"east": { "uv": [ 13, 7, 14, 9 ], "texture": "#texture" }
			}
		},
		{
			"__comment": "Box1",
			"from": [ 6, 7, 2 ],
			"to": [ 6.5, 9, 3 ],
			"faces": {
				"down": { "uv": [ 6, 13, 6.5, 14 ], "texture": "#texture" },
				"up": { "uv": [ 6, 2, 6.5, 3 ], "texture": "#texture" },
				"north": { "uv": [ 9.5, 7, 10, 9 ], "texture": "#texture" },
				"south": { "uv": [ 6, 7, 6.5, 9 ], "texture": "#texture" },
				"west": { "uv": [ 2, 7, 3, 9 ], "texture": "#texture" },
				"east": { "uv": [ 13, 7, 14, 9 ], "texture": "#texture" }
			}
		},
		{
			"__comment": "Box1",
			"from": [ 4, 6, 2 ],
			"to": [ 6, 7, 14 ],
			"faces": {
				"down": { "uv": [ 4, 2, 6, 14 ], "texture": "#texture" },
				"up": { "uv": [ 4, 2, 6, 14 ], "texture": "#texture" },
				"north": { "uv": [ 10, 9, 12, 10 ], "texture": "#texture" },
				"south": { "uv": [ 4, 9, 6, 10 ], "texture": "#texture" },
				"west": { "uv": [ 2, 9, 14, 10 ], "texture": "#texture" },
				"east": { "uv": [ 2, 9, 14, 10 ], "texture": "#texture" }
			}
		},
		{
			"__comment": "Box1",
			"from": [ 3, 6, 3 ],
			"to": [ 4, 7, 13 ],
			"faces": {
				"down": { "uv": [ 3, 3, 4, 13 ], "texture": "#texture" },
				"up": { "uv": [ 3, 3, 4, 13 ], "texture": "#texture" },
				"north": { "uv": [ 12, 9, 13, 10 ], "texture": "#texture" },
				"south": { "uv": [ 3, 9, 4, 10 ], "texture": "#texture" },
				"west": { "uv": [ 3, 9, 13, 10 ], "texture": "#texture" },
				"east": { "uv": [ 3, 9, 13, 10 ], "texture": "#texture" }
			}
		},
		{
			"__comment": "Box1",
			"from": [ 2, 6, 4 ],
			"to": [ 3, 7, 12 ],
			"faces": {
				"down": { "uv": [ 2, 4, 3, 12 ], "texture": "#texture" },
				"up": { "uv": [ 2, 4, 3, 12 ], "texture": "#texture" },
				"north": { "uv": [ 13, 9, 14, 10 ], "texture": "#texture" },
				"south": { "uv": [ 2, 9, 3, 10 ], "texture": "#texture" },
				"west": { "uv": [ 4, 9, 12, 10 ], "texture": "#texture" },
				"east": { "uv": [ 4, 9, 12, 10 ], "texture": "#texture" }
			}
		},
		{
			"__comment": "Box1",
			"from": [ 1, 6, 6 ],
			"to": [ 2, 7, 10 ],
			"faces": {
				"down": { "uv": [ 1, 6, 2, 10 ], "texture": "#texture" },
				"up": { "uv": [ 1, 6, 2, 10 ], "texture": "#texture" },
				"north": { "uv": [ 14, 9, 15, 10 ], "texture": "#texture" },
				"south": { "uv": [ 1, 9, 2, 10 ], "texture": "#texture" },
				"west": { "uv": [ 6, 9, 10, 10 ], "texture": "#texture" },
				"east": { "uv": [ 6, 9, 10, 10 ], "texture": "#texture" }
			}
		},
		{
			"__comment": "Box1",
			"from": [ 4, 7, 3 ],
			"to": [ 12, 9, 13 ],
			"faces": {
				"down": { "uv": [ 4, 3, 12, 13 ], "texture": "#texture" },
				"up": { "uv": [ 4, 3, 12, 13 ], "texture": "#texture" },
				"north": { "uv": [ 4, 7, 12, 9 ], "texture": "#texture" },
				"south": { "uv": [ 4, 7, 12, 9 ], "texture": "#texture" },
				"west": { "uv": [ 3, 7, 13, 9 ], "texture": "#texture" },
				"east": { "uv": [ 3, 7, 13, 9 ], "texture": "#texture" }
			}
		},
		{
			"__comment": "Box1",
			"from": [ 3, 7, 4 ],
			"to": [ 4, 9, 12 ],
			"faces": {
				"down": { "uv": [ 3, 4, 4, 12 ], "texture": "#texture" },
				"up": { "uv": [ 3, 4, 4, 12 ], "texture": "#texture" },
				"north": { "uv": [ 12, 7, 13, 9 ], "texture": "#texture" },
				"south": { "uv": [ 3, 7, 4, 9 ], "texture": "#texture" },
				"west": { "uv": [ 4, 7, 12, 9 ], "texture": "#texture" },
				"east": { "uv": [ 4, 7, 12, 9 ], "texture": "#texture" }
			}
		},
		{
			"__comment": "Box1",
			"from": [ 7, 11.5, 6 ],
			"to": [ 9, 12, 10 ],
			"faces": {
				"down": { "uv": [ 7, 6, 9, 10 ], "texture": "#particle" },
				"up": { "uv": [ 7, 6, 9, 10 ], "texture": "#particle" },
				"north": { "uv": [ 7, 4, 9, 4.5 ], "texture": "#particle" },
				"south": { "uv": [ 7, 4, 9, 4.5 ], "texture": "#particle" },
				"west": { "uv": [ 6, 4, 10, 4.5 ], "texture": "#particle" },
				"east": { "uv": [ 6, 4, 10, 4.5 ], "texture": "#particle" }
			}
		},
		{
			"__comment": "Box1",
			"from": [ 6, 11.5, 7 ],
			"to": [ 10, 12, 9 ],
			"faces": {
				"down": { "uv": [ 6, 7, 10, 9 ], "texture": "#particle" },
				"up": { "uv": [ 6, 7, 10, 9 ], "texture": "#particle" },
				"north": { "uv": [ 6, 4, 10, 4.5 ], "texture": "#particle" },
				"south": { "uv": [ 6, 4, 10, 4.5 ], "texture": "#particle" },
				"west": { "uv": [ 7, 4, 9, 4.5 ], "texture": "#particle" },
				"east": { "uv": [ 7, 4, 9, 4.5 ], "texture": "#particle" }
			}
		},
		{
			"__comment": "Box1",
			"from": [ 12, 7, 4 ],
			"to": [ 13, 9, 12 ],
			"faces": {
				"down": { "uv": [ 12, 4, 13, 12 ], "texture": "#texture" },
				"up": { "uv": [ 12, 4, 13, 12 ], "texture": "#texture" },
				"north": { "uv": [ 3, 7, 4, 9 ], "texture": "#texture" },
				"south": { "uv": [ 12, 7, 13, 9 ], "texture": "#texture" },
				"west": { "uv": [ 4, 7, 12, 9 ], "texture": "#texture" },
				"east": { "uv": [ 4, 7, 12, 9 ], "texture": "#texture" }
			}
		},
		{
			"__comment": "Box1",
			"from": [ 10, 5.5, 2 ],
			"to": [ 11, 6, 3 ],
			"faces": {
				"down": { "uv": [ 10, 13, 11, 14 ], "texture": "#particle" },
				"up": { "uv": [ 10, 2, 11, 3 ], "texture": "#particle" },
				"north": { "uv": [ 5, 10, 6, 10.5 ], "texture": "#particle" },
				"south": { "uv": [ 10, 10, 11, 10.5 ], "texture": "#particle" },
				"west": { "uv": [ 2, 10, 3, 10.5 ], "texture": "#particle" },
				"east": { "uv": [ 13, 10, 14, 10.5 ], "texture": "#particle" }
			}
		},
		{
			"__comment": "Box1",
			"from": [ 10, 6.5, 2 ],
			"to": [ 11, 7, 3 ],
			"faces": {
				"down": { "uv": [ 10, 13, 11, 14 ], "texture": "#particle" },
				"up": { "uv": [ 10, 2, 11, 3 ], "texture": "#particle" },
				"north": { "uv": [ 5, 9, 6, 9.5 ], "texture": "#particle" },
				"south": { "uv": [ 10, 9, 11, 9.5 ], "texture": "#particle" },
				"west": { "uv": [ 2, 9, 3, 9.5 ], "texture": "#particle" },
				"east": { "uv": [ 13, 9, 14, 9.5 ], "texture": "#particle" }
			}
		},
		{
			"__comment": "Box1",
			"from": [ 10, 5, 2 ],
			"to": [ 11, 5.5, 3 ],
			"faces": {
				"down": { "uv": [ 10, 13, 11, 14 ], "texture": "#texture2" },
				"up": { "uv": [ 10, 2, 11, 3 ], "texture": "#texture2" },
				"north": { "uv": [ 5, 10.5, 6, 11 ], "texture": "#texture2" },
				"south": { "uv": [ 10, 10.5, 11, 11 ], "texture": "#texture2" },
				"west": { "uv": [ 2, 10.5, 3, 11 ], "texture": "#texture2" },
				"east": { "uv": [ 13, 10.5, 14, 11 ], "texture": "#texture2" }
			}
		},
		{
			"__comment": "Box1",
			"from": [ 10, 6, 2 ],
			"to": [ 11, 6.5, 3 ],
			"faces": {
				"down": { "uv": [ 10, 13, 11, 14 ], "texture": "#texture2" },
				"up": { "uv": [ 10, 2, 11, 3 ], "texture": "#texture2" },
				"north": { "uv": [ 5, 9.5, 6, 10 ], "texture": "#texture2" },
				"south": { "uv": [ 10, 9.5, 11, 10 ], "texture": "#texture2" },
				"west": { "uv": [ 2, 9.5, 3, 10 ], "texture": "#texture2" },
				"east": { "uv": [ 13, 9.5, 14, 10 ], "texture": "#texture2" }
			}
		},
		{
			"__comment": "Box1",
			"from": [ 11.5, 5, 2 ],
			"to": [ 12, 7, 3 ],
			"faces": {
				"down": { "uv": [ 11.5, 13, 12, 14 ], "texture": "#particle" },
				"up": { "uv": [ 11.5, 2, 12, 3 ], "texture": "#particle" },
				"north": { "uv": [ 4, 9, 4.5, 11 ], "texture": "#particle" },
				"south": { "uv": [ 11.5, 9, 12, 11 ], "texture": "#particle" },
				"west": { "uv": [ 2, 9, 3, 11 ], "texture": "#particle" },
				"east": { "uv": [ 13, 9, 14, 11 ], "texture": "#particle" }
			}
		},
		{
			"__comment": "Box1",
			"from": [ 11, 5, 2 ],
			"to": [ 11.5, 7, 3 ],
			"faces": {
				"down": { "uv": [ 11, 13, 11.5, 14 ], "texture": "#texture" },
				"up": { "uv": [ 11, 2, 11.5, 3 ], "texture": "#texture" },
				"north": { "uv": [ 4.5, 9, 5, 11 ], "texture": "#texture" },
				"south": { "uv": [ 11, 9, 11.5, 11 ], "texture": "#texture" },
				"west": { "uv": [ 2, 9, 3, 11 ], "texture": "#texture" },
				"east": { "uv": [ 13, 9, 14, 11 ], "texture": "#texture" }
			}
		},
		{
			"__comment": "Box1",
			"from": [ 12.5, 5, 3 ],
			"to": [ 13, 7, 4 ],
			"faces": {
				"down": { "uv": [ 12.5, 12, 13, 13 ], "texture": "#texture" },
				"up": { "uv": [ 12.5, 3, 13, 4 ], "texture": "#texture" },
				"north": { "uv": [ 3, 9, 3.5, 11 ], "texture": "#texture" },
				"south": { "uv": [ 12.5, 9, 13, 11 ], "texture": "#texture" },
				"west": { "uv": [ 3, 9, 4, 11 ], "texture": "#texture" },
				"east": { "uv": [ 12, 9, 13, 11 ], "texture": "#texture" }
			}
		},
		{
			"__comment": "Box1",
			"from": [ 12, 5, 3 ],
			"to": [ 12.5, 7, 4 ],
			"faces": {
				"down": { "uv": [ 12, 12, 12.5, 13 ], "texture": "#particle" },
				"up": { "uv": [ 12, 3, 12.5, 4 ], "texture": "#particle" },
				"north": { "uv": [ 3.5, 9, 4, 11 ], "texture": "#particle" },
				"south": { "uv": [ 12, 9, 12.5, 11 ], "texture": "#particle" },
				"west": { "uv": [ 3, 9, 4, 11 ], "texture": "#particle" },
				"east": { "uv": [ 12, 9, 13, 11 ], "texture": "#particle" }
			}
		},
		{
			"__comment": "Box1",
			"from": [ 13, 5, 4 ],
			"to": [ 14, 7, 5 ],
			"faces": {
				"down": { "uv": [ 13, 11, 14, 12 ], "texture": "#particle" },
				"up": { "uv": [ 13, 4, 14, 5 ], "texture": "#particle" },
				"north": { "uv": [ 2, 9, 3, 11 ], "texture": "#particle" },
				"south": { "uv": [ 13, 9, 14, 11 ], "texture": "#particle" },
				"west": { "uv": [ 4, 9, 5, 11 ], "texture": "#particle" },
				"east": { "uv": [ 11, 9, 12, 11 ], "texture": "#particle" }
			}
		},
		{
			"__comment": "Box1",
			"from": [ 13, 5, 5 ],
			"to": [ 14, 7, 5.5 ],
			"faces": {
				"down": { "uv": [ 13, 10.5, 14, 11 ], "texture": "#texture" },
				"up": { "uv": [ 13, 5, 14, 5.5 ], "texture": "#texture" },
				"north": { "uv": [ 2, 9, 3, 11 ], "texture": "#texture" },
				"south": { "uv": [ 13, 9, 14, 11 ], "texture": "#texture" },
				"west": { "uv": [ 5, 9, 5.5, 11 ], "texture": "#texture" },
				"east": { "uv": [ 10.5, 9, 11, 11 ], "texture": "#texture" }
			}
		},
		{
			"__comment": "Box1",
			"from": [ 13, 5, 5.5 ],
			"to": [ 14, 7, 6 ],
			"faces": {
				"down": { "uv": [ 13, 10, 14, 10.5 ], "texture": "#particle" },
				"up": { "uv": [ 13, 5.5, 14, 6 ], "texture": "#particle" },
				"north": { "uv": [ 2, 9, 3, 11 ], "texture": "#particle" },
				"south": { "uv": [ 13, 9, 14, 11 ], "texture": "#particle" },
				"west": { "uv": [ 5.5, 9, 6, 11 ], "texture": "#particle" },
				"east": { "uv": [ 10, 9, 10.5, 11 ], "texture": "#particle" }
			}
		},
		{
			"__comment": "Box1",
			"from": [ 14, 5, 6 ],
			"to": [ 15, 7, 10 ],
			"faces": {
				"down": { "uv": [ 14, 6, 15, 10 ], "texture": "#particle" },
				"up": { "uv": [ 14, 6, 15, 10 ], "texture": "#particle" },
				"north": { "uv": [ 1, 9, 2, 11 ], "texture": "#particle" },
				"south": { "uv": [ 14, 9, 15, 11 ], "texture": "#particle" },
				"west": { "uv": [ 6, 9, 10, 11 ], "texture": "#particle" },
				"east": { "uv": [ 6, 9, 10, 11 ], "texture": "#particle" }
			}
		},
		{
			"__comment": "Box1",
			"from": [ 9, 5, 14 ],
			"to": [ 9.5, 6, 15 ],
			"faces": {
				"down": { "uv": [ 9, 1, 9.5, 2 ], "texture": "#particle" },
				"up": { "uv": [ 9, 14, 9.5, 15 ], "texture": "#particle" },
				"north": { "uv": [ 6.5, 10, 7, 11 ], "texture": "#particle" },
				"south": { "uv": [ 9, 10, 9.5, 11 ], "texture": "#particle" },
				"west": { "uv": [ 14, 10, 15, 11 ], "texture": "#particle" },
				"east": { "uv": [ 1, 10, 2, 11 ], "texture": "#particle" }
			}
		},
		{
			"__comment": "Box1",
			"from": [ 7.5, 5, 14 ],
			"to": [ 8.5, 6, 15 ],
			"faces": {
				"down": { "uv": [ 7.5, 1, 8.5, 2 ], "texture": "#particle" },
				"up": { "uv": [ 7.5, 14, 8.5, 15 ], "texture": "#particle" },
				"north": { "uv": [ 7.5, 10, 8.5, 11 ], "texture": "#particle" },
				"south": { "uv": [ 7.5, 10, 8.5, 11 ], "texture": "#particle" },
				"west": { "uv": [ 14, 10, 15, 11 ], "texture": "#particle" },
				"east": { "uv": [ 1, 10, 2, 11 ], "texture": "#particle" }
			}
		},
		{
			"__comment": "Box1",
			"from": [ 6.5, 5, 14 ],
			"to": [ 7.5, 6, 15 ],
			"faces": {
				"down": { "uv": [ 6.5, 1, 7.5, 2 ], "texture": "#texture1" },
				"up": { "uv": [ 6.5, 14, 7.5, 15 ], "texture": "#texture1" },
				"north": { "uv": [ 8.5, 10, 9.5, 11 ], "texture": "#texture1" },
				"south": { "uv": [ 6.5, 10, 7.5, 11 ], "texture": "#texture1" },
				"west": { "uv": [ 14, 10, 15, 11 ], "texture": "#texture1" },
				"east": { "uv": [ 1, 10, 2, 11 ], "texture": "#texture1" }
			}
		},
		{
			"__comment": "Box1",
			"from": [ 6, 5, 14 ],
			"to": [ 6.5, 6, 15 ],
			"faces": {
				"down": { "uv": [ 6, 1, 6.5, 2 ], "texture": "#particle" },
				"up": { "uv": [ 6, 14, 6.5, 15 ], "texture": "#particle" },
				"north": { "uv": [ 9.5, 10, 10, 11 ], "texture": "#particle" },
				"south": { "uv": [ 6, 10, 6.5, 11 ], "texture": "#particle" },
				"west": { "uv": [ 14, 10, 15, 11 ], "texture": "#particle" },
				"east": { "uv": [ 1, 10, 2, 11 ], "texture": "#particle" }
			}
		},
		{
			"__comment": "Box1",
			"from": [ 8.5, 5, 14 ],
			"to": [ 9, 6, 15 ],
			"faces": {
				"down": { "uv": [ 8.5, 1, 9, 2 ], "texture": "#texture" },
				"up": { "uv": [ 8.5, 14, 9, 15 ], "texture": "#texture" },
				"north": { "uv": [ 7, 10, 7.5, 11 ], "texture": "#texture" },
				"south": { "uv": [ 8.5, 10, 9, 11 ], "texture": "#texture" },
				"west": { "uv": [ 14, 10, 15, 11 ], "texture": "#texture" },
				"east": { "uv": [ 1, 10, 2, 11 ], "texture": "#texture" }
			}
		},
		{
			"__comment": "Box1",
			"from": [ 9.5, 5, 14 ],
			"to": [ 10, 6, 15 ],
			"faces": {
				"down": { "uv": [ 9.5, 1, 10, 2 ], "texture": "#texture" },
				"up": { "uv": [ 9.5, 14, 10, 15 ], "texture": "#texture" },
				"north": { "uv": [ 6, 10, 6.5, 11 ], "texture": "#texture" },
				"south": { "uv": [ 9.5, 10, 10, 11 ], "texture": "#texture" },
				"west": { "uv": [ 14, 10, 15, 11 ], "texture": "#texture" },
				"east": { "uv": [ 1, 10, 2, 11 ], "texture": "#texture" }
			}
		},
		{
			"__comment": "Box1",
			"from": [ 6, 6, 14 ],
			"to": [ 10, 7, 15 ],
			"faces": {
				"down": { "uv": [ 6, 1, 10, 2 ], "texture": "#texture" },
				"up": { "uv": [ 6, 14, 10, 15 ], "texture": "#texture" },
				"north": { "uv": [ 6, 9, 10, 10 ], "texture": "#texture" },
				"south": { "uv": [ 6, 9, 10, 10 ], "texture": "#texture" },
				"west": { "uv": [ 14, 9, 15, 10 ], "texture": "#texture" },
				"east": { "uv": [ 1, 9, 2, 10 ], "texture": "#texture" }
			}
		},
		{
			"__comment": "Box1",
			"from": [ 4.5, 5, 13 ],
			"to": [ 6, 6, 14 ],
			"faces": {
				"down": { "uv": [ 4.5, 2, 6, 3 ], "texture": "#texture" },
				"up": { "uv": [ 4.5, 13, 6, 14 ], "texture": "#texture" },
				"north": { "uv": [ 10, 10, 11.5, 11 ], "texture": "#texture" },
				"south": { "uv": [ 4.5, 10, 6, 11 ], "texture": "#texture" },
				"west": { "uv": [ 13, 10, 14, 11 ], "texture": "#texture" },
				"east": { "uv": [ 2, 10, 3, 11 ], "texture": "#texture" }
			}
		},
		{
			"__comment": "Box1",
			"from": [ 4, 5, 13 ],
			"to": [ 4.5, 6, 14 ],
			"faces": {
				"down": { "uv": [ 4, 2, 4.5, 3 ], "texture": "#particle" },
				"up": { "uv": [ 4, 13, 4.5, 14 ], "texture": "#particle" },
				"north": { "uv": [ 11.5, 10, 12, 11 ], "texture": "#particle" },
				"south": { "uv": [ 4, 10, 4.5, 11 ], "texture": "#particle" },
				"west": { "uv": [ 13, 10, 14, 11 ], "texture": "#particle" },
				"east": { "uv": [ 2, 10, 3, 11 ], "texture": "#particle" }
			}
		},
		{
			"__comment": "Box1",
			"from": [ 3.5, 5, 12 ],
			"to": [ 4, 6, 13 ],
			"faces": {
				"down": { "uv": [ 3.5, 3, 4, 4 ], "texture": "#particle" },
				"up": { "uv": [ 3.5, 12, 4, 13 ], "texture": "#particle" },
				"north": { "uv": [ 12, 10, 12.5, 11 ], "texture": "#particle" },
				"south": { "uv": [ 3.5, 10, 4, 11 ], "texture": "#particle" },
				"west": { "uv": [ 12, 10, 13, 11 ], "texture": "#particle" },
				"east": { "uv": [ 3, 10, 4, 11 ], "texture": "#particle" }
			}
		},
		{
			"__comment": "Box1",
			"from": [ 3, 5, 12 ],
			"to": [ 3.5, 6, 13 ],
			"faces": {
				"down": { "uv": [ 3, 3, 3.5, 4 ], "texture": "#texture" },
				"up": { "uv": [ 3, 12, 3.5, 13 ], "texture": "#texture" },
				"north": { "uv": [ 12.5, 10, 13, 11 ], "texture": "#texture" },
				"south": { "uv": [ 3, 10, 3.5, 11 ], "texture": "#texture" },
				"west": { "uv": [ 12, 10, 13, 11 ], "texture": "#texture" },
				"east": { "uv": [ 3, 10, 4, 11 ], "texture": "#texture" }
			}
		},
		{
			"__comment": "Box1",
			"from": [ 2, 5, 11 ],
			"to": [ 3, 6, 12 ],
			"faces": {
				"down": { "uv": [ 2, 4, 3, 5 ], "texture": "#particle" },
				"up": { "uv": [ 2, 11, 3, 12 ], "texture": "#particle" },
				"north": { "uv": [ 13, 10, 14, 11 ], "texture": "#particle" },
				"south": { "uv": [ 2, 10, 3, 11 ], "texture": "#particle" },
				"west": { "uv": [ 11, 10, 12, 11 ], "texture": "#particle" },
				"east": { "uv": [ 4, 10, 5, 11 ], "texture": "#particle" }
			}
		},
		{
			"__comment": "Box1",
			"from": [ 11, 5, 13 ],
			"to": [ 11.5, 7, 14 ],
			"faces": {
				"down": { "uv": [ 11, 2, 11.5, 3 ], "texture": "#texture" },
				"up": { "uv": [ 11, 13, 11.5, 14 ], "texture": "#texture" },
				"north": { "uv": [ 4.5, 9, 5, 11 ], "texture": "#texture" },
				"south": { "uv": [ 11, 9, 11.5, 11 ], "texture": "#texture" },
				"west": { "uv": [ 13, 9, 14, 11 ], "texture": "#texture" },
				"east": { "uv": [ 2, 9, 3, 11 ], "texture": "#texture" }
			}
		},
		{
			"__comment": "Box1",
			"from": [ 11.5, 5, 13 ],
			"to": [ 12, 7, 14 ],
			"faces": {
				"down": { "uv": [ 11.5, 2, 12, 3 ], "texture": "#particle" },
				"up": { "uv": [ 11.5, 13, 12, 14 ], "texture": "#particle" },
				"north": { "uv": [ 4, 9, 4.5, 11 ], "texture": "#particle" },
				"south": { "uv": [ 11.5, 9, 12, 11 ], "texture": "#particle" },
				"west": { "uv": [ 13, 9, 14, 11 ], "texture": "#particle" },
				"east": { "uv": [ 2, 9, 3, 11 ], "texture": "#particle" }
			}
		},
		{
			"__comment": "Box1",
			"from": [ 10, 5, 13 ],
			"to": [ 11, 7, 14 ],
			"faces": {
				"down": { "uv": [ 10, 2, 11, 3 ], "texture": "#particle" },
				"up": { "uv": [ 10, 13, 11, 14 ], "texture": "#particle" },
				"north": { "uv": [ 5, 9, 6, 11 ], "texture": "#particle" },
				"south": { "uv": [ 10, 9, 11, 11 ], "texture": "#particle" },
				"west": { "uv": [ 13, 9, 14, 11 ], "texture": "#particle" },
				"east": { "uv": [ 2, 9, 3, 11 ], "texture": "#particle" }
			}
		},
		{
			"__comment": "Box1",
			"from": [ 6, 7, 13 ],
			"to": [ 10, 9, 14 ],
			"faces": {
				"down": { "uv": [ 6, 2, 10, 3 ], "texture": "#texture" },
				"up": { "uv": [ 6, 13, 10, 14 ], "texture": "#texture" },
				"north": { "uv": [ 6, 7, 10, 9 ], "texture": "#texture" },
				"south": { "uv": [ 6, 7, 10, 9 ], "texture": "#texture" },
				"west": { "uv": [ 13, 7, 14, 9 ], "texture": "#texture" },
				"east": { "uv": [ 2, 7, 3, 9 ], "texture": "#texture" }
			}
		},
		{
			"__comment": "Box1",
			"from": [ 2, 5, 10 ],
			"to": [ 2.5, 6, 11 ],
			"faces": {
				"down": { "uv": [ 2, 5, 2.5, 6 ], "texture": "#texture" },
				"up": { "uv": [ 2, 10, 2.5, 11 ], "texture": "#texture" },
				"north": { "uv": [ 13.5, 10, 14, 11 ], "texture": "#texture" },
				"south": { "uv": [ 2, 10, 2.5, 11 ], "texture": "#texture" },
				"west": { "uv": [ 10, 10, 11, 11 ], "texture": "#texture" },
				"east": { "uv": [ 5, 10, 6, 11 ], "texture": "#texture" }
			}
		},
		{
			"__comment": "Box1",
			"from": [ 12, 5, 12 ],
			"to": [ 12.5, 7, 13 ],
			"faces": {
				"down": { "uv": [ 12, 3, 12.5, 4 ], "texture": "#particle" },
				"up": { "uv": [ 12, 12, 12.5, 13 ], "texture": "#particle" },
				"north": { "uv": [ 3.5, 9, 4, 11 ], "texture": "#particle" },
				"south": { "uv": [ 12, 9, 12.5, 11 ], "texture": "#particle" },
				"west": { "uv": [ 12, 9, 13, 11 ], "texture": "#particle" },
				"east": { "uv": [ 3, 9, 4, 11 ], "texture": "#particle" }
			}
		},
		{
			"__comment": "Box1",
			"from": [ 12.5, 5, 12 ],
			"to": [ 13, 7, 13 ],
			"faces": {
				"down": { "uv": [ 12.5, 3, 13, 4 ], "texture": "#texture" },
				"up": { "uv": [ 12.5, 12, 13, 13 ], "texture": "#texture" },
				"north": { "uv": [ 3, 9, 3.5, 11 ], "texture": "#texture" },
				"south": { "uv": [ 12.5, 9, 13, 11 ], "texture": "#texture" },
				"west": { "uv": [ 12, 9, 13, 11 ], "texture": "#texture" },
				"east": { "uv": [ 3, 9, 4, 11 ], "texture": "#texture" }
			}
		},
		{
			"__comment": "Box1",
			"from": [ 13, 5, 10 ],
			"to": [ 14, 7, 11 ],
			"faces": {
				"down": { "uv": [ 13, 5, 14, 6 ], "texture": "#texture" },
				"up": { "uv": [ 13, 10, 14, 11 ], "texture": "#texture" },
				"north": { "uv": [ 2, 9, 3, 11 ], "texture": "#texture" },
				"south": { "uv": [ 13, 9, 14, 11 ], "texture": "#texture" },
				"west": { "uv": [ 10, 9, 11, 11 ], "texture": "#texture" },
				"east": { "uv": [ 5, 9, 6, 11 ], "texture": "#texture" }
			}
		},
		{
			"__comment": "Box1",
			"from": [ 13, 5, 11 ],
			"to": [ 14, 7, 12 ],
			"faces": {
				"down": { "uv": [ 13, 4, 14, 5 ], "texture": "#particle" },
				"up": { "uv": [ 13, 11, 14, 12 ], "texture": "#particle" },
				"north": { "uv": [ 2, 9, 3, 11 ], "texture": "#particle" },
				"south": { "uv": [ 13, 9, 14, 11 ], "texture": "#particle" },
				"west": { "uv": [ 11, 9, 12, 11 ], "texture": "#particle" },
				"east": { "uv": [ 4, 9, 5, 11 ], "texture": "#particle" }
			}
		},
		{
			"__comment": "Box1",
			"from": [ 5.5, 11, 9 ],
			"to": [ 6.5, 12.5, 10 ],
			"faces": {
				"down": { "uv": [ 5.5, 6, 6.5, 7 ], "texture": "#texture" },
				"up": { "uv": [ 5.5, 9, 6.5, 10 ], "texture": "#texture" },
				"north": { "uv": [ 9.5, 3.5, 10.5, 5 ], "texture": "#texture" },
				"south": { "uv": [ 5.5, 3.5, 6.5, 5 ], "texture": "#texture" },
				"west": { "uv": [ 9, 3.5, 10, 5 ], "texture": "#texture" },
				"east": { "uv": [ 6, 3.5, 7, 5 ], "texture": "#texture" }
			}
		}
	],
	"display": {
		"thirdperson_righthand": {
			"rotation":  [ 0, -180, 0 ],
			"translation":  [ 0, 2.0869, 0 ],
			"scale":  [ 0.5, 0.5, 0.5 ]
		},
		"thirdperson_lefthand": {
			"rotation":  [ 0, -180, 0 ],
			"translation":  [ 0, 2.0869, 0 ],
			"scale":  [ 0.5, 0.5, 0.5 ]
		},
		"firstperson_righthand": {
			"rotation":  [ -14, 141, 0 ],
			"translation":  [ -2.086, 4.8695, 0 ],
			"scale":  [ 0.5, 0.5, 0.5 ]
		},
		"firstperson_lefthand": {
			"rotation":  [ -14, 141, 0 ],
			"translation":  [ -2.086, 4.8695, 0 ],
			"scale":  [ 0.5, 0.5, 0.5 ]
		},
		"gui": {
			"rotation":  [ 0, 163, 0 ]
		},
		"fixed": {
			"translation":  [ 0, 0, -2.782 ]
		}
	}
}
