{
	"__comment": "Designed by Mouskegamer with Cubik Studio - https://cubik.studio",
	"textures": {
		"particle": "block/blue_wool",
		"texture": "block/stone_slab_top",
		"texture1": "block/red_wool",
		"texture2": "block/black_wool",
		"texture3": "block/quartz_block_bottom",
		"texture4": "custom/glow_test",
		"texture5": "block/cyan_wool"
	},
	"elements": [ 	 
		{
			"__comment": "Box1",
			"from": [ 6, 19.5, 7 ],
			"to": [ 10, 20, 9 ],
			"faces": {
				"down": { "uv": [ 6, 7, 10, 9 ], "texture": "#texture1" },
				"up": { "uv": [ 6, 7, 10, 9 ], "texture": "#texture1" },
				"north": { "uv": [ 6, 12, 10, 12.5 ], "texture": "#texture1" },
				"south": { "uv": [ 6, 12, 10, 12.5 ], "texture": "#texture1" },
				"west": { "uv": [ 7, 12, 9, 12.5 ], "texture": "#texture1" },
				"east": { "uv": [ 7, 12, 9, 12.5 ], "texture": "#texture1" }
			}
		},
		{
			"__comment": "Box1",
			"from": [ 11, 18.5, 7 ],
			"to": [ 12, 19.5, 7.5 ],
			"faces": {
				"down": { "uv": [ 11, 8.5, 12, 9 ], "texture": "#texture" },
				"up": { "uv": [ 11, 7, 12, 7.5 ], "texture": "#texture" },
				"north": { "uv": [ 4, 12.5, 5, 13.5 ], "texture": "#texture" },
				"south": { "uv": [ 11, 12.5, 12, 13.5 ], "texture": "#texture" },
				"west": { "uv": [ 7, 12.5, 7.5, 13.5 ], "texture": "#texture" },
				"east": { "uv": [ 8.5, 12.5, 9, 13.5 ], "texture": "#texture" }
			}
		},
		{
			"__comment": "Box1",
			"from": [ 3, 17.5, 6 ],
			"to": [ 13, 18.5, 10 ],
			"faces": {
				"down": { "uv": [ 3, 6, 13, 10 ], "texture": "#texture1" },
				"up": { "uv": [ 3, 6, 13, 10 ], "texture": "#texture1" },
				"north": { "uv": [ 3, 13.5, 13, 14.5 ], "texture": "#texture1" },
				"south": { "uv": [ 3, 13.5, 13, 14.5 ], "texture": "#texture1" },
				"west": { "uv": [ 6, 13.5, 10, 14.5 ], "texture": "#texture1" },
				"east": { "uv": [ 6, 13.5, 10, 14.5 ], "texture": "#texture1" }
			}
		},
		{
			"__comment": "Box1",
			"from": [ 2, 15.5, 6 ],
			"to": [ 14, 17.5, 10 ],
			"faces": {
				"down": { "uv": [ 2, 6, 14, 10 ], "texture": "#texture1" },
				"up": { "uv": [ 2, 6, 14, 10 ], "texture": "#texture1" },
				"north": { "uv": [ 2, 0, 14, 0.5 ], "texture": "#texture1" },
				"south": { "uv": [ 2, 0, 14, 0.5 ], "texture": "#texture1" },
				"west": { "uv": [ 6, 0, 10, 0.5 ], "texture": "#texture1" },
				"east": { "uv": [ 6, 0, 10, 0.5 ], "texture": "#texture1" }
			}
		},
		{
			"__comment": "Box1",
			"from": [ 7, 19.5, 6 ],
			"to": [ 9, 20, 10 ],
			"faces": {
				"down": { "uv": [ 7, 6, 9, 10 ], "texture": "#texture1" },
				"up": { "uv": [ 7, 6, 9, 10 ], "texture": "#texture1" },
				"north": { "uv": [ 7, 12, 9, 12.5 ], "texture": "#texture1" },
				"south": { "uv": [ 7, 12, 9, 12.5 ], "texture": "#texture1" },
				"west": { "uv": [ 6, 12, 10, 12.5 ], "texture": "#texture1" },
				"east": { "uv": [ 6, 12, 10, 12.5 ], "texture": "#texture1" }
			}
		},
		{
			"__comment": "Box1",
			"from": [ 7, 18.5, 4 ],
			"to": [ 7.5, 19.5, 5 ],
			"faces": {
				"down": { "uv": [ 7, 11, 7.5, 12 ], "texture": "#texture" },
				"up": { "uv": [ 7, 4, 7.5, 5 ], "texture": "#texture" },
				"north": { "uv": [ 8.5, 12.5, 9, 13.5 ], "texture": "#texture" },
				"south": { "uv": [ 7, 12.5, 7.5, 13.5 ], "texture": "#texture" },
				"west": { "uv": [ 4, 12.5, 5, 13.5 ], "texture": "#texture" },
				"east": { "uv": [ 11, 12.5, 12, 13.5 ], "texture": "#texture" }
			}
		},
		{
			"__comment": "Box1",
			"from": [ 6, 12.5, 1 ],
			"to": [ 10, 13, 15 ],
			"faces": {
				"down": { "uv": [ 6, 1, 10, 15 ], "texture": "#texture" },
				"up": { "uv": [ 6, 1, 10, 15 ], "texture": "#texture" },
				"north": { "uv": [ 6, 3, 10, 3.5 ], "texture": "#texture" },
				"south": { "uv": [ 6, 3, 10, 3.5 ], "texture": "#texture" },
				"west": { "uv": [ 1, 3, 15, 3.5 ], "texture": "#texture" },
				"east": { "uv": [ 1, 3, 15, 3.5 ], "texture": "#texture" }
			}
		},
		{
			"__comment": "Box1",
			"from": [ 3, 12.5, 3 ],
			"to": [ 13, 13, 13 ],
			"faces": {
				"down": { "uv": [ 3, 3, 13, 13 ], "texture": "#texture" },
				"up": { "uv": [ 3, 3, 13, 13 ], "texture": "#texture" },
				"north": { "uv": [ 3, 3, 13, 3.5 ], "texture": "#texture" },
				"south": { "uv": [ 3, 3, 13, 3.5 ], "texture": "#texture" },
				"west": { "uv": [ 3, 3, 13, 3.5 ], "texture": "#texture" },
				"east": { "uv": [ 3, 3, 13, 3.5 ], "texture": "#texture" }
			}
		},
		{
			"__comment": "Box1",
			"from": [ 6, 13, 14 ],
			"to": [ 10, 13.5, 15 ],
			"faces": {
				"down": { "uv": [ 6, 1, 10, 2 ], "texture": "#texture1" },
				"up": { "uv": [ 6, 14, 10, 15 ], "texture": "#texture1" },
				"north": { "uv": [ 6, 2.5, 10, 3 ], "texture": "#texture1" },
				"south": { "uv": [ 6, 2.5, 10, 3 ], "texture": "#texture1" },
				"west": { "uv": [ 14, 2.5, 15, 3 ], "texture": "#texture1" },
				"east": { "uv": [ 1, 2.5, 2, 3 ], "texture": "#texture1" }
			}
		},
		{
			"__comment": "Box1",
			"from": [ 1, 12.5, 6 ],
			"to": [ 15, 13, 10 ],
			"faces": {
				"down": { "uv": [ 1, 6, 15, 10 ], "texture": "#texture" },
				"up": { "uv": [ 1, 6, 15, 10 ], "texture": "#texture" },
				"north": { "uv": [ 1, 3, 15, 3.5 ], "texture": "#texture" },
				"south": { "uv": [ 1, 3, 15, 3.5 ], "texture": "#texture" },
				"west": { "uv": [ 6, 3, 10, 3.5 ], "texture": "#texture" },
				"east": { "uv": [ 6, 3, 10, 3.5 ], "texture": "#texture" }
			}
		},
		{
			"__comment": "Box1",
			"from": [ 4, 13, 2 ],
			"to": [ 12, 13.5, 14 ],
			"faces": {
				"down": { "uv": [ 4, 2, 12, 14 ], "texture": "#texture1" },
				"up": { "uv": [ 4, 2, 12, 14 ], "texture": "#texture1" },
				"north": { "uv": [ 4, 2.5, 12, 3 ], "texture": "#texture1" },
				"south": { "uv": [ 4, 2.5, 12, 3 ], "texture": "#texture1" },
				"west": { "uv": [ 2, 2.5, 14, 3 ], "texture": "#texture1" },
				"east": { "uv": [ 2, 2.5, 14, 3 ], "texture": "#texture1" }
			}
		},
		{
			"__comment": "Box1",
			"from": [ 6, 13, 1 ],
			"to": [ 10, 13.5, 15 ],
			"faces": {
				"down": { "uv": [ 6, 1, 10, 15 ], "texture": "#texture1" },
				"up": { "uv": [ 6, 1, 10, 15 ], "texture": "#texture1" },
				"north": { "uv": [ 6, 2.5, 10, 3 ], "texture": "#texture1" },
				"south": { "uv": [ 6, 2.5, 10, 3 ], "texture": "#texture1" },
				"west": { "uv": [ 1, 2.5, 15, 3 ], "texture": "#texture1" },
				"east": { "uv": [ 1, 2.5, 15, 3 ], "texture": "#texture1" }
			}
		},
		{
			"__comment": "Box1",
			"from": [ 3, 13, 3 ],
			"to": [ 13, 13.5, 13 ],
			"faces": {
				"down": { "uv": [ 3, 3, 13, 13 ], "texture": "#texture1" },
				"up": { "uv": [ 3, 3, 13, 13 ], "texture": "#texture1" },
				"north": { "uv": [ 3, 2.5, 13, 3 ], "texture": "#texture1" },
				"south": { "uv": [ 3, 2.5, 13, 3 ], "texture": "#texture1" },
				"west": { "uv": [ 3, 2.5, 13, 3 ], "texture": "#texture1" },
				"east": { "uv": [ 3, 2.5, 13, 3 ], "texture": "#texture1" }
			}
		},
		{
			"__comment": "Box1",
			"from": [ 2, 13, 4 ],
			"to": [ 14, 13.5, 12 ],
			"faces": {
				"down": { "uv": [ 2, 4, 14, 12 ], "texture": "#texture1" },
				"up": { "uv": [ 2, 4, 14, 12 ], "texture": "#texture1" },
				"north": { "uv": [ 2, 2.5, 14, 3 ], "texture": "#texture1" },
				"south": { "uv": [ 2, 2.5, 14, 3 ], "texture": "#texture1" },
				"west": { "uv": [ 4, 2.5, 12, 3 ], "texture": "#texture1" },
				"east": { "uv": [ 4, 2.5, 12, 3 ], "texture": "#texture1" }
			}
		},
		{
			"__comment": "Box1",
			"from": [ 1, 13, 6 ],
			"to": [ 15, 13.5, 10 ],
			"faces": {
				"down": { "uv": [ 1, 6, 15, 10 ], "texture": "#texture1" },
				"up": { "uv": [ 1, 6, 15, 10 ], "texture": "#texture1" },
				"north": { "uv": [ 1, 2.5, 15, 3 ], "texture": "#texture1" },
				"south": { "uv": [ 1, 2.5, 15, 3 ], "texture": "#texture1" },
				"west": { "uv": [ 6, 2.5, 10, 3 ], "texture": "#texture1" },
				"east": { "uv": [ 6, 2.5, 10, 3 ], "texture": "#texture1" }
			}
		},
		{
			"__comment": "Box1",
			"from": [ 6.5, 13.5, 1 ],
			"to": [ 7.5, 14.5, 2 ],
			"faces": {
				"down": { "uv": [ 6.5, 14, 7.5, 15 ], "texture": "#texture4" },
				"up": { "uv": [ 6.5, 1, 7.5, 2 ], "texture": "#texture4" },
				"north": { "uv": [ 8.5, 1.5, 9.5, 2.5 ], "texture": "#texture4" },
				"south": { "uv": [ 6.5, 1.5, 7.5, 2.5 ], "texture": "#texture4" },
				"west": { "uv": [ 1, 1.5, 2, 2.5 ], "texture": "#texture4" },
				"east": { "uv": [ 14, 1.5, 15, 2.5 ], "texture": "#texture4" }
			}
		},
		{
			"__comment": "Box1",
			"from": [ 7.5, 13.5, 1 ],
			"to": [ 8.5, 14.5, 2 ],
			"faces": {
				"down": { "uv": [ 7.5, 14, 8.5, 15 ], "texture": "#texture" },
				"up": { "uv": [ 7.5, 1, 8.5, 2 ], "texture": "#texture" },
				"north": { "uv": [ 7.5, 1.5, 8.5, 2.5 ], "texture": "#texture" },
				"south": { "uv": [ 7.5, 1.5, 8.5, 2.5 ], "texture": "#texture" },
				"west": { "uv": [ 1, 1.5, 2, 2.5 ], "texture": "#texture" },
				"east": { "uv": [ 14, 1.5, 15, 2.5 ], "texture": "#texture" }
			}
		},
		{
			"__comment": "Box1",
			"from": [ 6, 13.5, 1 ],
			"to": [ 6.5, 14.5, 2 ],
			"faces": {
				"down": { "uv": [ 6, 14, 6.5, 15 ], "texture": "#texture" },
				"up": { "uv": [ 6, 1, 6.5, 2 ], "texture": "#texture" },
				"north": { "uv": [ 9.5, 1.5, 10, 2.5 ], "texture": "#texture" },
				"south": { "uv": [ 6, 1.5, 6.5, 2.5 ], "texture": "#texture" },
				"west": { "uv": [ 1, 1.5, 2, 2.5 ], "texture": "#texture" },
				"east": { "uv": [ 14, 1.5, 15, 2.5 ], "texture": "#texture" }
			}
		},
		{
			"__comment": "Box1",
			"from": [ 9, 13.5, 1 ],
			"to": [ 9.5, 14.5, 2 ],
			"faces": {
				"down": { "uv": [ 9, 14, 9.5, 15 ], "texture": "#texture" },
				"up": { "uv": [ 9, 1, 9.5, 2 ], "texture": "#texture" },
				"north": { "uv": [ 6.5, 1.5, 7, 2.5 ], "texture": "#texture" },
				"south": { "uv": [ 9, 1.5, 9.5, 2.5 ], "texture": "#texture" },
				"west": { "uv": [ 1, 1.5, 2, 2.5 ], "texture": "#texture" },
				"east": { "uv": [ 14, 1.5, 15, 2.5 ], "texture": "#texture" }
			}
		},
		{
			"__comment": "Box1",
			"from": [ 8.5, 13.5, 1 ],
			"to": [ 9, 14.5, 2 ],
			"faces": {
				"down": { "uv": [ 8.5, 14, 9, 15 ], "texture": "#texture1" },
				"up": { "uv": [ 8.5, 1, 9, 2 ], "texture": "#texture1" },
				"north": { "uv": [ 7, 1.5, 7.5, 2.5 ], "texture": "#texture1" },
				"south": { "uv": [ 8.5, 1.5, 9, 2.5 ], "texture": "#texture1" },
				"west": { "uv": [ 1, 1.5, 2, 2.5 ], "texture": "#texture1" },
				"east": { "uv": [ 14, 1.5, 15, 2.5 ], "texture": "#texture1" }
			}
		},
		{
			"__comment": "Box1",
			"from": [ 6, 14.5, 1 ],
			"to": [ 10, 15, 2 ],
			"faces": {
				"down": { "uv": [ 6, 14, 10, 15 ], "texture": "#texture1" },
				"up": { "uv": [ 6, 1, 10, 2 ], "texture": "#texture1" },
				"north": { "uv": [ 6, 1, 10, 1.5 ], "texture": "#texture1" },
				"south": { "uv": [ 6, 1, 10, 1.5 ], "texture": "#texture1" },
				"west": { "uv": [ 1, 1, 2, 1.5 ], "texture": "#texture1" },
				"east": { "uv": [ 14, 1, 15, 1.5 ], "texture": "#texture1" }
			}
		},
		{
			"__comment": "Box1",
			"from": [ 9.5, 13.5, 1 ],
			"to": [ 10, 14.5, 2 ],
			"faces": {
				"down": { "uv": [ 9.5, 14, 10, 15 ], "texture": "#texture1" },
				"up": { "uv": [ 9.5, 1, 10, 2 ], "texture": "#texture1" },
				"north": { "uv": [ 6, 1.5, 6.5, 2.5 ], "texture": "#texture1" },
				"south": { "uv": [ 9.5, 1.5, 10, 2.5 ], "texture": "#texture1" },
				"west": { "uv": [ 1, 1.5, 2, 2.5 ], "texture": "#texture1" },
				"east": { "uv": [ 14, 1.5, 15, 2.5 ], "texture": "#texture1" }
			}
		},
		{
			"__comment": "Box1",
			"from": [ 6.5, 15, 1 ],
			"to": [ 9, 15.5, 2 ],
			"faces": {
				"down": { "uv": [ 6.5, 14, 9, 15 ], "texture": "#texture" },
				"up": { "uv": [ 6.5, 1, 9, 2 ], "texture": "#texture" },
				"north": { "uv": [ 7, 0.5, 9.5, 1 ], "texture": "#texture" },
				"south": { "uv": [ 6.5, 0.5, 9, 1 ], "texture": "#texture" },
				"west": { "uv": [ 1, 0.5, 2, 1 ], "texture": "#texture" },
				"east": { "uv": [ 14, 0.5, 15, 1 ], "texture": "#texture" }
			}
		},
		{
			"__comment": "Box1",
			"from": [ 7, 16, 1.5 ],
			"to": [ 9, 17, 2.5 ],
			"faces": {
				"down": { "uv": [ 7, 13.5, 9, 14.5 ], "texture": "#texture2" },
				"up": { "uv": [ 7, 1.5, 9, 2.5 ], "texture": "#texture2" },
				"north": { "uv": [ 6, 12, 8, 13 ], "texture": "#texture2" },
				"south": { "uv": [ 7, 15, 9, 16 ], "texture": "#texture2" },
				"west": { "uv": [ 1.5, 15, 2.5, 16 ], "texture": "#texture2" },
				"east": { "uv": [ 13.5, 15, 14.5, 16 ], "texture": "#texture2" }
			}
		},
		{
			"__comment": "Box1",
			"from": [ 7.5, 15.5, 1.5 ],
			"to": [ 8.5, 17.5, 2.5 ],
			"faces": {
				"down": { "uv": [ 7, 13, 8, 15 ], "texture": "#texture2" },
				"up": { "uv": [ 7.5, 1.5, 8.5, 2.5 ], "texture": "#texture2" },
				"north": { "uv": [ 6.5, 12, 7.5, 13 ], "texture": "#texture2" },
				"south": { "uv": [ 7.5, 0, 8.5, 0.5 ], "texture": "#texture2" },
				"west": { "uv": [ 1.5, 0, 2.5, 0.5 ], "texture": "#texture2" },
				"east": { "uv": [ 13.5, 0, 14.5, 0.5 ], "texture": "#texture2" }
			}
		},
		{
			"__comment": "Box1",
			"from": [ 8.5, 15.5, 2 ],
			"to": [ 9.5, 16, 3 ],
			"faces": {
				"down": { "uv": [ 8.5, 13, 9.5, 14 ], "texture": "#texture" },
				"up": { "uv": [ 8.5, 2, 9.5, 3 ], "texture": "#texture" },
				"north": { "uv": [ 6.5, 0, 7.5, 0.5 ], "texture": "#texture" },
				"south": { "uv": [ 8.5, 0, 9.5, 0.5 ], "texture": "#texture" },
				"west": { "uv": [ 2, 0, 3, 0.5 ], "texture": "#texture" },
				"east": { "uv": [ 13, 0, 14, 0.5 ], "texture": "#texture" }
			}
		},
		{
			"__comment": "Box1",
			"from": [ 6.5, 15.5, 2 ],
			"to": [ 7.5, 16, 3 ],
			"faces": {
				"down": { "uv": [ 6.5, 13, 7.5, 14 ], "texture": "#texture" },
				"up": { "uv": [ 6.5, 2, 7.5, 3 ], "texture": "#texture" },
				"north": { "uv": [ 8.5, 0, 9.5, 0.5 ], "texture": "#texture" },
				"south": { "uv": [ 6.5, 0, 7.5, 0.5 ], "texture": "#texture" },
				"west": { "uv": [ 2, 0, 3, 0.5 ], "texture": "#texture" },
				"east": { "uv": [ 13, 0, 14, 0.5 ], "texture": "#texture" }
			}
		},
		{
			"__comment": "Box1",
			"from": [ 6.5, 16, 2 ],
			"to": [ 7, 17, 3 ],
			"faces": {
				"down": { "uv": [ 6.5, 13, 7, 14 ], "texture": "#texture" },
				"up": { "uv": [ 6.5, 2, 7, 3 ], "texture": "#texture" },
				"north": { "uv": [ 9, 15, 9.5, 16 ], "texture": "#texture" },
				"south": { "uv": [ 6.5, 15, 7, 16 ], "texture": "#texture" },
				"west": { "uv": [ 2, 15, 3, 16 ], "texture": "#texture" },
				"east": { "uv": [ 13, 15, 14, 16 ], "texture": "#texture" }
			}
		},
		{
			"__comment": "Box1",
			"from": [ 9, 16, 2 ],
			"to": [ 9.5, 17, 3 ],
			"faces": {
				"down": { "uv": [ 9, 13, 9.5, 14 ], "texture": "#texture" },
				"up": { "uv": [ 9, 2, 9.5, 3 ], "texture": "#texture" },
				"north": { "uv": [ 6.5, 15, 7, 16 ], "texture": "#texture" },
				"south": { "uv": [ 9, 15, 9.5, 16 ], "texture": "#texture" },
				"west": { "uv": [ 2, 15, 3, 16 ], "texture": "#texture" },
				"east": { "uv": [ 13, 15, 14, 16 ], "texture": "#texture" }
			}
		},
		{
			"__comment": "Box1",
			"from": [ 6.5, 17, 2 ],
			"to": [ 7.5, 17.5, 3 ],
			"faces": {
				"down": { "uv": [ 6.5, 13, 7.5, 14 ], "texture": "#texture" },
				"up": { "uv": [ 6.5, 2, 7.5, 3 ], "texture": "#texture" },
				"north": { "uv": [ 8.5, 14.5, 9.5, 15 ], "texture": "#texture" },
				"south": { "uv": [ 6.5, 14.5, 7.5, 15 ], "texture": "#texture" },
				"west": { "uv": [ 2, 14.5, 3, 15 ], "texture": "#texture" },
				"east": { "uv": [ 13, 14.5, 14, 15 ], "texture": "#texture" }
			}
		},
		{
			"__comment": "Box1",
			"from": [ 8.5, 17, 2 ],
			"to": [ 9.5, 17.5, 3 ],
			"faces": {
				"down": { "uv": [ 8.5, 13, 9.5, 14 ], "texture": "#texture" },
				"up": { "uv": [ 8.5, 2, 9.5, 3 ], "texture": "#texture" },
				"north": { "uv": [ 6.5, 14.5, 7.5, 15 ], "texture": "#texture" },
				"south": { "uv": [ 8.5, 14.5, 9.5, 15 ], "texture": "#texture" },
				"west": { "uv": [ 2, 14.5, 3, 15 ], "texture": "#texture" },
				"east": { "uv": [ 13, 14.5, 14, 15 ], "texture": "#texture" }
			}
		},
		{
			"__comment": "Box1",
			"from": [ 7, 17.5, 2.5 ],
			"to": [ 9, 18, 4 ],
			"faces": {
				"down": { "uv": [ 7, 12, 9, 13.5 ], "texture": "#texture" },
				"up": { "uv": [ 7, 2.5, 9, 4 ], "texture": "#texture" },
				"north": { "uv": [ 7, 14, 9, 14.5 ], "texture": "#texture" },
				"south": { "uv": [ 7, 14, 9, 14.5 ], "texture": "#texture" },
				"west": { "uv": [ 2.5, 14, 4, 14.5 ], "texture": "#texture" },
				"east": { "uv": [ 12, 14, 13.5, 14.5 ], "texture": "#texture" }
			}
		},
		{
			"__comment": "Box1",
			"from": [ 6, 18.5, 5 ],
			"to": [ 10, 19.5, 11 ],
			"faces": {
				"down": { "uv": [ 6, 5, 10, 11 ], "texture": "#texture" },
				"up": { "uv": [ 6, 5, 10, 11 ], "texture": "#texture" },
				"north": { "uv": [ 6, 12.5, 10, 13.5 ], "texture": "#texture" },
				"south": { "uv": [ 6, 12.5, 10, 13.5 ], "texture": "#texture" },
				"west": { "uv": [ 5, 12.5, 11, 13.5 ], "texture": "#texture" },
				"east": { "uv": [ 5, 12.5, 11, 13.5 ], "texture": "#texture" }
			}
		},
		{
			"__comment": "Box1",
			"from": [ 5, 18.5, 6 ],
			"to": [ 11, 19.5, 10 ],
			"faces": {
				"down": { "uv": [ 5, 6, 11, 10 ], "texture": "#texture" },
				"up": { "uv": [ 5, 6, 11, 10 ], "texture": "#texture" },
				"north": { "uv": [ 5, 12.5, 11, 13.5 ], "texture": "#texture" },
				"south": { "uv": [ 5, 12.5, 11, 13.5 ], "texture": "#texture" },
				"west": { "uv": [ 6, 12.5, 10, 13.5 ], "texture": "#texture" },
				"east": { "uv": [ 6, 12.5, 10, 13.5 ], "texture": "#texture" }
			}
		},
		{
			"__comment": "Box1",
			"from": [ 4.5, 13.5, 2 ],
			"to": [ 6, 14.5, 3 ],
			"faces": {
				"down": { "uv": [ 4.5, 13, 6, 14 ], "texture": "#texture1" },
				"up": { "uv": [ 4.5, 2, 6, 3 ], "texture": "#texture1" },
				"north": { "uv": [ 10, 1.5, 11.5, 2.5 ], "texture": "#texture1" },
				"south": { "uv": [ 4.5, 1.5, 6, 2.5 ], "texture": "#texture1" },
				"west": { "uv": [ 2, 1.5, 3, 2.5 ], "texture": "#texture1" },
				"east": { "uv": [ 13, 1.5, 14, 2.5 ], "texture": "#texture1" }
			}
		},
		{
			"__comment": "Box1",
			"from": [ 4, 13.5, 2 ],
			"to": [ 4.5, 14.5, 3 ],
			"faces": {
				"down": { "uv": [ 4, 13, 4.5, 14 ], "texture": "#texture" },
				"up": { "uv": [ 4, 2, 4.5, 3 ], "texture": "#texture" },
				"north": { "uv": [ 11.5, 1.5, 12, 2.5 ], "texture": "#texture" },
				"south": { "uv": [ 4, 1.5, 4.5, 2.5 ], "texture": "#texture" },
				"west": { "uv": [ 2, 1.5, 3, 2.5 ], "texture": "#texture" },
				"east": { "uv": [ 13, 1.5, 14, 2.5 ], "texture": "#texture" }
			}
		},
		{
			"__comment": "Box1",
			"from": [ 2, 13.5, 4 ],
			"to": [ 3, 14.5, 5 ],
			"faces": {
				"down": { "uv": [ 2, 11, 3, 12 ], "texture": "#texture" },
				"up": { "uv": [ 2, 4, 3, 5 ], "texture": "#texture" },
				"north": { "uv": [ 13, 1.5, 14, 2.5 ], "texture": "#texture" },
				"south": { "uv": [ 2, 1.5, 3, 2.5 ], "texture": "#texture" },
				"west": { "uv": [ 4, 1.5, 5, 2.5 ], "texture": "#texture" },
				"east": { "uv": [ 11, 1.5, 12, 2.5 ], "texture": "#texture" }
			}
		},
		{
			"__comment": "Box1",
			"from": [ 1, 13.5, 6 ],
			"to": [ 2, 14.5, 7 ],
			"faces": {
				"down": { "uv": [ 1, 9, 2, 10 ], "texture": "#texture" },
				"up": { "uv": [ 1, 6, 2, 7 ], "texture": "#texture" },
				"north": { "uv": [ 14, 1.5, 15, 2.5 ], "texture": "#texture" },
				"south": { "uv": [ 1, 1.5, 2, 2.5 ], "texture": "#texture" },
				"west": { "uv": [ 6, 1.5, 7, 2.5 ], "texture": "#texture" },
				"east": { "uv": [ 9, 1.5, 10, 2.5 ], "texture": "#texture" }
			}
		},
		{
			"__comment": "Box1",
			"from": [ 1, 13.5, 7.5 ],
			"to": [ 2, 14.5, 10 ],
			"faces": {
				"down": { "uv": [ 1, 6, 2, 8.5 ], "texture": "#texture" },
				"up": { "uv": [ 1, 7.5, 2, 10 ], "texture": "#texture" },
				"north": { "uv": [ 14, 1.5, 15, 2.5 ], "texture": "#texture" },
				"south": { "uv": [ 1, 1.5, 2, 2.5 ], "texture": "#texture" },
				"west": { "uv": [ 7.5, 1.5, 10, 2.5 ], "texture": "#texture" },
				"east": { "uv": [ 6, 1.5, 8.5, 2.5 ], "texture": "#texture" }
			}
		},
		{
			"__comment": "Box1",
			"from": [ 3, 13.5, 3 ],
			"to": [ 3.5, 14.5, 4 ],
			"faces": {
				"down": { "uv": [ 3, 12, 3.5, 13 ], "texture": "#texture1" },
				"up": { "uv": [ 3, 3, 3.5, 4 ], "texture": "#texture1" },
				"north": { "uv": [ 12.5, 1.5, 13, 2.5 ], "texture": "#texture1" },
				"south": { "uv": [ 3, 1.5, 3.5, 2.5 ], "texture": "#texture1" },
				"west": { "uv": [ 3, 1.5, 4, 2.5 ], "texture": "#texture1" },
				"east": { "uv": [ 12, 1.5, 13, 2.5 ], "texture": "#texture1" }
			}
		},
		{
			"__comment": "Box1",
			"from": [ 2, 13.5, 5 ],
			"to": [ 3, 14.5, 5.5 ],
			"faces": {
				"down": { "uv": [ 2, 10.5, 3, 11 ], "texture": "#texture1" },
				"up": { "uv": [ 2, 5, 3, 5.5 ], "texture": "#texture1" },
				"north": { "uv": [ 13, 1.5, 14, 2.5 ], "texture": "#texture1" },
				"south": { "uv": [ 2, 1.5, 3, 2.5 ], "texture": "#texture1" },
				"west": { "uv": [ 5, 1.5, 5.5, 2.5 ], "texture": "#texture1" },
				"east": { "uv": [ 10.5, 1.5, 11, 2.5 ], "texture": "#texture1" }
			}
		},
		{
			"__comment": "Box1",
			"from": [ 1, 13.5, 7 ],
			"to": [ 2, 14.5, 7.5 ],
			"faces": {
				"down": { "uv": [ 1, 8.5, 2, 9 ], "texture": "#texture1" },
				"up": { "uv": [ 1, 7, 2, 7.5 ], "texture": "#texture1" },
				"north": { "uv": [ 14, 1.5, 15, 2.5 ], "texture": "#texture1" },
				"south": { "uv": [ 1, 1.5, 2, 2.5 ], "texture": "#texture1" },
				"west": { "uv": [ 7, 1.5, 7.5, 2.5 ], "texture": "#texture1" },
				"east": { "uv": [ 8.5, 1.5, 9, 2.5 ], "texture": "#texture1" }
			}
		},
		{
			"__comment": "Box1",
			"from": [ 3.5, 13.5, 3 ],
			"to": [ 4, 14.5, 4 ],
			"faces": {
				"down": { "uv": [ 3.5, 12, 4, 13 ], "texture": "#texture" },
				"up": { "uv": [ 3.5, 3, 4, 4 ], "texture": "#texture" },
				"north": { "uv": [ 12, 1.5, 12.5, 2.5 ], "texture": "#texture" },
				"south": { "uv": [ 3.5, 1.5, 4, 2.5 ], "texture": "#texture" },
				"west": { "uv": [ 3, 1.5, 4, 2.5 ], "texture": "#texture" },
				"east": { "uv": [ 12, 1.5, 13, 2.5 ], "texture": "#texture" }
			}
		},
		{
			"__comment": "Box1",
			"from": [ 2, 13.5, 5.5 ],
			"to": [ 3, 14.5, 6.5 ],
			"faces": {
				"down": { "uv": [ 2, 9.5, 3, 10.5 ], "texture": "#texture" },
				"up": { "uv": [ 2, 5.5, 3, 6.5 ], "texture": "#texture" },
				"north": { "uv": [ 13, 1.5, 14, 2.5 ], "texture": "#texture" },
				"south": { "uv": [ 2, 1.5, 3, 2.5 ], "texture": "#texture" },
				"west": { "uv": [ 5.5, 1.5, 6.5, 2.5 ], "texture": "#texture" },
				"east": { "uv": [ 9.5, 1.5, 10.5, 2.5 ], "texture": "#texture" }
			}
		},
		{
			"__comment": "Box1",
			"from": [ 6, 15, 1 ],
			"to": [ 6.5, 15.5, 2 ],
			"faces": {
				"down": { "uv": [ 6, 14, 6.5, 15 ], "texture": "#texture1" },
				"up": { "uv": [ 6, 1, 6.5, 2 ], "texture": "#texture1" },
				"north": { "uv": [ 9.5, 0.5, 10, 1 ], "texture": "#texture1" },
				"south": { "uv": [ 6, 0.5, 6.5, 1 ], "texture": "#texture1" },
				"west": { "uv": [ 1, 0.5, 2, 1 ], "texture": "#texture1" },
				"east": { "uv": [ 14, 0.5, 15, 1 ], "texture": "#texture1" }
			}
		},
		{
			"__comment": "Box1",
			"from": [ 9, 15, 1 ],
			"to": [ 10, 15.5, 2 ],
			"faces": {
				"down": { "uv": [ 9, 14, 10, 15 ], "texture": "#texture1" },
				"up": { "uv": [ 9, 1, 10, 2 ], "texture": "#texture1" },
				"north": { "uv": [ 6, 0.5, 7, 1 ], "texture": "#texture1" },
				"south": { "uv": [ 9, 0.5, 10, 1 ], "texture": "#texture1" },
				"west": { "uv": [ 1, 0.5, 2, 1 ], "texture": "#texture1" },
				"east": { "uv": [ 14, 0.5, 15, 1 ], "texture": "#texture1" }
			}
		},
		{
			"__comment": "Box1",
			"from": [ 6, 17.5, 3 ],
			"to": [ 10, 18.5, 13 ],
			"faces": {
				"down": { "uv": [ 6, 3, 10, 13 ], "texture": "#texture1" },
				"up": { "uv": [ 6, 3, 10, 13 ], "texture": "#texture1" },
				"north": { "uv": [ 6, 13.5, 10, 14.5 ], "texture": "#texture1" },
				"south": { "uv": [ 6, 13.5, 10, 14.5 ], "texture": "#texture1" },
				"west": { "uv": [ 3, 13.5, 13, 14.5 ], "texture": "#texture1" },
				"east": { "uv": [ 3, 13.5, 13, 14.5 ], "texture": "#texture1" }
			}
		},
		{
			"__comment": "Box1",
			"from": [ 8.5, 18.5, 4 ],
			"to": [ 9, 19.5, 5 ],
			"faces": {
				"down": { "uv": [ 8.5, 11, 9, 12 ], "texture": "#texture" },
				"up": { "uv": [ 8.5, 4, 9, 5 ], "texture": "#texture" },
				"north": { "uv": [ 7, 12.5, 7.5, 13.5 ], "texture": "#texture" },
				"south": { "uv": [ 8.5, 12.5, 9, 13.5 ], "texture": "#texture" },
				"west": { "uv": [ 4, 12.5, 5, 13.5 ], "texture": "#texture" },
				"east": { "uv": [ 11, 12.5, 12, 13.5 ], "texture": "#texture" }
			}
		},
		{
			"__comment": "Box1",
			"from": [ 7.5, 18.5, 4 ],
			"to": [ 8.5, 19.5, 5 ],
			"faces": {
				"down": { "uv": [ 7.5, 11, 8.5, 12 ], "texture": "#texture1" },
				"up": { "uv": [ 7.5, 4, 8.5, 5 ], "texture": "#texture1" },
				"north": { "uv": [ 7.5, 12.5, 8.5, 13.5 ], "texture": "#texture1" },
				"south": { "uv": [ 7.5, 12.5, 8.5, 13.5 ], "texture": "#texture1" },
				"west": { "uv": [ 4, 12.5, 5, 13.5 ], "texture": "#texture1" },
				"east": { "uv": [ 11, 12.5, 12, 13.5 ], "texture": "#texture1" }
			}
		},
		{
			"__comment": "Box1",
			"from": [ 11, 18.5, 8.5 ],
			"to": [ 12, 19.5, 9 ],
			"faces": {
				"down": { "uv": [ 11, 7, 12, 7.5 ], "texture": "#texture" },
				"up": { "uv": [ 11, 8.5, 12, 9 ], "texture": "#texture" },
				"north": { "uv": [ 4, 12.5, 5, 13.5 ], "texture": "#texture" },
				"south": { "uv": [ 11, 12.5, 12, 13.5 ], "texture": "#texture" },
				"west": { "uv": [ 8.5, 12.5, 9, 13.5 ], "texture": "#texture" },
				"east": { "uv": [ 7, 12.5, 7.5, 13.5 ], "texture": "#texture" }
			}
		},
		{
			"__comment": "Box1",
			"from": [ 11, 18.5, 7.5 ],
			"to": [ 12, 19.5, 8.5 ],
			"faces": {
				"down": { "uv": [ 11, 7.5, 12, 8.5 ], "texture": "#texture1" },
				"up": { "uv": [ 11, 7.5, 12, 8.5 ], "texture": "#texture1" },
				"north": { "uv": [ 4, 12.5, 5, 13.5 ], "texture": "#texture1" },
				"south": { "uv": [ 11, 12.5, 12, 13.5 ], "texture": "#texture1" },
				"west": { "uv": [ 7.5, 12.5, 8.5, 13.5 ], "texture": "#texture1" },
				"east": { "uv": [ 7.5, 12.5, 8.5, 13.5 ], "texture": "#texture1" }
			}
		},
		{
			"__comment": "Box1",
			"from": [ 4, 18.5, 7 ],
			"to": [ 5, 19.5, 7.5 ],
			"faces": {
				"down": { "uv": [ 4, 8.5, 5, 9 ], "texture": "#texture" },
				"up": { "uv": [ 4, 7, 5, 7.5 ], "texture": "#texture" },
				"north": { "uv": [ 11, 12.5, 12, 13.5 ], "texture": "#texture" },
				"south": { "uv": [ 4, 12.5, 5, 13.5 ], "texture": "#texture" },
				"west": { "uv": [ 7, 12.5, 7.5, 13.5 ], "texture": "#texture" },
				"east": { "uv": [ 8.5, 12.5, 9, 13.5 ], "texture": "#texture" }
			}
		},
		{
			"__comment": "Box1",
			"from": [ 4, 18.5, 8.5 ],
			"to": [ 5, 19.5, 9 ],
			"faces": {
				"down": { "uv": [ 4, 7, 5, 7.5 ], "texture": "#texture" },
				"up": { "uv": [ 4, 8.5, 5, 9 ], "texture": "#texture" },
				"north": { "uv": [ 11, 12.5, 12, 13.5 ], "texture": "#texture" },
				"south": { "uv": [ 4, 12.5, 5, 13.5 ], "texture": "#texture" },
				"west": { "uv": [ 8.5, 12.5, 9, 13.5 ], "texture": "#texture" },
				"east": { "uv": [ 7, 12.5, 7.5, 13.5 ], "texture": "#texture" }
			}
		},
		{
			"__comment": "Box1",
			"from": [ 4, 18.5, 7.5 ],
			"to": [ 5, 19.5, 8.5 ],
			"faces": {
				"down": { "uv": [ 4, 7.5, 5, 8.5 ], "texture": "#texture1" },
				"up": { "uv": [ 4, 7.5, 5, 8.5 ], "texture": "#texture1" },
				"north": { "uv": [ 11, 12.5, 12, 13.5 ], "texture": "#texture1" },
				"south": { "uv": [ 4, 12.5, 5, 13.5 ], "texture": "#texture1" },
				"west": { "uv": [ 7.5, 12.5, 8.5, 13.5 ], "texture": "#texture1" },
				"east": { "uv": [ 7.5, 12.5, 8.5, 13.5 ], "texture": "#texture1" }
			}
		},
		{
			"__comment": "Box1",
			"from": [ 7, 18.5, 11 ],
			"to": [ 7.5, 19.5, 12 ],
			"faces": {
				"down": { "uv": [ 7, 4, 7.5, 5 ], "texture": "#texture" },
				"up": { "uv": [ 7, 11, 7.5, 12 ], "texture": "#texture" },
				"north": { "uv": [ 8.5, 12.5, 9, 13.5 ], "texture": "#texture" },
				"south": { "uv": [ 7, 12.5, 7.5, 13.5 ], "texture": "#texture" },
				"west": { "uv": [ 11, 12.5, 12, 13.5 ], "texture": "#texture" },
				"east": { "uv": [ 4, 12.5, 5, 13.5 ], "texture": "#texture" }
			}
		},
		{
			"__comment": "Box1",
			"from": [ 7.5, 18.5, 11 ],
			"to": [ 8.5, 19.5, 12 ],
			"faces": {
				"down": { "uv": [ 7.5, 4, 8.5, 5 ], "texture": "#texture1" },
				"up": { "uv": [ 7.5, 11, 8.5, 12 ], "texture": "#texture1" },
				"north": { "uv": [ 7.5, 12.5, 8.5, 13.5 ], "texture": "#texture1" },
				"south": { "uv": [ 7.5, 12.5, 8.5, 13.5 ], "texture": "#texture1" },
				"west": { "uv": [ 11, 12.5, 12, 13.5 ], "texture": "#texture1" },
				"east": { "uv": [ 4, 12.5, 5, 13.5 ], "texture": "#texture1" }
			}
		},
		{
			"__comment": "Box1",
			"from": [ 8.5, 18.5, 11 ],
			"to": [ 9, 19.5, 12 ],
			"faces": {
				"down": { "uv": [ 8.5, 4, 9, 5 ], "texture": "#texture" },
				"up": { "uv": [ 8.5, 11, 9, 12 ], "texture": "#texture" },
				"north": { "uv": [ 7, 12.5, 7.5, 13.5 ], "texture": "#texture" },
				"south": { "uv": [ 8.5, 12.5, 9, 13.5 ], "texture": "#texture" },
				"west": { "uv": [ 11, 12.5, 12, 13.5 ], "texture": "#texture" },
				"east": { "uv": [ 4, 12.5, 5, 13.5 ], "texture": "#texture" }
			}
		},
		{
			"__comment": "Box1",
			"from": [ 4, 17.5, 5 ],
			"to": [ 12, 18.5, 11 ],
			"faces": {
				"down": { "uv": [ 4, 5, 12, 11 ], "texture": "#texture1" },
				"up": { "uv": [ 4, 5, 12, 11 ], "texture": "#texture1" },
				"north": { "uv": [ 4, 13.5, 12, 14.5 ], "texture": "#texture1" },
				"south": { "uv": [ 4, 13.5, 12, 14.5 ], "texture": "#texture1" },
				"west": { "uv": [ 5, 13.5, 11, 14.5 ], "texture": "#texture1" },
				"east": { "uv": [ 5, 13.5, 11, 14.5 ], "texture": "#texture1" }
			}
		},
		{
			"__comment": "Box1",
			"from": [ 5, 17.5, 4 ],
			"to": [ 11, 18.5, 12 ],
			"faces": {
				"down": { "uv": [ 5, 4, 11, 12 ], "texture": "#texture1" },
				"up": { "uv": [ 5, 4, 11, 12 ], "texture": "#texture1" },
				"north": { "uv": [ 5, 13.5, 11, 14.5 ], "texture": "#texture1" },
				"south": { "uv": [ 5, 13.5, 11, 14.5 ], "texture": "#texture1" },
				"west": { "uv": [ 4, 13.5, 12, 14.5 ], "texture": "#texture1" },
				"east": { "uv": [ 4, 13.5, 12, 14.5 ], "texture": "#texture1" }
			}
		},
		{
			"__comment": "Box1",
			"from": [ 9.5, 15.5, 2 ],
			"to": [ 10, 17.5, 3 ],
			"faces": {
				"down": { "uv": [ 9.5, 13, 10, 14 ], "texture": "#texture1" },
				"up": { "uv": [ 9.5, 2, 10, 3 ], "texture": "#texture1" },
				"north": { "uv": [ 6, 0, 6.5, 0.5 ], "texture": "#texture1" },
				"south": { "uv": [ 9.5, 0, 10, 0.5 ], "texture": "#texture1" },
				"west": { "uv": [ 2, 0, 3, 0.5 ], "texture": "#texture1" },
				"east": { "uv": [ 13, 0, 14, 0.5 ], "texture": "#texture1" }
			}
		},
		{
			"__comment": "Box1",
			"from": [ 6, 15.5, 2 ],
			"to": [ 6.5, 17.5, 3 ],
			"faces": {
				"down": { "uv": [ 6, 13, 6.5, 14 ], "texture": "#texture1" },
				"up": { "uv": [ 6, 2, 6.5, 3 ], "texture": "#texture1" },
				"north": { "uv": [ 9.5, 0, 10, 0.5 ], "texture": "#texture1" },
				"south": { "uv": [ 6, 0, 6.5, 0.5 ], "texture": "#texture1" },
				"west": { "uv": [ 2, 0, 3, 0.5 ], "texture": "#texture1" },
				"east": { "uv": [ 13, 0, 14, 0.5 ], "texture": "#texture1" }
			}
		},
		{
			"__comment": "Box1",
			"from": [ 4, 14.5, 2 ],
			"to": [ 6, 15.5, 14 ],
			"faces": {
				"down": { "uv": [ 4, 2, 6, 14 ], "texture": "#texture1" },
				"up": { "uv": [ 4, 2, 6, 14 ], "texture": "#texture1" },
				"north": { "uv": [ 10, 0.5, 12, 1.5 ], "texture": "#texture1" },
				"south": { "uv": [ 4, 0.5, 6, 1.5 ], "texture": "#texture1" },
				"west": { "uv": [ 2, 0.5, 14, 1.5 ], "texture": "#texture1" },
				"east": { "uv": [ 2, 0.5, 14, 1.5 ], "texture": "#texture1" }
			}
		},
		{
			"__comment": "Box1",
			"from": [ 3, 14.5, 3 ],
			"to": [ 4, 15.5, 13 ],
			"faces": {
				"down": { "uv": [ 3, 3, 4, 13 ], "texture": "#texture1" },
				"up": { "uv": [ 3, 3, 4, 13 ], "texture": "#texture1" },
				"north": { "uv": [ 12, 0.5, 13, 1.5 ], "texture": "#texture1" },
				"south": { "uv": [ 3, 0.5, 4, 1.5 ], "texture": "#texture1" },
				"west": { "uv": [ 3, 0.5, 13, 1.5 ], "texture": "#texture1" },
				"east": { "uv": [ 3, 0.5, 13, 1.5 ], "texture": "#texture1" }
			}
		},
		{
			"__comment": "Box1",
			"from": [ 2, 14.5, 4 ],
			"to": [ 3, 15.5, 12 ],
			"faces": {
				"down": { "uv": [ 2, 4, 3, 12 ], "texture": "#texture1" },
				"up": { "uv": [ 2, 4, 3, 12 ], "texture": "#texture1" },
				"north": { "uv": [ 13, 0.5, 14, 1.5 ], "texture": "#texture1" },
				"south": { "uv": [ 2, 0.5, 3, 1.5 ], "texture": "#texture1" },
				"west": { "uv": [ 4, 0.5, 12, 1.5 ], "texture": "#texture1" },
				"east": { "uv": [ 4, 0.5, 12, 1.5 ], "texture": "#texture1" }
			}
		},
		{
			"__comment": "Box1",
			"from": [ 1, 14.5, 6 ],
			"to": [ 2, 15.5, 10 ],
			"faces": {
				"down": { "uv": [ 1, 6, 2, 10 ], "texture": "#texture1" },
				"up": { "uv": [ 1, 6, 2, 10 ], "texture": "#texture1" },
				"north": { "uv": [ 14, 0.5, 15, 1.5 ], "texture": "#texture1" },
				"south": { "uv": [ 1, 0.5, 2, 1.5 ], "texture": "#texture1" },
				"west": { "uv": [ 6, 0.5, 10, 1.5 ], "texture": "#texture1" },
				"east": { "uv": [ 6, 0.5, 10, 1.5 ], "texture": "#texture1" }
			}
		},
		{
			"__comment": "Box1",
			"from": [ 4, 15.5, 3 ],
			"to": [ 12, 17.5, 13 ],
			"faces": {
				"down": { "uv": [ 4, 3, 12, 13 ], "texture": "#texture1" },
				"up": { "uv": [ 4, 3, 12, 13 ], "texture": "#texture1" },
				"north": { "uv": [ 4, 0, 12, 0.5 ], "texture": "#texture1" },
				"south": { "uv": [ 4, 0, 12, 0.5 ], "texture": "#texture1" },
				"west": { "uv": [ 3, 0, 13, 0.5 ], "texture": "#texture1" },
				"east": { "uv": [ 3, 0, 13, 0.5 ], "texture": "#texture1" }
			}
		},
		{
			"__comment": "Box1",
			"from": [ 3, 15.5, 4 ],
			"to": [ 4, 17.5, 12 ],
			"faces": {
				"down": { "uv": [ 3, 4, 4, 12 ], "texture": "#texture1" },
				"up": { "uv": [ 3, 4, 4, 12 ], "texture": "#texture1" },
				"north": { "uv": [ 12, 0, 13, 0.5 ], "texture": "#texture1" },
				"south": { "uv": [ 3, 0, 4, 0.5 ], "texture": "#texture1" },
				"west": { "uv": [ 4, 0, 12, 0.5 ], "texture": "#texture1" },
				"east": { "uv": [ 4, 0, 12, 0.5 ], "texture": "#texture1" }
			}
		},
		{
			"__comment": "Box1",
			"from": [ 7, 20, 6 ],
			"to": [ 9, 20.5, 10 ],
			"faces": {
				"down": { "uv": [ 7, 6, 9, 10 ], "texture": "#texture" },
				"up": { "uv": [ 7, 6, 9, 10 ], "texture": "#texture" },
				"north": { "uv": [ 7, 11.5, 9, 12 ], "texture": "#texture" },
				"south": { "uv": [ 7, 11.5, 9, 12 ], "texture": "#texture" },
				"west": { "uv": [ 6, 11.5, 10, 12 ], "texture": "#texture" },
				"east": { "uv": [ 6, 11.5, 10, 12 ], "texture": "#texture" }
			}
		},
		{
			"__comment": "Box1",
			"from": [ 6, 20, 7 ],
			"to": [ 10, 20.5, 9 ],
			"faces": {
				"down": { "uv": [ 6, 7, 10, 9 ], "texture": "#texture" },
				"up": { "uv": [ 6, 7, 10, 9 ], "texture": "#texture" },
				"north": { "uv": [ 6, 11.5, 10, 12 ], "texture": "#texture" },
				"south": { "uv": [ 6, 11.5, 10, 12 ], "texture": "#texture" },
				"west": { "uv": [ 7, 11.5, 9, 12 ], "texture": "#texture" },
				"east": { "uv": [ 7, 11.5, 9, 12 ], "texture": "#texture" }
			}
		},
		{
			"__comment": "Box1",
			"from": [ 12, 15.5, 4 ],
			"to": [ 13, 17.5, 12 ],
			"faces": {
				"down": { "uv": [ 12, 4, 13, 12 ], "texture": "#texture1" },
				"up": { "uv": [ 12, 4, 13, 12 ], "texture": "#texture1" },
				"north": { "uv": [ 3, 0, 4, 0.5 ], "texture": "#texture1" },
				"south": { "uv": [ 12, 0, 13, 0.5 ], "texture": "#texture1" },
				"west": { "uv": [ 4, 0, 12, 0.5 ], "texture": "#texture1" },
				"east": { "uv": [ 4, 0, 12, 0.5 ], "texture": "#texture1" }
			}
		},
		{
			"__comment": "Box1",
			"from": [ 10, 14, 2 ],
			"to": [ 11, 14.5, 3 ],
			"faces": {
				"down": { "uv": [ 10, 13, 11, 14 ], "texture": "#texture5" },
				"up": { "uv": [ 10, 2, 11, 3 ], "texture": "#texture5" },
				"north": { "uv": [ 5, 1.5, 6, 2 ], "texture": "#texture5" },
				"south": { "uv": [ 10, 1.5, 11, 2 ], "texture": "#texture5" },
				"west": { "uv": [ 2, 1.5, 3, 2 ], "texture": "#texture5" },
				"east": { "uv": [ 13, 1.5, 14, 2 ], "texture": "#texture5" }
			}
		},
		{
			"__comment": "Box1",
			"from": [ 10, 15, 2 ],
			"to": [ 11, 15.5, 3 ],
			"faces": {
				"down": { "uv": [ 10, 13, 11, 14 ], "texture": "#texture5" },
				"up": { "uv": [ 10, 2, 11, 3 ], "texture": "#texture5" },
				"north": { "uv": [ 5, 0.5, 6, 1 ], "texture": "#texture5" },
				"south": { "uv": [ 10, 0.5, 11, 1 ], "texture": "#texture5" },
				"west": { "uv": [ 2, 0.5, 3, 1 ], "texture": "#texture5" },
				"east": { "uv": [ 13, 0.5, 14, 1 ], "texture": "#texture5" }
			}
		},
		{
			"__comment": "Box1",
			"from": [ 10, 13.5, 2 ],
			"to": [ 11, 14, 3 ],
			"faces": {
				"down": { "uv": [ 10, 13, 11, 14 ], "texture": "#texture" },
				"up": { "uv": [ 10, 2, 11, 3 ], "texture": "#texture" },
				"north": { "uv": [ 5, 2, 6, 2.5 ], "texture": "#texture" },
				"south": { "uv": [ 10, 2, 11, 2.5 ], "texture": "#texture" },
				"west": { "uv": [ 2, 2, 3, 2.5 ], "texture": "#texture" },
				"east": { "uv": [ 13, 2, 14, 2.5 ], "texture": "#texture" }
			}
		},
		{
			"__comment": "Box1",
			"from": [ 10, 14.5, 2 ],
			"to": [ 11, 15, 3 ],
			"faces": {
				"down": { "uv": [ 10, 13, 11, 14 ], "texture": "#texture" },
				"up": { "uv": [ 10, 2, 11, 3 ], "texture": "#texture" },
				"north": { "uv": [ 5, 1, 6, 1.5 ], "texture": "#texture" },
				"south": { "uv": [ 10, 1, 11, 1.5 ], "texture": "#texture" },
				"west": { "uv": [ 2, 1, 3, 1.5 ], "texture": "#texture" },
				"east": { "uv": [ 13, 1, 14, 1.5 ], "texture": "#texture" }
			}
		},
		{
			"__comment": "Box1",
			"from": [ 11.5, 13.5, 2 ],
			"to": [ 12, 15.5, 3 ],
			"faces": {
				"down": { "uv": [ 11.5, 13, 12, 14 ], "texture": "#texture" },
				"up": { "uv": [ 11.5, 2, 12, 3 ], "texture": "#texture" },
				"north": { "uv": [ 4, 0.5, 4.5, 2.5 ], "texture": "#texture" },
				"south": { "uv": [ 11.5, 0.5, 12, 2.5 ], "texture": "#texture" },
				"west": { "uv": [ 2, 0.5, 3, 2.5 ], "texture": "#texture" },
				"east": { "uv": [ 13, 0.5, 14, 2.5 ], "texture": "#texture" }
			}
		},
		{
			"__comment": "Box1",
			"from": [ 11, 13.5, 2 ],
			"to": [ 11.5, 15.5, 3 ],
			"faces": {
				"down": { "uv": [ 11, 13, 11.5, 14 ], "texture": "#texture1" },
				"up": { "uv": [ 11, 2, 11.5, 3 ], "texture": "#texture1" },
				"north": { "uv": [ 4.5, 0.5, 5, 2.5 ], "texture": "#texture1" },
				"south": { "uv": [ 11, 0.5, 11.5, 2.5 ], "texture": "#texture1" },
				"west": { "uv": [ 2, 0.5, 3, 2.5 ], "texture": "#texture1" },
				"east": { "uv": [ 13, 0.5, 14, 2.5 ], "texture": "#texture1" }
			}
		},
		{
			"__comment": "Box1",
			"from": [ 12.5, 13.5, 3 ],
			"to": [ 13, 15.5, 4 ],
			"faces": {
				"down": { "uv": [ 12.5, 12, 13, 13 ], "texture": "#texture1" },
				"up": { "uv": [ 12.5, 3, 13, 4 ], "texture": "#texture1" },
				"north": { "uv": [ 3, 0.5, 3.5, 2.5 ], "texture": "#texture1" },
				"south": { "uv": [ 12.5, 0.5, 13, 2.5 ], "texture": "#texture1" },
				"west": { "uv": [ 3, 0.5, 4, 2.5 ], "texture": "#texture1" },
				"east": { "uv": [ 12, 0.5, 13, 2.5 ], "texture": "#texture1" }
			}
		},
		{
			"__comment": "Box1",
			"from": [ 12, 13.5, 3 ],
			"to": [ 12.5, 15.5, 4 ],
			"faces": {
				"down": { "uv": [ 12, 12, 12.5, 13 ], "texture": "#texture" },
				"up": { "uv": [ 12, 3, 12.5, 4 ], "texture": "#texture" },
				"north": { "uv": [ 3.5, 0.5, 4, 2.5 ], "texture": "#texture" },
				"south": { "uv": [ 12, 0.5, 12.5, 2.5 ], "texture": "#texture" },
				"west": { "uv": [ 3, 0.5, 4, 2.5 ], "texture": "#texture" },
				"east": { "uv": [ 12, 0.5, 13, 2.5 ], "texture": "#texture" }
			}
		},
		{
			"__comment": "Box1",
			"from": [ 13, 13.5, 4 ],
			"to": [ 14, 15.5, 5 ],
			"faces": {
				"down": { "uv": [ 13, 11, 14, 12 ], "texture": "#texture" },
				"up": { "uv": [ 13, 4, 14, 5 ], "texture": "#texture" },
				"north": { "uv": [ 2, 0.5, 3, 2.5 ], "texture": "#texture" },
				"south": { "uv": [ 13, 0.5, 14, 2.5 ], "texture": "#texture" },
				"west": { "uv": [ 4, 0.5, 5, 2.5 ], "texture": "#texture" },
				"east": { "uv": [ 11, 0.5, 12, 2.5 ], "texture": "#texture" }
			}
		},
		{
			"__comment": "Box1",
			"from": [ 13, 13.5, 5 ],
			"to": [ 14, 15.5, 5.5 ],
			"faces": {
				"down": { "uv": [ 13, 10.5, 14, 11 ], "texture": "#texture1" },
				"up": { "uv": [ 13, 5, 14, 5.5 ], "texture": "#texture1" },
				"north": { "uv": [ 2, 0.5, 3, 2.5 ], "texture": "#texture1" },
				"south": { "uv": [ 13, 0.5, 14, 2.5 ], "texture": "#texture1" },
				"west": { "uv": [ 5, 0.5, 5.5, 2.5 ], "texture": "#texture1" },
				"east": { "uv": [ 10.5, 0.5, 11, 2.5 ], "texture": "#texture1" }
			}
		},
		{
			"__comment": "Box1",
			"from": [ 13, 13.5, 5.5 ],
			"to": [ 14, 15.5, 6 ],
			"faces": {
				"down": { "uv": [ 13, 10, 14, 10.5 ], "texture": "#texture" },
				"up": { "uv": [ 13, 5.5, 14, 6 ], "texture": "#texture" },
				"north": { "uv": [ 2, 0.5, 3, 2.5 ], "texture": "#texture" },
				"south": { "uv": [ 13, 0.5, 14, 2.5 ], "texture": "#texture" },
				"west": { "uv": [ 5.5, 0.5, 6, 2.5 ], "texture": "#texture" },
				"east": { "uv": [ 10, 0.5, 10.5, 2.5 ], "texture": "#texture" }
			}
		},
		{
			"__comment": "Box1",
			"from": [ 14, 13.5, 6 ],
			"to": [ 15, 15.5, 10 ],
			"faces": {
				"down": { "uv": [ 14, 6, 15, 10 ], "texture": "#texture" },
				"up": { "uv": [ 14, 6, 15, 10 ], "texture": "#texture" },
				"north": { "uv": [ 1, 0.5, 2, 2.5 ], "texture": "#texture" },
				"south": { "uv": [ 14, 0.5, 15, 2.5 ], "texture": "#texture" },
				"west": { "uv": [ 6, 0.5, 10, 2.5 ], "texture": "#texture" },
				"east": { "uv": [ 6, 0.5, 10, 2.5 ], "texture": "#texture" }
			}
		},
		{
			"__comment": "Box1",
			"from": [ 9, 13.5, 14 ],
			"to": [ 9.5, 14.5, 15 ],
			"faces": {
				"down": { "uv": [ 9, 1, 9.5, 2 ], "texture": "#texture" },
				"up": { "uv": [ 9, 14, 9.5, 15 ], "texture": "#texture" },
				"north": { "uv": [ 6.5, 1.5, 7, 2.5 ], "texture": "#texture" },
				"south": { "uv": [ 9, 1.5, 9.5, 2.5 ], "texture": "#texture" },
				"west": { "uv": [ 14, 1.5, 15, 2.5 ], "texture": "#texture" },
				"east": { "uv": [ 1, 1.5, 2, 2.5 ], "texture": "#texture" }
			}
		},
		{
			"__comment": "Box1",
			"from": [ 7.5, 13.5, 14 ],
			"to": [ 8.5, 14.5, 15 ],
			"faces": {
				"down": { "uv": [ 7.5, 1, 8.5, 2 ], "texture": "#texture" },
				"up": { "uv": [ 7.5, 14, 8.5, 15 ], "texture": "#texture" },
				"north": { "uv": [ 7.5, 1.5, 8.5, 2.5 ], "texture": "#texture" },
				"south": { "uv": [ 7.5, 1.5, 8.5, 2.5 ], "texture": "#texture" },
				"west": { "uv": [ 14, 1.5, 15, 2.5 ], "texture": "#texture" },
				"east": { "uv": [ 1, 1.5, 2, 2.5 ], "texture": "#texture" }
			}
		},
		{
			"__comment": "Box1",
			"from": [ 6.5, 13.5, 14 ],
			"to": [ 7.5, 14.5, 15 ],
			"faces": {
				"down": { "uv": [ 6.5, 1, 7.5, 2 ], "texture": "#texture1" },
				"up": { "uv": [ 6.5, 14, 7.5, 15 ], "texture": "#texture1" },
				"north": { "uv": [ 8.5, 1.5, 9.5, 2.5 ], "texture": "#texture1" },
				"south": { "uv": [ 6.5, 1.5, 7.5, 2.5 ], "texture": "#texture1" },
				"west": { "uv": [ 14, 1.5, 15, 2.5 ], "texture": "#texture1" },
				"east": { "uv": [ 1, 1.5, 2, 2.5 ], "texture": "#texture1" }
			}
		},
		{
			"__comment": "Box1",
			"from": [ 6, 13.5, 14 ],
			"to": [ 6.5, 14.5, 15 ],
			"faces": {
				"down": { "uv": [ 6, 1, 6.5, 2 ], "texture": "#texture" },
				"up": { "uv": [ 6, 14, 6.5, 15 ], "texture": "#texture" },
				"north": { "uv": [ 9.5, 1.5, 10, 2.5 ], "texture": "#texture" },
				"south": { "uv": [ 6, 1.5, 6.5, 2.5 ], "texture": "#texture" },
				"west": { "uv": [ 14, 1.5, 15, 2.5 ], "texture": "#texture" },
				"east": { "uv": [ 1, 1.5, 2, 2.5 ], "texture": "#texture" }
			}
		},
		{
			"__comment": "Box1",
			"from": [ 8.5, 13.5, 14 ],
			"to": [ 9, 14.5, 15 ],
			"faces": {
				"down": { "uv": [ 8.5, 1, 9, 2 ], "texture": "#texture" },
				"up": { "uv": [ 8.5, 14, 9, 15 ], "texture": "#texture" },
				"north": { "uv": [ 7, 1.5, 7.5, 2.5 ], "texture": "#texture" },
				"south": { "uv": [ 8.5, 1.5, 9, 2.5 ], "texture": "#texture" },
				"west": { "uv": [ 14, 1.5, 15, 2.5 ], "texture": "#texture" },
				"east": { "uv": [ 1, 1.5, 2, 2.5 ], "texture": "#texture" }
			}
		},
		{
			"__comment": "Box1",
			"from": [ 9.5, 13.5, 14 ],
			"to": [ 10, 14.5, 15 ],
			"faces": {
				"down": { "uv": [ 9.5, 1, 10, 2 ], "texture": "#texture1" },
				"up": { "uv": [ 9.5, 14, 10, 15 ], "texture": "#texture1" },
				"north": { "uv": [ 6, 1.5, 6.5, 2.5 ], "texture": "#texture1" },
				"south": { "uv": [ 9.5, 1.5, 10, 2.5 ], "texture": "#texture1" },
				"west": { "uv": [ 14, 1.5, 15, 2.5 ], "texture": "#texture1" },
				"east": { "uv": [ 1, 1.5, 2, 2.5 ], "texture": "#texture1" }
			}
		},
		{
			"__comment": "Box1",
			"from": [ 6, 14.5, 14 ],
			"to": [ 10, 15.5, 15 ],
			"faces": {
				"down": { "uv": [ 6, 1, 10, 2 ], "texture": "#texture1" },
				"up": { "uv": [ 6, 14, 10, 15 ], "texture": "#texture1" },
				"north": { "uv": [ 6, 0.5, 10, 1.5 ], "texture": "#texture1" },
				"south": { "uv": [ 6, 0.5, 10, 1.5 ], "texture": "#texture1" },
				"west": { "uv": [ 14, 0.5, 15, 1.5 ], "texture": "#texture1" },
				"east": { "uv": [ 1, 0.5, 2, 1.5 ], "texture": "#texture1" }
			}
		},
		{
			"__comment": "Box1",
			"from": [ 4.5, 13.5, 13 ],
			"to": [ 6, 14.5, 14 ],
			"faces": {
				"down": { "uv": [ 4.5, 2, 6, 3 ], "texture": "#texture1" },
				"up": { "uv": [ 4.5, 13, 6, 14 ], "texture": "#texture1" },
				"north": { "uv": [ 10, 1.5, 11.5, 2.5 ], "texture": "#texture1" },
				"south": { "uv": [ 4.5, 1.5, 6, 2.5 ], "texture": "#texture1" },
				"west": { "uv": [ 13, 1.5, 14, 2.5 ], "texture": "#texture1" },
				"east": { "uv": [ 2, 1.5, 3, 2.5 ], "texture": "#texture1" }
			}
		},
		{
			"__comment": "Box1",
			"from": [ 4, 13.5, 13 ],
			"to": [ 4.5, 14.5, 14 ],
			"faces": {
				"down": { "uv": [ 4, 2, 4.5, 3 ], "texture": "#texture" },
				"up": { "uv": [ 4, 13, 4.5, 14 ], "texture": "#texture" },
				"north": { "uv": [ 11.5, 1.5, 12, 2.5 ], "texture": "#texture" },
				"south": { "uv": [ 4, 1.5, 4.5, 2.5 ], "texture": "#texture" },
				"west": { "uv": [ 13, 1.5, 14, 2.5 ], "texture": "#texture" },
				"east": { "uv": [ 2, 1.5, 3, 2.5 ], "texture": "#texture" }
			}
		},
		{
			"__comment": "Box1",
			"from": [ 3.5, 13.5, 12 ],
			"to": [ 4, 14.5, 13 ],
			"faces": {
				"down": { "uv": [ 3.5, 3, 4, 4 ], "texture": "#texture" },
				"up": { "uv": [ 3.5, 12, 4, 13 ], "texture": "#texture" },
				"north": { "uv": [ 12, 1.5, 12.5, 2.5 ], "texture": "#texture" },
				"south": { "uv": [ 3.5, 1.5, 4, 2.5 ], "texture": "#texture" },
				"west": { "uv": [ 12, 1.5, 13, 2.5 ], "texture": "#texture" },
				"east": { "uv": [ 3, 1.5, 4, 2.5 ], "texture": "#texture" }
			}
		},
		{
			"__comment": "Box1",
			"from": [ 3, 13.5, 12 ],
			"to": [ 3.5, 14.5, 13 ],
			"faces": {
				"down": { "uv": [ 3, 3, 3.5, 4 ], "texture": "#texture1" },
				"up": { "uv": [ 3, 12, 3.5, 13 ], "texture": "#texture1" },
				"north": { "uv": [ 12.5, 1.5, 13, 2.5 ], "texture": "#texture1" },
				"south": { "uv": [ 3, 1.5, 3.5, 2.5 ], "texture": "#texture1" },
				"west": { "uv": [ 12, 1.5, 13, 2.5 ], "texture": "#texture1" },
				"east": { "uv": [ 3, 1.5, 4, 2.5 ], "texture": "#texture1" }
			}
		},
		{
			"__comment": "Box1",
			"from": [ 2, 13.5, 11 ],
			"to": [ 3, 14.5, 12 ],
			"faces": {
				"down": { "uv": [ 2, 4, 3, 5 ], "texture": "#texture" },
				"up": { "uv": [ 2, 11, 3, 12 ], "texture": "#texture" },
				"north": { "uv": [ 13, 1.5, 14, 2.5 ], "texture": "#texture" },
				"south": { "uv": [ 2, 1.5, 3, 2.5 ], "texture": "#texture" },
				"west": { "uv": [ 11, 1.5, 12, 2.5 ], "texture": "#texture" },
				"east": { "uv": [ 4, 1.5, 5, 2.5 ], "texture": "#texture" }
			}
		},
		{
			"__comment": "Box1",
			"from": [ 11, 13.5, 13 ],
			"to": [ 11.5, 15.5, 14 ],
			"faces": {
				"down": { "uv": [ 11, 2, 11.5, 3 ], "texture": "#texture1" },
				"up": { "uv": [ 11, 13, 11.5, 14 ], "texture": "#texture1" },
				"north": { "uv": [ 4.5, 0.5, 5, 2.5 ], "texture": "#texture1" },
				"south": { "uv": [ 11, 0.5, 11.5, 2.5 ], "texture": "#texture1" },
				"west": { "uv": [ 13, 0.5, 14, 2.5 ], "texture": "#texture1" },
				"east": { "uv": [ 2, 0.5, 3, 2.5 ], "texture": "#texture1" }
			}
		},
		{
			"__comment": "Box1",
			"from": [ 11.5, 13.5, 13 ],
			"to": [ 12, 15.5, 14 ],
			"faces": {
				"down": { "uv": [ 11.5, 2, 12, 3 ], "texture": "#texture" },
				"up": { "uv": [ 11.5, 13, 12, 14 ], "texture": "#texture" },
				"north": { "uv": [ 4, 0.5, 4.5, 2.5 ], "texture": "#texture" },
				"south": { "uv": [ 11.5, 0.5, 12, 2.5 ], "texture": "#texture" },
				"west": { "uv": [ 13, 0.5, 14, 2.5 ], "texture": "#texture" },
				"east": { "uv": [ 2, 0.5, 3, 2.5 ], "texture": "#texture" }
			}
		},
		{
			"__comment": "Box1",
			"from": [ 10, 13.5, 13 ],
			"to": [ 11, 15.5, 14 ],
			"faces": {
				"down": { "uv": [ 10, 2, 11, 3 ], "texture": "#texture" },
				"up": { "uv": [ 10, 13, 11, 14 ], "texture": "#texture" },
				"north": { "uv": [ 5, 0.5, 6, 2.5 ], "texture": "#texture" },
				"south": { "uv": [ 10, 0.5, 11, 2.5 ], "texture": "#texture" },
				"west": { "uv": [ 13, 0.5, 14, 2.5 ], "texture": "#texture" },
				"east": { "uv": [ 2, 0.5, 3, 2.5 ], "texture": "#texture" }
			}
		},
		{
			"__comment": "Box1",
			"from": [ 6, 15.5, 13 ],
			"to": [ 10, 17.5, 14 ],
			"faces": {
				"down": { "uv": [ 6, 2, 10, 3 ], "texture": "#texture1" },
				"up": { "uv": [ 6, 13, 10, 14 ], "texture": "#texture1" },
				"north": { "uv": [ 6, 0, 10, 0.5 ], "texture": "#texture1" },
				"south": { "uv": [ 6, 0, 10, 0.5 ], "texture": "#texture1" },
				"west": { "uv": [ 13, 0, 14, 0.5 ], "texture": "#texture1" },
				"east": { "uv": [ 2, 0, 3, 0.5 ], "texture": "#texture1" }
			}
		},
		{
			"__comment": "Box1",
			"from": [ 2, 13.5, 10 ],
			"to": [ 2.5, 14.5, 11 ],
			"faces": {
				"down": { "uv": [ 2, 5, 2.5, 6 ], "texture": "#texture1" },
				"up": { "uv": [ 2, 10, 2.5, 11 ], "texture": "#texture1" },
				"north": { "uv": [ 13.5, 1.5, 14, 2.5 ], "texture": "#texture1" },
				"south": { "uv": [ 2, 1.5, 2.5, 2.5 ], "texture": "#texture1" },
				"west": { "uv": [ 10, 1.5, 11, 2.5 ], "texture": "#texture1" },
				"east": { "uv": [ 5, 1.5, 6, 2.5 ], "texture": "#texture1" }
			}
		},
		{
			"__comment": "Box1",
			"from": [ 12, 13.5, 12 ],
			"to": [ 12.5, 15.5, 13 ],
			"faces": {
				"down": { "uv": [ 12, 3, 12.5, 4 ], "texture": "#texture" },
				"up": { "uv": [ 12, 12, 12.5, 13 ], "texture": "#texture" },
				"north": { "uv": [ 3.5, 0.5, 4, 2.5 ], "texture": "#texture" },
				"south": { "uv": [ 12, 0.5, 12.5, 2.5 ], "texture": "#texture" },
				"west": { "uv": [ 12, 0.5, 13, 2.5 ], "texture": "#texture" },
				"east": { "uv": [ 3, 0.5, 4, 2.5 ], "texture": "#texture" }
			}
		},
		{
			"__comment": "Box1",
			"from": [ 12.5, 13.5, 12 ],
			"to": [ 13, 15.5, 13 ],
			"faces": {
				"down": { "uv": [ 12.5, 3, 13, 4 ], "texture": "#texture1" },
				"up": { "uv": [ 12.5, 12, 13, 13 ], "texture": "#texture1" },
				"north": { "uv": [ 3, 0.5, 3.5, 2.5 ], "texture": "#texture1" },
				"south": { "uv": [ 12.5, 0.5, 13, 2.5 ], "texture": "#texture1" },
				"west": { "uv": [ 12, 0.5, 13, 2.5 ], "texture": "#texture1" },
				"east": { "uv": [ 3, 0.5, 4, 2.5 ], "texture": "#texture1" }
			}
		},
		{
			"__comment": "Box1",
			"from": [ 13, 13.5, 10 ],
			"to": [ 14, 15.5, 11 ],
			"faces": {
				"down": { "uv": [ 13, 5, 14, 6 ], "texture": "#texture1" },
				"up": { "uv": [ 13, 10, 14, 11 ], "texture": "#texture1" },
				"north": { "uv": [ 2, 0.5, 3, 2.5 ], "texture": "#texture1" },
				"south": { "uv": [ 13, 0.5, 14, 2.5 ], "texture": "#texture1" },
				"west": { "uv": [ 10, 0.5, 11, 2.5 ], "texture": "#texture1" },
				"east": { "uv": [ 5, 0.5, 6, 2.5 ], "texture": "#texture1" }
			}
		},
		{
			"__comment": "Box1",
			"from": [ 13, 13.5, 11 ],
			"to": [ 14, 15.5, 12 ],
			"faces": {
				"down": { "uv": [ 13, 4, 14, 5 ], "texture": "#texture" },
				"up": { "uv": [ 13, 11, 14, 12 ], "texture": "#texture" },
				"north": { "uv": [ 2, 0.5, 3, 2.5 ], "texture": "#texture" },
				"south": { "uv": [ 13, 0.5, 14, 2.5 ], "texture": "#texture" },
				"west": { "uv": [ 11, 0.5, 12, 2.5 ], "texture": "#texture" },
				"east": { "uv": [ 4, 0.5, 5, 2.5 ], "texture": "#texture" }
			}
		},
		{
			"__comment": "Box1",
			"from": [ 5.5, 19.5, 9 ],
			"to": [ 6.5, 21, 10 ],
			"faces": {
				"down": { "uv": [ 5.5, 6, 6.5, 7 ], "texture": "#texture" },
				"up": { "uv": [ 5.5, 9, 6.5, 10 ], "texture": "#texture" },
				"north": { "uv": [ 9.5, 11, 10.5, 12.5 ], "texture": "#texture" },
				"south": { "uv": [ 5.5, 11, 6.5, 12.5 ], "texture": "#texture" },
				"west": { "uv": [ 9, 11, 10, 12.5 ], "texture": "#texture" },
				"east": { "uv": [ 6, 11, 7, 12.5 ], "texture": "#texture" }
			}
		},
		{
			"__comment": "Box1",
			"from": [ 4, 12.5, 2 ],
			"to": [ 12, 13, 14 ],
			"faces": {
				"down": { "uv": [ 4, 2, 12, 14 ], "texture": "#texture" },
				"up": { "uv": [ 4, 2, 12, 14 ], "texture": "#texture" },
				"north": { "uv": [ 4, 3, 12, 3.5 ], "texture": "#texture" },
				"south": { "uv": [ 4, 3, 12, 3.5 ], "texture": "#texture" },
				"west": { "uv": [ 2, 3, 14, 3.5 ], "texture": "#texture" },
				"east": { "uv": [ 2, 3, 14, 3.5 ], "texture": "#texture" }
			}
		},
		{
			"__comment": "Box1",
			"from": [ 2, 12.5, 4 ],
			"to": [ 14, 13, 12 ],
			"faces": {
				"down": { "uv": [ 2, 4, 14, 12 ], "texture": "#texture" },
				"up": { "uv": [ 2, 4, 14, 12 ], "texture": "#texture" },
				"north": { "uv": [ 2, 3, 14, 3.5 ], "texture": "#texture" },
				"south": { "uv": [ 2, 3, 14, 3.5 ], "texture": "#texture" },
				"west": { "uv": [ 4, 3, 12, 3.5 ], "texture": "#texture" },
				"east": { "uv": [ 4, 3, 12, 3.5 ], "texture": "#texture" }
			}
		}
	],
	"display": {
		"thirdperson_righthand": {
			"rotation":  [ 90, 11, 0 ],
			"translation":  [ 0, 2.0868, 0 ],
			"scale":  [ 0.3, 0.3, 0.3 ]
		},
		"thirdperson_lefthand": {
			"rotation":  [ 90, 11, 0 ],
			"translation":  [ 0, 2.0868, 0 ],
			"scale":  [ 0.3, 0.3, 0.3 ]
		},
		"firstperson_righthand": {
			"rotation":  [ 0, 141, 0 ],
			"translation":  [ -2.086, 1, 0 ],
			"scale":  [ 0.5, 0.5, 0.5 ]
		},
		"firstperson_lefthand": {
			"rotation":  [ 0, 141, 0 ],
			"translation":  [ -2.086, 1, 0 ],
			"scale":  [ 0.5, 0.5, 0.5 ]
		},
		"gui": {
			"rotation":  [ 0, 163, 0 ],
			"translation":  [ 0, -8, 0 ]
		},
		"head": {
			"rotation":  [ 0, 2, 0 ],
			"translation":  [ 0, -26.42, 0 ],
			"scale":  [ 1.2, 1.2, 1.2 ]
		},
		"ground": {
			"translation":  [ 0, -6, 0 ]
		},
		"fixed": {
			"translation":  [ 0, -8, -2.782 ]
		}
	}
}
