{
	"__comment": "Designed by Mouskegamer with Cubik Studio - https://cubik.studio",
	"textures": {
		"particle": "block/blue_wool",
		"texture": "block/stone_slab_top",
		"texture2": "block/black_wool",
		"texture3": "block/quartz_block_bottom",
		"texture1": "block/blue_wool"
	},
	"elements": [ 	 
		{
			"__comment": "Box1",
			"from": [ 1, 11.5, 6 ],
			"to": [ 15, 12.5, 10 ],
			"faces": {
				"down": { "uv": [ 1, 6, 15, 10 ], "texture": "#texture" },
				"up": { "uv": [ 1, 6, 15, 10 ], "texture": "#texture" },
				"north": { "uv": [ 1, 3.5, 15, 4.5 ], "texture": "#texture" },
				"south": { "uv": [ 1, 3.5, 15, 4.5 ], "texture": "#texture" },
				"west": { "uv": [ 6, 3.5, 10, 4.5 ], "texture": "#texture" },
				"east": { "uv": [ 6, 3.5, 10, 4.5 ], "texture": "#texture" }
			}
		},
		{
			"__comment": "Box1",
			"from": [ 2, 11.5, 4 ],
			"to": [ 14, 12.5, 12 ],
			"faces": {
				"down": { "uv": [ 2, 4, 14, 12 ], "texture": "#texture" },
				"up": { "uv": [ 2, 4, 14, 12 ], "texture": "#texture" },
				"north": { "uv": [ 2, 3.5, 14, 4.5 ], "texture": "#texture" },
				"south": { "uv": [ 2, 3.5, 14, 4.5 ], "texture": "#texture" },
				"west": { "uv": [ 4, 3.5, 12, 4.5 ], "texture": "#texture" },
				"east": { "uv": [ 4, 3.5, 12, 4.5 ], "texture": "#texture" }
			}
		},
		{
			"__comment": "Box1",
			"from": [ 3, 11.5, 3 ],
			"to": [ 13, 12.5, 13 ],
			"faces": {
				"down": { "uv": [ 3, 3, 13, 13 ], "texture": "#texture" },
				"up": { "uv": [ 3, 3, 13, 13 ], "texture": "#texture" },
				"north": { "uv": [ 3, 3.5, 13, 4.5 ], "texture": "#texture" },
				"south": { "uv": [ 3, 3.5, 13, 4.5 ], "texture": "#texture" },
				"west": { "uv": [ 3, 3.5, 13, 4.5 ], "texture": "#texture" },
				"east": { "uv": [ 3, 3.5, 13, 4.5 ], "texture": "#texture" }
			}
		},
		{
			"__comment": "Box1",
			"from": [ 4, 11.5, 2 ],
			"to": [ 12, 12.5, 14 ],
			"faces": {
				"down": { "uv": [ 4, 2, 12, 14 ], "texture": "#texture" },
				"up": { "uv": [ 4, 2, 12, 14 ], "texture": "#texture" },
				"north": { "uv": [ 4, 3.5, 12, 4.5 ], "texture": "#texture" },
				"south": { "uv": [ 4, 3.5, 12, 4.5 ], "texture": "#texture" },
				"west": { "uv": [ 2, 3.5, 14, 4.5 ], "texture": "#texture" },
				"east": { "uv": [ 2, 3.5, 14, 4.5 ], "texture": "#texture" }
			}
		},
		{
			"__comment": "Box1",
			"from": [ 6, 11.5, 1 ],
			"to": [ 10, 12.5, 15 ],
			"faces": {
				"down": { "uv": [ 6, 1, 10, 15 ], "texture": "#texture" },
				"up": { "uv": [ 6, 1, 10, 15 ], "texture": "#texture" },
				"north": { "uv": [ 6, 3.5, 10, 4.5 ], "texture": "#texture" },
				"south": { "uv": [ 6, 3.5, 10, 4.5 ], "texture": "#texture" },
				"west": { "uv": [ 1, 3.5, 15, 4.5 ], "texture": "#texture" },
				"east": { "uv": [ 1, 3.5, 15, 4.5 ], "texture": "#texture" }
			}
		},
		{
			"__comment": "Box1",
			"from": [ 6, -2.5, 1 ],
			"to": [ 10, -2, 15 ],
			"faces": {
				"down": { "uv": [ 6, 1, 10, 15 ], "texture": "#texture3" },
				"up": { "uv": [ 6, 1, 10, 15 ], "texture": "#texture3" },
				"north": { "uv": [ 6, 2, 10, 2.5 ], "texture": "#texture3" },
				"south": { "uv": [ 6, 2, 10, 2.5 ], "texture": "#texture3" },
				"west": { "uv": [ 1, 2, 15, 2.5 ], "texture": "#texture3" },
				"east": { "uv": [ 1, 2, 15, 2.5 ], "texture": "#texture3" }
			}
		},
		{
			"__comment": "Box1",
			"from": [ 4, -2.5, 2 ],
			"to": [ 9.5, 9, 14 ],
			"faces": {
				"down": { "uv": [ 4, 2, 9.5, 14 ], "texture": "#texture3" },
				"up": { "uv": [ 4, 2, 9.5, 14 ], "texture": "#texture3" },
				"north": { "uv": [ 6.5, 7, 12, 16 ], "texture": "#texture3" },
				"south": { "uv": [ 4, 7, 9.5, 16 ], "texture": "#texture3" },
				"west": { "uv": [ 2, 7, 14, 16 ], "texture": "#texture3" },
				"east": { "uv": [ 2, 7, 14, 16 ], "texture": "#texture3" }
			}
		},
		{
			"__comment": "Box1",
			"from": [ 3, -2.5, 3 ],
			"to": [ 13, -1.5, 13 ],
			"faces": {
				"down": { "uv": [ 3, 3, 13, 13 ], "texture": "#texture3" },
				"up": { "uv": [ 3, 3, 13, 13 ], "texture": "#texture3" },
				"north": { "uv": [ 3, 1.5, 13, 2.5 ], "texture": "#texture3" },
				"south": { "uv": [ 3, 1.5, 13, 2.5 ], "texture": "#texture3" },
				"west": { "uv": [ 3, 1.5, 13, 2.5 ], "texture": "#texture3" },
				"east": { "uv": [ 3, 1.5, 13, 2.5 ], "texture": "#texture3" }
			}
		},
		{
			"__comment": "Box1",
			"from": [ 2, -0.5, 4 ],
			"to": [ 14, 9.5, 12 ],
			"faces": {
				"down": { "uv": [ 2, 4, 14, 12 ], "texture": "#particle" },
				"up": { "uv": [ 2, 4, 14, 12 ], "texture": "#particle" },
				"north": { "uv": [ 2, 6.5, 14, 16 ], "texture": "#particle" },
				"south": { "uv": [ 2, 6.5, 14, 16 ], "texture": "#particle" },
				"west": { "uv": [ 4, 6.5, 12, 16 ], "texture": "#particle" },
				"east": { "uv": [ 4, 6.5, 12, 16 ], "texture": "#particle" }
			}
		},
		{
			"__comment": "Box1",
			"from": [ 1, -2.5, 6 ],
			"to": [ 15, 11.5, 10 ],
			"faces": {
				"down": { "uv": [ 1, 6, 15, 10 ], "texture": "#texture" },
				"up": { "uv": [ 1, 6, 15, 10 ], "texture": "#texture" },
				"north": { "uv": [ 1, 4.5, 15, 16 ], "texture": "#texture" },
				"south": { "uv": [ 1, 4.5, 15, 16 ], "texture": "#texture" },
				"west": { "uv": [ 6, 4.5, 10, 16 ], "texture": "#texture" },
				"east": { "uv": [ 6, 4.5, 10, 16 ], "texture": "#texture" }
			}
		},
		{
			"__comment": "Box1",
			"from": [ 6, 11, 1 ],
			"to": [ 10, 11.5, 12 ],
			"faces": {
				"down": { "uv": [ 6, 4, 10, 15 ], "texture": "#texture1" },
				"up": { "uv": [ 6, 1, 10, 12 ], "texture": "#texture1" },
				"north": { "uv": [ 6, 4.5, 10, 5 ], "texture": "#texture1" },
				"south": { "uv": [ 6, 4.5, 10, 5 ], "texture": "#texture1" },
				"west": { "uv": [ 1, 4.5, 12, 5 ], "texture": "#texture1" },
				"east": { "uv": [ 4, 4.5, 15, 5 ], "texture": "#texture1" }
			}
		},
		{
			"__comment": "Box1",
			"from": [ 4, 11, 2 ],
			"to": [ 12, 11.5, 11 ],
			"faces": {
				"down": { "uv": [ 4, 5, 12, 14 ], "texture": "#texture1" },
				"up": { "uv": [ 4, 2, 12, 11 ], "texture": "#texture1" },
				"north": { "uv": [ 4, 4.5, 12, 5 ], "texture": "#texture1" },
				"south": { "uv": [ 4, 4.5, 12, 5 ], "texture": "#texture1" },
				"west": { "uv": [ 2, 4.5, 11, 5 ], "texture": "#texture1" },
				"east": { "uv": [ 5, 4.5, 14, 5 ], "texture": "#texture1" }
			}
		},
		{
			"__comment": "Box1",
			"from": [ 4, 10, 2 ],
			"to": [ 12, 10.5, 11 ],
			"faces": {
				"down": { "uv": [ 4, 5, 12, 14 ], "texture": "#particle" },
				"up": { "uv": [ 4, 2, 12, 11 ], "texture": "#particle" },
				"north": { "uv": [ 4, 5.5, 12, 6 ], "texture": "#particle" },
				"south": { "uv": [ 4, 5.5, 12, 6 ], "texture": "#particle" },
				"west": { "uv": [ 2, 5.5, 11, 6 ], "texture": "#particle" },
				"east": { "uv": [ 5, 5.5, 14, 6 ], "texture": "#particle" }
			}
		},
		{
			"__comment": "Box1",
			"from": [ 6, 10, 1 ],
			"to": [ 10, 10.5, 12 ],
			"faces": {
				"down": { "uv": [ 6, 4, 10, 15 ], "texture": "#particle" },
				"up": { "uv": [ 6, 1, 10, 12 ], "texture": "#particle" },
				"north": { "uv": [ 6, 5.5, 10, 6 ], "texture": "#particle" },
				"south": { "uv": [ 6, 5.5, 10, 6 ], "texture": "#particle" },
				"west": { "uv": [ 1, 5.5, 12, 6 ], "texture": "#particle" },
				"east": { "uv": [ 4, 5.5, 15, 6 ], "texture": "#particle" }
			}
		},
		{
			"__comment": "Box1",
			"from": [ 4, 9, 2 ],
			"to": [ 12, 9.5, 11 ],
			"faces": {
				"down": { "uv": [ 4, 5, 12, 14 ], "texture": "#particle" },
				"up": { "uv": [ 4, 2, 12, 11 ], "texture": "#particle" },
				"north": { "uv": [ 4, 6.5, 12, 7 ], "texture": "#particle" },
				"south": { "uv": [ 4, 6.5, 12, 7 ], "texture": "#particle" },
				"west": { "uv": [ 2, 6.5, 11, 7 ], "texture": "#particle" },
				"east": { "uv": [ 5, 6.5, 14, 7 ], "texture": "#particle" }
			}
		},
		{
			"__comment": "Box1",
			"from": [ 6, 9, 1 ],
			"to": [ 10, 9.5, 12 ],
			"faces": {
				"down": { "uv": [ 6, 4, 10, 15 ], "texture": "#particle" },
				"up": { "uv": [ 6, 1, 10, 12 ], "texture": "#particle" },
				"north": { "uv": [ 6, 6.5, 10, 7 ], "texture": "#particle" },
				"south": { "uv": [ 6, 6.5, 10, 7 ], "texture": "#particle" },
				"west": { "uv": [ 1, 6.5, 12, 7 ], "texture": "#particle" },
				"east": { "uv": [ 4, 6.5, 15, 7 ], "texture": "#particle" }
			}
		},
		{
			"__comment": "Box1",
			"from": [ 4, 9.5, 2 ],
			"to": [ 12, 10, 12 ],
			"faces": {
				"down": { "uv": [ 4, 4, 12, 14 ], "texture": "#texture3" },
				"up": { "uv": [ 4, 2, 12, 12 ], "texture": "#texture3" },
				"north": { "uv": [ 4, 6, 12, 6.5 ], "texture": "#texture3" },
				"south": { "uv": [ 4, 6, 12, 6.5 ], "texture": "#texture3" },
				"west": { "uv": [ 2, 6, 12, 6.5 ], "texture": "#texture3" },
				"east": { "uv": [ 4, 6, 14, 6.5 ], "texture": "#texture3" }
			}
		},
		{
			"__comment": "Box1",
			"from": [ 6, 9.5, 1 ],
			"to": [ 10, 10, 13 ],
			"faces": {
				"down": { "uv": [ 6, 3, 10, 15 ], "texture": "#texture3" },
				"up": { "uv": [ 6, 1, 10, 13 ], "texture": "#texture3" },
				"north": { "uv": [ 6, 6, 10, 6.5 ], "texture": "#texture3" },
				"south": { "uv": [ 6, 6, 10, 6.5 ], "texture": "#texture3" },
				"west": { "uv": [ 1, 6, 13, 6.5 ], "texture": "#texture3" },
				"east": { "uv": [ 3, 6, 15, 6.5 ], "texture": "#texture3" }
			}
		},
		{
			"__comment": "Box1",
			"from": [ 4, 10.5, 2 ],
			"to": [ 12, 11, 12 ],
			"faces": {
				"down": { "uv": [ 4, 4, 12, 14 ], "texture": "#texture3" },
				"up": { "uv": [ 4, 2, 12, 12 ], "texture": "#texture3" },
				"north": { "uv": [ 4, 5, 12, 5.5 ], "texture": "#texture3" },
				"south": { "uv": [ 4, 5, 12, 5.5 ], "texture": "#texture3" },
				"west": { "uv": [ 2, 5, 12, 5.5 ], "texture": "#texture3" },
				"east": { "uv": [ 4, 5, 14, 5.5 ], "texture": "#texture3" }
			}
		},
		{
			"__comment": "Box1",
			"from": [ 6, 10.5, 1 ],
			"to": [ 10, 11, 13 ],
			"faces": {
				"down": { "uv": [ 6, 3, 10, 15 ], "texture": "#texture3" },
				"up": { "uv": [ 6, 1, 10, 13 ], "texture": "#texture3" },
				"north": { "uv": [ 6, 5, 10, 5.5 ], "texture": "#texture3" },
				"south": { "uv": [ 6, 5, 10, 5.5 ], "texture": "#texture3" },
				"west": { "uv": [ 1, 5, 13, 5.5 ], "texture": "#texture3" },
				"east": { "uv": [ 3, 5, 15, 5.5 ], "texture": "#texture3" }
			}
		},
		{
			"__comment": "Box1",
			"from": [ 6, 8, 1 ],
			"to": [ 10, 8.5, 12 ],
			"faces": {
				"down": { "uv": [ 6, 4, 10, 15 ], "texture": "#texture1" },
				"up": { "uv": [ 6, 1, 10, 12 ], "texture": "#texture1" },
				"north": { "uv": [ 6, 7.5, 10, 8 ], "texture": "#texture1" },
				"south": { "uv": [ 6, 7.5, 10, 8 ], "texture": "#texture1" },
				"west": { "uv": [ 1, 7.5, 12, 8 ], "texture": "#texture1" },
				"east": { "uv": [ 4, 7.5, 15, 8 ], "texture": "#texture1" }
			}
		},
		{
			"__comment": "Box1",
			"from": [ 6, 4.5, 1 ],
			"to": [ 7, 6, 12 ],
			"faces": {
				"down": { "uv": [ 6, 4, 7, 15 ], "texture": "#texture1" },
				"up": { "uv": [ 6, 1, 7, 12 ], "texture": "#texture1" },
				"north": { "uv": [ 9, 10, 10, 11.5 ], "texture": "#texture1" },
				"south": { "uv": [ 6, 10, 7, 11.5 ], "texture": "#texture1" },
				"west": { "uv": [ 1, 10, 12, 11.5 ], "texture": "#texture1" },
				"east": { "uv": [ 4, 10, 15, 11.5 ], "texture": "#texture1" }
			}
		},
		{
			"__comment": "Box1",
			"from": [ 6, 2, 1 ],
			"to": [ 10, 2.5, 12 ],
			"faces": {
				"down": { "uv": [ 6, 4, 10, 15 ], "texture": "#texture1" },
				"up": { "uv": [ 6, 1, 10, 12 ], "texture": "#texture1" },
				"north": { "uv": [ 6, 13.5, 10, 14 ], "texture": "#texture1" },
				"south": { "uv": [ 6, 13.5, 10, 14 ], "texture": "#texture1" },
				"west": { "uv": [ 1, 13.5, 12, 14 ], "texture": "#texture1" },
				"east": { "uv": [ 4, 13.5, 15, 14 ], "texture": "#texture1" }
			}
		},
		{
			"__comment": "Box1",
			"from": [ 9.5, 2.5, 1 ],
			"to": [ 10, 8, 12 ],
			"faces": {
				"down": { "uv": [ 9.5, 4, 10, 15 ], "texture": "#texture1" },
				"up": { "uv": [ 9.5, 1, 10, 12 ], "texture": "#texture1" },
				"north": { "uv": [ 6, 8, 6.5, 13.5 ], "texture": "#texture1" },
				"south": { "uv": [ 9.5, 8, 10, 13.5 ], "texture": "#texture1" },
				"west": { "uv": [ 1, 8, 12, 13.5 ], "texture": "#texture1" },
				"east": { "uv": [ 4, 8, 15, 13.5 ], "texture": "#texture1" }
			}
		},
		{
			"__comment": "Box1",
			"from": [ 6, 2.5, 1 ],
			"to": [ 6.5, 8, 12 ],
			"faces": {
				"down": { "uv": [ 6, 4, 6.5, 15 ], "texture": "#texture1" },
				"up": { "uv": [ 6, 1, 6.5, 12 ], "texture": "#texture1" },
				"north": { "uv": [ 9.5, 8, 10, 13.5 ], "texture": "#texture1" },
				"south": { "uv": [ 6, 8, 6.5, 13.5 ], "texture": "#texture1" },
				"west": { "uv": [ 1, 8, 12, 13.5 ], "texture": "#texture1" },
				"east": { "uv": [ 4, 8, 15, 13.5 ], "texture": "#texture1" }
			}
		},
		{
			"__comment": "Box1",
			"from": [ 6.5, 3, 1 ],
			"to": [ 9.5, 4.5, 12 ],
			"faces": {
				"down": { "uv": [ 6.5, 4, 9.5, 15 ], "texture": "#texture" },
				"up": { "uv": [ 6.5, 1, 9.5, 12 ], "texture": "#texture" },
				"north": { "uv": [ 6.5, 11.5, 9.5, 13 ], "texture": "#texture" },
				"south": { "uv": [ 6.5, 11.5, 9.5, 13 ], "texture": "#texture" },
				"west": { "uv": [ 1, 11.5, 12, 13 ], "texture": "#texture" },
				"east": { "uv": [ 4, 11.5, 15, 13 ], "texture": "#texture" }
			}
		},
		{
			"__comment": "Box1",
			"from": [ 6.5, 6, 1 ],
			"to": [ 9.5, 7.5, 12 ],
			"faces": {
				"down": { "uv": [ 6.5, 4, 9.5, 15 ], "texture": "#texture" },
				"up": { "uv": [ 6.5, 1, 9.5, 12 ], "texture": "#texture" },
				"north": { "uv": [ 6.5, 8.5, 9.5, 10 ], "texture": "#texture" },
				"south": { "uv": [ 6.5, 8.5, 9.5, 10 ], "texture": "#texture" },
				"west": { "uv": [ 1, 8.5, 12, 10 ], "texture": "#texture" },
				"east": { "uv": [ 4, 8.5, 15, 10 ], "texture": "#texture" }
			}
		},
		{
			"__comment": "Box1",
			"from": [ 9, 4.5, 1 ],
			"to": [ 10, 6, 12 ],
			"faces": {
				"down": { "uv": [ 9, 4, 10, 15 ], "texture": "#texture1" },
				"up": { "uv": [ 9, 1, 10, 12 ], "texture": "#texture1" },
				"north": { "uv": [ 6, 10, 7, 11.5 ], "texture": "#texture1" },
				"south": { "uv": [ 9, 10, 10, 11.5 ], "texture": "#texture1" },
				"west": { "uv": [ 1, 10, 12, 11.5 ], "texture": "#texture1" },
				"east": { "uv": [ 4, 10, 15, 11.5 ], "texture": "#texture1" }
			}
		},
		{
			"__comment": "Box1",
			"from": [ 7, 5, 1 ],
			"to": [ 9, 5.5, 12 ],
			"faces": {
				"down": { "uv": [ 7, 4, 9, 15 ], "texture": "#texture1" },
				"up": { "uv": [ 7, 1, 9, 12 ], "texture": "#texture1" },
				"north": { "uv": [ 7, 10.5, 9, 11 ], "texture": "#texture1" },
				"south": { "uv": [ 7, 10.5, 9, 11 ], "texture": "#texture1" },
				"west": { "uv": [ 1, 10.5, 12, 11 ], "texture": "#texture1" },
				"east": { "uv": [ 4, 10.5, 15, 11 ], "texture": "#texture1" }
			}
		},
		{
			"__comment": "Box1",
			"from": [ 9, 7.5, 1 ],
			"to": [ 10, 8.5, 12 ],
			"faces": {
				"down": { "uv": [ 9, 4, 10, 15 ], "texture": "#texture1" },
				"up": { "uv": [ 9, 1, 10, 12 ], "texture": "#texture1" },
				"north": { "uv": [ 6, 7.5, 7, 8.5 ], "texture": "#texture1" },
				"south": { "uv": [ 9, 7.5, 10, 8.5 ], "texture": "#texture1" },
				"west": { "uv": [ 1, 7.5, 12, 8.5 ], "texture": "#texture1" },
				"east": { "uv": [ 4, 7.5, 15, 8.5 ], "texture": "#texture1" }
			}
		},
		{
			"__comment": "Box1",
			"from": [ 6, 7.5, 1 ],
			"to": [ 7, 8.5, 12 ],
			"faces": {
				"down": { "uv": [ 6, 4, 7, 15 ], "texture": "#texture1" },
				"up": { "uv": [ 6, 1, 7, 12 ], "texture": "#texture1" },
				"north": { "uv": [ 9, 7.5, 10, 8.5 ], "texture": "#texture1" },
				"south": { "uv": [ 6, 7.5, 7, 8.5 ], "texture": "#texture1" },
				"west": { "uv": [ 1, 7.5, 12, 8.5 ], "texture": "#texture1" },
				"east": { "uv": [ 4, 7.5, 15, 8.5 ], "texture": "#texture1" }
			}
		},
		{
			"__comment": "Box1",
			"from": [ 6, 2, 1 ],
			"to": [ 7, 3, 12 ],
			"faces": {
				"down": { "uv": [ 6, 4, 7, 15 ], "texture": "#texture1" },
				"up": { "uv": [ 6, 1, 7, 12 ], "texture": "#texture1" },
				"north": { "uv": [ 9, 13, 10, 14 ], "texture": "#texture1" },
				"south": { "uv": [ 6, 13, 7, 14 ], "texture": "#texture1" },
				"west": { "uv": [ 1, 13, 12, 14 ], "texture": "#texture1" },
				"east": { "uv": [ 4, 13, 15, 14 ], "texture": "#texture1" }
			}
		},
		{
			"__comment": "Box1",
			"from": [ 9, 2, 1 ],
			"to": [ 10, 3, 12 ],
			"faces": {
				"down": { "uv": [ 9, 4, 10, 15 ], "texture": "#texture1" },
				"up": { "uv": [ 9, 1, 10, 12 ], "texture": "#texture1" },
				"north": { "uv": [ 6, 13, 7, 14 ], "texture": "#texture1" },
				"south": { "uv": [ 9, 13, 10, 14 ], "texture": "#texture1" },
				"west": { "uv": [ 1, 13, 12, 14 ], "texture": "#texture1" },
				"east": { "uv": [ 4, 13, 15, 14 ], "texture": "#texture1" }
			}
		},
		{
			"__comment": "Box1",
			"from": [ 7, 2.5, 1 ],
			"to": [ 9, 5, 12 ],
			"faces": {
				"down": { "uv": [ 7, 4, 9, 15 ], "texture": "#texture" },
				"up": { "uv": [ 7, 1, 9, 12 ], "texture": "#texture" },
				"north": { "uv": [ 7, 11, 9, 13.5 ], "texture": "#texture" },
				"south": { "uv": [ 7, 11, 9, 13.5 ], "texture": "#texture" },
				"west": { "uv": [ 1, 11, 12, 13.5 ], "texture": "#texture" },
				"east": { "uv": [ 4, 11, 15, 13.5 ], "texture": "#texture" }
			}
		},
		{
			"__comment": "Box1",
			"from": [ 7, 5.5, 1 ],
			"to": [ 9, 8, 12 ],
			"faces": {
				"down": { "uv": [ 7, 4, 9, 15 ], "texture": "#texture" },
				"up": { "uv": [ 7, 1, 9, 12 ], "texture": "#texture" },
				"north": { "uv": [ 7, 8, 9, 10.5 ], "texture": "#texture" },
				"south": { "uv": [ 7, 8, 9, 10.5 ], "texture": "#texture" },
				"west": { "uv": [ 1, 8, 12, 10.5 ], "texture": "#texture" },
				"east": { "uv": [ 4, 8, 15, 10.5 ], "texture": "#texture" }
			}
		},
		{
			"__comment": "Box1",
			"from": [ 6.5, 0.5, 1 ],
			"to": [ 9.5, 1, 12 ],
			"faces": {
				"down": { "uv": [ 6.5, 4, 9.5, 15 ], "texture": "#texture1" },
				"up": { "uv": [ 6.5, 1, 9.5, 12 ], "texture": "#texture1" },
				"north": { "uv": [ 6.5, 15, 9.5, 15.5 ], "texture": "#texture1" },
				"south": { "uv": [ 6.5, 15, 9.5, 15.5 ], "texture": "#texture1" },
				"west": { "uv": [ 1, 15, 12, 15.5 ], "texture": "#texture1" },
				"east": { "uv": [ 4, 15, 15, 15.5 ], "texture": "#texture1" }
			}
		},
		{
			"__comment": "Box1",
			"from": [ 6.5, -2, 1 ],
			"to": [ 9.5, -1.5, 12 ],
			"faces": {
				"down": { "uv": [ 6.5, 4, 9.5, 15 ], "texture": "#texture1" },
				"up": { "uv": [ 6.5, 1, 9.5, 12 ], "texture": "#texture1" },
				"north": { "uv": [ 6.5, 1.5, 9.5, 2 ], "texture": "#texture1" },
				"south": { "uv": [ 6.5, 1.5, 9.5, 2 ], "texture": "#texture1" },
				"west": { "uv": [ 1, 1.5, 12, 2 ], "texture": "#texture1" },
				"east": { "uv": [ 4, 1.5, 15, 2 ], "texture": "#texture1" }
			}
		},
		{
			"__comment": "Box1",
			"from": [ 9, -1.5, 1 ],
			"to": [ 9.5, 0.5, 12 ],
			"faces": {
				"down": { "uv": [ 9, 4, 9.5, 15 ], "texture": "#texture1" },
				"up": { "uv": [ 9, 1, 9.5, 12 ], "texture": "#texture1" },
				"north": { "uv": [ 6.5, 15.5, 7, 16 ], "texture": "#texture1" },
				"south": { "uv": [ 9, 15.5, 9.5, 16 ], "texture": "#texture1" },
				"west": { "uv": [ 1, 15.5, 12, 16 ], "texture": "#texture1" },
				"east": { "uv": [ 4, 15.5, 15, 16 ], "texture": "#texture1" }
			}
		},
		{
			"__comment": "Box1",
			"from": [ 6.5, -1.5, 1 ],
			"to": [ 7, 0.5, 12 ],
			"faces": {
				"down": { "uv": [ 6.5, 4, 7, 15 ], "texture": "#texture1" },
				"up": { "uv": [ 6.5, 1, 7, 12 ], "texture": "#texture1" },
				"north": { "uv": [ 9, 15.5, 9.5, 16 ], "texture": "#texture1" },
				"south": { "uv": [ 6.5, 15.5, 7, 16 ], "texture": "#texture1" },
				"west": { "uv": [ 1, 15.5, 12, 16 ], "texture": "#texture1" },
				"east": { "uv": [ 4, 15.5, 15, 16 ], "texture": "#texture1" }
			}
		},
		{
			"__comment": "Box1",
			"from": [ 7, -1.5, 1 ],
			"to": [ 9, 0.5, 12.5 ],
			"faces": {
				"down": { "uv": [ 7, 3.5, 9, 15 ], "texture": "#texture" },
				"up": { "uv": [ 7, 1, 9, 12.5 ], "texture": "#texture" },
				"north": { "uv": [ 7, 15.5, 9, 16 ], "texture": "#texture" },
				"south": { "uv": [ 7, 15.5, 9, 16 ], "texture": "#texture" },
				"west": { "uv": [ 1, 15.5, 12.5, 16 ], "texture": "#texture" },
				"east": { "uv": [ 3.5, 15.5, 15, 16 ], "texture": "#texture" }
			}
		},
		{
			"__comment": "Box1",
			"from": [ 6.5, 1, 1 ],
			"to": [ 9.5, 2, 15 ],
			"faces": {
				"down": { "uv": [ 6.5, 1, 9.5, 15 ], "texture": "#texture3" },
				"up": { "uv": [ 6.5, 1, 9.5, 15 ], "texture": "#texture3" },
				"north": { "uv": [ 6.5, 14, 9.5, 15 ], "texture": "#texture3" },
				"south": { "uv": [ 6.5, 14, 9.5, 15 ], "texture": "#texture3" },
				"west": { "uv": [ 1, 14, 15, 15 ], "texture": "#texture3" },
				"east": { "uv": [ 1, 14, 15, 15 ], "texture": "#texture3" }
			}
		},
		{
			"__comment": "Box1",
			"from": [ 9.5, -2, 1 ],
			"to": [ 10, 2, 15 ],
			"faces": {
				"down": { "uv": [ 9.5, 1, 10, 15 ], "texture": "#texture3" },
				"up": { "uv": [ 9.5, 1, 10, 15 ], "texture": "#texture3" },
				"north": { "uv": [ 6, 14, 6.5, 16 ], "texture": "#texture3" },
				"south": { "uv": [ 9.5, 14, 10, 16 ], "texture": "#texture3" },
				"west": { "uv": [ 1, 14, 15, 16 ], "texture": "#texture3" },
				"east": { "uv": [ 1, 14, 15, 16 ], "texture": "#texture3" }
			}
		},
		{
			"__comment": "Box1",
			"from": [ 6, -2, 1 ],
			"to": [ 6.5, 2, 15 ],
			"faces": {
				"down": { "uv": [ 6, 1, 6.5, 15 ], "texture": "#texture3" },
				"up": { "uv": [ 6, 1, 6.5, 15 ], "texture": "#texture3" },
				"north": { "uv": [ 9.5, 14, 10, 16 ], "texture": "#texture3" },
				"south": { "uv": [ 6, 14, 6.5, 16 ], "texture": "#texture3" },
				"west": { "uv": [ 1, 14, 15, 16 ], "texture": "#texture3" },
				"east": { "uv": [ 1, 14, 15, 16 ], "texture": "#texture3" }
			}
		},
		{
			"__comment": "Box1",
			"from": [ 10, -1.5, 2 ],
			"to": [ 12, 0.5, 14 ],
			"faces": {
				"down": { "uv": [ 10, 2, 12, 14 ], "texture": "#texture" },
				"up": { "uv": [ 10, 2, 12, 14 ], "texture": "#texture" },
				"north": { "uv": [ 4, 15.5, 6, 16 ], "texture": "#texture" },
				"south": { "uv": [ 10, 15.5, 12, 16 ], "texture": "#texture" },
				"west": { "uv": [ 2, 15.5, 14, 16 ], "texture": "#texture" },
				"east": { "uv": [ 2, 15.5, 14, 16 ], "texture": "#texture" }
			}
		},
		{
			"__comment": "Box1",
			"from": [ 6.5, -2.5, 2 ],
			"to": [ 12, -1.5, 14 ],
			"faces": {
				"down": { "uv": [ 6.5, 2, 12, 14 ], "texture": "#texture3" },
				"up": { "uv": [ 6.5, 2, 12, 14 ], "texture": "#texture3" },
				"north": { "uv": [ 4, 1.5, 9.5, 2.5 ], "texture": "#texture3" },
				"south": { "uv": [ 6.5, 1.5, 12, 2.5 ], "texture": "#texture3" },
				"west": { "uv": [ 2, 1.5, 14, 2.5 ], "texture": "#texture3" },
				"east": { "uv": [ 2, 1.5, 14, 2.5 ], "texture": "#texture3" }
			}
		},
		{
			"__comment": "Box1",
			"from": [ 6.5, 0.5, 2 ],
			"to": [ 12, 9, 14 ],
			"faces": {
				"down": { "uv": [ 6.5, 2, 12, 14 ], "texture": "#texture3" },
				"up": { "uv": [ 6.5, 2, 12, 14 ], "texture": "#texture3" },
				"north": { "uv": [ 4, 7, 9.5, 15.5 ], "texture": "#texture3" },
				"south": { "uv": [ 6.5, 7, 12, 15.5 ], "texture": "#texture3" },
				"west": { "uv": [ 2, 7, 14, 15.5 ], "texture": "#texture3" },
				"east": { "uv": [ 2, 7, 14, 15.5 ], "texture": "#texture3" }
			}
		},
		{
			"__comment": "Box1",
			"from": [ 3, 0.5, 3 ],
			"to": [ 13, 11.5, 13 ],
			"faces": {
				"down": { "uv": [ 3, 3, 13, 13 ], "texture": "#texture3" },
				"up": { "uv": [ 3, 3, 13, 13 ], "texture": "#texture3" },
				"north": { "uv": [ 3, 4.5, 13, 15.5 ], "texture": "#texture3" },
				"south": { "uv": [ 3, 4.5, 13, 15.5 ], "texture": "#texture3" },
				"west": { "uv": [ 3, 4.5, 13, 15.5 ], "texture": "#texture3" },
				"east": { "uv": [ 3, 4.5, 13, 15.5 ], "texture": "#texture3" }
			}
		},
		{
			"__comment": "Box1",
			"from": [ 11, -1.5, 3 ],
			"to": [ 13, 0.5, 13 ],
			"faces": {
				"down": { "uv": [ 11, 3, 13, 13 ], "texture": "#texture" },
				"up": { "uv": [ 11, 3, 13, 13 ], "texture": "#texture" },
				"north": { "uv": [ 3, 15.5, 5, 16 ], "texture": "#texture" },
				"south": { "uv": [ 11, 15.5, 13, 16 ], "texture": "#texture" },
				"west": { "uv": [ 3, 15.5, 13, 16 ], "texture": "#texture" },
				"east": { "uv": [ 3, 15.5, 13, 16 ], "texture": "#texture" }
			}
		},
		{
			"__comment": "Box1",
			"from": [ 3, -1.5, 3 ],
			"to": [ 5, 0.5, 13 ],
			"faces": {
				"down": { "uv": [ 3, 3, 5, 13 ], "texture": "#texture" },
				"up": { "uv": [ 3, 3, 5, 13 ], "texture": "#texture" },
				"north": { "uv": [ 11, 15.5, 13, 16 ], "texture": "#texture" },
				"south": { "uv": [ 3, 15.5, 5, 16 ], "texture": "#texture" },
				"west": { "uv": [ 3, 15.5, 13, 16 ], "texture": "#texture" },
				"east": { "uv": [ 3, 15.5, 13, 16 ], "texture": "#texture" }
			}
		},
		{
			"__comment": "Box1",
			"from": [ 3, -3.5, 6 ],
			"to": [ 13, -2, 10 ],
			"faces": {
				"down": { "uv": [ 3, 6, 13, 10 ], "texture": "#texture3" },
				"up": { "uv": [ 3, 6, 13, 10 ], "texture": "#texture3" },
				"north": { "uv": [ 3, 2, 13, 3.5 ], "texture": "#texture3" },
				"south": { "uv": [ 3, 2, 13, 3.5 ], "texture": "#texture3" },
				"west": { "uv": [ 6, 2, 10, 3.5 ], "texture": "#texture3" },
				"east": { "uv": [ 6, 2, 10, 3.5 ], "texture": "#texture3" }
			}
		},
		{
			"__comment": "Box1",
			"from": [ 4, -3.5, 5 ],
			"to": [ 12, -2, 11 ],
			"faces": {
				"down": { "uv": [ 4, 5, 12, 11 ], "texture": "#texture3" },
				"up": { "uv": [ 4, 5, 12, 11 ], "texture": "#texture3" },
				"north": { "uv": [ 4, 2, 12, 3.5 ], "texture": "#texture3" },
				"south": { "uv": [ 4, 2, 12, 3.5 ], "texture": "#texture3" },
				"west": { "uv": [ 5, 2, 11, 3.5 ], "texture": "#texture3" },
				"east": { "uv": [ 5, 2, 11, 3.5 ], "texture": "#texture3" }
			}
		},
		{
			"__comment": "Box1",
			"from": [ 5, -3.5, 4 ],
			"to": [ 11, -2, 12 ],
			"faces": {
				"down": { "uv": [ 5, 4, 11, 12 ], "texture": "#texture3" },
				"up": { "uv": [ 5, 4, 11, 12 ], "texture": "#texture3" },
				"north": { "uv": [ 5, 2, 11, 3.5 ], "texture": "#texture3" },
				"south": { "uv": [ 5, 2, 11, 3.5 ], "texture": "#texture3" },
				"west": { "uv": [ 4, 2, 12, 3.5 ], "texture": "#texture3" },
				"east": { "uv": [ 4, 2, 12, 3.5 ], "texture": "#texture3" }
			}
		},
		{
			"__comment": "Box1",
			"from": [ 6, -3.5, 3 ],
			"to": [ 10, -2, 13 ],
			"faces": {
				"down": { "uv": [ 6, 3, 10, 13 ], "texture": "#texture3" },
				"up": { "uv": [ 6, 3, 10, 13 ], "texture": "#texture3" },
				"north": { "uv": [ 6, 2, 10, 3.5 ], "texture": "#texture3" },
				"south": { "uv": [ 6, 2, 10, 3.5 ], "texture": "#texture3" },
				"west": { "uv": [ 3, 2, 13, 3.5 ], "texture": "#texture3" },
				"east": { "uv": [ 3, 2, 13, 3.5 ], "texture": "#texture3" }
			}
		},
		{
			"__comment": "Box1",
			"from": [ 5, -4.5, 6 ],
			"to": [ 11, -3, 10 ],
			"faces": {
				"down": { "uv": [ 5, 6, 11, 10 ], "texture": "#texture3" },
				"up": { "uv": [ 5, 6, 11, 10 ], "texture": "#texture3" },
				"north": { "uv": [ 5, 3, 11, 4.5 ], "texture": "#texture3" },
				"south": { "uv": [ 5, 3, 11, 4.5 ], "texture": "#texture3" },
				"west": { "uv": [ 6, 3, 10, 4.5 ], "texture": "#texture3" },
				"east": { "uv": [ 6, 3, 10, 4.5 ], "texture": "#texture3" }
			}
		},
		{
			"__comment": "Box1",
			"from": [ 6, -4.5, 5 ],
			"to": [ 10, -3, 11 ],
			"faces": {
				"down": { "uv": [ 6, 5, 10, 11 ], "texture": "#texture3" },
				"up": { "uv": [ 6, 5, 10, 11 ], "texture": "#texture3" },
				"north": { "uv": [ 6, 3, 10, 4.5 ], "texture": "#texture3" },
				"south": { "uv": [ 6, 3, 10, 4.5 ], "texture": "#texture3" },
				"west": { "uv": [ 5, 3, 11, 4.5 ], "texture": "#texture3" },
				"east": { "uv": [ 5, 3, 11, 4.5 ], "texture": "#texture3" }
			}
		},
		{
			"__comment": "Box1",
			"from": [ 6.5, -5, 5.5 ],
			"to": [ 9.5, -4.5, 10.5 ],
			"faces": {
				"down": { "uv": [ 6.5, 5.5, 9.5, 10.5 ], "texture": "#texture" },
				"up": { "uv": [ 6.5, 5.5, 9.5, 10.5 ], "texture": "#texture" },
				"north": { "uv": [ 6.5, 4.5, 9.5, 5 ], "texture": "#texture" },
				"south": { "uv": [ 6.5, 4.5, 9.5, 5 ], "texture": "#texture" },
				"west": { "uv": [ 5.5, 4.5, 10.5, 5 ], "texture": "#texture" },
				"east": { "uv": [ 5.5, 4.5, 10.5, 5 ], "texture": "#texture" }
			}
		},
		{
			"__comment": "Box1",
			"from": [ 7, -4.5, 4 ],
			"to": [ 9, -3, 12 ],
			"faces": {
				"down": { "uv": [ 7, 4, 9, 12 ], "texture": "#texture3" },
				"up": { "uv": [ 7, 4, 9, 12 ], "texture": "#texture3" },
				"north": { "uv": [ 7, 3, 9, 4.5 ], "texture": "#texture3" },
				"south": { "uv": [ 7, 3, 9, 4.5 ], "texture": "#texture3" },
				"west": { "uv": [ 4, 3, 12, 4.5 ], "texture": "#texture3" },
				"east": { "uv": [ 4, 3, 12, 4.5 ], "texture": "#texture3" }
			}
		},
		{
			"__comment": "Box1",
			"from": [ 4, -4.5, 7 ],
			"to": [ 12, -3, 9 ],
			"faces": {
				"down": { "uv": [ 4, 7, 12, 9 ], "texture": "#texture3" },
				"up": { "uv": [ 4, 7, 12, 9 ], "texture": "#texture3" },
				"north": { "uv": [ 4, 3, 12, 4.5 ], "texture": "#texture3" },
				"south": { "uv": [ 4, 3, 12, 4.5 ], "texture": "#texture3" },
				"west": { "uv": [ 7, 3, 9, 4.5 ], "texture": "#texture3" },
				"east": { "uv": [ 7, 3, 9, 4.5 ], "texture": "#texture3" }
			}
		},
		{
			"__comment": "Box1",
			"from": [ 15, 11, 6 ],
			"to": [ 16.5, 12, 10 ],
			"faces": {
				"down": { "uv": [ 15, 6, 16, 10 ], "texture": "#texture3" },
				"up": { "uv": [ 15, 6, 16, 10 ], "texture": "#texture3" },
				"north": { "uv": [ 0, 4, 1, 5 ], "texture": "#texture3" },
				"south": { "uv": [ 15, 4, 16, 5 ], "texture": "#texture3" },
				"west": { "uv": [ 6, 4, 10, 5 ], "texture": "#texture3" },
				"east": { "uv": [ 6, 4, 10, 5 ], "texture": "#texture3" }
			}
		},
		{
			"__comment": "Box1",
			"from": [ -0.5, 9, 5 ],
			"to": [ 16.5, 11, 7 ],
			"faces": {
				"down": { "uv": [ 0, 9, 16, 11 ], "texture": "#texture3" },
				"up": { "uv": [ 0, 5, 16, 7 ], "texture": "#texture3" },
				"north": { "uv": [ 0, 5, 16, 7 ], "texture": "#texture3" },
				"south": { "uv": [ 0, 5, 16, 7 ], "texture": "#texture3" },
				"west": { "uv": [ 5, 5, 7, 7 ], "texture": "#texture3" },
				"east": { "uv": [ 9, 5, 11, 7 ], "texture": "#texture3" }
			}
		},
		{
			"__comment": "Box1",
			"from": [ -0.5, 9, 9 ],
			"to": [ 16.5, 11, 11 ],
			"faces": {
				"down": { "uv": [ 0, 5, 16, 7 ], "texture": "#texture3" },
				"up": { "uv": [ 0, 9, 16, 11 ], "texture": "#texture3" },
				"north": { "uv": [ 0, 5, 16, 7 ], "texture": "#texture3" },
				"south": { "uv": [ 0, 5, 16, 7 ], "texture": "#texture3" },
				"west": { "uv": [ 9, 5, 11, 7 ], "texture": "#texture3" },
				"east": { "uv": [ 5, 5, 7, 7 ], "texture": "#texture3" }
			}
		},
		{
			"__comment": "Box1",
			"from": [ 15, 6, 5 ],
			"to": [ 16.5, 9, 11 ],
			"faces": {
				"down": { "uv": [ 15, 5, 16, 11 ], "texture": "#texture3" },
				"up": { "uv": [ 15, 5, 16, 11 ], "texture": "#texture3" },
				"north": { "uv": [ 0, 7, 1, 10 ], "texture": "#texture3" },
				"south": { "uv": [ 15, 7, 16, 10 ], "texture": "#texture3" },
				"west": { "uv": [ 5, 7, 11, 10 ], "texture": "#texture3" },
				"east": { "uv": [ 5, 7, 11, 10 ], "texture": "#texture3" }
			}
		},
		{
			"__comment": "Box1",
			"from": [ 15.5, -0.5, 7 ],
			"to": [ 17, 9, 9 ],
			"faces": {
				"down": { "uv": [ 15.5, 7, 16, 9 ], "texture": "#texture1" },
				"up": { "uv": [ 15.5, 7, 16, 9 ], "texture": "#texture1" },
				"north": { "uv": [ 0, 7, 0.5, 16 ], "texture": "#texture1" },
				"south": { "uv": [ 15.5, 7, 16, 16 ], "texture": "#texture1" },
				"west": { "uv": [ 7, 7, 9, 16 ], "texture": "#texture1" },
				"east": { "uv": [ 7, 7, 9, 16 ], "texture": "#texture1" }
			}
		},
		{
			"__comment": "Box1",
			"from": [ -0.5, 9, 7 ],
			"to": [ 16.5, 11, 9 ],
			"faces": {
				"down": { "uv": [ 0, 7, 16, 9 ], "texture": "#texture" },
				"up": { "uv": [ 0, 7, 16, 9 ], "texture": "#texture" },
				"north": { "uv": [ 0, 5, 16, 7 ], "texture": "#texture" },
				"south": { "uv": [ 0, 5, 16, 7 ], "texture": "#texture" },
				"west": { "uv": [ 7, 5, 9, 7 ], "texture": "#texture" },
				"east": { "uv": [ 7, 5, 9, 7 ], "texture": "#texture" }
			}
		},
		{
			"__comment": "Box1",
			"from": [ 15, -0.5, 6.5 ],
			"to": [ 16.5, 5, 9.5 ],
			"faces": {
				"down": { "uv": [ 15, 6.5, 16, 9.5 ], "texture": "#texture3" },
				"up": { "uv": [ 15, 6.5, 16, 9.5 ], "texture": "#texture3" },
				"north": { "uv": [ 0, 11, 1, 16 ], "texture": "#texture3" },
				"south": { "uv": [ 15, 11, 16, 16 ], "texture": "#texture3" },
				"west": { "uv": [ 6.5, 11, 9.5, 16 ], "texture": "#texture3" },
				"east": { "uv": [ 6.5, 11, 9.5, 16 ], "texture": "#texture3" }
			}
		},
		{
			"__comment": "Box1",
			"from": [ 15, 5, 6 ],
			"to": [ 16.5, 6, 10 ],
			"faces": {
				"down": { "uv": [ 15, 6, 16, 10 ], "texture": "#texture3" },
				"up": { "uv": [ 15, 6, 16, 10 ], "texture": "#texture3" },
				"north": { "uv": [ 0, 10, 1, 11 ], "texture": "#texture3" },
				"south": { "uv": [ 15, 10, 16, 11 ], "texture": "#texture3" },
				"west": { "uv": [ 6, 10, 10, 11 ], "texture": "#texture3" },
				"east": { "uv": [ 6, 10, 10, 11 ], "texture": "#texture3" }
			}
		},
		{
			"__comment": "Box1",
			"from": [ 15, -2.5, 6 ],
			"to": [ 17, -0.5, 10 ],
			"faces": {
				"down": { "uv": [ 15, 6, 16, 10 ], "texture": "#texture3" },
				"up": { "uv": [ 15, 6, 16, 10 ], "texture": "#texture3" },
				"north": { "uv": [ 0, 0.5, 1, 2.5 ], "texture": "#texture3" },
				"south": { "uv": [ 15, 0.5, 16, 2.5 ], "texture": "#texture3" },
				"west": { "uv": [ 6, 0.5, 10, 2.5 ], "texture": "#texture3" },
				"east": { "uv": [ 6, 0.5, 10, 2.5 ], "texture": "#texture3" }
			}
		},
		{
			"__comment": "Box1",
			"from": [ 15, -4, 6 ],
			"to": [ 16.5, -2.5, 10 ],
			"faces": {
				"down": { "uv": [ 15, 6, 16, 10 ], "texture": "#texture3" },
				"up": { "uv": [ 15, 6, 16, 10 ], "texture": "#texture3" },
				"north": { "uv": [ 0, 2.5, 1, 4 ], "texture": "#texture3" },
				"south": { "uv": [ 15, 2.5, 16, 4 ], "texture": "#texture3" },
				"west": { "uv": [ 6, 2.5, 10, 4 ], "texture": "#texture3" },
				"east": { "uv": [ 6, 2.5, 10, 4 ], "texture": "#texture3" }
			}
		},
		{
			"__comment": "Box1",
			"from": [ 15.5, -4, 6.5 ],
			"to": [ 17, -2.5, 9.5 ],
			"faces": {
				"down": { "uv": [ 15.5, 6.5, 16, 9.5 ], "texture": "#texture" },
				"up": { "uv": [ 15.5, 6.5, 16, 9.5 ], "texture": "#texture" },
				"north": { "uv": [ 0, 2.5, 0.5, 4 ], "texture": "#texture" },
				"south": { "uv": [ 15.5, 2.5, 16, 4 ], "texture": "#texture" },
				"west": { "uv": [ 6.5, 2.5, 9.5, 4 ], "texture": "#texture" },
				"east": { "uv": [ 6.5, 2.5, 9.5, 4 ], "texture": "#texture" }
			}
		},
		{
			"__comment": "Box1",
			"from": [ 17, -2.5, 6.5 ],
			"to": [ 17.5, -0.5, 9.5 ],
			"faces": {
				"down": { "uv": [ 1, 6.5, 1.5, 9.5 ], "texture": "#texture3" },
				"up": { "uv": [ 1, 6.5, 1.5, 9.5 ], "texture": "#texture3" },
				"north": { "uv": [ 14.5, 0.5, 15, 2.5 ], "texture": "#texture3" },
				"south": { "uv": [ 1, 0.5, 1.5, 2.5 ], "texture": "#texture3" },
				"west": { "uv": [ 6.5, 0.5, 9.5, 2.5 ], "texture": "#texture3" },
				"east": { "uv": [ 6.5, 0.5, 9.5, 2.5 ], "texture": "#texture3" }
			}
		},
		{
			"__comment": "Box1",
			"from": [ 15, -5, 6 ],
			"to": [ 17, -4, 10 ],
			"faces": {
				"down": { "uv": [ 15, 6, 16, 10 ], "texture": "#texture3" },
				"up": { "uv": [ 15, 6, 16, 10 ], "texture": "#texture3" },
				"north": { "uv": [ 0, 4, 1, 5 ], "texture": "#texture3" },
				"south": { "uv": [ 15, 4, 16, 5 ], "texture": "#texture3" },
				"west": { "uv": [ 6, 4, 10, 5 ], "texture": "#texture3" },
				"east": { "uv": [ 6, 4, 10, 5 ], "texture": "#texture3" }
			}
		},
		{
			"__comment": "Box1",
			"from": [ 15, -6, 5.5 ],
			"to": [ 17, -5, 10.5 ],
			"faces": {
				"down": { "uv": [ 15, 5.5, 16, 10.5 ], "texture": "#texture3" },
				"up": { "uv": [ 15, 5.5, 16, 10.5 ], "texture": "#texture3" },
				"north": { "uv": [ 0, 5, 1, 6 ], "texture": "#texture3" },
				"south": { "uv": [ 15, 5, 16, 6 ], "texture": "#texture3" },
				"west": { "uv": [ 5.5, 5, 10.5, 6 ], "texture": "#texture3" },
				"east": { "uv": [ 5.5, 5, 10.5, 6 ], "texture": "#texture3" }
			}
		},
		{
			"__comment": "Box1",
			"from": [ 14.5, -6, 6 ],
			"to": [ 17.5, -5, 10 ],
			"faces": {
				"down": { "uv": [ 14.5, 6, 16, 10 ], "texture": "#texture3" },
				"up": { "uv": [ 14.5, 6, 16, 10 ], "texture": "#texture3" },
				"north": { "uv": [ 0, 5, 1.5, 6 ], "texture": "#texture3" },
				"south": { "uv": [ 14.5, 5, 16, 6 ], "texture": "#texture3" },
				"west": { "uv": [ 6, 5, 10, 6 ], "texture": "#texture3" },
				"east": { "uv": [ 6, 5, 10, 6 ], "texture": "#texture3" }
			}
		},
		{
			"__comment": "Box1",
			"from": [ 14.5, -7, 5.5 ],
			"to": [ 17.5, -6, 10.5 ],
			"faces": {
				"down": { "uv": [ 14.5, 5.5, 16, 10.5 ], "texture": "#texture3" },
				"up": { "uv": [ 14.5, 5.5, 16, 10.5 ], "texture": "#texture3" },
				"north": { "uv": [ 0, 6, 1.5, 7 ], "texture": "#texture3" },
				"south": { "uv": [ 14.5, 6, 16, 7 ], "texture": "#texture3" },
				"west": { "uv": [ 5.5, 6, 10.5, 7 ], "texture": "#texture3" },
				"east": { "uv": [ 5.5, 6, 10.5, 7 ], "texture": "#texture3" }
			}
		},
		{
			"__comment": "Box1",
			"from": [ 14, -8, 5.5 ],
			"to": [ 18, -7, 10.5 ],
			"faces": {
				"down": { "uv": [ 14, 5.5, 16, 10.5 ], "texture": "#texture3" },
				"up": { "uv": [ 14, 5.5, 16, 10.5 ], "texture": "#texture3" },
				"north": { "uv": [ 0, 7, 2, 8 ], "texture": "#texture3" },
				"south": { "uv": [ 14, 7, 16, 8 ], "texture": "#texture3" },
				"west": { "uv": [ 5.5, 7, 10.5, 8 ], "texture": "#texture3" },
				"east": { "uv": [ 5.5, 7, 10.5, 8 ], "texture": "#texture3" }
			}
		},
		{
			"__comment": "Box1",
			"from": [ 14.5, -8, 5 ],
			"to": [ 17.5, -7, 11 ],
			"faces": {
				"down": { "uv": [ 14.5, 5, 16, 11 ], "texture": "#texture3" },
				"up": { "uv": [ 14.5, 5, 16, 11 ], "texture": "#texture3" },
				"north": { "uv": [ 0, 7, 1.5, 8 ], "texture": "#texture3" },
				"south": { "uv": [ 14.5, 7, 16, 8 ], "texture": "#texture3" },
				"west": { "uv": [ 5, 7, 11, 8 ], "texture": "#texture3" },
				"east": { "uv": [ 5, 7, 11, 8 ], "texture": "#texture3" }
			}
		},
		{
			"__comment": "Box1",
			"from": [ 15, -7, 5 ],
			"to": [ 17, -6, 11 ],
			"faces": {
				"down": { "uv": [ 15, 5, 16, 11 ], "texture": "#texture3" },
				"up": { "uv": [ 15, 5, 16, 11 ], "texture": "#texture3" },
				"north": { "uv": [ 0, 6, 1, 7 ], "texture": "#texture3" },
				"south": { "uv": [ 15, 6, 16, 7 ], "texture": "#texture3" },
				"west": { "uv": [ 5, 6, 11, 7 ], "texture": "#texture3" },
				"east": { "uv": [ 5, 6, 11, 7 ], "texture": "#texture3" }
			}
		},
		{
			"__comment": "Box1",
			"from": [ 15, -8, 4.5 ],
			"to": [ 17, -7, 11.5 ],
			"faces": {
				"down": { "uv": [ 15, 4.5, 16, 11.5 ], "texture": "#texture3" },
				"up": { "uv": [ 15, 4.5, 16, 11.5 ], "texture": "#texture3" },
				"north": { "uv": [ 0, 7, 1, 8 ], "texture": "#texture3" },
				"south": { "uv": [ 15, 7, 16, 8 ], "texture": "#texture3" },
				"west": { "uv": [ 4.5, 7, 11.5, 8 ], "texture": "#texture3" },
				"east": { "uv": [ 4.5, 7, 11.5, 8 ], "texture": "#texture3" }
			}
		},
		{
			"__comment": "Box1",
			"from": [ 13.5, -8, 6.5 ],
			"to": [ 15, -3.5, 9.5 ],
			"faces": {
				"down": { "uv": [ 13.5, 6.5, 15, 9.5 ], "texture": "#texture3" },
				"up": { "uv": [ 13.5, 6.5, 15, 9.5 ], "texture": "#texture3" },
				"north": { "uv": [ 1, 3.5, 2.5, 8 ], "texture": "#texture3" },
				"south": { "uv": [ 13.5, 3.5, 15, 8 ], "texture": "#texture3" },
				"west": { "uv": [ 6.5, 3.5, 9.5, 8 ], "texture": "#texture3" },
				"east": { "uv": [ 6.5, 3.5, 9.5, 8 ], "texture": "#texture3" }
			}
		},
		{
			"__comment": "Box1",
			"from": [ 13.5, -9, 5.5 ],
			"to": [ 18.5, -8, 10.5 ],
			"faces": {
				"down": { "uv": [ 13.5, 5.5, 16, 10.5 ], "texture": "#texture3" },
				"up": { "uv": [ 13.5, 5.5, 16, 10.5 ], "texture": "#texture3" },
				"north": { "uv": [ 0, 8, 2.5, 9 ], "texture": "#texture3" },
				"south": { "uv": [ 13.5, 8, 16, 9 ], "texture": "#texture3" },
				"west": { "uv": [ 5.5, 8, 10.5, 9 ], "texture": "#texture3" },
				"east": { "uv": [ 5.5, 8, 10.5, 9 ], "texture": "#texture3" }
			}
		},
		{
			"__comment": "Box1",
			"from": [ 14, -9, 5 ],
			"to": [ 18, -8, 11 ],
			"faces": {
				"down": { "uv": [ 14, 5, 16, 11 ], "texture": "#texture3" },
				"up": { "uv": [ 14, 5, 16, 11 ], "texture": "#texture3" },
				"north": { "uv": [ 0, 8, 2, 9 ], "texture": "#texture3" },
				"south": { "uv": [ 14, 8, 16, 9 ], "texture": "#texture3" },
				"west": { "uv": [ 5, 8, 11, 9 ], "texture": "#texture3" },
				"east": { "uv": [ 5, 8, 11, 9 ], "texture": "#texture3" }
			}
		},
		{
			"__comment": "Box1",
			"from": [ 14.5, -9, 4.5 ],
			"to": [ 17.5, -8, 11.5 ],
			"faces": {
				"down": { "uv": [ 14.5, 4.5, 16, 11.5 ], "texture": "#texture3" },
				"up": { "uv": [ 14.5, 4.5, 16, 11.5 ], "texture": "#texture3" },
				"north": { "uv": [ 0, 8, 1.5, 9 ], "texture": "#texture3" },
				"south": { "uv": [ 14.5, 8, 16, 9 ], "texture": "#texture3" },
				"west": { "uv": [ 4.5, 8, 11.5, 9 ], "texture": "#texture3" },
				"east": { "uv": [ 4.5, 8, 11.5, 9 ], "texture": "#texture3" }
			}
		},
		{
			"__comment": "Box1",
			"from": [ 15, -9, 4 ],
			"to": [ 17, -8, 12 ],
			"faces": {
				"down": { "uv": [ 15, 4, 16, 12 ], "texture": "#texture3" },
				"up": { "uv": [ 15, 4, 16, 12 ], "texture": "#texture3" },
				"north": { "uv": [ 0, 8, 1, 9 ], "texture": "#texture3" },
				"south": { "uv": [ 15, 8, 16, 9 ], "texture": "#texture3" },
				"west": { "uv": [ 4, 8, 12, 9 ], "texture": "#texture3" },
				"east": { "uv": [ 4, 8, 12, 9 ], "texture": "#texture3" }
			}
		},
		{
			"__comment": "Box1",
			"from": [ -0.5, -0.5, 6.5 ],
			"to": [ 1, 5, 9.5 ],
			"faces": {
				"down": { "uv": [ 8.5, 6.5, 10, 9.5 ], "texture": "#texture3", "rotation": 180 },
				"up": { "uv": [ 8.5, 6.5, 10, 9.5 ], "texture": "#texture3", "rotation": 180 },
				"north": { "uv": [ 8.5, 11, 10, 16 ], "texture": "#texture3" },
				"south": { "uv": [ 6, 11, 7.5, 16 ], "texture": "#texture3" },
				"west": { "uv": [ 6.5, 11, 9.5, 16 ], "texture": "#texture3" },
				"east": { "uv": [ 6.5, 11, 9.5, 16 ], "texture": "#texture3" }
			}
		},
		{
			"__comment": "Box1",
			"from": [ -0.5, 5, 6 ],
			"to": [ 1, 6, 10 ],
			"faces": {
				"down": { "uv": [ 8.5, 6, 10, 10 ], "texture": "#texture3", "rotation": 180 },
				"up": { "uv": [ 8.5, 6, 10, 10 ], "texture": "#texture3", "rotation": 180 },
				"north": { "uv": [ 8.5, 10, 10, 11 ], "texture": "#texture3" },
				"south": { "uv": [ 6, 10, 7.5, 11 ], "texture": "#texture3" },
				"west": { "uv": [ 6, 10, 10, 11 ], "texture": "#texture3" },
				"east": { "uv": [ 6, 10, 10, 11 ], "texture": "#texture3" }
			}
		},
		{
			"__comment": "Box1",
			"from": [ -0.5, 6, 5 ],
			"to": [ 1, 9, 11 ],
			"faces": {
				"down": { "uv": [ 8.5, 5, 10, 11 ], "texture": "#texture3", "rotation": 180 },
				"up": { "uv": [ 8.5, 5, 10, 11 ], "texture": "#texture3", "rotation": 180 },
				"north": { "uv": [ 8.5, 7, 10, 10 ], "texture": "#texture3" },
				"south": { "uv": [ 6, 7, 7.5, 10 ], "texture": "#texture3" },
				"west": { "uv": [ 5, 7, 11, 10 ], "texture": "#texture3" },
				"east": { "uv": [ 5, 7, 11, 10 ], "texture": "#texture3" }
			}
		},
		{
			"__comment": "Box1",
			"from": [ -0.5, 11, 6 ],
			"to": [ 1, 12, 10 ],
			"faces": {
				"down": { "uv": [ 8.5, 6, 10, 10 ], "texture": "#texture3", "rotation": 180 },
				"up": { "uv": [ 8.5, 6, 10, 10 ], "texture": "#texture3", "rotation": 180 },
				"north": { "uv": [ 8.5, 4, 10, 5 ], "texture": "#texture3" },
				"south": { "uv": [ 6, 4, 7.5, 5 ], "texture": "#texture3" },
				"west": { "uv": [ 6, 4, 10, 5 ], "texture": "#texture3" },
				"east": { "uv": [ 6, 4, 10, 5 ], "texture": "#texture3" }
			}
		},
		{
			"__comment": "Box1",
			"from": [ -1, -0.5, 7 ],
			"to": [ 0.5, 9, 9 ],
			"faces": {
				"down": { "uv": [ 9, 7, 10.5, 9 ], "texture": "#texture1", "rotation": 180 },
				"up": { "uv": [ 9, 7, 10.5, 9 ], "texture": "#texture1", "rotation": 180 },
				"north": { "uv": [ 9, 7, 10.5, 16 ], "texture": "#texture1" },
				"south": { "uv": [ 5.5, 7, 7, 16 ], "texture": "#texture1" },
				"west": { "uv": [ 7, 7, 9, 16 ], "texture": "#texture1" },
				"east": { "uv": [ 7, 7, 9, 16 ], "texture": "#texture1" }
			}
		},
		{
			"__comment": "Box1",
			"from": [ -1.5, -2.5, 6.5 ],
			"to": [ -1, -0.5, 9.5 ],
			"faces": {
				"down": { "uv": [ 10.5, 6.5, 11, 9.5 ], "texture": "#texture3", "rotation": 180 },
				"up": { "uv": [ 10.5, 6.5, 11, 9.5 ], "texture": "#texture3", "rotation": 180 },
				"north": { "uv": [ 10.5, 0.5, 11, 2.5 ], "texture": "#texture3" },
				"south": { "uv": [ 5, 0.5, 5.5, 2.5 ], "texture": "#texture3" },
				"west": { "uv": [ 6.5, 0.5, 9.5, 2.5 ], "texture": "#texture3" },
				"east": { "uv": [ 6.5, 0.5, 9.5, 2.5 ], "texture": "#texture3" }
			}
		},
		{
			"__comment": "Box1",
			"from": [ -1, -2.5, 6 ],
			"to": [ 1, -0.5, 10 ],
			"faces": {
				"down": { "uv": [ 8.5, 6, 10.5, 10 ], "texture": "#texture3", "rotation": 180 },
				"up": { "uv": [ 8.5, 6, 10.5, 10 ], "texture": "#texture3", "rotation": 180 },
				"north": { "uv": [ 8.5, 0.5, 10.5, 2.5 ], "texture": "#texture3" },
				"south": { "uv": [ 5.5, 0.5, 7.5, 2.5 ], "texture": "#texture3" },
				"west": { "uv": [ 6, 0.5, 10, 2.5 ], "texture": "#texture3" },
				"east": { "uv": [ 6, 0.5, 10, 2.5 ], "texture": "#texture3" }
			}
		},
		{
			"__comment": "Box1",
			"from": [ -1, -4, 6.5 ],
			"to": [ 0.5, -2.5, 9.5 ],
			"faces": {
				"down": { "uv": [ 9, 6.5, 10.5, 9.5 ], "texture": "#texture", "rotation": 180 },
				"up": { "uv": [ 9, 6.5, 10.5, 9.5 ], "texture": "#texture", "rotation": 180 },
				"north": { "uv": [ 9, 2.5, 10.5, 4 ], "texture": "#texture" },
				"south": { "uv": [ 5.5, 2.5, 7, 4 ], "texture": "#texture" },
				"west": { "uv": [ 6.5, 2.5, 9.5, 4 ], "texture": "#texture" },
				"east": { "uv": [ 6.5, 2.5, 9.5, 4 ], "texture": "#texture" }
			}
		},
		{
			"__comment": "Box1",
			"from": [ -0.5, -4, 6 ],
			"to": [ 1, -2.5, 10 ],
			"faces": {
				"down": { "uv": [ 8.5, 6, 10, 10 ], "texture": "#texture3", "rotation": 180 },
				"up": { "uv": [ 8.5, 6, 10, 10 ], "texture": "#texture3", "rotation": 180 },
				"north": { "uv": [ 8.5, 2.5, 10, 4 ], "texture": "#texture3" },
				"south": { "uv": [ 6, 2.5, 7.5, 4 ], "texture": "#texture3" },
				"west": { "uv": [ 6, 2.5, 10, 4 ], "texture": "#texture3" },
				"east": { "uv": [ 6, 2.5, 10, 4 ], "texture": "#texture3" }
			}
		},
		{
			"__comment": "Box1",
			"from": [ 1, -8, 6.5 ],
			"to": [ 2.5, -3.5, 9.5 ],
			"faces": {
				"down": { "uv": [ 7, 6.5, 8.5, 9.5 ], "texture": "#texture3", "rotation": 180 },
				"up": { "uv": [ 7, 6.5, 8.5, 9.5 ], "texture": "#texture3", "rotation": 180 },
				"north": { "uv": [ 7, 3.5, 8.5, 8 ], "texture": "#texture3" },
				"south": { "uv": [ 7.5, 3.5, 9, 8 ], "texture": "#texture3" },
				"west": { "uv": [ 6.5, 3.5, 9.5, 8 ], "texture": "#texture3" },
				"east": { "uv": [ 6.5, 3.5, 9.5, 8 ], "texture": "#texture3" }
			}
		},
		{
			"__comment": "Box1",
			"from": [ -1, -5, 6 ],
			"to": [ 1, -4, 10 ],
			"faces": {
				"down": { "uv": [ 8.5, 6, 10.5, 10 ], "texture": "#texture3", "rotation": 180 },
				"up": { "uv": [ 8.5, 6, 10.5, 10 ], "texture": "#texture3", "rotation": 180 },
				"north": { "uv": [ 8.5, 4, 10.5, 5 ], "texture": "#texture3" },
				"south": { "uv": [ 5.5, 4, 7.5, 5 ], "texture": "#texture3" },
				"west": { "uv": [ 6, 4, 10, 5 ], "texture": "#texture3" },
				"east": { "uv": [ 6, 4, 10, 5 ], "texture": "#texture3" }
			}
		},
		{
			"__comment": "Box1",
			"from": [ -1.5, -6, 6 ],
			"to": [ 1.5, -5, 10 ],
			"faces": {
				"down": { "uv": [ 8, 6, 11, 10 ], "texture": "#texture3", "rotation": 180 },
				"up": { "uv": [ 8, 6, 11, 10 ], "texture": "#texture3", "rotation": 180 },
				"north": { "uv": [ 8, 5, 11, 6 ], "texture": "#texture3" },
				"south": { "uv": [ 5, 5, 8, 6 ], "texture": "#texture3" },
				"west": { "uv": [ 6, 5, 10, 6 ], "texture": "#texture3" },
				"east": { "uv": [ 6, 5, 10, 6 ], "texture": "#texture3" }
			}
		},
		{
			"__comment": "Box1",
			"from": [ -1, -6, 5.5 ],
			"to": [ 1, -5, 10.5 ],
			"faces": {
				"down": { "uv": [ 8.5, 5.5, 10.5, 10.5 ], "texture": "#texture3", "rotation": 180 },
				"up": { "uv": [ 8.5, 5.5, 10.5, 10.5 ], "texture": "#texture3", "rotation": 180 },
				"north": { "uv": [ 8.5, 5, 10.5, 6 ], "texture": "#texture3" },
				"south": { "uv": [ 5.5, 5, 7.5, 6 ], "texture": "#texture3" },
				"west": { "uv": [ 5.5, 5, 10.5, 6 ], "texture": "#texture3" },
				"east": { "uv": [ 5.5, 5, 10.5, 6 ], "texture": "#texture3" }
			}
		},
		{
			"__comment": "Box1",
			"from": [ -1, -7, 5 ],
			"to": [ 1, -6, 11 ],
			"faces": {
				"down": { "uv": [ 8.5, 5, 10.5, 11 ], "texture": "#texture3", "rotation": 180 },
				"up": { "uv": [ 8.5, 5, 10.5, 11 ], "texture": "#texture3", "rotation": 180 },
				"north": { "uv": [ 8.5, 6, 10.5, 7 ], "texture": "#texture3" },
				"south": { "uv": [ 5.5, 6, 7.5, 7 ], "texture": "#texture3" },
				"west": { "uv": [ 5, 6, 11, 7 ], "texture": "#texture3" },
				"east": { "uv": [ 5, 6, 11, 7 ], "texture": "#texture3" }
			}
		},
		{
			"__comment": "Box1",
			"from": [ -1.5, -7, 5.5 ],
			"to": [ 1.5, -6, 10.5 ],
			"faces": {
				"down": { "uv": [ 8, 5.5, 11, 10.5 ], "texture": "#texture3", "rotation": 180 },
				"up": { "uv": [ 8, 5.5, 11, 10.5 ], "texture": "#texture3", "rotation": 180 },
				"north": { "uv": [ 8, 6, 11, 7 ], "texture": "#texture3" },
				"south": { "uv": [ 5, 6, 8, 7 ], "texture": "#texture3" },
				"west": { "uv": [ 5.5, 6, 10.5, 7 ], "texture": "#texture3" },
				"east": { "uv": [ 5.5, 6, 10.5, 7 ], "texture": "#texture3" }
			}
		},
		{
			"__comment": "Box1",
			"from": [ -2, -8, 5.5 ],
			"to": [ 2, -7, 10.5 ],
			"faces": {
				"down": { "uv": [ 7.5, 5.5, 11.5, 10.5 ], "texture": "#texture3", "rotation": 180 },
				"up": { "uv": [ 7.5, 5.5, 11.5, 10.5 ], "texture": "#texture3", "rotation": 180 },
				"north": { "uv": [ 7.5, 7, 11.5, 8 ], "texture": "#texture3" },
				"south": { "uv": [ 4.5, 7, 8.5, 8 ], "texture": "#texture3" },
				"west": { "uv": [ 5.5, 7, 10.5, 8 ], "texture": "#texture3" },
				"east": { "uv": [ 5.5, 7, 10.5, 8 ], "texture": "#texture3" }
			}
		},
		{
			"__comment": "Box1",
			"from": [ -1.5, -8, 5 ],
			"to": [ 1.5, -7, 11 ],
			"faces": {
				"down": { "uv": [ 8, 5, 11, 11 ], "texture": "#texture3", "rotation": 180 },
				"up": { "uv": [ 8, 5, 11, 11 ], "texture": "#texture3", "rotation": 180 },
				"north": { "uv": [ 8, 7, 11, 8 ], "texture": "#texture3" },
				"south": { "uv": [ 5, 7, 8, 8 ], "texture": "#texture3" },
				"west": { "uv": [ 5, 7, 11, 8 ], "texture": "#texture3" },
				"east": { "uv": [ 5, 7, 11, 8 ], "texture": "#texture3" }
			}
		},
		{
			"__comment": "Box1",
			"from": [ -1, -8, 4.5 ],
			"to": [ 1, -7, 11.5 ],
			"faces": {
				"down": { "uv": [ 8.5, 4.5, 10.5, 11.5 ], "texture": "#texture3", "rotation": 180 },
				"up": { "uv": [ 8.5, 4.5, 10.5, 11.5 ], "texture": "#texture3", "rotation": 180 },
				"north": { "uv": [ 8.5, 7, 10.5, 8 ], "texture": "#texture3" },
				"south": { "uv": [ 5.5, 7, 7.5, 8 ], "texture": "#texture3" },
				"west": { "uv": [ 4.5, 7, 11.5, 8 ], "texture": "#texture3" },
				"east": { "uv": [ 4.5, 7, 11.5, 8 ], "texture": "#texture3" }
			}
		},
		{
			"__comment": "Box1",
			"from": [ -1, -9, 4 ],
			"to": [ 1, -8, 12 ],
			"faces": {
				"down": { "uv": [ 8.5, 4, 10.5, 12 ], "texture": "#texture3", "rotation": 180 },
				"up": { "uv": [ 8.5, 4, 10.5, 12 ], "texture": "#texture3", "rotation": 180 },
				"north": { "uv": [ 8.5, 8, 10.5, 9 ], "texture": "#texture3" },
				"south": { "uv": [ 5.5, 8, 7.5, 9 ], "texture": "#texture3" },
				"west": { "uv": [ 4, 8, 12, 9 ], "texture": "#texture3" },
				"east": { "uv": [ 4, 8, 12, 9 ], "texture": "#texture3" }
			}
		},
		{
			"__comment": "Box1",
			"from": [ -1.5, -9, 4.5 ],
			"to": [ 1.5, -8, 11.5 ],
			"faces": {
				"down": { "uv": [ 8, 4.5, 11, 11.5 ], "texture": "#texture3", "rotation": 180 },
				"up": { "uv": [ 8, 4.5, 11, 11.5 ], "texture": "#texture3", "rotation": 180 },
				"north": { "uv": [ 8, 8, 11, 9 ], "texture": "#texture3" },
				"south": { "uv": [ 5, 8, 8, 9 ], "texture": "#texture3" },
				"west": { "uv": [ 4.5, 8, 11.5, 9 ], "texture": "#texture3" },
				"east": { "uv": [ 4.5, 8, 11.5, 9 ], "texture": "#texture3" }
			}
		},
		{
			"__comment": "Box1",
			"from": [ -2, -9, 5 ],
			"to": [ 2, -8, 11 ],
			"faces": {
				"down": { "uv": [ 7.5, 5, 11.5, 11 ], "texture": "#texture3", "rotation": 180 },
				"up": { "uv": [ 7.5, 5, 11.5, 11 ], "texture": "#texture3", "rotation": 180 },
				"north": { "uv": [ 7.5, 8, 11.5, 9 ], "texture": "#texture3" },
				"south": { "uv": [ 4.5, 8, 8.5, 9 ], "texture": "#texture3" },
				"west": { "uv": [ 5, 8, 11, 9 ], "texture": "#texture3" },
				"east": { "uv": [ 5, 8, 11, 9 ], "texture": "#texture3" }
			}
		},
		{
			"__comment": "Box1",
			"from": [ -2.5, -9, 5.5 ],
			"to": [ 2.5, -8, 10.5 ],
			"faces": {
				"down": { "uv": [ 7, 5.5, 12, 10.5 ], "texture": "#texture3", "rotation": 180 },
				"up": { "uv": [ 7, 5.5, 12, 10.5 ], "texture": "#texture3", "rotation": 180 },
				"north": { "uv": [ 7, 8, 12, 9 ], "texture": "#texture3" },
				"south": { "uv": [ 4, 8, 9, 9 ], "texture": "#texture3" },
				"west": { "uv": [ 5.5, 8, 10.5, 9 ], "texture": "#texture3" },
				"east": { "uv": [ 5.5, 8, 10.5, 9 ], "texture": "#texture3" }
			}
		},
		{
			"__comment": "Box1",
			"from": [ 6, 8.5, 1 ],
			"to": [ 10, 9, 13 ],
			"faces": {
				"down": { "uv": [ 6, 3, 10, 15 ], "texture": "#texture3" },
				"up": { "uv": [ 6, 1, 10, 13 ], "texture": "#texture3" },
				"north": { "uv": [ 6, 7, 10, 7.5 ], "texture": "#texture3" },
				"south": { "uv": [ 6, 7, 10, 7.5 ], "texture": "#texture3" },
				"west": { "uv": [ 1, 7, 13, 7.5 ], "texture": "#texture3" },
				"east": { "uv": [ 3, 7, 15, 7.5 ], "texture": "#texture3" }
			}
		},
		{
			"__comment": "Box1",
			"from": [ 4, 9, 11.5 ],
			"to": [ 12, 11.5, 14 ],
			"faces": {
				"down": { "uv": [ 4, 2, 12, 4.5 ], "texture": "#texture3" },
				"up": { "uv": [ 4, 11.5, 12, 14 ], "texture": "#texture3" },
				"north": { "uv": [ 4, 4.5, 12, 7 ], "texture": "#texture3" },
				"south": { "uv": [ 4, 4.5, 12, 7 ], "texture": "#texture3" },
				"west": { "uv": [ 11.5, 4.5, 14, 7 ], "texture": "#texture3" },
				"east": { "uv": [ 2, 4.5, 4.5, 7 ], "texture": "#texture3" }
			}
		},
		{
			"__comment": "Box1",
			"from": [ 6.5, -2, 3.5 ],
			"to": [ 9.5, 1, 15 ],
			"faces": {
				"down": { "uv": [ 6.5, 1, 9.5, 12.5 ], "texture": "#texture" },
				"up": { "uv": [ 6.5, 3.5, 9.5, 15 ], "texture": "#texture" },
				"north": { "uv": [ 6.5, 15, 9.5, 16 ], "texture": "#texture" },
				"south": { "uv": [ 6.5, 15, 9.5, 16 ], "texture": "#texture" },
				"west": { "uv": [ 3.5, 15, 15, 16 ], "texture": "#texture" },
				"east": { "uv": [ 1, 15, 12.5, 16 ], "texture": "#texture" }
			}
		},
		{
			"__comment": "Box1",
			"from": [ 6, 2, 12.5 ],
			"to": [ 10, 11.5, 15 ],
			"faces": {
				"down": { "uv": [ 6, 1, 10, 3.5 ], "texture": "#texture3" },
				"up": { "uv": [ 6, 12.5, 10, 15 ], "texture": "#texture3" },
				"north": { "uv": [ 6, 4.5, 10, 14 ], "texture": "#texture3" },
				"south": { "uv": [ 6, 4.5, 10, 14 ], "texture": "#texture3" },
				"west": { "uv": [ 12.5, 4.5, 15, 14 ], "texture": "#texture3" },
				"east": { "uv": [ 1, 4.5, 3.5, 14 ], "texture": "#texture3" }
			}
		},
		{
			"__comment": "Box1",
			"from": [ 6, 12.5, 1 ],
			"to": [ 10, 13, 15 ],
			"faces": {
				"down": { "uv": [ 6, 1, 10, 15 ], "texture": "#texture3" },
				"up": { "uv": [ 6, 1, 10, 15 ], "texture": "#texture3" },
				"north": { "uv": [ 6, 3, 10, 3.5 ], "texture": "#texture3" },
				"south": { "uv": [ 6, 3, 10, 3.5 ], "texture": "#texture3" },
				"west": { "uv": [ 1, 3, 15, 3.5 ], "texture": "#texture3" },
				"east": { "uv": [ 1, 3, 15, 3.5 ], "texture": "#texture3" }
			}
		},
		{
			"__comment": "Box1",
			"from": [ 4, 12.5, 2 ],
			"to": [ 12, 13, 14 ],
			"faces": {
				"down": { "uv": [ 4, 2, 12, 14 ], "texture": "#texture3" },
				"up": { "uv": [ 4, 2, 12, 14 ], "texture": "#texture3" },
				"north": { "uv": [ 4, 3, 12, 3.5 ], "texture": "#texture3" },
				"south": { "uv": [ 4, 3, 12, 3.5 ], "texture": "#texture3" },
				"west": { "uv": [ 2, 3, 14, 3.5 ], "texture": "#texture3" },
				"east": { "uv": [ 2, 3, 14, 3.5 ], "texture": "#texture3" }
			}
		},
		{
			"__comment": "Box1",
			"from": [ 2, 12.5, 4 ],
			"to": [ 14, 13, 12 ],
			"faces": {
				"down": { "uv": [ 2, 4, 14, 12 ], "texture": "#texture3" },
				"up": { "uv": [ 2, 4, 14, 12 ], "texture": "#texture3" },
				"north": { "uv": [ 2, 3, 14, 3.5 ], "texture": "#texture3" },
				"south": { "uv": [ 2, 3, 14, 3.5 ], "texture": "#texture3" },
				"west": { "uv": [ 4, 3, 12, 3.5 ], "texture": "#texture3" },
				"east": { "uv": [ 4, 3, 12, 3.5 ], "texture": "#texture3" }
			}
		},
		{
			"__comment": "Box1",
			"from": [ 3, 12.5, 3 ],
			"to": [ 13, 13, 13 ],
			"faces": {
				"down": { "uv": [ 3, 3, 13, 13 ], "texture": "#texture3" },
				"up": { "uv": [ 3, 3, 13, 13 ], "texture": "#texture3" },
				"north": { "uv": [ 3, 3, 13, 3.5 ], "texture": "#texture3" },
				"south": { "uv": [ 3, 3, 13, 3.5 ], "texture": "#texture3" },
				"west": { "uv": [ 3, 3, 13, 3.5 ], "texture": "#texture3" },
				"east": { "uv": [ 3, 3, 13, 3.5 ], "texture": "#texture3" }
			}
		},
		{
			"__comment": "Box1",
			"from": [ 1, 12.5, 6 ],
			"to": [ 15, 13, 10 ],
			"faces": {
				"down": { "uv": [ 1, 6, 15, 10 ], "texture": "#texture3" },
				"up": { "uv": [ 1, 6, 15, 10 ], "texture": "#texture3" },
				"north": { "uv": [ 1, 3, 15, 3.5 ], "texture": "#texture3" },
				"south": { "uv": [ 1, 3, 15, 3.5 ], "texture": "#texture3" },
				"west": { "uv": [ 6, 3, 10, 3.5 ], "texture": "#texture3" },
				"east": { "uv": [ 6, 3, 10, 3.5 ], "texture": "#texture3" }
			}
		},
		{
			"__comment": "Box1",
			"from": [ 6, 14.5, 1 ],
			"to": [ 10, 18.5, 15 ],
			"faces": {
				"down": { "uv": [ 6, 1, 10, 15 ], "texture": "#texture3" },
				"up": { "uv": [ 6, 1, 10, 15 ], "texture": "#texture3" },
				"north": { "uv": [ 6, 0, 10, 1.5 ], "texture": "#texture3" },
				"south": { "uv": [ 6, 0, 10, 1.5 ], "texture": "#texture3" },
				"west": { "uv": [ 1, 0, 15, 1.5 ], "texture": "#texture3" },
				"east": { "uv": [ 1, 0, 15, 1.5 ], "texture": "#texture3" }
			}
		},
		{
			"__comment": "Box1",
			"from": [ 4, 14.5, 2 ],
			"to": [ 12, 18.5, 14 ],
			"faces": {
				"down": { "uv": [ 4, 2, 12, 14 ], "texture": "#texture3" },
				"up": { "uv": [ 4, 2, 12, 14 ], "texture": "#texture3" },
				"north": { "uv": [ 4, 0, 12, 1.5 ], "texture": "#texture3" },
				"south": { "uv": [ 4, 0, 12, 1.5 ], "texture": "#texture3" },
				"west": { "uv": [ 2, 0, 14, 1.5 ], "texture": "#texture3" },
				"east": { "uv": [ 2, 0, 14, 1.5 ], "texture": "#texture3" }
			}
		},
		{
			"__comment": "Box1",
			"from": [ 3, 14.5, 3 ],
			"to": [ 13, 18.5, 13 ],
			"faces": {
				"down": { "uv": [ 3, 3, 13, 13 ], "texture": "#texture3" },
				"up": { "uv": [ 3, 3, 13, 13 ], "texture": "#texture3" },
				"north": { "uv": [ 3, 0, 13, 1.5 ], "texture": "#texture3" },
				"south": { "uv": [ 3, 0, 13, 1.5 ], "texture": "#texture3" },
				"west": { "uv": [ 3, 0, 13, 1.5 ], "texture": "#texture3" },
				"east": { "uv": [ 3, 0, 13, 1.5 ], "texture": "#texture3" }
			}
		},
		{
			"__comment": "Box1",
			"from": [ 1, 14.5, 6 ],
			"to": [ 15, 18.5, 10 ],
			"faces": {
				"down": { "uv": [ 1, 6, 15, 10 ], "texture": "#texture3" },
				"up": { "uv": [ 1, 6, 15, 10 ], "texture": "#texture3" },
				"north": { "uv": [ 1, 0, 15, 1.5 ], "texture": "#texture3" },
				"south": { "uv": [ 1, 0, 15, 1.5 ], "texture": "#texture3" },
				"west": { "uv": [ 6, 0, 10, 1.5 ], "texture": "#texture3" },
				"east": { "uv": [ 6, 0, 10, 1.5 ], "texture": "#texture3" }
			}
		},
		{
			"__comment": "Box1",
			"from": [ 2, 14.5, 4 ],
			"to": [ 14, 18.5, 12 ],
			"faces": {
				"down": { "uv": [ 2, 4, 14, 12 ], "texture": "#texture3" },
				"up": { "uv": [ 2, 4, 14, 12 ], "texture": "#texture3" },
				"north": { "uv": [ 2, 0, 14, 1.5 ], "texture": "#texture3" },
				"south": { "uv": [ 2, 0, 14, 1.5 ], "texture": "#texture3" },
				"west": { "uv": [ 4, 0, 12, 1.5 ], "texture": "#texture3" },
				"east": { "uv": [ 4, 0, 12, 1.5 ], "texture": "#texture3" }
			}
		},
		{
			"__comment": "Box1",
			"from": [ 6, 18.5, 2 ],
			"to": [ 10, 21.5, 14 ],
			"faces": {
				"down": { "uv": [ 6, 2, 10, 14 ], "texture": "#texture3" },
				"up": { "uv": [ 6, 2, 10, 14 ], "texture": "#texture3" },
				"north": { "uv": [ 6, 10.5, 10, 13.5 ], "texture": "#texture3" },
				"south": { "uv": [ 6, 10.5, 10, 13.5 ], "texture": "#texture3" },
				"west": { "uv": [ 2, 10.5, 14, 13.5 ], "texture": "#texture3" },
				"east": { "uv": [ 2, 10.5, 14, 13.5 ], "texture": "#texture3" }
			}
		},
		{
			"__comment": "Box1",
			"from": [ 4, 18.5, 3 ],
			"to": [ 12, 21.5, 13 ],
			"faces": {
				"down": { "uv": [ 4, 3, 12, 13 ], "texture": "#texture3" },
				"up": { "uv": [ 4, 3, 12, 13 ], "texture": "#texture3" },
				"north": { "uv": [ 4, 10.5, 12, 13.5 ], "texture": "#texture3" },
				"south": { "uv": [ 4, 10.5, 12, 13.5 ], "texture": "#texture3" },
				"west": { "uv": [ 3, 10.5, 13, 13.5 ], "texture": "#texture3" },
				"east": { "uv": [ 3, 10.5, 13, 13.5 ], "texture": "#texture3" }
			}
		},
		{
			"__comment": "Box1",
			"from": [ 3, 18.5, 4 ],
			"to": [ 13, 21.5, 12 ],
			"faces": {
				"down": { "uv": [ 3, 4, 13, 12 ], "texture": "#texture3" },
				"up": { "uv": [ 3, 4, 13, 12 ], "texture": "#texture3" },
				"north": { "uv": [ 3, 10.5, 13, 13.5 ], "texture": "#texture3" },
				"south": { "uv": [ 3, 10.5, 13, 13.5 ], "texture": "#texture3" },
				"west": { "uv": [ 4, 10.5, 12, 13.5 ], "texture": "#texture3" },
				"east": { "uv": [ 4, 10.5, 12, 13.5 ], "texture": "#texture3" }
			}
		},
		{
			"__comment": "Box1",
			"from": [ 2, 18.5, 6 ],
			"to": [ 14, 21.5, 10 ],
			"faces": {
				"down": { "uv": [ 2, 6, 14, 10 ], "texture": "#texture3" },
				"up": { "uv": [ 2, 6, 14, 10 ], "texture": "#texture3" },
				"north": { "uv": [ 2, 10.5, 14, 13.5 ], "texture": "#texture3" },
				"south": { "uv": [ 2, 10.5, 14, 13.5 ], "texture": "#texture3" },
				"west": { "uv": [ 6, 10.5, 10, 13.5 ], "texture": "#texture3" },
				"east": { "uv": [ 6, 10.5, 10, 13.5 ], "texture": "#texture3" }
			}
		},
		{
			"__comment": "Box1",
			"from": [ 6, 21.5, 2 ],
			"to": [ 10, 22.5, 14 ],
			"faces": {
				"down": { "uv": [ 6, 2, 10, 14 ], "texture": "#particle" },
				"up": { "uv": [ 6, 2, 10, 14 ], "texture": "#particle" },
				"north": { "uv": [ 6, 9.5, 10, 10.5 ], "texture": "#particle" },
				"south": { "uv": [ 6, 9.5, 10, 10.5 ], "texture": "#particle" },
				"west": { "uv": [ 2, 9.5, 14, 10.5 ], "texture": "#particle" },
				"east": { "uv": [ 2, 9.5, 14, 10.5 ], "texture": "#particle" }
			}
		},
		{
			"__comment": "Box1",
			"from": [ 4, 21.5, 3 ],
			"to": [ 12, 22.5, 13 ],
			"faces": {
				"down": { "uv": [ 4, 3, 12, 13 ], "texture": "#particle" },
				"up": { "uv": [ 4, 3, 12, 13 ], "texture": "#particle" },
				"north": { "uv": [ 4, 9.5, 12, 10.5 ], "texture": "#particle" },
				"south": { "uv": [ 4, 9.5, 12, 10.5 ], "texture": "#particle" },
				"west": { "uv": [ 3, 9.5, 13, 10.5 ], "texture": "#particle" },
				"east": { "uv": [ 3, 9.5, 13, 10.5 ], "texture": "#particle" }
			}
		},
		{
			"__comment": "Box1",
			"from": [ 3, 21.5, 4 ],
			"to": [ 13, 22.5, 12 ],
			"faces": {
				"down": { "uv": [ 3, 4, 13, 12 ], "texture": "#particle" },
				"up": { "uv": [ 3, 4, 13, 12 ], "texture": "#particle" },
				"north": { "uv": [ 3, 9.5, 13, 10.5 ], "texture": "#particle" },
				"south": { "uv": [ 3, 9.5, 13, 10.5 ], "texture": "#particle" },
				"west": { "uv": [ 4, 9.5, 12, 10.5 ], "texture": "#particle" },
				"east": { "uv": [ 4, 9.5, 12, 10.5 ], "texture": "#particle" }
			}
		},
		{
			"__comment": "Box1",
			"from": [ 2, 21.5, 6 ],
			"to": [ 14, 22.5, 10 ],
			"faces": {
				"down": { "uv": [ 2, 6, 14, 10 ], "texture": "#particle" },
				"up": { "uv": [ 2, 6, 14, 10 ], "texture": "#particle" },
				"north": { "uv": [ 2, 9.5, 14, 10.5 ], "texture": "#particle" },
				"south": { "uv": [ 2, 9.5, 14, 10.5 ], "texture": "#particle" },
				"west": { "uv": [ 6, 9.5, 10, 10.5 ], "texture": "#particle" },
				"east": { "uv": [ 6, 9.5, 10, 10.5 ], "texture": "#particle" }
			}
		},
		{
			"__comment": "Box1",
			"from": [ 6, 13, 3 ],
			"to": [ 10, 14.5, 13 ],
			"faces": {
				"down": { "uv": [ 6, 3, 10, 13 ], "texture": "#texture" },
				"up": { "uv": [ 6, 3, 10, 13 ], "texture": "#texture" },
				"north": { "uv": [ 6, 1.5, 10, 3 ], "texture": "#texture" },
				"south": { "uv": [ 6, 1.5, 10, 3 ], "texture": "#texture" },
				"west": { "uv": [ 3, 1.5, 13, 3 ], "texture": "#texture" },
				"east": { "uv": [ 3, 1.5, 13, 3 ], "texture": "#texture" }
			}
		},
		{
			"__comment": "Box1",
			"from": [ 4, 13, 4 ],
			"to": [ 12, 14.5, 12 ],
			"faces": {
				"down": { "uv": [ 4, 4, 12, 12 ], "texture": "#texture" },
				"up": { "uv": [ 4, 4, 12, 12 ], "texture": "#texture" },
				"north": { "uv": [ 4, 1.5, 12, 3 ], "texture": "#texture" },
				"south": { "uv": [ 4, 1.5, 12, 3 ], "texture": "#texture" },
				"west": { "uv": [ 4, 1.5, 12, 3 ], "texture": "#texture" },
				"east": { "uv": [ 4, 1.5, 12, 3 ], "texture": "#texture" }
			}
		},
		{
			"__comment": "Box1",
			"from": [ 3, 13, 6 ],
			"to": [ 13, 14.5, 10 ],
			"faces": {
				"down": { "uv": [ 3, 6, 13, 10 ], "texture": "#texture" },
				"up": { "uv": [ 3, 6, 13, 10 ], "texture": "#texture" },
				"north": { "uv": [ 3, 1.5, 13, 3 ], "texture": "#texture" },
				"south": { "uv": [ 3, 1.5, 13, 3 ], "texture": "#texture" },
				"west": { "uv": [ 6, 1.5, 10, 3 ], "texture": "#texture" },
				"east": { "uv": [ 6, 1.5, 10, 3 ], "texture": "#texture" }
			}
		},
		{
			"__comment": "Box1",
			"from": [ 6.5, 13, 2.5 ],
			"to": [ 7, 14.5, 13.5 ],
			"faces": {
				"down": { "uv": [ 6.5, 2.5, 7, 13.5 ], "texture": "#texture3" },
				"up": { "uv": [ 6.5, 2.5, 7, 13.5 ], "texture": "#texture3" },
				"north": { "uv": [ 9, 1.5, 9.5, 3 ], "texture": "#texture3" },
				"south": { "uv": [ 6.5, 1.5, 7, 3 ], "texture": "#texture3" },
				"west": { "uv": [ 2.5, 1.5, 13.5, 3 ], "texture": "#texture3" },
				"east": { "uv": [ 2.5, 1.5, 13.5, 3 ], "texture": "#texture3" }
			}
		},
		{
			"__comment": "Box1",
			"from": [ 9, 13, 2.5 ],
			"to": [ 9.5, 14.5, 13.5 ],
			"faces": {
				"down": { "uv": [ 9, 2.5, 9.5, 13.5 ], "texture": "#texture3" },
				"up": { "uv": [ 9, 2.5, 9.5, 13.5 ], "texture": "#texture3" },
				"north": { "uv": [ 6.5, 1.5, 7, 3 ], "texture": "#texture3" },
				"south": { "uv": [ 9, 1.5, 9.5, 3 ], "texture": "#texture3" },
				"west": { "uv": [ 2.5, 1.5, 13.5, 3 ], "texture": "#texture3" },
				"east": { "uv": [ 2.5, 1.5, 13.5, 3 ], "texture": "#texture3" }
			}
		},
		{
			"__comment": "Box1",
			"from": [ 11, 13, 3.5 ],
			"to": [ 11.5, 14.5, 12.5 ],
			"faces": {
				"down": { "uv": [ 11, 3.5, 11.5, 12.5 ], "texture": "#texture3" },
				"up": { "uv": [ 11, 3.5, 11.5, 12.5 ], "texture": "#texture3" },
				"north": { "uv": [ 4.5, 1.5, 5, 3 ], "texture": "#texture3" },
				"south": { "uv": [ 11, 1.5, 11.5, 3 ], "texture": "#texture3" },
				"west": { "uv": [ 3.5, 1.5, 12.5, 3 ], "texture": "#texture3" },
				"east": { "uv": [ 3.5, 1.5, 12.5, 3 ], "texture": "#texture3" }
			}
		},
		{
			"__comment": "Box1",
			"from": [ 4.5, 13, 3.5 ],
			"to": [ 5, 14.5, 12.5 ],
			"faces": {
				"down": { "uv": [ 4.5, 3.5, 5, 12.5 ], "texture": "#texture3" },
				"up": { "uv": [ 4.5, 3.5, 5, 12.5 ], "texture": "#texture3" },
				"north": { "uv": [ 11, 1.5, 11.5, 3 ], "texture": "#texture3" },
				"south": { "uv": [ 4.5, 1.5, 5, 3 ], "texture": "#texture3" },
				"west": { "uv": [ 3.5, 1.5, 12.5, 3 ], "texture": "#texture3" },
				"east": { "uv": [ 3.5, 1.5, 12.5, 3 ], "texture": "#texture3" }
			}
		},
		{
			"__comment": "Box1",
			"from": [ 3.5, 13, 4.5 ],
			"to": [ 12.5, 17, 5 ],
			"faces": {
				"down": { "uv": [ 3.5, 11, 12.5, 11.5 ], "texture": "#texture3" },
				"up": { "uv": [ 3.5, 4.5, 12.5, 5 ], "texture": "#texture3" },
				"north": { "uv": [ 3.5, 0, 12.5, 3 ], "texture": "#texture3" },
				"south": { "uv": [ 3.5, 0, 12.5, 3 ], "texture": "#texture3" },
				"west": { "uv": [ 4.5, 0, 5, 3 ], "texture": "#texture3" },
				"east": { "uv": [ 11, 0, 11.5, 3 ], "texture": "#texture3" }
			}
		},
		{
			"__comment": "Box1",
			"from": [ 3.5, 13, 11 ],
			"to": [ 12.5, 17, 11.5 ],
			"faces": {
				"down": { "uv": [ 3.5, 4.5, 12.5, 5 ], "texture": "#texture3" },
				"up": { "uv": [ 3.5, 11, 12.5, 11.5 ], "texture": "#texture3" },
				"north": { "uv": [ 3.5, 0, 12.5, 3 ], "texture": "#texture3" },
				"south": { "uv": [ 3.5, 0, 12.5, 3 ], "texture": "#texture3" },
				"west": { "uv": [ 11, 0, 11.5, 3 ], "texture": "#texture3" },
				"east": { "uv": [ 4.5, 0, 5, 3 ], "texture": "#texture3" }
			}
		},
		{
			"__comment": "Box1",
			"from": [ 2.5, 13, 9 ],
			"to": [ 13.5, 17, 9.5 ],
			"faces": {
				"down": { "uv": [ 2.5, 6.5, 13.5, 7 ], "texture": "#texture3" },
				"up": { "uv": [ 2.5, 9, 13.5, 9.5 ], "texture": "#texture3" },
				"north": { "uv": [ 2.5, 0, 13.5, 3 ], "texture": "#texture3" },
				"south": { "uv": [ 2.5, 0, 13.5, 3 ], "texture": "#texture3" },
				"west": { "uv": [ 9, 0, 9.5, 3 ], "texture": "#texture3" },
				"east": { "uv": [ 6.5, 0, 7, 3 ], "texture": "#texture3" }
			}
		},
		{
			"__comment": "Box1",
			"from": [ 2.5, 13, 6.5 ],
			"to": [ 13.5, 17, 7 ],
			"faces": {
				"down": { "uv": [ 2.5, 9, 13.5, 9.5 ], "texture": "#texture3" },
				"up": { "uv": [ 2.5, 6.5, 13.5, 7 ], "texture": "#texture3" },
				"north": { "uv": [ 2.5, 0, 13.5, 3 ], "texture": "#texture3" },
				"south": { "uv": [ 2.5, 0, 13.5, 3 ], "texture": "#texture3" },
				"west": { "uv": [ 6.5, 0, 7, 3 ], "texture": "#texture3" },
				"east": { "uv": [ 9, 0, 9.5, 3 ], "texture": "#texture3" }
			}
		},
		{
			"__comment": "Box1",
			"from": [ 7.5, 19, 1 ],
			"to": [ 8.5, 20, 12 ],
			"faces": {
				"down": { "uv": [ 7.5, 4, 8.5, 15 ], "texture": "#texture2" },
				"up": { "uv": [ 7.5, 1, 8.5, 12 ], "texture": "#texture2" },
				"north": { "uv": [ 7.5, 12, 8.5, 13 ], "texture": "#texture2" },
				"south": { "uv": [ 7.5, 12, 8.5, 13 ], "texture": "#texture2" },
				"west": { "uv": [ 1, 12, 12, 13 ], "texture": "#texture2" },
				"east": { "uv": [ 4, 12, 15, 13 ], "texture": "#texture2" }
			}
		},
		{
			"__comment": "Box1",
			"from": [ 10.5, 19, 2 ],
			"to": [ 11.5, 20, 7.5 ],
			"faces": {
				"down": { "uv": [ 10.5, 8.5, 11.5, 14 ], "texture": "#texture2" },
				"up": { "uv": [ 10.5, 2, 11.5, 7.5 ], "texture": "#texture2" },
				"north": { "uv": [ 4.5, 12, 5.5, 13 ], "texture": "#texture2" },
				"south": { "uv": [ 10.5, 12, 11.5, 13 ], "texture": "#texture2" },
				"west": { "uv": [ 2, 12, 7.5, 13 ], "texture": "#texture2" },
				"east": { "uv": [ 8.5, 12, 14, 13 ], "texture": "#texture2" }
			}
		},
		{
			"__comment": "Box1",
			"from": [ 4.5, 19, 2 ],
			"to": [ 5.5, 20, 10.5 ],
			"faces": {
				"down": { "uv": [ 4.5, 5.5, 5.5, 14 ], "texture": "#texture2" },
				"up": { "uv": [ 4.5, 2, 5.5, 10.5 ], "texture": "#texture2" },
				"north": { "uv": [ 10.5, 12, 11.5, 13 ], "texture": "#texture2" },
				"south": { "uv": [ 4.5, 12, 5.5, 13 ], "texture": "#texture2" },
				"west": { "uv": [ 2, 12, 10.5, 13 ], "texture": "#texture2" },
				"east": { "uv": [ 5.5, 12, 14, 13 ], "texture": "#texture2" }
			}
		},
		{
			"__comment": "Box1",
			"from": [ 8.5, 19, 1 ],
			"to": [ 9, 20, 1.5 ],
			"faces": {
				"down": { "uv": [ 8.5, 14.5, 9, 15 ], "texture": "#texture" },
				"up": { "uv": [ 8.5, 1, 9, 1.5 ], "texture": "#texture" },
				"north": { "uv": [ 7, 12, 7.5, 13 ], "texture": "#texture" },
				"south": { "uv": [ 8.5, 12, 9, 13 ], "texture": "#texture" },
				"west": { "uv": [ 1, 12, 1.5, 13 ], "texture": "#texture" },
				"east": { "uv": [ 14.5, 12, 15, 13 ], "texture": "#texture" }
			}
		},
		{
			"__comment": "Box1",
			"from": [ 7, 19, 1 ],
			"to": [ 7.5, 20, 1.5 ],
			"faces": {
				"down": { "uv": [ 7, 14.5, 7.5, 15 ], "texture": "#texture" },
				"up": { "uv": [ 7, 1, 7.5, 1.5 ], "texture": "#texture" },
				"north": { "uv": [ 8.5, 12, 9, 13 ], "texture": "#texture" },
				"south": { "uv": [ 7, 12, 7.5, 13 ], "texture": "#texture" },
				"west": { "uv": [ 1, 12, 1.5, 13 ], "texture": "#texture" },
				"east": { "uv": [ 14.5, 12, 15, 13 ], "texture": "#texture" }
			}
		},
		{
			"__comment": "Box1",
			"from": [ 7.5, 20, 1 ],
			"to": [ 8.5, 20.5, 1.5 ],
			"faces": {
				"down": { "uv": [ 7.5, 14.5, 8.5, 15 ], "texture": "#texture" },
				"up": { "uv": [ 7.5, 1, 8.5, 1.5 ], "texture": "#texture" },
				"north": { "uv": [ 7.5, 11.5, 8.5, 12 ], "texture": "#texture" },
				"south": { "uv": [ 7.5, 11.5, 8.5, 12 ], "texture": "#texture" },
				"west": { "uv": [ 1, 11.5, 1.5, 12 ], "texture": "#texture" },
				"east": { "uv": [ 14.5, 11.5, 15, 12 ], "texture": "#texture" }
			}
		},
		{
			"__comment": "Box1",
			"from": [ 7.5, 18.5, 1 ],
			"to": [ 8.5, 19, 1.5 ],
			"faces": {
				"down": { "uv": [ 7.5, 14.5, 8.5, 15 ], "texture": "#texture" },
				"up": { "uv": [ 7.5, 1, 8.5, 1.5 ], "texture": "#texture" },
				"north": { "uv": [ 7.5, 13, 8.5, 13.5 ], "texture": "#texture" },
				"south": { "uv": [ 7.5, 13, 8.5, 13.5 ], "texture": "#texture" },
				"west": { "uv": [ 1, 13, 1.5, 13.5 ], "texture": "#texture" },
				"east": { "uv": [ 14.5, 13, 15, 13.5 ], "texture": "#texture" }
			}
		},
		{
			"__comment": "Box1",
			"from": [ 10.5, 18.5, 2 ],
			"to": [ 11.5, 19, 2.5 ],
			"faces": {
				"down": { "uv": [ 10.5, 13.5, 11.5, 14 ], "texture": "#texture" },
				"up": { "uv": [ 10.5, 2, 11.5, 2.5 ], "texture": "#texture" },
				"north": { "uv": [ 4.5, 13, 5.5, 13.5 ], "texture": "#texture" },
				"south": { "uv": [ 10.5, 13, 11.5, 13.5 ], "texture": "#texture" },
				"west": { "uv": [ 2, 13, 2.5, 13.5 ], "texture": "#texture" },
				"east": { "uv": [ 13.5, 13, 14, 13.5 ], "texture": "#texture" }
			}
		},
		{
			"__comment": "Box1",
			"from": [ 10, 19, 2 ],
			"to": [ 10.5, 20, 2.5 ],
			"faces": {
				"down": { "uv": [ 10, 13.5, 10.5, 14 ], "texture": "#texture" },
				"up": { "uv": [ 10, 2, 10.5, 2.5 ], "texture": "#texture" },
				"north": { "uv": [ 5.5, 12, 6, 13 ], "texture": "#texture" },
				"south": { "uv": [ 10, 12, 10.5, 13 ], "texture": "#texture" },
				"west": { "uv": [ 2, 12, 2.5, 13 ], "texture": "#texture" },
				"east": { "uv": [ 13.5, 12, 14, 13 ], "texture": "#texture" }
			}
		},
		{
			"__comment": "Box1",
			"from": [ 10.5, 20, 2 ],
			"to": [ 11.5, 20.5, 2.5 ],
			"faces": {
				"down": { "uv": [ 10.5, 13.5, 11.5, 14 ], "texture": "#texture" },
				"up": { "uv": [ 10.5, 2, 11.5, 2.5 ], "texture": "#texture" },
				"north": { "uv": [ 4.5, 11.5, 5.5, 12 ], "texture": "#texture" },
				"south": { "uv": [ 10.5, 11.5, 11.5, 12 ], "texture": "#texture" },
				"west": { "uv": [ 2, 11.5, 2.5, 12 ], "texture": "#texture" },
				"east": { "uv": [ 13.5, 11.5, 14, 12 ], "texture": "#texture" }
			}
		},
		{
			"__comment": "Box1",
			"from": [ 11.5, 19, 2 ],
			"to": [ 12, 20, 2.5 ],
			"faces": {
				"down": { "uv": [ 11.5, 13.5, 12, 14 ], "texture": "#texture" },
				"up": { "uv": [ 11.5, 2, 12, 2.5 ], "texture": "#texture" },
				"north": { "uv": [ 4, 12, 4.5, 13 ], "texture": "#texture" },
				"south": { "uv": [ 11.5, 12, 12, 13 ], "texture": "#texture" },
				"west": { "uv": [ 2, 12, 2.5, 13 ], "texture": "#texture" },
				"east": { "uv": [ 13.5, 12, 14, 13 ], "texture": "#texture" }
			}
		},
		{
			"__comment": "Box1",
			"from": [ 4.5, 18.5, 2 ],
			"to": [ 5.5, 19, 2.5 ],
			"faces": {
				"down": { "uv": [ 4.5, 13.5, 5.5, 14 ], "texture": "#texture" },
				"up": { "uv": [ 4.5, 2, 5.5, 2.5 ], "texture": "#texture" },
				"north": { "uv": [ 10.5, 13, 11.5, 13.5 ], "texture": "#texture" },
				"south": { "uv": [ 4.5, 13, 5.5, 13.5 ], "texture": "#texture" },
				"west": { "uv": [ 2, 13, 2.5, 13.5 ], "texture": "#texture" },
				"east": { "uv": [ 13.5, 13, 14, 13.5 ], "texture": "#texture" }
			}
		},
		{
			"__comment": "Box1",
			"from": [ 4, 19, 2 ],
			"to": [ 4.5, 20, 2.5 ],
			"faces": {
				"down": { "uv": [ 4, 13.5, 4.5, 14 ], "texture": "#texture" },
				"up": { "uv": [ 4, 2, 4.5, 2.5 ], "texture": "#texture" },
				"north": { "uv": [ 11.5, 12, 12, 13 ], "texture": "#texture" },
				"south": { "uv": [ 4, 12, 4.5, 13 ], "texture": "#texture" },
				"west": { "uv": [ 2, 12, 2.5, 13 ], "texture": "#texture" },
				"east": { "uv": [ 13.5, 12, 14, 13 ], "texture": "#texture" }
			}
		},
		{
			"__comment": "Box1",
			"from": [ 4.5, 20, 2 ],
			"to": [ 5.5, 20.5, 2.5 ],
			"faces": {
				"down": { "uv": [ 4.5, 13.5, 5.5, 14 ], "texture": "#texture" },
				"up": { "uv": [ 4.5, 2, 5.5, 2.5 ], "texture": "#texture" },
				"north": { "uv": [ 10.5, 11.5, 11.5, 12 ], "texture": "#texture" },
				"south": { "uv": [ 4.5, 11.5, 5.5, 12 ], "texture": "#texture" },
				"west": { "uv": [ 2, 11.5, 2.5, 12 ], "texture": "#texture" },
				"east": { "uv": [ 13.5, 11.5, 14, 12 ], "texture": "#texture" }
			}
		},
		{
			"__comment": "Box1",
			"from": [ 5.5, 19, 2 ],
			"to": [ 6, 20, 2.5 ],
			"faces": {
				"down": { "uv": [ 5.5, 13.5, 6, 14 ], "texture": "#texture" },
				"up": { "uv": [ 5.5, 2, 6, 2.5 ], "texture": "#texture" },
				"north": { "uv": [ 10, 12, 10.5, 13 ], "texture": "#texture" },
				"south": { "uv": [ 5.5, 12, 6, 13 ], "texture": "#texture" },
				"west": { "uv": [ 2, 12, 2.5, 13 ], "texture": "#texture" },
				"east": { "uv": [ 13.5, 12, 14, 13 ], "texture": "#texture" }
			}
		},
		{
			"__comment": "Box1",
			"from": [ 7.5, 17, 0.5 ],
			"to": [ 8, 17.5, 1 ],
			"faces": {
				"down": { "uv": [ 7.5, 15, 8, 15.5 ], "texture": "#texture" },
				"up": { "uv": [ 7.5, 0.5, 8, 1 ], "texture": "#texture" },
				"north": { "uv": [ 8, 14.5, 8.5, 15 ], "texture": "#texture" },
				"south": { "uv": [ 7.5, 14.5, 8, 15 ], "texture": "#texture" },
				"west": { "uv": [ 0.5, 14.5, 1, 15 ], "texture": "#texture" },
				"east": { "uv": [ 15, 14.5, 15.5, 15 ], "texture": "#texture" }
			}
		},
		{
			"__comment": "Box1",
			"from": [ 10.5, 17, 1.5 ],
			"to": [ 11, 17.5, 2 ],
			"faces": {
				"down": { "uv": [ 10.5, 14, 11, 14.5 ], "texture": "#texture" },
				"up": { "uv": [ 10.5, 1.5, 11, 2 ], "texture": "#texture" },
				"north": { "uv": [ 5, 14.5, 5.5, 15 ], "texture": "#texture" },
				"south": { "uv": [ 10.5, 14.5, 11, 15 ], "texture": "#texture" },
				"west": { "uv": [ 1.5, 14.5, 2, 15 ], "texture": "#texture" },
				"east": { "uv": [ 14, 14.5, 14.5, 15 ], "texture": "#texture" }
			}
		},
		{
			"__comment": "Box1",
			"from": [ 4.5, 20.5, 2.5 ],
			"to": [ 5, 21, 3 ],
			"faces": {
				"down": { "uv": [ 4.5, 13, 5, 13.5 ], "texture": "#texture" },
				"up": { "uv": [ 4.5, 2.5, 5, 3 ], "texture": "#texture" },
				"north": { "uv": [ 11, 11, 11.5, 11.5 ], "texture": "#texture" },
				"south": { "uv": [ 4.5, 11, 5, 11.5 ], "texture": "#texture" },
				"west": { "uv": [ 2.5, 11, 3, 11.5 ], "texture": "#texture" },
				"east": { "uv": [ 13, 11, 13.5, 11.5 ], "texture": "#texture" }
			}
		},
		{
			"__comment": "Box1",
			"from": [ 6, 16.5, 0.5 ],
			"to": [ 6.5, 17, 1 ],
			"faces": {
				"down": { "uv": [ 6, 15, 6.5, 15.5 ], "texture": "#texture" },
				"up": { "uv": [ 6, 0.5, 6.5, 1 ], "texture": "#texture" },
				"north": { "uv": [ 9.5, 15, 10, 15.5 ], "texture": "#texture" },
				"south": { "uv": [ 6, 15, 6.5, 15.5 ], "texture": "#texture" },
				"west": { "uv": [ 0.5, 15, 1, 15.5 ], "texture": "#texture" },
				"east": { "uv": [ 15, 15, 15.5, 15.5 ], "texture": "#texture" }
			}
		},
		{
			"__comment": "Box1",
			"from": [ 6, 15.5, 0.5 ],
			"to": [ 6.5, 16, 1 ],
			"faces": {
				"down": { "uv": [ 6, 15, 6.5, 15.5 ], "texture": "#texture" },
				"up": { "uv": [ 6, 0.5, 6.5, 1 ], "texture": "#texture" },
				"north": { "uv": [ 9.5, 0, 10, 0.5 ], "texture": "#texture" },
				"south": { "uv": [ 6, 0, 6.5, 0.5 ], "texture": "#texture" },
				"west": { "uv": [ 0.5, 0, 1, 0.5 ], "texture": "#texture" },
				"east": { "uv": [ 15, 0, 15.5, 0.5 ], "texture": "#texture" }
			}
		},
		{
			"__comment": "Box1",
			"from": [ 6, 22.5, 3 ],
			"to": [ 10, 23, 13 ],
			"faces": {
				"down": { "uv": [ 6, 3, 10, 13 ], "texture": "#texture3" },
				"up": { "uv": [ 6, 3, 10, 13 ], "texture": "#texture3" },
				"north": { "uv": [ 6, 9, 10, 9.5 ], "texture": "#texture3" },
				"south": { "uv": [ 6, 9, 10, 9.5 ], "texture": "#texture3" },
				"west": { "uv": [ 3, 9, 13, 9.5 ], "texture": "#texture3" },
				"east": { "uv": [ 3, 9, 13, 9.5 ], "texture": "#texture3" }
			}
		},
		{
			"__comment": "Box1",
			"from": [ 4, 22.5, 4 ],
			"to": [ 12, 23, 12 ],
			"faces": {
				"down": { "uv": [ 4, 4, 12, 12 ], "texture": "#texture3" },
				"up": { "uv": [ 4, 4, 12, 12 ], "texture": "#texture3" },
				"north": { "uv": [ 4, 9, 12, 9.5 ], "texture": "#texture3" },
				"south": { "uv": [ 4, 9, 12, 9.5 ], "texture": "#texture3" },
				"west": { "uv": [ 4, 9, 12, 9.5 ], "texture": "#texture3" },
				"east": { "uv": [ 4, 9, 12, 9.5 ], "texture": "#texture3" }
			}
		},
		{
			"__comment": "Box1",
			"from": [ 3, 22.5, 6 ],
			"to": [ 13, 23, 10 ],
			"faces": {
				"down": { "uv": [ 3, 6, 13, 10 ], "texture": "#texture3" },
				"up": { "uv": [ 3, 6, 13, 10 ], "texture": "#texture3" },
				"north": { "uv": [ 3, 9, 13, 9.5 ], "texture": "#texture3" },
				"south": { "uv": [ 3, 9, 13, 9.5 ], "texture": "#texture3" },
				"west": { "uv": [ 6, 9, 10, 9.5 ], "texture": "#texture3" },
				"east": { "uv": [ 6, 9, 10, 9.5 ], "texture": "#texture3" }
			}
		},
		{
			"__comment": "Box1",
			"from": [ 6.5, 23, 6 ],
			"to": [ 9.5, 23.5, 10 ],
			"faces": {
				"down": { "uv": [ 6.5, 6, 9.5, 10 ], "texture": "#texture3" },
				"up": { "uv": [ 6.5, 6, 9.5, 10 ], "texture": "#texture3" },
				"north": { "uv": [ 6.5, 8.5, 9.5, 9 ], "texture": "#texture3" },
				"south": { "uv": [ 6.5, 8.5, 9.5, 9 ], "texture": "#texture3" },
				"west": { "uv": [ 6, 8.5, 10, 9 ], "texture": "#texture3" },
				"east": { "uv": [ 6, 8.5, 10, 9 ], "texture": "#texture3" }
			}
		},
		{
			"__comment": "Box1",
			"from": [ 6, 23, 6.5 ],
			"to": [ 10, 23.5, 9.5 ],
			"faces": {
				"down": { "uv": [ 6, 6.5, 10, 9.5 ], "texture": "#texture3" },
				"up": { "uv": [ 6, 6.5, 10, 9.5 ], "texture": "#texture3" },
				"north": { "uv": [ 6, 8.5, 10, 9 ], "texture": "#texture3" },
				"south": { "uv": [ 6, 8.5, 10, 9 ], "texture": "#texture3" },
				"west": { "uv": [ 6.5, 8.5, 9.5, 9 ], "texture": "#texture3" },
				"east": { "uv": [ 6.5, 8.5, 9.5, 9 ], "texture": "#texture3" }
			}
		},
		{
			"__comment": "Box1",
			"from": [ 12, 23, 8 ],
			"to": [ 12.5, 29.5, 8.5 ],
			"faces": {
				"down": { "uv": [ 12, 7.5, 12.5, 8 ], "texture": "#texture" },
				"up": { "uv": [ 12, 8, 12.5, 8.5 ], "texture": "#texture" },
				"north": { "uv": [ 3.5, 2.5, 4, 9 ], "texture": "#texture" },
				"south": { "uv": [ 12, 2.5, 12.5, 9 ], "texture": "#texture" },
				"west": { "uv": [ 8, 2.5, 8.5, 9 ], "texture": "#texture" },
				"east": { "uv": [ 7.5, 2.5, 8, 9 ], "texture": "#texture" }
			}
		},
		{
			"__comment": "Box1",
			"from": [ 2, -2.5, 4 ],
			"to": [ 14, -0.5, 12 ],
			"faces": {
				"down": { "uv": [ 2, 4, 14, 12 ], "texture": "#texture3" },
				"up": { "uv": [ 2, 4, 14, 12 ], "texture": "#texture3" },
				"north": { "uv": [ 2, 0.5, 14, 2.5 ], "texture": "#texture3" },
				"south": { "uv": [ 2, 0.5, 14, 2.5 ], "texture": "#texture3" },
				"west": { "uv": [ 4, 0.5, 12, 2.5 ], "texture": "#texture3" },
				"east": { "uv": [ 4, 0.5, 12, 2.5 ], "texture": "#texture3" }
			}
		},
		{
			"__comment": "Box1",
			"from": [ 2, 9.5, 4 ],
			"to": [ 14, 11.5, 12 ],
			"faces": {
				"down": { "uv": [ 2, 4, 14, 12 ], "texture": "#texture3" },
				"up": { "uv": [ 2, 4, 14, 12 ], "texture": "#texture3" },
				"north": { "uv": [ 2, 4.5, 14, 6.5 ], "texture": "#texture3" },
				"south": { "uv": [ 2, 4.5, 14, 6.5 ], "texture": "#texture3" },
				"west": { "uv": [ 4, 4.5, 12, 6.5 ], "texture": "#texture3" },
				"east": { "uv": [ 4, 4.5, 12, 6.5 ], "texture": "#texture3" }
			}
		}
	],
	"display": {
		"thirdperson_righthand": {
			"rotation":  [ 90, 11, 0 ],
			"translation":  [ 0, 2.0868, 3 ],
			"scale":  [ 0.3, 0.3, 0.3 ]
		},
		"thirdperson_lefthand": {
			"rotation":  [ 90, 11, 0 ],
			"translation":  [ 0, 2.0868, 3 ],
			"scale":  [ 0.3, 0.3, 0.3 ]
		},
		"firstperson_righthand": {
			"rotation":  [ 0, 141, 0 ],
			"translation":  [ -2.086, 6, 0 ],
			"scale":  [ 0.3, 0.3, 0.3 ]
		},
		"firstperson_lefthand": {
			"rotation":  [ 0, 141, 0 ],
			"translation":  [ -2.086, 6, 0 ],
			"scale":  [ 0.3, 0.3, 0.3 ]
		},
		"gui": {
			"rotation":  [ 0, 163, 0 ],
			"translation":  [ 0, 0, 2 ],
			"scale":  [ 0.5, 0.5, 0.5 ]
		},
		"head": {
			"rotation":  [ 0, 2, 0 ],
			"translation":  [ 0, -26.42, 0 ],
			"scale":  [ 1.2, 1.2, 1.2 ]
		},
		"ground": {
			"translation":  [ 0, 6, 0 ],
			"scale":  [ 0.4, 0.4, 0.4 ]
		},
		"fixed": {
			"translation":  [ 0, 0, -2.782 ],
			"scale":  [ 0.7, 0.7, 0.7 ]
		}
	}
}
