{
	"__comment": "Designed by Mouskegamer with Cubik Studio - https://cubik.studio",
	"textures": {
		"particle": "block/pink_wool",
		"texture": "block/stone_slab_top",
		"texture2": "block/black_wool",
		"texture3": "block/quartz_block_bottom",
		"texture1": "block/quartz_block_bottom"
	},
	"elements": [ 	 
		{
			"__comment": "Box1",
			"from": [ 6, 12.5, 1 ],
			"to": [ 10, 13, 15 ],
			"faces": {
				"down": { "uv": [ 6, 1, 10, 15 ], "texture": "#texture3" },
				"up": { "uv": [ 6, 1, 10, 15 ], "texture": "#texture3" },
				"north": { "uv": [ 6, 3, 10, 3.5 ], "texture": "#texture3" },
				"south": { "uv": [ 6, 3, 10, 3.5 ], "texture": "#texture3" },
				"west": { "uv": [ 1, 3, 15, 3.5 ], "texture": "#texture3" },
				"east": { "uv": [ 1, 3, 15, 3.5 ], "texture": "#texture3" }
			}
		},
		{
			"__comment": "Box1",
			"from": [ 4, 12.5, 2 ],
			"to": [ 12, 13, 14 ],
			"faces": {
				"down": { "uv": [ 4, 2, 12, 14 ], "texture": "#texture3" },
				"up": { "uv": [ 4, 2, 12, 14 ], "texture": "#texture3" },
				"north": { "uv": [ 4, 3, 12, 3.5 ], "texture": "#texture3" },
				"south": { "uv": [ 4, 3, 12, 3.5 ], "texture": "#texture3" },
				"west": { "uv": [ 2, 3, 14, 3.5 ], "texture": "#texture3" },
				"east": { "uv": [ 2, 3, 14, 3.5 ], "texture": "#texture3" }
			}
		},
		{
			"__comment": "Box1",
			"from": [ 2, 12.5, 4 ],
			"to": [ 14, 13, 12 ],
			"faces": {
				"down": { "uv": [ 2, 4, 14, 12 ], "texture": "#texture3" },
				"up": { "uv": [ 2, 4, 14, 12 ], "texture": "#texture3" },
				"north": { "uv": [ 2, 3, 14, 3.5 ], "texture": "#texture3" },
				"south": { "uv": [ 2, 3, 14, 3.5 ], "texture": "#texture3" },
				"west": { "uv": [ 4, 3, 12, 3.5 ], "texture": "#texture3" },
				"east": { "uv": [ 4, 3, 12, 3.5 ], "texture": "#texture3" }
			}
		},
		{
			"__comment": "Box1",
			"from": [ 3, 12.5, 3 ],
			"to": [ 13, 13, 13 ],
			"faces": {
				"down": { "uv": [ 3, 3, 13, 13 ], "texture": "#texture3" },
				"up": { "uv": [ 3, 3, 13, 13 ], "texture": "#texture3" },
				"north": { "uv": [ 3, 3, 13, 3.5 ], "texture": "#texture3" },
				"south": { "uv": [ 3, 3, 13, 3.5 ], "texture": "#texture3" },
				"west": { "uv": [ 3, 3, 13, 3.5 ], "texture": "#texture3" },
				"east": { "uv": [ 3, 3, 13, 3.5 ], "texture": "#texture3" }
			}
		},
		{
			"__comment": "Box1",
			"from": [ 1, 12.5, 6 ],
			"to": [ 15, 13, 10 ],
			"faces": {
				"down": { "uv": [ 1, 6, 15, 10 ], "texture": "#texture3" },
				"up": { "uv": [ 1, 6, 15, 10 ], "texture": "#texture3" },
				"north": { "uv": [ 1, 3, 15, 3.5 ], "texture": "#texture3" },
				"south": { "uv": [ 1, 3, 15, 3.5 ], "texture": "#texture3" },
				"west": { "uv": [ 6, 3, 10, 3.5 ], "texture": "#texture3" },
				"east": { "uv": [ 6, 3, 10, 3.5 ], "texture": "#texture3" }
			}
		},
		{
			"__comment": "Box1",
			"from": [ 6, 14.5, 1 ],
			"to": [ 10, 15, 15 ],
			"faces": {
				"down": { "uv": [ 6, 1, 10, 15 ], "texture": "#texture3" },
				"up": { "uv": [ 6, 1, 10, 15 ], "texture": "#texture3" },
				"north": { "uv": [ 6, 1, 10, 1.5 ], "texture": "#texture3" },
				"south": { "uv": [ 6, 1, 10, 1.5 ], "texture": "#texture3" },
				"west": { "uv": [ 1, 1, 15, 1.5 ], "texture": "#texture3" },
				"east": { "uv": [ 1, 1, 15, 1.5 ], "texture": "#texture3" }
			}
		},
		{
			"__comment": "Box1",
			"from": [ 4, 14.5, 2 ],
			"to": [ 12, 15, 14 ],
			"faces": {
				"down": { "uv": [ 4, 2, 12, 14 ], "texture": "#texture3" },
				"up": { "uv": [ 4, 2, 12, 14 ], "texture": "#texture3" },
				"north": { "uv": [ 4, 1, 12, 1.5 ], "texture": "#texture3" },
				"south": { "uv": [ 4, 1, 12, 1.5 ], "texture": "#texture3" },
				"west": { "uv": [ 2, 1, 14, 1.5 ], "texture": "#texture3" },
				"east": { "uv": [ 2, 1, 14, 1.5 ], "texture": "#texture3" }
			}
		},
		{
			"__comment": "Box1",
			"from": [ 3, 14.5, 3 ],
			"to": [ 13, 15, 13 ],
			"faces": {
				"down": { "uv": [ 3, 3, 13, 13 ], "texture": "#texture3" },
				"up": { "uv": [ 3, 3, 13, 13 ], "texture": "#texture3" },
				"north": { "uv": [ 3, 1, 13, 1.5 ], "texture": "#texture3" },
				"south": { "uv": [ 3, 1, 13, 1.5 ], "texture": "#texture3" },
				"west": { "uv": [ 3, 1, 13, 1.5 ], "texture": "#texture3" },
				"east": { "uv": [ 3, 1, 13, 1.5 ], "texture": "#texture3" }
			}
		},
		{
			"__comment": "Box1",
			"from": [ 1, 14.5, 6 ],
			"to": [ 15, 15, 10 ],
			"faces": {
				"down": { "uv": [ 1, 6, 15, 10 ], "texture": "#texture3" },
				"up": { "uv": [ 1, 6, 15, 10 ], "texture": "#texture3" },
				"north": { "uv": [ 1, 1, 15, 1.5 ], "texture": "#texture3" },
				"south": { "uv": [ 1, 1, 15, 1.5 ], "texture": "#texture3" },
				"west": { "uv": [ 6, 1, 10, 1.5 ], "texture": "#texture3" },
				"east": { "uv": [ 6, 1, 10, 1.5 ], "texture": "#texture3" }
			}
		},
		{
			"__comment": "Box1",
			"from": [ 2, 14.5, 4 ],
			"to": [ 14, 15, 12 ],
			"faces": {
				"down": { "uv": [ 2, 4, 14, 12 ], "texture": "#texture3" },
				"up": { "uv": [ 2, 4, 14, 12 ], "texture": "#texture3" },
				"north": { "uv": [ 2, 1, 14, 1.5 ], "texture": "#texture3" },
				"south": { "uv": [ 2, 1, 14, 1.5 ], "texture": "#texture3" },
				"west": { "uv": [ 4, 1, 12, 1.5 ], "texture": "#texture3" },
				"east": { "uv": [ 4, 1, 12, 1.5 ], "texture": "#texture3" }
			}
		},
		{
			"__comment": "Box1",
			"from": [ 6, 18.5, 2 ],
			"to": [ 10, 22, 14 ],
			"faces": {
				"down": { "uv": [ 6, 2, 10, 14 ], "texture": "#texture3" },
				"up": { "uv": [ 6, 2, 10, 14 ], "texture": "#texture3" },
				"north": { "uv": [ 6, 10, 10, 13.5 ], "texture": "#texture3" },
				"south": { "uv": [ 6, 10, 10, 13.5 ], "texture": "#texture3" },
				"west": { "uv": [ 2, 10, 14, 13.5 ], "texture": "#texture3" },
				"east": { "uv": [ 2, 10, 14, 13.5 ], "texture": "#texture3" }
			}
		},
		{
			"__comment": "Box1",
			"from": [ 4, 18.5, 3 ],
			"to": [ 12, 22, 13 ],
			"faces": {
				"down": { "uv": [ 4, 3, 12, 13 ], "texture": "#texture3" },
				"up": { "uv": [ 4, 3, 12, 13 ], "texture": "#texture3" },
				"north": { "uv": [ 4, 10, 12, 13.5 ], "texture": "#texture3" },
				"south": { "uv": [ 4, 10, 12, 13.5 ], "texture": "#texture3" },
				"west": { "uv": [ 3, 10, 13, 13.5 ], "texture": "#texture3" },
				"east": { "uv": [ 3, 10, 13, 13.5 ], "texture": "#texture3" }
			}
		},
		{
			"__comment": "Box1",
			"from": [ 3, 18.5, 4 ],
			"to": [ 13, 22, 12 ],
			"faces": {
				"down": { "uv": [ 3, 4, 13, 12 ], "texture": "#texture3" },
				"up": { "uv": [ 3, 4, 13, 12 ], "texture": "#texture3" },
				"north": { "uv": [ 3, 10, 13, 13.5 ], "texture": "#texture3" },
				"south": { "uv": [ 3, 10, 13, 13.5 ], "texture": "#texture3" },
				"west": { "uv": [ 4, 10, 12, 13.5 ], "texture": "#texture3" },
				"east": { "uv": [ 4, 10, 12, 13.5 ], "texture": "#texture3" }
			}
		},
		{
			"__comment": "Box1",
			"from": [ 2, 18.5, 6 ],
			"to": [ 14, 22, 10 ],
			"faces": {
				"down": { "uv": [ 2, 6, 14, 10 ], "texture": "#texture3" },
				"up": { "uv": [ 2, 6, 14, 10 ], "texture": "#texture3" },
				"north": { "uv": [ 2, 10, 14, 13.5 ], "texture": "#texture3" },
				"south": { "uv": [ 2, 10, 14, 13.5 ], "texture": "#texture3" },
				"west": { "uv": [ 6, 10, 10, 13.5 ], "texture": "#texture3" },
				"east": { "uv": [ 6, 10, 10, 13.5 ], "texture": "#texture3" }
			}
		},
		{
			"__comment": "Box1",
			"from": [ 6, 13, 3 ],
			"to": [ 10, 14.5, 13 ],
			"faces": {
				"down": { "uv": [ 6, 3, 10, 13 ], "texture": "#texture" },
				"up": { "uv": [ 6, 3, 10, 13 ], "texture": "#texture" },
				"north": { "uv": [ 6, 1.5, 10, 3 ], "texture": "#texture" },
				"south": { "uv": [ 6, 1.5, 10, 3 ], "texture": "#texture" },
				"west": { "uv": [ 3, 1.5, 13, 3 ], "texture": "#texture" },
				"east": { "uv": [ 3, 1.5, 13, 3 ], "texture": "#texture" }
			}
		},
		{
			"__comment": "Box1",
			"from": [ 4, 13, 4 ],
			"to": [ 12, 14.5, 12 ],
			"faces": {
				"down": { "uv": [ 4, 4, 12, 12 ], "texture": "#texture" },
				"up": { "uv": [ 4, 4, 12, 12 ], "texture": "#texture" },
				"north": { "uv": [ 4, 1.5, 12, 3 ], "texture": "#texture" },
				"south": { "uv": [ 4, 1.5, 12, 3 ], "texture": "#texture" },
				"west": { "uv": [ 4, 1.5, 12, 3 ], "texture": "#texture" },
				"east": { "uv": [ 4, 1.5, 12, 3 ], "texture": "#texture" }
			}
		},
		{
			"__comment": "Box1",
			"from": [ 3, 13, 6 ],
			"to": [ 13, 14.5, 10 ],
			"faces": {
				"down": { "uv": [ 3, 6, 13, 10 ], "texture": "#texture" },
				"up": { "uv": [ 3, 6, 13, 10 ], "texture": "#texture" },
				"north": { "uv": [ 3, 1.5, 13, 3 ], "texture": "#texture" },
				"south": { "uv": [ 3, 1.5, 13, 3 ], "texture": "#texture" },
				"west": { "uv": [ 6, 1.5, 10, 3 ], "texture": "#texture" },
				"east": { "uv": [ 6, 1.5, 10, 3 ], "texture": "#texture" }
			}
		},
		{
			"__comment": "Box1",
			"from": [ 6.5, 13, 2.5 ],
			"to": [ 7, 14.5, 13.5 ],
			"faces": {
				"down": { "uv": [ 6.5, 2.5, 7, 13.5 ], "texture": "#texture3" },
				"up": { "uv": [ 6.5, 2.5, 7, 13.5 ], "texture": "#texture3" },
				"north": { "uv": [ 9, 1.5, 9.5, 3 ], "texture": "#texture3" },
				"south": { "uv": [ 6.5, 1.5, 7, 3 ], "texture": "#texture3" },
				"west": { "uv": [ 2.5, 1.5, 13.5, 3 ], "texture": "#texture3" },
				"east": { "uv": [ 2.5, 1.5, 13.5, 3 ], "texture": "#texture3" }
			}
		},
		{
			"__comment": "Box1",
			"from": [ 9, 13, 2.5 ],
			"to": [ 9.5, 14.5, 13.5 ],
			"faces": {
				"down": { "uv": [ 9, 2.5, 9.5, 13.5 ], "texture": "#texture3" },
				"up": { "uv": [ 9, 2.5, 9.5, 13.5 ], "texture": "#texture3" },
				"north": { "uv": [ 6.5, 1.5, 7, 3 ], "texture": "#texture3" },
				"south": { "uv": [ 9, 1.5, 9.5, 3 ], "texture": "#texture3" },
				"west": { "uv": [ 2.5, 1.5, 13.5, 3 ], "texture": "#texture3" },
				"east": { "uv": [ 2.5, 1.5, 13.5, 3 ], "texture": "#texture3" }
			}
		},
		{
			"__comment": "Box1",
			"from": [ 11, 13, 3.5 ],
			"to": [ 11.5, 14.5, 12.5 ],
			"faces": {
				"down": { "uv": [ 11, 3.5, 11.5, 12.5 ], "texture": "#texture3" },
				"up": { "uv": [ 11, 3.5, 11.5, 12.5 ], "texture": "#texture3" },
				"north": { "uv": [ 4.5, 1.5, 5, 3 ], "texture": "#texture3" },
				"south": { "uv": [ 11, 1.5, 11.5, 3 ], "texture": "#texture3" },
				"west": { "uv": [ 3.5, 1.5, 12.5, 3 ], "texture": "#texture3" },
				"east": { "uv": [ 3.5, 1.5, 12.5, 3 ], "texture": "#texture3" }
			}
		},
		{
			"__comment": "Box1",
			"from": [ 4.5, 13, 3.5 ],
			"to": [ 5, 14.5, 12.5 ],
			"faces": {
				"down": { "uv": [ 4.5, 3.5, 5, 12.5 ], "texture": "#texture3" },
				"up": { "uv": [ 4.5, 3.5, 5, 12.5 ], "texture": "#texture3" },
				"north": { "uv": [ 11, 1.5, 11.5, 3 ], "texture": "#texture3" },
				"south": { "uv": [ 4.5, 1.5, 5, 3 ], "texture": "#texture3" },
				"west": { "uv": [ 3.5, 1.5, 12.5, 3 ], "texture": "#texture3" },
				"east": { "uv": [ 3.5, 1.5, 12.5, 3 ], "texture": "#texture3" }
			}
		},
		{
			"__comment": "Box1",
			"from": [ 3.5, 13, 4.5 ],
			"to": [ 12.5, 17, 5 ],
			"faces": {
				"down": { "uv": [ 3.5, 11, 12.5, 11.5 ], "texture": "#texture3" },
				"up": { "uv": [ 3.5, 4.5, 12.5, 5 ], "texture": "#texture3" },
				"north": { "uv": [ 3.5, 0, 12.5, 3 ], "texture": "#texture3" },
				"south": { "uv": [ 3.5, 0, 12.5, 3 ], "texture": "#texture3" },
				"west": { "uv": [ 4.5, 0, 5, 3 ], "texture": "#texture3" },
				"east": { "uv": [ 11, 0, 11.5, 3 ], "texture": "#texture3" }
			}
		},
		{
			"__comment": "Box1",
			"from": [ 3.5, 13, 11 ],
			"to": [ 12.5, 17, 11.5 ],
			"faces": {
				"down": { "uv": [ 3.5, 4.5, 12.5, 5 ], "texture": "#texture3" },
				"up": { "uv": [ 3.5, 11, 12.5, 11.5 ], "texture": "#texture3" },
				"north": { "uv": [ 3.5, 0, 12.5, 3 ], "texture": "#texture3" },
				"south": { "uv": [ 3.5, 0, 12.5, 3 ], "texture": "#texture3" },
				"west": { "uv": [ 11, 0, 11.5, 3 ], "texture": "#texture3" },
				"east": { "uv": [ 4.5, 0, 5, 3 ], "texture": "#texture3" }
			}
		},
		{
			"__comment": "Box1",
			"from": [ 2.5, 13, 9 ],
			"to": [ 13.5, 17, 9.5 ],
			"faces": {
				"down": { "uv": [ 2.5, 6.5, 13.5, 7 ], "texture": "#texture3" },
				"up": { "uv": [ 2.5, 9, 13.5, 9.5 ], "texture": "#texture3" },
				"north": { "uv": [ 2.5, 0, 13.5, 3 ], "texture": "#texture3" },
				"south": { "uv": [ 2.5, 0, 13.5, 3 ], "texture": "#texture3" },
				"west": { "uv": [ 9, 0, 9.5, 3 ], "texture": "#texture3" },
				"east": { "uv": [ 6.5, 0, 7, 3 ], "texture": "#texture3" }
			}
		},
		{
			"__comment": "Box1",
			"from": [ 2.5, 13, 6.5 ],
			"to": [ 13.5, 17, 7 ],
			"faces": {
				"down": { "uv": [ 2.5, 9, 13.5, 9.5 ], "texture": "#texture3" },
				"up": { "uv": [ 2.5, 6.5, 13.5, 7 ], "texture": "#texture3" },
				"north": { "uv": [ 2.5, 0, 13.5, 3 ], "texture": "#texture3" },
				"south": { "uv": [ 2.5, 0, 13.5, 3 ], "texture": "#texture3" },
				"west": { "uv": [ 6.5, 0, 7, 3 ], "texture": "#texture3" },
				"east": { "uv": [ 9, 0, 9.5, 3 ], "texture": "#texture3" }
			}
		},
		{
			"__comment": "Box1",
			"from": [ 7.5, 19, 1 ],
			"to": [ 8.5, 20, 12 ],
			"faces": {
				"down": { "uv": [ 7.5, 4, 8.5, 15 ], "texture": "#texture2" },
				"up": { "uv": [ 7.5, 1, 8.5, 12 ], "texture": "#texture2" },
				"north": { "uv": [ 7.5, 12, 8.5, 13 ], "texture": "#texture2" },
				"south": { "uv": [ 7.5, 12, 8.5, 13 ], "texture": "#texture2" },
				"west": { "uv": [ 1, 12, 12, 13 ], "texture": "#texture2" },
				"east": { "uv": [ 4, 12, 15, 13 ], "texture": "#texture2" }
			}
		},
		{
			"__comment": "Box1",
			"from": [ 10.5, 19, 2 ],
			"to": [ 11.5, 20, 7.5 ],
			"faces": {
				"down": { "uv": [ 10.5, 8.5, 11.5, 14 ], "texture": "#texture2" },
				"up": { "uv": [ 10.5, 2, 11.5, 7.5 ], "texture": "#texture2" },
				"north": { "uv": [ 4.5, 12, 5.5, 13 ], "texture": "#texture2" },
				"south": { "uv": [ 10.5, 12, 11.5, 13 ], "texture": "#texture2" },
				"west": { "uv": [ 2, 12, 7.5, 13 ], "texture": "#texture2" },
				"east": { "uv": [ 8.5, 12, 14, 13 ], "texture": "#texture2" }
			}
		},
		{
			"__comment": "Box1",
			"from": [ 4.5, 19, 2 ],
			"to": [ 5.5, 20, 10.5 ],
			"faces": {
				"down": { "uv": [ 4.5, 5.5, 5.5, 14 ], "texture": "#texture2" },
				"up": { "uv": [ 4.5, 2, 5.5, 10.5 ], "texture": "#texture2" },
				"north": { "uv": [ 10.5, 12, 11.5, 13 ], "texture": "#texture2" },
				"south": { "uv": [ 4.5, 12, 5.5, 13 ], "texture": "#texture2" },
				"west": { "uv": [ 2, 12, 10.5, 13 ], "texture": "#texture2" },
				"east": { "uv": [ 5.5, 12, 14, 13 ], "texture": "#texture2" }
			}
		},
		{
			"__comment": "Box1",
			"from": [ 8.5, 19, 1 ],
			"to": [ 9, 20, 1.5 ],
			"faces": {
				"down": { "uv": [ 8.5, 14.5, 9, 15 ], "texture": "#texture" },
				"up": { "uv": [ 8.5, 1, 9, 1.5 ], "texture": "#texture" },
				"north": { "uv": [ 7, 12, 7.5, 13 ], "texture": "#texture" },
				"south": { "uv": [ 8.5, 12, 9, 13 ], "texture": "#texture" },
				"west": { "uv": [ 1, 12, 1.5, 13 ], "texture": "#texture" },
				"east": { "uv": [ 14.5, 12, 15, 13 ], "texture": "#texture" }
			}
		},
		{
			"__comment": "Box1",
			"from": [ 7, 19, 1 ],
			"to": [ 7.5, 20, 1.5 ],
			"faces": {
				"down": { "uv": [ 7, 14.5, 7.5, 15 ], "texture": "#texture" },
				"up": { "uv": [ 7, 1, 7.5, 1.5 ], "texture": "#texture" },
				"north": { "uv": [ 8.5, 12, 9, 13 ], "texture": "#texture" },
				"south": { "uv": [ 7, 12, 7.5, 13 ], "texture": "#texture" },
				"west": { "uv": [ 1, 12, 1.5, 13 ], "texture": "#texture" },
				"east": { "uv": [ 14.5, 12, 15, 13 ], "texture": "#texture" }
			}
		},
		{
			"__comment": "Box1",
			"from": [ 7.5, 20, 1 ],
			"to": [ 8.5, 20.5, 1.5 ],
			"faces": {
				"down": { "uv": [ 7.5, 14.5, 8.5, 15 ], "texture": "#texture" },
				"up": { "uv": [ 7.5, 1, 8.5, 1.5 ], "texture": "#texture" },
				"north": { "uv": [ 7.5, 11.5, 8.5, 12 ], "texture": "#texture" },
				"south": { "uv": [ 7.5, 11.5, 8.5, 12 ], "texture": "#texture" },
				"west": { "uv": [ 1, 11.5, 1.5, 12 ], "texture": "#texture" },
				"east": { "uv": [ 14.5, 11.5, 15, 12 ], "texture": "#texture" }
			}
		},
		{
			"__comment": "Box1",
			"from": [ 7.5, 18.5, 1 ],
			"to": [ 8.5, 19, 1.5 ],
			"faces": {
				"down": { "uv": [ 7.5, 14.5, 8.5, 15 ], "texture": "#texture" },
				"up": { "uv": [ 7.5, 1, 8.5, 1.5 ], "texture": "#texture" },
				"north": { "uv": [ 7.5, 13, 8.5, 13.5 ], "texture": "#texture" },
				"south": { "uv": [ 7.5, 13, 8.5, 13.5 ], "texture": "#texture" },
				"west": { "uv": [ 1, 13, 1.5, 13.5 ], "texture": "#texture" },
				"east": { "uv": [ 14.5, 13, 15, 13.5 ], "texture": "#texture" }
			}
		},
		{
			"__comment": "Box1",
			"from": [ 10.5, 18.5, 2 ],
			"to": [ 11.5, 19, 2.5 ],
			"faces": {
				"down": { "uv": [ 10.5, 13.5, 11.5, 14 ], "texture": "#texture" },
				"up": { "uv": [ 10.5, 2, 11.5, 2.5 ], "texture": "#texture" },
				"north": { "uv": [ 4.5, 13, 5.5, 13.5 ], "texture": "#texture" },
				"south": { "uv": [ 10.5, 13, 11.5, 13.5 ], "texture": "#texture" },
				"west": { "uv": [ 2, 13, 2.5, 13.5 ], "texture": "#texture" },
				"east": { "uv": [ 13.5, 13, 14, 13.5 ], "texture": "#texture" }
			}
		},
		{
			"__comment": "Box1",
			"from": [ 10, 19, 2 ],
			"to": [ 10.5, 20, 2.5 ],
			"faces": {
				"down": { "uv": [ 10, 13.5, 10.5, 14 ], "texture": "#texture" },
				"up": { "uv": [ 10, 2, 10.5, 2.5 ], "texture": "#texture" },
				"north": { "uv": [ 5.5, 12, 6, 13 ], "texture": "#texture" },
				"south": { "uv": [ 10, 12, 10.5, 13 ], "texture": "#texture" },
				"west": { "uv": [ 2, 12, 2.5, 13 ], "texture": "#texture" },
				"east": { "uv": [ 13.5, 12, 14, 13 ], "texture": "#texture" }
			}
		},
		{
			"__comment": "Box1",
			"from": [ 10.5, 20, 2 ],
			"to": [ 11.5, 20.5, 2.5 ],
			"faces": {
				"down": { "uv": [ 10.5, 13.5, 11.5, 14 ], "texture": "#texture" },
				"up": { "uv": [ 10.5, 2, 11.5, 2.5 ], "texture": "#texture" },
				"north": { "uv": [ 4.5, 11.5, 5.5, 12 ], "texture": "#texture" },
				"south": { "uv": [ 10.5, 11.5, 11.5, 12 ], "texture": "#texture" },
				"west": { "uv": [ 2, 11.5, 2.5, 12 ], "texture": "#texture" },
				"east": { "uv": [ 13.5, 11.5, 14, 12 ], "texture": "#texture" }
			}
		},
		{
			"__comment": "Box1",
			"from": [ 11.5, 19, 2 ],
			"to": [ 12, 20, 2.5 ],
			"faces": {
				"down": { "uv": [ 11.5, 13.5, 12, 14 ], "texture": "#texture" },
				"up": { "uv": [ 11.5, 2, 12, 2.5 ], "texture": "#texture" },
				"north": { "uv": [ 4, 12, 4.5, 13 ], "texture": "#texture" },
				"south": { "uv": [ 11.5, 12, 12, 13 ], "texture": "#texture" },
				"west": { "uv": [ 2, 12, 2.5, 13 ], "texture": "#texture" },
				"east": { "uv": [ 13.5, 12, 14, 13 ], "texture": "#texture" }
			}
		},
		{
			"__comment": "Box1",
			"from": [ 4.5, 18.5, 2 ],
			"to": [ 5.5, 19, 2.5 ],
			"faces": {
				"down": { "uv": [ 4.5, 13.5, 5.5, 14 ], "texture": "#texture" },
				"up": { "uv": [ 4.5, 2, 5.5, 2.5 ], "texture": "#texture" },
				"north": { "uv": [ 10.5, 13, 11.5, 13.5 ], "texture": "#texture" },
				"south": { "uv": [ 4.5, 13, 5.5, 13.5 ], "texture": "#texture" },
				"west": { "uv": [ 2, 13, 2.5, 13.5 ], "texture": "#texture" },
				"east": { "uv": [ 13.5, 13, 14, 13.5 ], "texture": "#texture" }
			}
		},
		{
			"__comment": "Box1",
			"from": [ 4, 19, 2 ],
			"to": [ 4.5, 20, 2.5 ],
			"faces": {
				"down": { "uv": [ 4, 13.5, 4.5, 14 ], "texture": "#texture" },
				"up": { "uv": [ 4, 2, 4.5, 2.5 ], "texture": "#texture" },
				"north": { "uv": [ 11.5, 12, 12, 13 ], "texture": "#texture" },
				"south": { "uv": [ 4, 12, 4.5, 13 ], "texture": "#texture" },
				"west": { "uv": [ 2, 12, 2.5, 13 ], "texture": "#texture" },
				"east": { "uv": [ 13.5, 12, 14, 13 ], "texture": "#texture" }
			}
		},
		{
			"__comment": "Box1",
			"from": [ 4.5, 20, 2 ],
			"to": [ 5.5, 20.5, 2.5 ],
			"faces": {
				"down": { "uv": [ 4.5, 13.5, 5.5, 14 ], "texture": "#texture" },
				"up": { "uv": [ 4.5, 2, 5.5, 2.5 ], "texture": "#texture" },
				"north": { "uv": [ 10.5, 11.5, 11.5, 12 ], "texture": "#texture" },
				"south": { "uv": [ 4.5, 11.5, 5.5, 12 ], "texture": "#texture" },
				"west": { "uv": [ 2, 11.5, 2.5, 12 ], "texture": "#texture" },
				"east": { "uv": [ 13.5, 11.5, 14, 12 ], "texture": "#texture" }
			}
		},
		{
			"__comment": "Box1",
			"from": [ 5.5, 19, 2 ],
			"to": [ 6, 20, 2.5 ],
			"faces": {
				"down": { "uv": [ 5.5, 13.5, 6, 14 ], "texture": "#texture" },
				"up": { "uv": [ 5.5, 2, 6, 2.5 ], "texture": "#texture" },
				"north": { "uv": [ 10, 12, 10.5, 13 ], "texture": "#texture" },
				"south": { "uv": [ 5.5, 12, 6, 13 ], "texture": "#texture" },
				"west": { "uv": [ 2, 12, 2.5, 13 ], "texture": "#texture" },
				"east": { "uv": [ 13.5, 12, 14, 13 ], "texture": "#texture" }
			}
		},
		{
			"__comment": "Box1",
			"from": [ 7.5, 17, 0.5 ],
			"to": [ 8, 17.5, 1 ],
			"faces": {
				"down": { "uv": [ 7.5, 15, 8, 15.5 ], "texture": "#texture" },
				"up": { "uv": [ 7.5, 0.5, 8, 1 ], "texture": "#texture" },
				"north": { "uv": [ 8, 14.5, 8.5, 15 ], "texture": "#texture" },
				"south": { "uv": [ 7.5, 14.5, 8, 15 ], "texture": "#texture" },
				"west": { "uv": [ 0.5, 14.5, 1, 15 ], "texture": "#texture" },
				"east": { "uv": [ 15, 14.5, 15.5, 15 ], "texture": "#texture" }
			}
		},
		{
			"__comment": "Box1",
			"from": [ 10.5, 17, 1.5 ],
			"to": [ 11, 17.5, 2 ],
			"faces": {
				"down": { "uv": [ 10.5, 14, 11, 14.5 ], "texture": "#texture" },
				"up": { "uv": [ 10.5, 1.5, 11, 2 ], "texture": "#texture" },
				"north": { "uv": [ 5, 14.5, 5.5, 15 ], "texture": "#texture" },
				"south": { "uv": [ 10.5, 14.5, 11, 15 ], "texture": "#texture" },
				"west": { "uv": [ 1.5, 14.5, 2, 15 ], "texture": "#texture" },
				"east": { "uv": [ 14, 14.5, 14.5, 15 ], "texture": "#texture" }
			}
		},
		{
			"__comment": "Box1",
			"from": [ 4.5, 20.5, 2.5 ],
			"to": [ 5, 21, 3 ],
			"faces": {
				"down": { "uv": [ 4.5, 13, 5, 13.5 ], "texture": "#texture" },
				"up": { "uv": [ 4.5, 2.5, 5, 3 ], "texture": "#texture" },
				"north": { "uv": [ 11, 11, 11.5, 11.5 ], "texture": "#texture" },
				"south": { "uv": [ 4.5, 11, 5, 11.5 ], "texture": "#texture" },
				"west": { "uv": [ 2.5, 11, 3, 11.5 ], "texture": "#texture" },
				"east": { "uv": [ 13, 11, 13.5, 11.5 ], "texture": "#texture" }
			}
		},
		{
			"__comment": "Box1",
			"from": [ 6, 16.5, 0.5 ],
			"to": [ 6.5, 17, 1 ],
			"faces": {
				"down": { "uv": [ 6, 15, 6.5, 15.5 ], "texture": "#texture" },
				"up": { "uv": [ 6, 0.5, 6.5, 1 ], "texture": "#texture" },
				"north": { "uv": [ 9.5, 15, 10, 15.5 ], "texture": "#texture" },
				"south": { "uv": [ 6, 15, 6.5, 15.5 ], "texture": "#texture" },
				"west": { "uv": [ 0.5, 15, 1, 15.5 ], "texture": "#texture" },
				"east": { "uv": [ 15, 15, 15.5, 15.5 ], "texture": "#texture" }
			}
		},
		{
			"__comment": "Box1",
			"from": [ 6, 15.5, 0.5 ],
			"to": [ 6.5, 16, 1 ],
			"faces": {
				"down": { "uv": [ 6, 15, 6.5, 15.5 ], "texture": "#texture" },
				"up": { "uv": [ 6, 0.5, 6.5, 1 ], "texture": "#texture" },
				"north": { "uv": [ 9.5, 0, 10, 0.5 ], "texture": "#texture" },
				"south": { "uv": [ 6, 0, 6.5, 0.5 ], "texture": "#texture" },
				"west": { "uv": [ 0.5, 0, 1, 0.5 ], "texture": "#texture" },
				"east": { "uv": [ 15, 0, 15.5, 0.5 ], "texture": "#texture" }
			}
		},
		{
			"__comment": "Box1",
			"from": [ 6, 22.5, 3 ],
			"to": [ 10, 23, 13 ],
			"faces": {
				"down": { "uv": [ 6, 3, 10, 13 ], "texture": "#texture3" },
				"up": { "uv": [ 6, 3, 10, 13 ], "texture": "#texture3" },
				"north": { "uv": [ 6, 9, 10, 9.5 ], "texture": "#texture3" },
				"south": { "uv": [ 6, 9, 10, 9.5 ], "texture": "#texture3" },
				"west": { "uv": [ 3, 9, 13, 9.5 ], "texture": "#texture3" },
				"east": { "uv": [ 3, 9, 13, 9.5 ], "texture": "#texture3" }
			}
		},
		{
			"__comment": "Box1",
			"from": [ 4, 22.5, 4 ],
			"to": [ 12, 23, 12 ],
			"faces": {
				"down": { "uv": [ 4, 4, 12, 12 ], "texture": "#texture3" },
				"up": { "uv": [ 4, 4, 12, 12 ], "texture": "#texture3" },
				"north": { "uv": [ 4, 9, 12, 9.5 ], "texture": "#texture3" },
				"south": { "uv": [ 4, 9, 12, 9.5 ], "texture": "#texture3" },
				"west": { "uv": [ 4, 9, 12, 9.5 ], "texture": "#texture3" },
				"east": { "uv": [ 4, 9, 12, 9.5 ], "texture": "#texture3" }
			}
		},
		{
			"__comment": "Box1",
			"from": [ 3, 22.5, 6 ],
			"to": [ 13, 23, 10 ],
			"faces": {
				"down": { "uv": [ 3, 6, 13, 10 ], "texture": "#texture3" },
				"up": { "uv": [ 3, 6, 13, 10 ], "texture": "#texture3" },
				"north": { "uv": [ 3, 9, 13, 9.5 ], "texture": "#texture3" },
				"south": { "uv": [ 3, 9, 13, 9.5 ], "texture": "#texture3" },
				"west": { "uv": [ 6, 9, 10, 9.5 ], "texture": "#texture3" },
				"east": { "uv": [ 6, 9, 10, 9.5 ], "texture": "#texture3" }
			}
		},
		{
			"__comment": "Box1",
			"from": [ 6.5, 23, 6 ],
			"to": [ 9.5, 23.5, 10 ],
			"faces": {
				"down": { "uv": [ 6.5, 6, 9.5, 10 ], "texture": "#texture3" },
				"up": { "uv": [ 6.5, 6, 9.5, 10 ], "texture": "#texture3" },
				"north": { "uv": [ 6.5, 8.5, 9.5, 9 ], "texture": "#texture3" },
				"south": { "uv": [ 6.5, 8.5, 9.5, 9 ], "texture": "#texture3" },
				"west": { "uv": [ 6, 8.5, 10, 9 ], "texture": "#texture3" },
				"east": { "uv": [ 6, 8.5, 10, 9 ], "texture": "#texture3" }
			}
		},
		{
			"__comment": "Box1",
			"from": [ 6, 23, 6.5 ],
			"to": [ 10, 23.5, 9.5 ],
			"faces": {
				"down": { "uv": [ 6, 6.5, 10, 9.5 ], "texture": "#texture3" },
				"up": { "uv": [ 6, 6.5, 10, 9.5 ], "texture": "#texture3" },
				"north": { "uv": [ 6, 8.5, 10, 9 ], "texture": "#texture3" },
				"south": { "uv": [ 6, 8.5, 10, 9 ], "texture": "#texture3" },
				"west": { "uv": [ 6.5, 8.5, 9.5, 9 ], "texture": "#texture3" },
				"east": { "uv": [ 6.5, 8.5, 9.5, 9 ], "texture": "#texture3" }
			}
		},
		{
			"__comment": "Box1",
			"from": [ 12, 23, 8 ],
			"to": [ 12.5, 29.5, 8.5 ],
			"faces": {
				"down": { "uv": [ 12, 7.5, 12.5, 8 ], "texture": "#texture" },
				"up": { "uv": [ 12, 8, 12.5, 8.5 ], "texture": "#texture" },
				"north": { "uv": [ 3.5, 2.5, 4, 9 ], "texture": "#texture" },
				"south": { "uv": [ 12, 2.5, 12.5, 9 ], "texture": "#texture" },
				"west": { "uv": [ 8, 2.5, 8.5, 9 ], "texture": "#texture" },
				"east": { "uv": [ 7.5, 2.5, 8, 9 ], "texture": "#texture" }
			}
		},
		{
			"__comment": "Box1",
			"from": [ 6, 22, 2 ],
			"to": [ 10, 22.5, 14 ],
			"faces": {
				"down": { "uv": [ 6, 2, 10, 14 ], "texture": "#particle" },
				"up": { "uv": [ 6, 2, 10, 14 ], "texture": "#particle" },
				"north": { "uv": [ 6, 9.5, 10, 10 ], "texture": "#particle" },
				"south": { "uv": [ 6, 9.5, 10, 10 ], "texture": "#particle" },
				"west": { "uv": [ 2, 9.5, 14, 10 ], "texture": "#particle" },
				"east": { "uv": [ 2, 9.5, 14, 10 ], "texture": "#particle" }
			}
		},
		{
			"__comment": "Box1",
			"from": [ 4, 22, 3 ],
			"to": [ 12, 22.5, 13 ],
			"faces": {
				"down": { "uv": [ 4, 3, 12, 13 ], "texture": "#particle" },
				"up": { "uv": [ 4, 3, 12, 13 ], "texture": "#particle" },
				"north": { "uv": [ 4, 9.5, 12, 10 ], "texture": "#particle" },
				"south": { "uv": [ 4, 9.5, 12, 10 ], "texture": "#particle" },
				"west": { "uv": [ 3, 9.5, 13, 10 ], "texture": "#particle" },
				"east": { "uv": [ 3, 9.5, 13, 10 ], "texture": "#particle" }
			}
		},
		{
			"__comment": "Box1",
			"from": [ 3, 22, 4 ],
			"to": [ 13, 22.5, 12 ],
			"faces": {
				"down": { "uv": [ 3, 4, 13, 12 ], "texture": "#particle" },
				"up": { "uv": [ 3, 4, 13, 12 ], "texture": "#particle" },
				"north": { "uv": [ 3, 9.5, 13, 10 ], "texture": "#particle" },
				"south": { "uv": [ 3, 9.5, 13, 10 ], "texture": "#particle" },
				"west": { "uv": [ 4, 9.5, 12, 10 ], "texture": "#particle" },
				"east": { "uv": [ 4, 9.5, 12, 10 ], "texture": "#particle" }
			}
		},
		{
			"__comment": "Box1",
			"from": [ 2, 22, 6 ],
			"to": [ 14, 22.5, 10 ],
			"faces": {
				"down": { "uv": [ 2, 6, 14, 10 ], "texture": "#particle" },
				"up": { "uv": [ 2, 6, 14, 10 ], "texture": "#particle" },
				"north": { "uv": [ 2, 9.5, 14, 10 ], "texture": "#particle" },
				"south": { "uv": [ 2, 9.5, 14, 10 ], "texture": "#particle" },
				"west": { "uv": [ 6, 9.5, 10, 10 ], "texture": "#particle" },
				"east": { "uv": [ 6, 9.5, 10, 10 ], "texture": "#particle" }
			}
		},
		{
			"__comment": "Box1",
			"from": [ 6, 15, 1 ],
			"to": [ 10, 15.5, 15 ],
			"faces": {
				"down": { "uv": [ 6, 1, 10, 15 ], "texture": "#texture1" },
				"up": { "uv": [ 6, 1, 10, 15 ], "texture": "#texture1" },
				"north": { "uv": [ 6, 0.5, 10, 1 ], "texture": "#texture1" },
				"south": { "uv": [ 6, 0.5, 10, 1 ], "texture": "#texture1" },
				"west": { "uv": [ 1, 0.5, 15, 1 ], "texture": "#texture1" },
				"east": { "uv": [ 1, 0.5, 15, 1 ], "texture": "#texture1" }
			}
		},
		{
			"__comment": "Box1",
			"from": [ 4, 15, 2 ],
			"to": [ 12, 15.5, 14 ],
			"faces": {
				"down": { "uv": [ 4, 2, 12, 14 ], "texture": "#texture1" },
				"up": { "uv": [ 4, 2, 12, 14 ], "texture": "#texture1" },
				"north": { "uv": [ 4, 0.5, 12, 1 ], "texture": "#texture1" },
				"south": { "uv": [ 4, 0.5, 12, 1 ], "texture": "#texture1" },
				"west": { "uv": [ 2, 0.5, 14, 1 ], "texture": "#texture1" },
				"east": { "uv": [ 2, 0.5, 14, 1 ], "texture": "#texture1" }
			}
		},
		{
			"__comment": "Box1",
			"from": [ 3, 15, 3 ],
			"to": [ 13, 15.5, 13 ],
			"faces": {
				"down": { "uv": [ 3, 3, 13, 13 ], "texture": "#texture1" },
				"up": { "uv": [ 3, 3, 13, 13 ], "texture": "#texture1" },
				"north": { "uv": [ 3, 0.5, 13, 1 ], "texture": "#texture1" },
				"south": { "uv": [ 3, 0.5, 13, 1 ], "texture": "#texture1" },
				"west": { "uv": [ 3, 0.5, 13, 1 ], "texture": "#texture1" },
				"east": { "uv": [ 3, 0.5, 13, 1 ], "texture": "#texture1" }
			}
		},
		{
			"__comment": "Box1",
			"from": [ 1, 15, 6 ],
			"to": [ 15, 15.5, 10 ],
			"faces": {
				"down": { "uv": [ 1, 6, 15, 10 ], "texture": "#texture1" },
				"up": { "uv": [ 1, 6, 15, 10 ], "texture": "#texture1" },
				"north": { "uv": [ 1, 0.5, 15, 1 ], "texture": "#texture1" },
				"south": { "uv": [ 1, 0.5, 15, 1 ], "texture": "#texture1" },
				"west": { "uv": [ 6, 0.5, 10, 1 ], "texture": "#texture1" },
				"east": { "uv": [ 6, 0.5, 10, 1 ], "texture": "#texture1" }
			}
		},
		{
			"__comment": "Box1",
			"from": [ 2, 15, 4 ],
			"to": [ 14, 15.5, 12 ],
			"faces": {
				"down": { "uv": [ 2, 4, 14, 12 ], "texture": "#texture1" },
				"up": { "uv": [ 2, 4, 14, 12 ], "texture": "#texture1" },
				"north": { "uv": [ 2, 0.5, 14, 1 ], "texture": "#texture1" },
				"south": { "uv": [ 2, 0.5, 14, 1 ], "texture": "#texture1" },
				"west": { "uv": [ 4, 0.5, 12, 1 ], "texture": "#texture1" },
				"east": { "uv": [ 4, 0.5, 12, 1 ], "texture": "#texture1" }
			}
		},
		{
			"__comment": "Box1",
			"from": [ 6, 15.5, 1 ],
			"to": [ 10, 18.5, 15 ],
			"faces": {
				"down": { "uv": [ 6, 1, 10, 15 ], "texture": "#texture3" },
				"up": { "uv": [ 6, 1, 10, 15 ], "texture": "#texture3" },
				"north": { "uv": [ 6, 0, 10, 0.5 ], "texture": "#texture3" },
				"south": { "uv": [ 6, 0, 10, 0.5 ], "texture": "#texture3" },
				"west": { "uv": [ 1, 0, 15, 0.5 ], "texture": "#texture3" },
				"east": { "uv": [ 1, 0, 15, 0.5 ], "texture": "#texture3" }
			}
		},
		{
			"__comment": "Box1",
			"from": [ 4, 15.5, 2 ],
			"to": [ 12, 18.5, 14 ],
			"faces": {
				"down": { "uv": [ 4, 2, 12, 14 ], "texture": "#texture3" },
				"up": { "uv": [ 4, 2, 12, 14 ], "texture": "#texture3" },
				"north": { "uv": [ 4, 0, 12, 0.5 ], "texture": "#texture3" },
				"south": { "uv": [ 4, 0, 12, 0.5 ], "texture": "#texture3" },
				"west": { "uv": [ 2, 0, 14, 0.5 ], "texture": "#texture3" },
				"east": { "uv": [ 2, 0, 14, 0.5 ], "texture": "#texture3" }
			}
		},
		{
			"__comment": "Box1",
			"from": [ 3, 15.5, 3 ],
			"to": [ 13, 18.5, 13 ],
			"faces": {
				"down": { "uv": [ 3, 3, 13, 13 ], "texture": "#texture3" },
				"up": { "uv": [ 3, 3, 13, 13 ], "texture": "#texture3" },
				"north": { "uv": [ 3, 0, 13, 0.5 ], "texture": "#texture3" },
				"south": { "uv": [ 3, 0, 13, 0.5 ], "texture": "#texture3" },
				"west": { "uv": [ 3, 0, 13, 0.5 ], "texture": "#texture3" },
				"east": { "uv": [ 3, 0, 13, 0.5 ], "texture": "#texture3" }
			}
		},
		{
			"__comment": "Box1",
			"from": [ 1, 15.5, 6 ],
			"to": [ 15, 18.5, 10 ],
			"faces": {
				"down": { "uv": [ 1, 6, 15, 10 ], "texture": "#texture3" },
				"up": { "uv": [ 1, 6, 15, 10 ], "texture": "#texture3" },
				"north": { "uv": [ 1, 0, 15, 0.5 ], "texture": "#texture3" },
				"south": { "uv": [ 1, 0, 15, 0.5 ], "texture": "#texture3" },
				"west": { "uv": [ 6, 0, 10, 0.5 ], "texture": "#texture3" },
				"east": { "uv": [ 6, 0, 10, 0.5 ], "texture": "#texture3" }
			}
		},
		{
			"__comment": "Box1",
			"from": [ 2, 15.5, 4 ],
			"to": [ 14, 18.5, 12 ],
			"faces": {
				"down": { "uv": [ 2, 4, 14, 12 ], "texture": "#texture3" },
				"up": { "uv": [ 2, 4, 14, 12 ], "texture": "#texture3" },
				"north": { "uv": [ 2, 0, 14, 0.5 ], "texture": "#texture3" },
				"south": { "uv": [ 2, 0, 14, 0.5 ], "texture": "#texture3" },
				"west": { "uv": [ 4, 0, 12, 0.5 ], "texture": "#texture3" },
				"east": { "uv": [ 4, 0, 12, 0.5 ], "texture": "#texture3" }
			}
		}
	],
	"display": {
		"thirdperson_righthand": {
			"rotation":  [ 90, 11, 0 ],
			"translation":  [ 0, 2.0868, 0 ],
			"scale":  [ 0.3, 0.3, 0.3 ]
		},
		"thirdperson_lefthand": {
			"rotation":  [ 90, 11, 0 ],
			"translation":  [ 0, 2.5, 0 ],
			"scale":  [ 0.3, 0.3, 0.3 ]
		},
		"firstperson_righthand": {
			"rotation":  [ -5, 142, 0 ],
			"translation":  [ -1, 1, 0 ],
			"scale":  [ 0.3, 0.3, 0.3 ]
		},
		"firstperson_lefthand": {
			"rotation":  [ -5, 142, 0 ],
			"translation":  [ -1, 1, 0 ],
			"scale":  [ 0.3, 0.3, 0.3 ]
		},
		"gui": {
			"rotation":  [ 0, 163, 0 ],
			"translation":  [ 0, -10, 2 ],
			"scale":  [ 0.8, 0.8, 0.8 ]
		},
		"ground": {
			"translation":  [ 0, -3.043, 0 ],
			"scale":  [ 0.4, 0.4, 0.4 ]
		},
		"fixed": {
			"translation":  [ 0, -9, -2.782 ]
		}
	}
}
