{
	"__comment": "Designed by Mouskegamer with Cubik Studio - https://cubik.studio",
	"textures": {
		"particle": "block/purple_wool",
		"texture": "block/stone_slab_top",
		"texture2": "block/black_wool",
		"texture3": "block/quartz_block_bottom",
		"texture1": "block/blue_wool",
		"texture4": "block/red_wool"
	},
	"elements": [ 	 
		{
			"__comment": "Box1",
			"from": [ 6, 12.5, 1 ],
			"to": [ 10, 13, 15 ],
			"faces": {
				"down": { "uv": [ 6, 1, 10, 15 ], "texture": "#texture3" },
				"up": { "uv": [ 6, 1, 10, 15 ], "texture": "#texture3" },
				"north": { "uv": [ 6, 3, 10, 3.5 ], "texture": "#texture3" },
				"south": { "uv": [ 6, 3, 10, 3.5 ], "texture": "#texture3" },
				"west": { "uv": [ 1, 3, 15, 3.5 ], "texture": "#texture3" },
				"east": { "uv": [ 1, 3, 15, 3.5 ], "texture": "#texture3" }
			}
		},
		{
			"__comment": "Box1",
			"from": [ 4, 12.5, 2 ],
			"to": [ 12, 13, 14 ],
			"faces": {
				"down": { "uv": [ 4, 2, 12, 14 ], "texture": "#texture3" },
				"up": { "uv": [ 4, 2, 12, 14 ], "texture": "#texture3" },
				"north": { "uv": [ 4, 3, 12, 3.5 ], "texture": "#texture3" },
				"south": { "uv": [ 4, 3, 12, 3.5 ], "texture": "#texture3" },
				"west": { "uv": [ 2, 3, 14, 3.5 ], "texture": "#texture3" },
				"east": { "uv": [ 2, 3, 14, 3.5 ], "texture": "#texture3" }
			}
		},
		{
			"__comment": "Box1",
			"from": [ 2, 12.5, 4 ],
			"to": [ 14, 13, 12 ],
			"faces": {
				"down": { "uv": [ 2, 4, 14, 12 ], "texture": "#texture3" },
				"up": { "uv": [ 2, 4, 14, 12 ], "texture": "#texture3" },
				"north": { "uv": [ 2, 3, 14, 3.5 ], "texture": "#texture3" },
				"south": { "uv": [ 2, 3, 14, 3.5 ], "texture": "#texture3" },
				"west": { "uv": [ 4, 3, 12, 3.5 ], "texture": "#texture3" },
				"east": { "uv": [ 4, 3, 12, 3.5 ], "texture": "#texture3" }
			}
		},
		{
			"__comment": "Box1",
			"from": [ 3, 12.5, 3 ],
			"to": [ 13, 13, 13 ],
			"faces": {
				"down": { "uv": [ 3, 3, 13, 13 ], "texture": "#texture3" },
				"up": { "uv": [ 3, 3, 13, 13 ], "texture": "#texture3" },
				"north": { "uv": [ 3, 3, 13, 3.5 ], "texture": "#texture3" },
				"south": { "uv": [ 3, 3, 13, 3.5 ], "texture": "#texture3" },
				"west": { "uv": [ 3, 3, 13, 3.5 ], "texture": "#texture3" },
				"east": { "uv": [ 3, 3, 13, 3.5 ], "texture": "#texture3" }
			}
		},
		{
			"__comment": "Box1",
			"from": [ 1, 12.5, 6 ],
			"to": [ 15, 13, 10 ],
			"faces": {
				"down": { "uv": [ 1, 6, 15, 10 ], "texture": "#texture3" },
				"up": { "uv": [ 1, 6, 15, 10 ], "texture": "#texture3" },
				"north": { "uv": [ 1, 3, 15, 3.5 ], "texture": "#texture3" },
				"south": { "uv": [ 1, 3, 15, 3.5 ], "texture": "#texture3" },
				"west": { "uv": [ 6, 3, 10, 3.5 ], "texture": "#texture3" },
				"east": { "uv": [ 6, 3, 10, 3.5 ], "texture": "#texture3" }
			}
		},
		{
			"__comment": "Box1",
			"from": [ 6, 14.5, 1 ],
			"to": [ 10, 18, 15 ],
			"faces": {
				"down": { "uv": [ 6, 1, 10, 15 ], "texture": "#texture3" },
				"up": { "uv": [ 6, 1, 10, 15 ], "texture": "#texture3" },
				"north": { "uv": [ 6, 0, 10, 1.5 ], "texture": "#texture3" },
				"south": { "uv": [ 6, 0, 10, 1.5 ], "texture": "#texture3" },
				"west": { "uv": [ 1, 0, 15, 1.5 ], "texture": "#texture3" },
				"east": { "uv": [ 1, 0, 15, 1.5 ], "texture": "#texture3" }
			}
		},
		{
			"__comment": "Box1",
			"from": [ 4, 14.5, 2 ],
			"to": [ 11, 18.5, 14 ],
			"faces": {
				"down": { "uv": [ 4, 2, 11, 14 ], "texture": "#texture3" },
				"up": { "uv": [ 4, 2, 11, 14 ], "texture": "#texture3" },
				"north": { "uv": [ 5, 0, 12, 1.5 ], "texture": "#texture3" },
				"south": { "uv": [ 4, 0, 11, 1.5 ], "texture": "#texture3" },
				"west": { "uv": [ 2, 0, 14, 1.5 ], "texture": "#texture3" },
				"east": { "uv": [ 2, 0, 14, 1.5 ], "texture": "#texture3" }
			}
		},
		{
			"__comment": "Box1",
			"from": [ 3, 14.5, 3 ],
			"to": [ 8, 18.5, 8 ],
			"faces": {
				"down": { "uv": [ 3, 8, 8, 13 ], "texture": "#texture3" },
				"up": { "uv": [ 3, 3, 8, 8 ], "texture": "#texture3" },
				"north": { "uv": [ 8, 0, 13, 1.5 ], "texture": "#texture3" },
				"south": { "uv": [ 3, 0, 8, 1.5 ], "texture": "#texture3" },
				"west": { "uv": [ 3, 0, 8, 1.5 ], "texture": "#texture3" },
				"east": { "uv": [ 8, 0, 13, 1.5 ], "texture": "#texture3" }
			}
		},
		{
			"__comment": "Box1",
			"from": [ 1, 14.5, 7 ],
			"to": [ 15, 18.5, 8 ],
			"faces": {
				"down": { "uv": [ 1, 8, 15, 9 ], "texture": "#texture3" },
				"up": { "uv": [ 1, 7, 15, 8 ], "texture": "#texture3" },
				"north": { "uv": [ 1, 0, 15, 1.5 ], "texture": "#texture3" },
				"south": { "uv": [ 1, 0, 15, 1.5 ], "texture": "#texture3" },
				"west": { "uv": [ 7, 0, 8, 1.5 ], "texture": "#texture3" },
				"east": { "uv": [ 8, 0, 9, 1.5 ], "texture": "#texture3" }
			}
		},
		{
			"__comment": "Box1",
			"from": [ 2, 14.5, 4 ],
			"to": [ 14, 18.5, 7.5 ],
			"faces": {
				"down": { "uv": [ 2, 8.5, 14, 12 ], "texture": "#texture3" },
				"up": { "uv": [ 2, 4, 14, 7.5 ], "texture": "#texture3" },
				"north": { "uv": [ 2, 0, 14, 1.5 ], "texture": "#texture3" },
				"south": { "uv": [ 2, 0, 14, 1.5 ], "texture": "#texture3" },
				"west": { "uv": [ 4, 0, 7.5, 1.5 ], "texture": "#texture3" },
				"east": { "uv": [ 8.5, 0, 12, 1.5 ], "texture": "#texture3" }
			}
		},
		{
			"__comment": "Box1",
			"from": [ 6, 18.5, 2 ],
			"to": [ 10, 21.5, 14 ],
			"faces": {
				"down": { "uv": [ 6, 2, 10, 14 ], "texture": "#texture3" },
				"up": { "uv": [ 6, 2, 10, 14 ], "texture": "#texture3" },
				"north": { "uv": [ 6, 10.5, 10, 13.5 ], "texture": "#texture3" },
				"south": { "uv": [ 6, 10.5, 10, 13.5 ], "texture": "#texture3" },
				"west": { "uv": [ 2, 10.5, 14, 13.5 ], "texture": "#texture3" },
				"east": { "uv": [ 2, 10.5, 14, 13.5 ], "texture": "#texture3" }
			}
		},
		{
			"__comment": "Box1",
			"from": [ 4, 18.5, 3 ],
			"to": [ 12, 21.5, 7 ],
			"faces": {
				"down": { "uv": [ 4, 9, 12, 13 ], "texture": "#texture3" },
				"up": { "uv": [ 4, 3, 12, 7 ], "texture": "#texture3" },
				"north": { "uv": [ 4, 10.5, 12, 13.5 ], "texture": "#texture3" },
				"south": { "uv": [ 4, 10.5, 12, 13.5 ], "texture": "#texture3" },
				"west": { "uv": [ 3, 10.5, 7, 13.5 ], "texture": "#texture3" },
				"east": { "uv": [ 9, 10.5, 13, 13.5 ], "texture": "#texture3" }
			}
		},
		{
			"__comment": "Box1",
			"from": [ 3, 18.5, 5 ],
			"to": [ 13, 21.5, 10 ],
			"faces": {
				"down": { "uv": [ 3, 6, 13, 11 ], "texture": "#texture3" },
				"up": { "uv": [ 3, 5, 13, 10 ], "texture": "#texture3" },
				"north": { "uv": [ 3, 10.5, 13, 13.5 ], "texture": "#texture3" },
				"south": { "uv": [ 3, 10.5, 13, 13.5 ], "texture": "#texture3" },
				"west": { "uv": [ 5, 10.5, 10, 13.5 ], "texture": "#texture3" },
				"east": { "uv": [ 6, 10.5, 11, 13.5 ], "texture": "#texture3" }
			}
		},
		{
			"__comment": "Box1",
			"from": [ 2, 18.5, 7 ],
			"to": [ 14, 21.5, 10 ],
			"faces": {
				"down": { "uv": [ 2, 6, 14, 9 ], "texture": "#texture3" },
				"up": { "uv": [ 2, 7, 14, 10 ], "texture": "#texture3" },
				"north": { "uv": [ 2, 10.5, 14, 13.5 ], "texture": "#texture3" },
				"south": { "uv": [ 2, 10.5, 14, 13.5 ], "texture": "#texture3" },
				"west": { "uv": [ 7, 10.5, 10, 13.5 ], "texture": "#texture3" },
				"east": { "uv": [ 6, 10.5, 9, 13.5 ], "texture": "#texture3" }
			}
		},
		{
			"__comment": "Box1",
			"from": [ 6, 21.5, 2 ],
			"to": [ 10, 22, 14 ],
			"faces": {
				"down": { "uv": [ 6, 2, 10, 14 ], "texture": "#particle" },
				"up": { "uv": [ 6, 2, 10, 14 ], "texture": "#particle" },
				"north": { "uv": [ 6, 10, 10, 10.5 ], "texture": "#particle" },
				"south": { "uv": [ 6, 10, 10, 10.5 ], "texture": "#particle" },
				"west": { "uv": [ 2, 10, 14, 10.5 ], "texture": "#particle" },
				"east": { "uv": [ 2, 10, 14, 10.5 ], "texture": "#particle" }
			}
		},
		{
			"__comment": "Box1",
			"from": [ 4, 21.5, 3 ],
			"to": [ 12, 22, 13 ],
			"faces": {
				"down": { "uv": [ 4, 3, 12, 13 ], "texture": "#particle" },
				"up": { "uv": [ 4, 3, 12, 13 ], "texture": "#particle" },
				"north": { "uv": [ 4, 10, 12, 10.5 ], "texture": "#particle" },
				"south": { "uv": [ 4, 10, 12, 10.5 ], "texture": "#particle" },
				"west": { "uv": [ 3, 10, 13, 10.5 ], "texture": "#particle" },
				"east": { "uv": [ 3, 10, 13, 10.5 ], "texture": "#particle" }
			}
		},
		{
			"__comment": "Box1",
			"from": [ 3, 21.5, 4 ],
			"to": [ 13, 22, 12 ],
			"faces": {
				"down": { "uv": [ 3, 4, 13, 12 ], "texture": "#particle" },
				"up": { "uv": [ 3, 4, 13, 12 ], "texture": "#particle" },
				"north": { "uv": [ 3, 10, 13, 10.5 ], "texture": "#particle" },
				"south": { "uv": [ 3, 10, 13, 10.5 ], "texture": "#particle" },
				"west": { "uv": [ 4, 10, 12, 10.5 ], "texture": "#particle" },
				"east": { "uv": [ 4, 10, 12, 10.5 ], "texture": "#particle" }
			}
		},
		{
			"__comment": "Box1",
			"from": [ 2, 21.5, 6 ],
			"to": [ 14, 22, 10 ],
			"faces": {
				"down": { "uv": [ 2, 6, 14, 10 ], "texture": "#particle" },
				"up": { "uv": [ 2, 6, 14, 10 ], "texture": "#particle" },
				"north": { "uv": [ 2, 10, 14, 10.5 ], "texture": "#particle" },
				"south": { "uv": [ 2, 10, 14, 10.5 ], "texture": "#particle" },
				"west": { "uv": [ 6, 10, 10, 10.5 ], "texture": "#particle" },
				"east": { "uv": [ 6, 10, 10, 10.5 ], "texture": "#particle" }
			}
		},
		{
			"__comment": "Box1",
			"from": [ 6, 13, 3 ],
			"to": [ 10, 14.5, 13 ],
			"faces": {
				"down": { "uv": [ 6, 3, 10, 13 ], "texture": "#particle" },
				"up": { "uv": [ 6, 3, 10, 13 ], "texture": "#particle" },
				"north": { "uv": [ 6, 1.5, 10, 3 ], "texture": "#particle" },
				"south": { "uv": [ 6, 1.5, 10, 3 ], "texture": "#particle" },
				"west": { "uv": [ 3, 1.5, 13, 3 ], "texture": "#particle" },
				"east": { "uv": [ 3, 1.5, 13, 3 ], "texture": "#particle" }
			}
		},
		{
			"__comment": "Box1",
			"from": [ 4, 13, 4 ],
			"to": [ 12, 14.5, 12 ],
			"faces": {
				"down": { "uv": [ 4, 4, 12, 12 ], "texture": "#particle" },
				"up": { "uv": [ 4, 4, 12, 12 ], "texture": "#particle" },
				"north": { "uv": [ 4, 1.5, 12, 3 ], "texture": "#particle" },
				"south": { "uv": [ 4, 1.5, 12, 3 ], "texture": "#particle" },
				"west": { "uv": [ 4, 1.5, 12, 3 ], "texture": "#particle" },
				"east": { "uv": [ 4, 1.5, 12, 3 ], "texture": "#particle" }
			}
		},
		{
			"__comment": "Box1",
			"from": [ 3, 13, 6 ],
			"to": [ 13, 14.5, 10 ],
			"faces": {
				"down": { "uv": [ 3, 6, 13, 10 ], "texture": "#particle" },
				"up": { "uv": [ 3, 6, 13, 10 ], "texture": "#particle" },
				"north": { "uv": [ 3, 1.5, 13, 3 ], "texture": "#particle" },
				"south": { "uv": [ 3, 1.5, 13, 3 ], "texture": "#particle" },
				"west": { "uv": [ 6, 1.5, 10, 3 ], "texture": "#particle" },
				"east": { "uv": [ 6, 1.5, 10, 3 ], "texture": "#particle" }
			}
		},
		{
			"__comment": "Box1",
			"from": [ 6, 22.5, 3 ],
			"to": [ 10, 23, 13 ],
			"faces": {
				"down": { "uv": [ 6, 3, 10, 13 ], "texture": "#texture3" },
				"up": { "uv": [ 6, 3, 10, 13 ], "texture": "#texture3" },
				"north": { "uv": [ 6, 9, 10, 9.5 ], "texture": "#texture3" },
				"south": { "uv": [ 6, 9, 10, 9.5 ], "texture": "#texture3" },
				"west": { "uv": [ 3, 9, 13, 9.5 ], "texture": "#texture3" },
				"east": { "uv": [ 3, 9, 13, 9.5 ], "texture": "#texture3" }
			}
		},
		{
			"__comment": "Box1",
			"from": [ 4, 22.5, 4 ],
			"to": [ 12, 23, 12 ],
			"faces": {
				"down": { "uv": [ 4, 4, 12, 12 ], "texture": "#texture3" },
				"up": { "uv": [ 4, 4, 12, 12 ], "texture": "#texture3" },
				"north": { "uv": [ 4, 9, 12, 9.5 ], "texture": "#texture3" },
				"south": { "uv": [ 4, 9, 12, 9.5 ], "texture": "#texture3" },
				"west": { "uv": [ 4, 9, 12, 9.5 ], "texture": "#texture3" },
				"east": { "uv": [ 4, 9, 12, 9.5 ], "texture": "#texture3" }
			}
		},
		{
			"__comment": "Box1",
			"from": [ 3, 22.5, 6 ],
			"to": [ 13, 23, 10 ],
			"faces": {
				"down": { "uv": [ 3, 6, 13, 10 ], "texture": "#texture3" },
				"up": { "uv": [ 3, 6, 13, 10 ], "texture": "#texture3" },
				"north": { "uv": [ 3, 9, 13, 9.5 ], "texture": "#texture3" },
				"south": { "uv": [ 3, 9, 13, 9.5 ], "texture": "#texture3" },
				"west": { "uv": [ 6, 9, 10, 9.5 ], "texture": "#texture3" },
				"east": { "uv": [ 6, 9, 10, 9.5 ], "texture": "#texture3" }
			}
		},
		{
			"__comment": "Box1",
			"from": [ 6.5, 23, 6 ],
			"to": [ 9.5, 23.5, 10 ],
			"faces": {
				"down": { "uv": [ 6.5, 6, 9.5, 10 ], "texture": "#texture3" },
				"up": { "uv": [ 6.5, 6, 9.5, 10 ], "texture": "#texture3" },
				"north": { "uv": [ 6.5, 8.5, 9.5, 9 ], "texture": "#texture3" },
				"south": { "uv": [ 6.5, 8.5, 9.5, 9 ], "texture": "#texture3" },
				"west": { "uv": [ 6, 8.5, 10, 9 ], "texture": "#texture3" },
				"east": { "uv": [ 6, 8.5, 10, 9 ], "texture": "#texture3" }
			}
		},
		{
			"__comment": "Box1",
			"from": [ 6, 23, 6.5 ],
			"to": [ 10, 23.5, 9.5 ],
			"faces": {
				"down": { "uv": [ 6, 6.5, 10, 9.5 ], "texture": "#texture3" },
				"up": { "uv": [ 6, 6.5, 10, 9.5 ], "texture": "#texture3" },
				"north": { "uv": [ 6, 8.5, 10, 9 ], "texture": "#texture3" },
				"south": { "uv": [ 6, 8.5, 10, 9 ], "texture": "#texture3" },
				"west": { "uv": [ 6.5, 8.5, 9.5, 9 ], "texture": "#texture3" },
				"east": { "uv": [ 6.5, 8.5, 9.5, 9 ], "texture": "#texture3" }
			}
		},
		{
			"__comment": "Box1",
			"from": [ 6, 22, 2 ],
			"to": [ 10, 22.5, 14 ],
			"faces": {
				"down": { "uv": [ 6, 2, 10, 14 ], "texture": "#texture" },
				"up": { "uv": [ 6, 2, 10, 14 ], "texture": "#texture" },
				"north": { "uv": [ 6, 9.5, 10, 10 ], "texture": "#texture" },
				"south": { "uv": [ 6, 9.5, 10, 10 ], "texture": "#texture" },
				"west": { "uv": [ 2, 9.5, 14, 10 ], "texture": "#texture" },
				"east": { "uv": [ 2, 9.5, 14, 10 ], "texture": "#texture" }
			}
		},
		{
			"__comment": "Box1",
			"from": [ 4, 22, 3 ],
			"to": [ 12, 22.5, 13 ],
			"faces": {
				"down": { "uv": [ 4, 3, 12, 13 ], "texture": "#texture" },
				"up": { "uv": [ 4, 3, 12, 13 ], "texture": "#texture" },
				"north": { "uv": [ 4, 9.5, 12, 10 ], "texture": "#texture" },
				"south": { "uv": [ 4, 9.5, 12, 10 ], "texture": "#texture" },
				"west": { "uv": [ 3, 9.5, 13, 10 ], "texture": "#texture" },
				"east": { "uv": [ 3, 9.5, 13, 10 ], "texture": "#texture" }
			}
		},
		{
			"__comment": "Box1",
			"from": [ 3, 22, 4 ],
			"to": [ 13, 22.5, 12 ],
			"faces": {
				"down": { "uv": [ 3, 4, 13, 12 ], "texture": "#texture" },
				"up": { "uv": [ 3, 4, 13, 12 ], "texture": "#texture" },
				"north": { "uv": [ 3, 9.5, 13, 10 ], "texture": "#texture" },
				"south": { "uv": [ 3, 9.5, 13, 10 ], "texture": "#texture" },
				"west": { "uv": [ 4, 9.5, 12, 10 ], "texture": "#texture" },
				"east": { "uv": [ 4, 9.5, 12, 10 ], "texture": "#texture" }
			}
		},
		{
			"__comment": "Box1",
			"from": [ 2, 22, 6 ],
			"to": [ 14, 22.5, 10 ],
			"faces": {
				"down": { "uv": [ 2, 6, 14, 10 ], "texture": "#texture" },
				"up": { "uv": [ 2, 6, 14, 10 ], "texture": "#texture" },
				"north": { "uv": [ 2, 9.5, 14, 10 ], "texture": "#texture" },
				"south": { "uv": [ 2, 9.5, 14, 10 ], "texture": "#texture" },
				"west": { "uv": [ 6, 9.5, 10, 10 ], "texture": "#texture" },
				"east": { "uv": [ 6, 9.5, 10, 10 ], "texture": "#texture" }
			}
		},
		{
			"__comment": "Box1",
			"from": [ 2, 13.5, 6 ],
			"to": [ 14, 14, 10 ],
			"faces": {
				"down": { "uv": [ 2, 6, 14, 10 ], "texture": "#particle" },
				"up": { "uv": [ 2, 6, 14, 10 ], "texture": "#particle" },
				"north": { "uv": [ 2, 2, 14, 2.5 ], "texture": "#particle" },
				"south": { "uv": [ 2, 2, 14, 2.5 ], "texture": "#particle" },
				"west": { "uv": [ 6, 2, 10, 2.5 ], "texture": "#particle" },
				"east": { "uv": [ 6, 2, 10, 2.5 ], "texture": "#particle" }
			}
		},
		{
			"__comment": "Box1",
			"from": [ 3, 13.5, 4 ],
			"to": [ 13, 14, 12 ],
			"faces": {
				"down": { "uv": [ 3, 4, 13, 12 ], "texture": "#particle" },
				"up": { "uv": [ 3, 4, 13, 12 ], "texture": "#particle" },
				"north": { "uv": [ 3, 2, 13, 2.5 ], "texture": "#particle" },
				"south": { "uv": [ 3, 2, 13, 2.5 ], "texture": "#particle" },
				"west": { "uv": [ 4, 2, 12, 2.5 ], "texture": "#particle" },
				"east": { "uv": [ 4, 2, 12, 2.5 ], "texture": "#particle" }
			}
		},
		{
			"__comment": "Box1",
			"from": [ 4, 13.5, 3 ],
			"to": [ 12, 14, 13 ],
			"faces": {
				"down": { "uv": [ 4, 3, 12, 13 ], "texture": "#particle" },
				"up": { "uv": [ 4, 3, 12, 13 ], "texture": "#particle" },
				"north": { "uv": [ 4, 2, 12, 2.5 ], "texture": "#particle" },
				"south": { "uv": [ 4, 2, 12, 2.5 ], "texture": "#particle" },
				"west": { "uv": [ 3, 2, 13, 2.5 ], "texture": "#particle" },
				"east": { "uv": [ 3, 2, 13, 2.5 ], "texture": "#particle" }
			}
		},
		{
			"__comment": "Box1",
			"from": [ 6, 13.5, 2 ],
			"to": [ 10, 14, 14 ],
			"faces": {
				"down": { "uv": [ 6, 2, 10, 14 ], "texture": "#particle" },
				"up": { "uv": [ 6, 2, 10, 14 ], "texture": "#particle" },
				"north": { "uv": [ 6, 2, 10, 2.5 ], "texture": "#particle" },
				"south": { "uv": [ 6, 2, 10, 2.5 ], "texture": "#particle" },
				"west": { "uv": [ 2, 2, 14, 2.5 ], "texture": "#particle" },
				"east": { "uv": [ 2, 2, 14, 2.5 ], "texture": "#particle" }
			}
		},
		{
			"__comment": "Box1",
			"from": [ 6, 14, 1 ],
			"to": [ 10, 14.5, 15 ],
			"faces": {
				"down": { "uv": [ 6, 1, 10, 15 ], "texture": "#particle" },
				"up": { "uv": [ 6, 1, 10, 15 ], "texture": "#particle" },
				"north": { "uv": [ 6, 1.5, 10, 2 ], "texture": "#particle" },
				"south": { "uv": [ 6, 1.5, 10, 2 ], "texture": "#particle" },
				"west": { "uv": [ 1, 1.5, 15, 2 ], "texture": "#particle" },
				"east": { "uv": [ 1, 1.5, 15, 2 ], "texture": "#particle" }
			}
		},
		{
			"__comment": "Box1",
			"from": [ 4, 14, 2 ],
			"to": [ 12, 14.5, 14 ],
			"faces": {
				"down": { "uv": [ 4, 2, 12, 14 ], "texture": "#particle" },
				"up": { "uv": [ 4, 2, 12, 14 ], "texture": "#particle" },
				"north": { "uv": [ 4, 1.5, 12, 2 ], "texture": "#particle" },
				"south": { "uv": [ 4, 1.5, 12, 2 ], "texture": "#particle" },
				"west": { "uv": [ 2, 1.5, 14, 2 ], "texture": "#particle" },
				"east": { "uv": [ 2, 1.5, 14, 2 ], "texture": "#particle" }
			}
		},
		{
			"__comment": "Box1",
			"from": [ 3, 14, 3 ],
			"to": [ 13, 14.5, 13 ],
			"faces": {
				"down": { "uv": [ 3, 3, 13, 13 ], "texture": "#particle" },
				"up": { "uv": [ 3, 3, 13, 13 ], "texture": "#particle" },
				"north": { "uv": [ 3, 1.5, 13, 2 ], "texture": "#particle" },
				"south": { "uv": [ 3, 1.5, 13, 2 ], "texture": "#particle" },
				"west": { "uv": [ 3, 1.5, 13, 2 ], "texture": "#particle" },
				"east": { "uv": [ 3, 1.5, 13, 2 ], "texture": "#particle" }
			}
		},
		{
			"__comment": "Box1",
			"from": [ 2, 14, 4 ],
			"to": [ 14, 14.5, 12 ],
			"faces": {
				"down": { "uv": [ 2, 4, 14, 12 ], "texture": "#particle" },
				"up": { "uv": [ 2, 4, 14, 12 ], "texture": "#particle" },
				"north": { "uv": [ 2, 1.5, 14, 2 ], "texture": "#particle" },
				"south": { "uv": [ 2, 1.5, 14, 2 ], "texture": "#particle" },
				"west": { "uv": [ 4, 1.5, 12, 2 ], "texture": "#particle" },
				"east": { "uv": [ 4, 1.5, 12, 2 ], "texture": "#particle" }
			}
		},
		{
			"__comment": "Box1",
			"from": [ 1, 14, 6 ],
			"to": [ 15, 14.5, 10 ],
			"faces": {
				"down": { "uv": [ 1, 6, 15, 10 ], "texture": "#particle" },
				"up": { "uv": [ 1, 6, 15, 10 ], "texture": "#particle" },
				"north": { "uv": [ 1, 1.5, 15, 2 ], "texture": "#particle" },
				"south": { "uv": [ 1, 1.5, 15, 2 ], "texture": "#particle" },
				"west": { "uv": [ 6, 1.5, 10, 2 ], "texture": "#particle" },
				"east": { "uv": [ 6, 1.5, 10, 2 ], "texture": "#particle" }
			}
		},
		{
			"__comment": "Box1",
			"from": [ 6, 18, 1.5 ],
			"to": [ 9.5, 18.5, 2 ],
			"faces": {
				"down": { "uv": [ 6, 14, 9.5, 14.5 ], "texture": "#particle" },
				"up": { "uv": [ 6, 1.5, 9.5, 2 ], "texture": "#particle" },
				"north": { "uv": [ 6.5, 13.5, 10, 14 ], "texture": "#particle" },
				"south": { "uv": [ 6, 13.5, 9.5, 14 ], "texture": "#particle" },
				"west": { "uv": [ 1.5, 13.5, 2, 14 ], "texture": "#particle" },
				"east": { "uv": [ 14, 13.5, 14.5, 14 ], "texture": "#particle" }
			}
		},
		{
			"__comment": "Box1",
			"from": [ 6, 18.5, 1.5 ],
			"to": [ 7.5, 19, 2 ],
			"faces": {
				"down": { "uv": [ 6, 14, 7.5, 14.5 ], "texture": "#particle" },
				"up": { "uv": [ 6, 1.5, 7.5, 2 ], "texture": "#particle" },
				"north": { "uv": [ 8.5, 13, 10, 13.5 ], "texture": "#particle" },
				"south": { "uv": [ 6, 13, 7.5, 13.5 ], "texture": "#particle" },
				"west": { "uv": [ 1.5, 13, 2, 13.5 ], "texture": "#particle" },
				"east": { "uv": [ 14, 13, 14.5, 13.5 ], "texture": "#particle" }
			}
		},
		{
			"__comment": "Box1",
			"from": [ 8.5, 18.5, 1.5 ],
			"to": [ 9.5, 19, 2 ],
			"faces": {
				"down": { "uv": [ 8.5, 14, 9.5, 14.5 ], "texture": "#particle" },
				"up": { "uv": [ 8.5, 1.5, 9.5, 2 ], "texture": "#particle" },
				"north": { "uv": [ 6.5, 13, 7.5, 13.5 ], "texture": "#particle" },
				"south": { "uv": [ 8.5, 13, 9.5, 13.5 ], "texture": "#particle" },
				"west": { "uv": [ 1.5, 13, 2, 13.5 ], "texture": "#particle" },
				"east": { "uv": [ 14, 13, 14.5, 13.5 ], "texture": "#particle" }
			}
		},
		{
			"__comment": "Box1",
			"from": [ 9, 19, 1.5 ],
			"to": [ 9.5, 20, 2 ],
			"faces": {
				"down": { "uv": [ 9, 14, 9.5, 14.5 ], "texture": "#particle" },
				"up": { "uv": [ 9, 1.5, 9.5, 2 ], "texture": "#particle" },
				"north": { "uv": [ 6.5, 12, 7, 13 ], "texture": "#particle" },
				"south": { "uv": [ 9, 12, 9.5, 13 ], "texture": "#particle" },
				"west": { "uv": [ 1.5, 12, 2, 13 ], "texture": "#particle" },
				"east": { "uv": [ 14, 12, 14.5, 13 ], "texture": "#particle" }
			}
		},
		{
			"__comment": "Box1",
			"from": [ 6.5, 19, 1.5 ],
			"to": [ 7, 20, 2 ],
			"faces": {
				"down": { "uv": [ 6.5, 14, 7, 14.5 ], "texture": "#particle" },
				"up": { "uv": [ 6.5, 1.5, 7, 2 ], "texture": "#particle" },
				"north": { "uv": [ 9, 12, 9.5, 13 ], "texture": "#particle" },
				"south": { "uv": [ 6.5, 12, 7, 13 ], "texture": "#particle" },
				"west": { "uv": [ 1.5, 12, 2, 13 ], "texture": "#particle" },
				"east": { "uv": [ 14, 12, 14.5, 13 ], "texture": "#particle" }
			}
		},
		{
			"__comment": "Box1",
			"from": [ 8.5, 20, 1.5 ],
			"to": [ 9.5, 20.5, 2 ],
			"faces": {
				"down": { "uv": [ 8.5, 14, 9.5, 14.5 ], "texture": "#particle" },
				"up": { "uv": [ 8.5, 1.5, 9.5, 2 ], "texture": "#particle" },
				"north": { "uv": [ 6.5, 11.5, 7.5, 12 ], "texture": "#particle" },
				"south": { "uv": [ 8.5, 11.5, 9.5, 12 ], "texture": "#particle" },
				"west": { "uv": [ 1.5, 11.5, 2, 12 ], "texture": "#particle" },
				"east": { "uv": [ 14, 11.5, 14.5, 12 ], "texture": "#particle" }
			}
		},
		{
			"__comment": "Box1",
			"from": [ 6, 20, 1.5 ],
			"to": [ 7.5, 20.5, 2 ],
			"faces": {
				"down": { "uv": [ 6, 14, 7.5, 14.5 ], "texture": "#particle" },
				"up": { "uv": [ 6, 1.5, 7.5, 2 ], "texture": "#particle" },
				"north": { "uv": [ 8.5, 11.5, 10, 12 ], "texture": "#particle" },
				"south": { "uv": [ 6, 11.5, 7.5, 12 ], "texture": "#particle" },
				"west": { "uv": [ 1.5, 11.5, 2, 12 ], "texture": "#particle" },
				"east": { "uv": [ 14, 11.5, 14.5, 12 ], "texture": "#particle" }
			}
		},
		{
			"__comment": "Box1",
			"from": [ 6, 20.5, 1.5 ],
			"to": [ 9.5, 21, 2 ],
			"faces": {
				"down": { "uv": [ 6, 14, 9.5, 14.5 ], "texture": "#particle" },
				"up": { "uv": [ 6, 1.5, 9.5, 2 ], "texture": "#particle" },
				"north": { "uv": [ 6.5, 11, 10, 11.5 ], "texture": "#particle" },
				"south": { "uv": [ 6, 11, 9.5, 11.5 ], "texture": "#particle" },
				"west": { "uv": [ 1.5, 11, 2, 11.5 ], "texture": "#particle" },
				"east": { "uv": [ 14, 11, 14.5, 11.5 ], "texture": "#particle" }
			}
		},
		{
			"__comment": "Box1",
			"from": [ 7, 19, 1.5 ],
			"to": [ 9, 20, 2 ],
			"faces": {
				"down": { "uv": [ 7, 14, 9, 14.5 ], "texture": "#texture2" },
				"up": { "uv": [ 7, 1.5, 9, 2 ], "texture": "#texture2" },
				"north": { "uv": [ 7, 12, 9, 13 ], "texture": "#texture2" },
				"south": { "uv": [ 7, 12, 9, 13 ], "texture": "#texture2" },
				"west": { "uv": [ 1.5, 12, 2, 13 ], "texture": "#texture2" },
				"east": { "uv": [ 14, 12, 14.5, 13 ], "texture": "#texture2" }
			}
		},
		{
			"__comment": "Box1",
			"from": [ 7.5, 18.5, 1.5 ],
			"to": [ 8.5, 20.5, 2 ],
			"faces": {
				"down": { "uv": [ 7.5, 14, 8.5, 14.5 ], "texture": "#texture2" },
				"up": { "uv": [ 7.5, 1.5, 8.5, 2 ], "texture": "#texture2" },
				"north": { "uv": [ 7.5, 11.5, 8.5, 13.5 ], "texture": "#texture2" },
				"south": { "uv": [ 7.5, 11.5, 8.5, 13.5 ], "texture": "#texture2" },
				"west": { "uv": [ 1.5, 11.5, 2, 13.5 ], "texture": "#texture2" },
				"east": { "uv": [ 14, 11.5, 14.5, 13.5 ], "texture": "#texture2" }
			}
		},
		{
			"__comment": "Box1",
			"from": [ 6.5, 15.5, 0.5 ],
			"to": [ 7, 16.5, 1 ],
			"faces": {
				"down": { "uv": [ 6.5, 15, 7, 15.5 ], "texture": "#texture2" },
				"up": { "uv": [ 6.5, 0.5, 7, 1 ], "texture": "#texture2" },
				"north": { "uv": [ 9, 0, 9.5, 0.5 ], "texture": "#texture2" },
				"south": { "uv": [ 6.5, 0, 7, 0.5 ], "texture": "#texture2" },
				"west": { "uv": [ 0.5, 0, 1, 0.5 ], "texture": "#texture2" },
				"east": { "uv": [ 15, 0, 15.5, 0.5 ], "texture": "#texture2" }
			}
		},
		{
			"__comment": "Box1",
			"from": [ 7, 15.5, 0.5 ],
			"to": [ 8, 16.5, 1 ],
			"faces": {
				"down": { "uv": [ 7, 15, 8, 15.5 ], "texture": "#texture4" },
				"up": { "uv": [ 7, 0.5, 8, 1 ], "texture": "#texture4" },
				"north": { "uv": [ 8, 0, 9, 0.5 ], "texture": "#texture4" },
				"south": { "uv": [ 7, 0, 8, 0.5 ], "texture": "#texture4" },
				"west": { "uv": [ 0.5, 0, 1, 0.5 ], "texture": "#texture4" },
				"east": { "uv": [ 15, 0, 15.5, 0.5 ], "texture": "#texture4" }
			}
		},
		{
			"__comment": "Box1",
			"from": [ 8, 15.5, 0.5 ],
			"to": [ 9, 16.5, 1 ],
			"faces": {
				"down": { "uv": [ 8, 15, 9, 15.5 ], "texture": "#texture2" },
				"up": { "uv": [ 8, 0.5, 9, 1 ], "texture": "#texture2" },
				"north": { "uv": [ 7, 0, 8, 0.5 ], "texture": "#texture2" },
				"south": { "uv": [ 8, 0, 9, 0.5 ], "texture": "#texture2" },
				"west": { "uv": [ 0.5, 0, 1, 0.5 ], "texture": "#texture2" },
				"east": { "uv": [ 15, 0, 15.5, 0.5 ], "texture": "#texture2" }
			}
		},
		{
			"__comment": "Box1",
			"from": [ 4.5, 15.5, 1 ],
			"to": [ 6, 17, 2 ],
			"faces": {
				"down": { "uv": [ 4.5, 14, 6, 15 ], "texture": "#texture" },
				"up": { "uv": [ 4.5, 1, 6, 2 ], "texture": "#texture" },
				"north": { "uv": [ 10, 0, 11.5, 0.5 ], "texture": "#texture" },
				"south": { "uv": [ 4.5, 0, 6, 0.5 ], "texture": "#texture" },
				"west": { "uv": [ 1, 0, 2, 0.5 ], "texture": "#texture" },
				"east": { "uv": [ 14, 0, 15, 0.5 ], "texture": "#texture" }
			}
		},
		{
			"__comment": "Box1",
			"from": [ 3, 18.5, 4 ],
			"to": [ 8, 21, 5 ],
			"faces": {
				"down": { "uv": [ 3, 11, 8, 12 ], "texture": "#texture3" },
				"up": { "uv": [ 3, 4, 8, 5 ], "texture": "#texture3" },
				"north": { "uv": [ 8, 11, 13, 13.5 ], "texture": "#texture3" },
				"south": { "uv": [ 3, 11, 8, 13.5 ], "texture": "#texture3" },
				"west": { "uv": [ 4, 11, 5, 13.5 ], "texture": "#texture3" },
				"east": { "uv": [ 11, 11, 12, 13.5 ], "texture": "#texture3" }
			}
		},
		{
			"__comment": "Box1",
			"from": [ 3, 21, 4 ],
			"to": [ 13, 21.5, 5 ],
			"faces": {
				"down": { "uv": [ 3, 11, 13, 12 ], "texture": "#texture3" },
				"up": { "uv": [ 3, 4, 13, 5 ], "texture": "#texture3" },
				"north": { "uv": [ 3, 10.5, 13, 11 ], "texture": "#texture3" },
				"south": { "uv": [ 3, 10.5, 13, 11 ], "texture": "#texture3" },
				"west": { "uv": [ 4, 10.5, 5, 11 ], "texture": "#texture3" },
				"east": { "uv": [ 11, 10.5, 12, 11 ], "texture": "#texture3" }
			}
		},
		{
			"__comment": "Box1",
			"from": [ 1, 15, 6 ],
			"to": [ 15, 18.5, 7 ],
			"faces": {
				"down": { "uv": [ 1, 9, 15, 10 ], "texture": "#particle" },
				"up": { "uv": [ 1, 6, 15, 7 ], "texture": "#particle" },
				"north": { "uv": [ 1, 0, 15, 1 ], "texture": "#particle" },
				"south": { "uv": [ 1, 0, 15, 1 ], "texture": "#particle" },
				"west": { "uv": [ 6, 0, 7, 1 ], "texture": "#particle" },
				"east": { "uv": [ 9, 0, 10, 1 ], "texture": "#particle" }
			}
		},
		{
			"__comment": "Box1",
			"from": [ 2, 18.5, 6 ],
			"to": [ 14, 21, 7 ],
			"faces": {
				"down": { "uv": [ 2, 9, 14, 10 ], "texture": "#particle" },
				"up": { "uv": [ 2, 6, 14, 7 ], "texture": "#particle" },
				"north": { "uv": [ 2, 11, 14, 13.5 ], "texture": "#particle" },
				"south": { "uv": [ 2, 11, 14, 13.5 ], "texture": "#particle" },
				"west": { "uv": [ 6, 11, 7, 13.5 ], "texture": "#particle" },
				"east": { "uv": [ 9, 11, 10, 13.5 ], "texture": "#particle" }
			}
		},
		{
			"__comment": "Box1",
			"from": [ 1, 14.5, 6 ],
			"to": [ 15, 15, 7 ],
			"faces": {
				"down": { "uv": [ 1, 9, 15, 10 ], "texture": "#texture3" },
				"up": { "uv": [ 1, 6, 15, 7 ], "texture": "#texture3" },
				"north": { "uv": [ 1, 1, 15, 1.5 ], "texture": "#texture3" },
				"south": { "uv": [ 1, 1, 15, 1.5 ], "texture": "#texture3" },
				"west": { "uv": [ 6, 1, 7, 1.5 ], "texture": "#texture3" },
				"east": { "uv": [ 9, 1, 10, 1.5 ], "texture": "#texture3" }
			}
		},
		{
			"__comment": "Box1",
			"from": [ 2, 21, 6 ],
			"to": [ 14, 21.5, 7 ],
			"faces": {
				"down": { "uv": [ 2, 9, 14, 10 ], "texture": "#texture3" },
				"up": { "uv": [ 2, 6, 14, 7 ], "texture": "#texture3" },
				"north": { "uv": [ 2, 10.5, 14, 11 ], "texture": "#texture3" },
				"south": { "uv": [ 2, 10.5, 14, 11 ], "texture": "#texture3" },
				"west": { "uv": [ 6, 10.5, 7, 11 ], "texture": "#texture3" },
				"east": { "uv": [ 9, 10.5, 10, 11 ], "texture": "#texture3" }
			}
		},
		{
			"__comment": "Box1",
			"from": [ 1, 15, 8 ],
			"to": [ 15, 16.5, 9 ],
			"faces": {
				"down": { "uv": [ 1, 7, 15, 8 ], "texture": "#particle" },
				"up": { "uv": [ 1, 8, 15, 9 ], "texture": "#particle" },
				"north": { "uv": [ 1, 0, 15, 1 ], "texture": "#particle" },
				"south": { "uv": [ 1, 0, 15, 1 ], "texture": "#particle" },
				"west": { "uv": [ 8, 0, 9, 1 ], "texture": "#particle" },
				"east": { "uv": [ 7, 0, 8, 1 ], "texture": "#particle" }
			}
		},
		{
			"__comment": "Box1",
			"from": [ 1, 14.5, 8 ],
			"to": [ 15, 15, 9 ],
			"faces": {
				"down": { "uv": [ 1, 7, 15, 8 ], "texture": "#texture3" },
				"up": { "uv": [ 1, 8, 15, 9 ], "texture": "#texture3" },
				"north": { "uv": [ 1, 1, 15, 1.5 ], "texture": "#texture3" },
				"south": { "uv": [ 1, 1, 15, 1.5 ], "texture": "#texture3" },
				"west": { "uv": [ 8, 1, 9, 1.5 ], "texture": "#texture3" },
				"east": { "uv": [ 7, 1, 8, 1.5 ], "texture": "#texture3" }
			}
		},
		{
			"__comment": "Box1",
			"from": [ 1, 14.5, 9 ],
			"to": [ 15, 18.5, 10 ],
			"faces": {
				"down": { "uv": [ 1, 6, 15, 7 ], "texture": "#texture3" },
				"up": { "uv": [ 1, 9, 15, 10 ], "texture": "#texture3" },
				"north": { "uv": [ 1, 0, 15, 1.5 ], "texture": "#texture3" },
				"south": { "uv": [ 1, 0, 15, 1.5 ], "texture": "#texture3" },
				"west": { "uv": [ 9, 0, 10, 1.5 ], "texture": "#texture3" },
				"east": { "uv": [ 6, 0, 7, 1.5 ], "texture": "#texture3" }
			}
		},
		{
			"__comment": "Box1",
			"from": [ 8, 14.5, 3 ],
			"to": [ 13, 18.5, 8.5 ],
			"faces": {
				"down": { "uv": [ 8, 7.5, 13, 13 ], "texture": "#texture3" },
				"up": { "uv": [ 8, 3, 13, 8.5 ], "texture": "#texture3" },
				"north": { "uv": [ 3, 0, 8, 1.5 ], "texture": "#texture3" },
				"south": { "uv": [ 8, 0, 13, 1.5 ], "texture": "#texture3" },
				"west": { "uv": [ 3, 0, 8.5, 1.5 ], "texture": "#texture3" },
				"east": { "uv": [ 7.5, 0, 13, 1.5 ], "texture": "#texture3" }
			}
		},
		{
			"__comment": "Box1",
			"from": [ 8, 18.5, 4 ],
			"to": [ 13, 21, 5 ],
			"faces": {
				"down": { "uv": [ 8, 11, 13, 12 ], "texture": "#texture3" },
				"up": { "uv": [ 8, 4, 13, 5 ], "texture": "#texture3" },
				"north": { "uv": [ 3, 11, 8, 13.5 ], "texture": "#texture3" },
				"south": { "uv": [ 8, 11, 13, 13.5 ], "texture": "#texture3" },
				"west": { "uv": [ 4, 11, 5, 13.5 ], "texture": "#texture3" },
				"east": { "uv": [ 11, 11, 12, 13.5 ], "texture": "#texture3" }
			}
		},
		{
			"__comment": "Box1",
			"from": [ 11, 15, 2 ],
			"to": [ 12, 17.5, 3 ],
			"faces": {
				"down": { "uv": [ 11, 13, 12, 14 ], "texture": "#texture2" },
				"up": { "uv": [ 11, 2, 12, 3 ], "texture": "#texture2" },
				"north": { "uv": [ 4, 0, 5, 1 ], "texture": "#texture2" },
				"south": { "uv": [ 11, 0, 12, 1 ], "texture": "#texture2" },
				"west": { "uv": [ 2, 0, 3, 1 ], "texture": "#texture2" },
				"east": { "uv": [ 13, 0, 14, 1 ], "texture": "#texture2" }
			}
		},
		{
			"__comment": "Box1",
			"from": [ 11, 14.5, 2 ],
			"to": [ 12, 15, 3 ],
			"faces": {
				"down": { "uv": [ 11, 13, 12, 14 ], "texture": "#texture3" },
				"up": { "uv": [ 11, 2, 12, 3 ], "texture": "#texture3" },
				"north": { "uv": [ 4, 1, 5, 1.5 ], "texture": "#texture3" },
				"south": { "uv": [ 11, 1, 12, 1.5 ], "texture": "#texture3" },
				"west": { "uv": [ 2, 1, 3, 1.5 ], "texture": "#texture3" },
				"east": { "uv": [ 13, 1, 14, 1.5 ], "texture": "#texture3" }
			}
		},
		{
			"__comment": "Box1",
			"from": [ 11, 17.5, 2 ],
			"to": [ 12, 18.5, 3 ],
			"faces": {
				"down": { "uv": [ 11, 13, 12, 14 ], "texture": "#texture3" },
				"up": { "uv": [ 11, 2, 12, 3 ], "texture": "#texture3" },
				"north": { "uv": [ 4, 13.5, 5, 14.5 ], "texture": "#texture3" },
				"south": { "uv": [ 11, 13.5, 12, 14.5 ], "texture": "#texture3" },
				"west": { "uv": [ 2, 13.5, 3, 14.5 ], "texture": "#texture3" },
				"east": { "uv": [ 13, 13.5, 14, 14.5 ], "texture": "#texture3" }
			}
		},
		{
			"__comment": "Box1",
			"from": [ 11, 14.5, 7 ],
			"to": [ 12, 18.5, 14 ],
			"faces": {
				"down": { "uv": [ 11, 2, 12, 9 ], "texture": "#texture3" },
				"up": { "uv": [ 11, 7, 12, 14 ], "texture": "#texture3" },
				"north": { "uv": [ 4, 0, 5, 1.5 ], "texture": "#texture3" },
				"south": { "uv": [ 11, 0, 12, 1.5 ], "texture": "#texture3" },
				"west": { "uv": [ 7, 0, 14, 1.5 ], "texture": "#texture3" },
				"east": { "uv": [ 2, 0, 9, 1.5 ], "texture": "#texture3" }
			}
		},
		{
			"__comment": "Box1",
			"from": [ 2, 15, 11.5 ],
			"to": [ 14, 18.5, 12 ],
			"faces": {
				"down": { "uv": [ 2, 4, 14, 4.5 ], "texture": "#particle" },
				"up": { "uv": [ 2, 11.5, 14, 12 ], "texture": "#particle" },
				"north": { "uv": [ 2, 0, 14, 1 ], "texture": "#particle" },
				"south": { "uv": [ 2, 0, 14, 1 ], "texture": "#particle" },
				"west": { "uv": [ 11.5, 0, 12, 1 ], "texture": "#particle" },
				"east": { "uv": [ 4, 0, 4.5, 1 ], "texture": "#particle" }
			}
		},
		{
			"__comment": "Box1",
			"from": [ 2, 15.5, 10 ],
			"to": [ 14, 18.5, 10.5 ],
			"faces": {
				"down": { "uv": [ 2, 5.5, 14, 6 ], "texture": "#particle" },
				"up": { "uv": [ 2, 10, 14, 10.5 ], "texture": "#particle" },
				"north": { "uv": [ 2, 0, 14, 0.5 ], "texture": "#particle" },
				"south": { "uv": [ 2, 0, 14, 0.5 ], "texture": "#particle" },
				"west": { "uv": [ 10, 0, 10.5, 0.5 ], "texture": "#particle" },
				"east": { "uv": [ 5.5, 0, 6, 0.5 ], "texture": "#particle" }
			}
		},
		{
			"__comment": "Box1",
			"from": [ 3, 18.5, 11.5 ],
			"to": [ 13, 21.5, 12 ],
			"faces": {
				"down": { "uv": [ 3, 4, 13, 4.5 ], "texture": "#particle" },
				"up": { "uv": [ 3, 11.5, 13, 12 ], "texture": "#particle" },
				"north": { "uv": [ 3, 10.5, 13, 13.5 ], "texture": "#particle" },
				"south": { "uv": [ 3, 10.5, 13, 13.5 ], "texture": "#particle" },
				"west": { "uv": [ 11.5, 10.5, 12, 13.5 ], "texture": "#particle" },
				"east": { "uv": [ 4, 10.5, 4.5, 13.5 ], "texture": "#particle" }
			}
		},
		{
			"__comment": "Box1",
			"from": [ 3, 18.5, 10 ],
			"to": [ 13, 21, 10.5 ],
			"faces": {
				"down": { "uv": [ 3, 5.5, 13, 6 ], "texture": "#particle" },
				"up": { "uv": [ 3, 10, 13, 10.5 ], "texture": "#particle" },
				"north": { "uv": [ 3, 11, 13, 13.5 ], "texture": "#particle" },
				"south": { "uv": [ 3, 11, 13, 13.5 ], "texture": "#particle" },
				"west": { "uv": [ 10, 11, 10.5, 13.5 ], "texture": "#particle" },
				"east": { "uv": [ 5.5, 11, 6, 13.5 ], "texture": "#particle" }
			}
		},
		{
			"__comment": "Box1",
			"from": [ 3, 21, 10 ],
			"to": [ 13, 21.5, 11.5 ],
			"faces": {
				"down": { "uv": [ 3, 4.5, 13, 6 ], "texture": "#particle" },
				"up": { "uv": [ 3, 10, 13, 11.5 ], "texture": "#particle" },
				"north": { "uv": [ 3, 10.5, 13, 11 ], "texture": "#particle" },
				"south": { "uv": [ 3, 10.5, 13, 11 ], "texture": "#particle" },
				"west": { "uv": [ 10, 10.5, 11.5, 11 ], "texture": "#particle" },
				"east": { "uv": [ 4.5, 10.5, 6, 11 ], "texture": "#particle" }
			}
		},
		{
			"__comment": "Box1",
			"from": [ 2, 15, 10 ],
			"to": [ 14, 15.5, 11.5 ],
			"faces": {
				"down": { "uv": [ 2, 4.5, 14, 6 ], "texture": "#particle" },
				"up": { "uv": [ 2, 10, 14, 11.5 ], "texture": "#particle" },
				"north": { "uv": [ 2, 0.5, 14, 1 ], "texture": "#particle" },
				"south": { "uv": [ 2, 0.5, 14, 1 ], "texture": "#particle" },
				"west": { "uv": [ 10, 0.5, 11.5, 1 ], "texture": "#particle" },
				"east": { "uv": [ 4.5, 0.5, 6, 1 ], "texture": "#particle" }
			}
		},
		{
			"__comment": "Box1",
			"from": [ 3, 14.5, 8 ],
			"to": [ 8, 15, 13 ],
			"faces": {
				"down": { "uv": [ 3, 3, 8, 8 ], "texture": "#texture3" },
				"up": { "uv": [ 3, 8, 8, 13 ], "texture": "#texture3" },
				"north": { "uv": [ 8, 1, 13, 1.5 ], "texture": "#texture3" },
				"south": { "uv": [ 3, 1, 8, 1.5 ], "texture": "#texture3" },
				"west": { "uv": [ 8, 1, 13, 1.5 ], "texture": "#texture3" },
				"east": { "uv": [ 3, 1, 8, 1.5 ], "texture": "#texture3" }
			}
		},
		{
			"__comment": "Box1",
			"from": [ 1, 16.5, 8.5 ],
			"to": [ 15, 18, 9 ],
			"faces": {
				"down": { "uv": [ 1, 7, 15, 7.5 ], "texture": "#particle" },
				"up": { "uv": [ 1, 8.5, 15, 9 ], "texture": "#particle" },
				"north": { "uv": [ 1, 14, 15, 15.5 ], "texture": "#particle" },
				"south": { "uv": [ 1, 14, 15, 15.5 ], "texture": "#particle" },
				"west": { "uv": [ 8.5, 14, 9, 15.5 ], "texture": "#particle" },
				"east": { "uv": [ 7, 14, 7.5, 15.5 ], "texture": "#particle" }
			}
		},
		{
			"__comment": "Box1",
			"from": [ 1, 16.5, 8 ],
			"to": [ 15, 18, 8.5 ],
			"faces": {
				"down": { "uv": [ 1, 7.5, 15, 8 ], "texture": "#texture3" },
				"up": { "uv": [ 1, 8, 15, 8.5 ], "texture": "#texture3" },
				"north": { "uv": [ 1, 14, 15, 15.5 ], "texture": "#texture3" },
				"south": { "uv": [ 1, 14, 15, 15.5 ], "texture": "#texture3" },
				"west": { "uv": [ 8, 14, 8.5, 15.5 ], "texture": "#texture3" },
				"east": { "uv": [ 7.5, 14, 8, 15.5 ], "texture": "#texture3" }
			}
		},
		{
			"__comment": "Box1",
			"from": [ 1, 18, 8 ],
			"to": [ 15, 18.5, 9 ],
			"faces": {
				"down": { "uv": [ 1, 7, 15, 8 ], "texture": "#texture3" },
				"up": { "uv": [ 1, 8, 15, 9 ], "texture": "#texture3" },
				"north": { "uv": [ 1, 13.5, 15, 14 ], "texture": "#texture3" },
				"south": { "uv": [ 1, 13.5, 15, 14 ], "texture": "#texture3" },
				"west": { "uv": [ 8, 13.5, 9, 14 ], "texture": "#texture3" },
				"east": { "uv": [ 7, 13.5, 8, 14 ], "texture": "#texture3" }
			}
		},
		{
			"__comment": "Box1",
			"from": [ 2, 14.5, 10 ],
			"to": [ 14, 15, 12 ],
			"faces": {
				"down": { "uv": [ 2, 4, 14, 6 ], "texture": "#texture3" },
				"up": { "uv": [ 2, 10, 14, 12 ], "texture": "#texture3" },
				"north": { "uv": [ 2, 1, 14, 1.5 ], "texture": "#texture3" },
				"south": { "uv": [ 2, 1, 14, 1.5 ], "texture": "#texture3" },
				"west": { "uv": [ 10, 1, 12, 1.5 ], "texture": "#texture3" },
				"east": { "uv": [ 4, 1, 6, 1.5 ], "texture": "#texture3" }
			}
		},
		{
			"__comment": "Box1",
			"from": [ 13.75, 15.5, 10.75 ],
			"to": [ 14.25, 21.5, 11.25 ],
			"rotation": { "origin": [ 13.75, 15.5, 10.75 ], "axis": "z", "angle": 22.5 },
			"faces": {
				"down": { "uv": [ 13.5, 5, 14, 5.5 ], "texture": "#texture" },
				"up": { "uv": [ 13.5, 10.5, 14, 11 ], "texture": "#texture" },
				"north": { "uv": [ 2, 0, 2.5, 0.5 ], "texture": "#texture" },
				"south": { "uv": [ 13.5, 0, 14, 0.5 ], "texture": "#texture" },
				"west": { "uv": [ 10.5, 0, 11, 0.5 ], "texture": "#texture" },
				"east": { "uv": [ 5, 0, 5.5, 0.5 ], "texture": "#texture" }
			}
		},
		{
			"__comment": "Box1",
			"from": [ 3, 14.5, 7.5 ],
			"to": [ 13, 18.5, 12 ],
			"faces": {
				"down": { "uv": [ 3, 4, 13, 8.5 ], "texture": "#texture2" },
				"up": { "uv": [ 3, 7.5, 13, 12 ], "texture": "#texture2" },
				"north": { "uv": [ 3, 0, 13, 1.5 ], "texture": "#texture2" },
				"south": { "uv": [ 3, 0, 13, 1.5 ], "texture": "#texture2" },
				"west": { "uv": [ 7.5, 0, 12, 1.5 ], "texture": "#texture2" },
				"east": { "uv": [ 4, 0, 8.5, 1.5 ], "texture": "#texture2" }
			}
		},
		{
			"__comment": "Box1",
			"from": [ 4, 18.5, 9 ],
			"to": [ 12, 21.5, 12 ],
			"faces": {
				"down": { "uv": [ 4, 4, 12, 7 ], "texture": "#texture2" },
				"up": { "uv": [ 4, 9, 12, 12 ], "texture": "#texture2" },
				"north": { "uv": [ 4, 10.5, 12, 13.5 ], "texture": "#texture2" },
				"south": { "uv": [ 4, 10.5, 12, 13.5 ], "texture": "#texture2" },
				"west": { "uv": [ 9, 10.5, 12, 13.5 ], "texture": "#texture2" },
				"east": { "uv": [ 4, 10.5, 7, 13.5 ], "texture": "#texture2" }
			}
		},
		{
			"__comment": "Box1",
			"from": [ 3, 14.5, 12 ],
			"to": [ 13, 18.5, 13 ],
			"faces": {
				"down": { "uv": [ 3, 3, 13, 4 ], "texture": "#texture3" },
				"up": { "uv": [ 3, 12, 13, 13 ], "texture": "#texture3" },
				"north": { "uv": [ 3, 0, 13, 1.5 ], "texture": "#texture3" },
				"south": { "uv": [ 3, 0, 13, 1.5 ], "texture": "#texture3" },
				"west": { "uv": [ 12, 0, 13, 1.5 ], "texture": "#texture3" },
				"east": { "uv": [ 3, 0, 4, 1.5 ], "texture": "#texture3" }
			}
		},
		{
			"__comment": "Box1",
			"from": [ 4, 18.5, 12 ],
			"to": [ 12, 21.5, 13 ],
			"faces": {
				"down": { "uv": [ 4, 3, 12, 4 ], "texture": "#texture3" },
				"up": { "uv": [ 4, 12, 12, 13 ], "texture": "#texture3" },
				"north": { "uv": [ 4, 10.5, 12, 13.5 ], "texture": "#texture3" },
				"south": { "uv": [ 4, 10.5, 12, 13.5 ], "texture": "#texture3" },
				"west": { "uv": [ 12, 10.5, 13, 13.5 ], "texture": "#texture3" },
				"east": { "uv": [ 3, 10.5, 4, 13.5 ], "texture": "#texture3" }
			}
		},
		{
			"__comment": "Box1",
			"from": [ 1.75, 15.5, 10.75 ],
			"to": [ 2.25, 21.5, 11.25 ],
			"rotation": { "origin": [ 1.75, 15.5, 10.75 ], "axis": "z", "angle": -22.5 },
			"faces": {
				"down": { "uv": [ 13.5, 5, 14, 5.5 ], "texture": "#texture" },
				"up": { "uv": [ 13.5, 10.5, 14, 11 ], "texture": "#texture" },
				"north": { "uv": [ 2, 0, 2.5, 0.5 ], "texture": "#texture" },
				"south": { "uv": [ 13.5, 0, 14, 0.5 ], "texture": "#texture" },
				"west": { "uv": [ 10.5, 0, 11, 0.5 ], "texture": "#texture" },
				"east": { "uv": [ 5, 0, 5.5, 0.5 ], "texture": "#texture" }
			}
		}
	],
	"display": {
		"thirdperson_righthand": {
			"rotation":  [ 90, 11, 0 ],
			"translation":  [ 0, 2.066, 0 ],
			"scale":  [ 0.3, 0.3, 0.3 ]
		},
		"thirdperson_lefthand": {
			"rotation":  [ 90, 11, 0 ],
			"translation":  [ 0, 2.0868, 0 ],
			"scale":  [ 0.3, 0.3, 0.3 ]
		},
		"firstperson_righthand": {
			"rotation":  [ -11, 139, 0 ],
			"translation":  [ 0, 1.1304, 0 ],
			"scale":  [ 0.3, 0.3, 0.3 ]
		},
		"firstperson_lefthand": {
			"rotation":  [ -11, 139, 0 ],
			"translation":  [ 0, 1.1304, 0 ],
			"scale":  [ 0.3, 0.3, 0.3 ]
		},
		"gui": {
			"rotation":  [ 0, 163, 0 ],
			"translation":  [ 0, -10, 2 ]
		},
		"head": {
			"rotation":  [ 0, 2, 0 ],
			"translation":  [ 0, -26.42, 0 ],
			"scale":  [ 1.2, 1.2, 1.2 ]
		},
		"ground": {
			"translation":  [ 0, -6.26, 0 ]
		},
		"fixed": {
			"translation":  [ 0, -10, -2.782 ]
		}
	}
}
