{
	"__comment": "Designed by Gamerkm with Cubik Studio - https://cubik.studio",
	"textures": {
		"particle": "block/e_particle",
		"enderman_face": "custom/mask_texture/enderman_mask",
		"coal_block": "block/coal_block",
		"terracotta_black": "block/black_terracotta"
	},
	"elements": [ 	 
		{
			"__comment": "terracotta_black",
			"from": [ 4, 7, 3 ],
			"to": [ 12, 9, 4 ],
			"faces": {
				"down": { "uv": [ 4, 12, 12, 13 ], "texture": "#terracotta_black" },
				"up": { "uv": [ 4, 3, 12, 4 ], "texture": "#terracotta_black" },
				"north": { "uv": [ 4, 7, 12, 9 ], "texture": "#terracotta_black" },
				"south": { "uv": [ 4, 7, 12, 9 ], "texture": "#terracotta_black" },
				"west": { "uv": [ 3, 7, 4, 9 ], "texture": "#terracotta_black" },
				"east": { "uv": [ 12, 7, 13, 9 ], "texture": "#terracotta_black" }
			}
		},
		{
			"__comment": "enderman_face",
			"from": [ 3, 3, 12.5 ],
			"to": [ 13, 13, 13.5 ],
			"faces": {
				"down": { "uv": [ 3, 2.5, 13, 3.5 ], "texture": "#coal_block" },
				"up": { "uv": [ 3, 12.5, 13, 13.5 ], "texture": "#coal_block" },
				"north": { "uv": [ 3, 3, 13, 13 ], "texture": "#coal_block" },
				"south": { "uv": [ 0, 0, 16, 16 ], "texture": "#enderman_face" },
				"west": { "uv": [ 12.5, 3, 13.5, 13 ], "texture": "#coal_block" },
				"east": { "uv": [ 2.5, 3, 3.5, 13 ], "texture": "#coal_block" }
			}
		},
		{
			"__comment": "terracotta_black",
			"from": [ 3, 7, 3 ],
			"to": [ 4, 9, 12.5 ],
			"faces": {
				"down": { "uv": [ 3, 3.5, 4, 13 ], "texture": "#terracotta_black" },
				"up": { "uv": [ 3, 3, 4, 12.5 ], "texture": "#terracotta_black" },
				"north": { "uv": [ 12, 7, 13, 9 ], "texture": "#terracotta_black" },
				"south": { "uv": [ 3, 7, 4, 9 ], "texture": "#terracotta_black" },
				"west": { "uv": [ 3, 7, 12.5, 9 ], "texture": "#terracotta_black" },
				"east": { "uv": [ 3.5, 7, 13, 9 ], "texture": "#terracotta_black" }
			}
		},
		{
			"__comment": "terracotta_black",
			"from": [ 12, 7, 3 ],
			"to": [ 13, 9, 12.5 ],
			"faces": {
				"down": { "uv": [ 12, 3.5, 13, 13 ], "texture": "#terracotta_black" },
				"up": { "uv": [ 12, 3, 13, 12.5 ], "texture": "#terracotta_black" },
				"north": { "uv": [ 3, 7, 4, 9 ], "texture": "#terracotta_black" },
				"south": { "uv": [ 12, 7, 13, 9 ], "texture": "#terracotta_black" },
				"west": { "uv": [ 3, 7, 12.5, 9 ], "texture": "#terracotta_black" },
				"east": { "uv": [ 3.5, 7, 13, 9 ], "texture": "#terracotta_black" }
			}
		}
	],
	"display": {
		"thirdperson_righthand": {
			"rotation":  [ 42, 144, 80 ],
			"translation":  [ 0.6956, -0.693, -0.691 ],
			"scale":  [ 0.6, 0.6, 0.3 ]
		},
		"thirdperson_lefthand": {
			"rotation":  [ 42, 144, 80 ],
			"translation":  [ 0.6956, -0.693, -0.691 ],
			"scale":  [ 0.6, 0.6, 0.3 ]
		},
		"firstperson_righthand": {
			"rotation":  [ -56, 8, -20 ],
			"translation":  [ 6.9564, -4.867, -11.12 ]
		},
		"firstperson_lefthand": {
			"rotation":  [ -56, 8, -20 ],
			"translation":  [ 6.9564, -4.867, -11.12 ]
		},
		"gui": {
			"rotation":  [ 28, -33, 1 ],
			"translation":  [ 0.6956, 1.3913, 0 ]
		},
		"head": {
			"rotation":  [ 0, 180, 0 ],
			"scale":  [ 1.6, 1.6, 1.6 ]
		},
		"ground": {
			"translation":  [ 0, 1.3913, 0 ]
		},
		"fixed": {
			"rotation":  [ -16, 139, 5 ],
			"translation":  [ 0, 0.6956, -5.565 ]
		}
	}
}
