{
	"__comment": "Designed by Mouskegamer with Cubik Studio - https://cubik.studio",
	"textures": {
		"particle": "block/light_gray_concrete",
		"texture": "block/quartz_block_top",
		"texture1": "block/black_wool",
		"texture2": "block/gray_concrete",
		"texture3": "block/red_concrete",
		"texture4": "block/blue_wool",
		"texture5": "block/cyan_concrete"
	},
	"elements": [ 	 
		{
			"__comment": "Box1",
			"from": [ 18.5, 8, -7 ],
			"to": [ 19.5, 9.5, 31.5 ],
			"faces": {
				"down": { "uv": [ 2.5, 0, 3.5, 16 ], "texture": "#particle" },
				"up": { "uv": [ 2.5, 0, 3.5, 16 ], "texture": "#particle" },
				"north": { "uv": [ 12.5, 6.5, 13.5, 8 ], "texture": "#particle" },
				"south": { "uv": [ 2.5, 6.5, 3.5, 8 ], "texture": "#particle" },
				"west": { "uv": [ 0, 6.5, 16, 8 ], "texture": "#particle" },
				"east": { "uv": [ 0, 6.5, 16, 8 ], "texture": "#particle" }
			}
		},
		{
			"__comment": "Box1",
			"from": [ 18.5, 7, -7 ],
			"to": [ 19.5, 8, 31.5 ],
			"faces": {
				"down": { "uv": [ 2.5, 0, 3.5, 16 ], "texture": "#texture" },
				"up": { "uv": [ 2.5, 0, 3.5, 16 ], "texture": "#texture" },
				"north": { "uv": [ 12.5, 8, 13.5, 9 ], "texture": "#texture" },
				"south": { "uv": [ 2.5, 8, 3.5, 9 ], "texture": "#texture" },
				"west": { "uv": [ 0, 8, 16, 9 ], "texture": "#texture" },
				"east": { "uv": [ 0, 8, 16, 9 ], "texture": "#texture" }
			}
		},
		{
			"__comment": "Box1",
			"from": [ 18.5, 6.5, -7 ],
			"to": [ 19.5, 7, 31.5 ],
			"faces": {
				"down": { "uv": [ 2.5, 0, 3.5, 16 ], "texture": "#particle" },
				"up": { "uv": [ 2.5, 0, 3.5, 16 ], "texture": "#particle" },
				"north": { "uv": [ 12.5, 9, 13.5, 9.5 ], "texture": "#particle" },
				"south": { "uv": [ 2.5, 9, 3.5, 9.5 ], "texture": "#particle" },
				"west": { "uv": [ 0, 9, 16, 9.5 ], "texture": "#particle" },
				"east": { "uv": [ 0, 9, 16, 9.5 ], "texture": "#particle" }
			}
		},
		{
			"__comment": "Box1",
			"from": [ 18.5, 5, -7 ],
			"to": [ 19.5, 6.5, 31.5 ],
			"faces": {
				"down": { "uv": [ 2.5, 0, 3.5, 16 ], "texture": "#texture" },
				"up": { "uv": [ 2.5, 0, 3.5, 16 ], "texture": "#texture" },
				"north": { "uv": [ 12.5, 9.5, 13.5, 11 ], "texture": "#texture" },
				"south": { "uv": [ 2.5, 9.5, 3.5, 11 ], "texture": "#texture" },
				"west": { "uv": [ 0, 9.5, 16, 11 ], "texture": "#texture" },
				"east": { "uv": [ 0, 9.5, 16, 11 ], "texture": "#texture" }
			}
		},
		{
			"__comment": "Box1",
			"from": [ 18.5, 4.5, -7 ],
			"to": [ 19.5, 5, 31.5 ],
			"faces": {
				"down": { "uv": [ 2.5, 0, 3.5, 16 ], "texture": "#particle" },
				"up": { "uv": [ 2.5, 0, 3.5, 16 ], "texture": "#particle" },
				"north": { "uv": [ 12.5, 11, 13.5, 11.5 ], "texture": "#particle" },
				"south": { "uv": [ 2.5, 11, 3.5, 11.5 ], "texture": "#particle" },
				"west": { "uv": [ 0, 11, 16, 11.5 ], "texture": "#particle" },
				"east": { "uv": [ 0, 11, 16, 11.5 ], "texture": "#particle" }
			}
		},
		{
			"__comment": "Box1",
			"from": [ 18.5, 3, -7 ],
			"to": [ 19.5, 4.5, 31.5 ],
			"faces": {
				"down": { "uv": [ 2.5, 0, 3.5, 16 ], "texture": "#texture" },
				"up": { "uv": [ 2.5, 0, 3.5, 16 ], "texture": "#texture" },
				"north": { "uv": [ 12.5, 11.5, 13.5, 13 ], "texture": "#texture" },
				"south": { "uv": [ 2.5, 11.5, 3.5, 13 ], "texture": "#texture" },
				"west": { "uv": [ 0, 11.5, 16, 13 ], "texture": "#texture" },
				"east": { "uv": [ 0, 11.5, 16, 13 ], "texture": "#texture" }
			}
		},
		{
			"__comment": "Box1",
			"from": [ 18.5, 0, -7.5 ],
			"to": [ 19.5, 9.5, -7 ],
			"faces": {
				"down": { "uv": [ 2.5, 7, 3.5, 7.5 ], "texture": "#particle" },
				"up": { "uv": [ 2.5, 8.5, 3.5, 9 ], "texture": "#particle" },
				"north": { "uv": [ 12.5, 6.5, 13.5, 16 ], "texture": "#particle" },
				"south": { "uv": [ 2.5, 6.5, 3.5, 16 ], "texture": "#particle" },
				"west": { "uv": [ 8.5, 6.5, 9, 16 ], "texture": "#particle" },
				"east": { "uv": [ 7, 6.5, 7.5, 16 ], "texture": "#particle" }
			}
		},
		{
			"__comment": "Box1",
			"from": [ 18.5, 7, -11 ],
			"to": [ 19.5, 8, -7.5 ],
			"faces": {
				"down": { "uv": [ 2.5, 7.5, 3.5, 11 ], "texture": "#texture" },
				"up": { "uv": [ 2.5, 5, 3.5, 8.5 ], "texture": "#texture" },
				"north": { "uv": [ 12.5, 8, 13.5, 9 ], "texture": "#texture" },
				"south": { "uv": [ 2.5, 8, 3.5, 9 ], "texture": "#texture" },
				"west": { "uv": [ 5, 8, 8.5, 9 ], "texture": "#texture" },
				"east": { "uv": [ 7.5, 8, 11, 9 ], "texture": "#texture" }
			}
		},
		{
			"__comment": "Box1",
			"from": [ 18.5, 5, -11 ],
			"to": [ 19.5, 6.5, -7.5 ],
			"faces": {
				"down": { "uv": [ 2.5, 7.5, 3.5, 11 ], "texture": "#texture" },
				"up": { "uv": [ 2.5, 5, 3.5, 8.5 ], "texture": "#texture" },
				"north": { "uv": [ 12.5, 9.5, 13.5, 11 ], "texture": "#texture" },
				"south": { "uv": [ 2.5, 9.5, 3.5, 11 ], "texture": "#texture" },
				"west": { "uv": [ 5, 9.5, 8.5, 11 ], "texture": "#texture" },
				"east": { "uv": [ 7.5, 9.5, 11, 11 ], "texture": "#texture" }
			}
		},
		{
			"__comment": "Box1",
			"from": [ 18.5, 3, -11 ],
			"to": [ 19.5, 4.5, -7.5 ],
			"faces": {
				"down": { "uv": [ 2.5, 7.5, 3.5, 11 ], "texture": "#texture" },
				"up": { "uv": [ 2.5, 5, 3.5, 8.5 ], "texture": "#texture" },
				"north": { "uv": [ 12.5, 11.5, 13.5, 13 ], "texture": "#texture" },
				"south": { "uv": [ 2.5, 11.5, 3.5, 13 ], "texture": "#texture" },
				"west": { "uv": [ 5, 11.5, 8.5, 13 ], "texture": "#texture" },
				"east": { "uv": [ 7.5, 11.5, 11, 13 ], "texture": "#texture" }
			}
		},
		{
			"__comment": "Box1",
			"from": [ 18.5, 4.5, -11 ],
			"to": [ 19.5, 5, -7.5 ],
			"faces": {
				"down": { "uv": [ 2.5, 7.5, 3.5, 11 ], "texture": "#particle" },
				"up": { "uv": [ 2.5, 5, 3.5, 8.5 ], "texture": "#particle" },
				"north": { "uv": [ 12.5, 11, 13.5, 11.5 ], "texture": "#particle" },
				"south": { "uv": [ 2.5, 11, 3.5, 11.5 ], "texture": "#particle" },
				"west": { "uv": [ 5, 11, 8.5, 11.5 ], "texture": "#particle" },
				"east": { "uv": [ 7.5, 11, 11, 11.5 ], "texture": "#particle" }
			}
		},
		{
			"__comment": "Box1",
			"from": [ 18.5, 6.5, -11 ],
			"to": [ 19.5, 7, -7.5 ],
			"faces": {
				"down": { "uv": [ 2.5, 7.5, 3.5, 11 ], "texture": "#particle" },
				"up": { "uv": [ 2.5, 5, 3.5, 8.5 ], "texture": "#particle" },
				"north": { "uv": [ 12.5, 9, 13.5, 9.5 ], "texture": "#particle" },
				"south": { "uv": [ 2.5, 9, 3.5, 9.5 ], "texture": "#particle" },
				"west": { "uv": [ 5, 9, 8.5, 9.5 ], "texture": "#particle" },
				"east": { "uv": [ 7.5, 9, 11, 9.5 ], "texture": "#particle" }
			}
		},
		{
			"__comment": "Box1",
			"from": [ 18.5, 8, -11 ],
			"to": [ 19.5, 9.5, -7.5 ],
			"faces": {
				"down": { "uv": [ 2.5, 7.5, 3.5, 11 ], "texture": "#particle" },
				"up": { "uv": [ 2.5, 5, 3.5, 8.5 ], "texture": "#particle" },
				"north": { "uv": [ 12.5, 6.5, 13.5, 8 ], "texture": "#particle" },
				"south": { "uv": [ 2.5, 6.5, 3.5, 8 ], "texture": "#particle" },
				"west": { "uv": [ 5, 6.5, 8.5, 8 ], "texture": "#particle" },
				"east": { "uv": [ 7.5, 6.5, 11, 8 ], "texture": "#particle" }
			}
		},
		{
			"__comment": "Box1",
			"from": [ 18.5, 2, -12 ],
			"to": [ 19.5, 9.5, -11 ],
			"faces": {
				"down": { "uv": [ 2.5, 11, 3.5, 12 ], "texture": "#particle" },
				"up": { "uv": [ 2.5, 4, 3.5, 5 ], "texture": "#particle" },
				"north": { "uv": [ 12.5, 6.5, 13.5, 14 ], "texture": "#particle" },
				"south": { "uv": [ 2.5, 6.5, 3.5, 14 ], "texture": "#particle" },
				"west": { "uv": [ 4, 6.5, 5, 14 ], "texture": "#particle" },
				"east": { "uv": [ 11, 6.5, 12, 14 ], "texture": "#particle" }
			}
		},
		{
			"__comment": "Box1",
			"from": [ 18.5, 5, -15 ],
			"to": [ 19.5, 6, -12 ],
			"faces": {
				"down": { "uv": [ 2.5, 12, 3.5, 15 ], "texture": "#particle" },
				"up": { "uv": [ 2.5, 1, 3.5, 4 ], "texture": "#particle" },
				"north": { "uv": [ 12.5, 10, 13.5, 11 ], "texture": "#particle" },
				"south": { "uv": [ 2.5, 10, 3.5, 11 ], "texture": "#particle" },
				"west": { "uv": [ 1, 10, 4, 11 ], "texture": "#particle" },
				"east": { "uv": [ 12, 10, 15, 11 ], "texture": "#particle" }
			}
		},
		{
			"__comment": "Box1",
			"from": [ 17.5, 5, -2 ],
			"to": [ 19, 12.5, -0.5 ],
			"faces": {
				"down": { "uv": [ 1.5, 0.5, 3, 2 ], "texture": "#particle" },
				"up": { "uv": [ 1.5, 14, 3, 15.5 ], "texture": "#particle" },
				"north": { "uv": [ 13, 3.5, 14.5, 11 ], "texture": "#particle" },
				"south": { "uv": [ 1.5, 3.5, 3, 11 ], "texture": "#particle" },
				"west": { "uv": [ 14, 3.5, 15.5, 11 ], "texture": "#particle" },
				"east": { "uv": [ 0.5, 3.5, 2, 11 ], "texture": "#particle" }
			}
		},
		{
			"__comment": "Box1",
			"from": [ -3.5, 8, -7 ],
			"to": [ -2.5, 9.5, 31.5 ],
			"faces": {
				"down": { "uv": [ 12.5, 0, 13.5, 16 ], "texture": "#particle" },
				"up": { "uv": [ 12.5, 0, 13.5, 16 ], "texture": "#particle" },
				"north": { "uv": [ 2.5, 6.5, 3.5, 8 ], "texture": "#particle" },
				"south": { "uv": [ 12.5, 6.5, 13.5, 8 ], "texture": "#particle" },
				"west": { "uv": [ 0, 6.5, 16, 8 ], "texture": "#particle" },
				"east": { "uv": [ 0, 6.5, 16, 8 ], "texture": "#particle" }
			}
		},
		{
			"__comment": "Box1",
			"from": [ -3.5, 7, -7 ],
			"to": [ -2.5, 8, 31.5 ],
			"faces": {
				"down": { "uv": [ 12.5, 0, 13.5, 16 ], "texture": "#texture" },
				"up": { "uv": [ 12.5, 0, 13.5, 16 ], "texture": "#texture" },
				"north": { "uv": [ 2.5, 8, 3.5, 9 ], "texture": "#texture" },
				"south": { "uv": [ 12.5, 8, 13.5, 9 ], "texture": "#texture" },
				"west": { "uv": [ 0, 8, 16, 9 ], "texture": "#texture" },
				"east": { "uv": [ 0, 8, 16, 9 ], "texture": "#texture" }
			}
		},
		{
			"__comment": "Box1",
			"from": [ -3.5, 6.5, -7 ],
			"to": [ -2.5, 7, 31.5 ],
			"faces": {
				"down": { "uv": [ 12.5, 0, 13.5, 16 ], "texture": "#particle" },
				"up": { "uv": [ 12.5, 0, 13.5, 16 ], "texture": "#particle" },
				"north": { "uv": [ 2.5, 9, 3.5, 9.5 ], "texture": "#particle" },
				"south": { "uv": [ 12.5, 9, 13.5, 9.5 ], "texture": "#particle" },
				"west": { "uv": [ 0, 9, 16, 9.5 ], "texture": "#particle" },
				"east": { "uv": [ 0, 9, 16, 9.5 ], "texture": "#particle" }
			}
		},
		{
			"__comment": "Box1",
			"from": [ -3.5, 5, -7 ],
			"to": [ -2.5, 6.5, 31.5 ],
			"faces": {
				"down": { "uv": [ 12.5, 0, 13.5, 16 ], "texture": "#texture" },
				"up": { "uv": [ 12.5, 0, 13.5, 16 ], "texture": "#texture" },
				"north": { "uv": [ 2.5, 9.5, 3.5, 11 ], "texture": "#texture" },
				"south": { "uv": [ 12.5, 9.5, 13.5, 11 ], "texture": "#texture" },
				"west": { "uv": [ 0, 9.5, 16, 11 ], "texture": "#texture" },
				"east": { "uv": [ 0, 9.5, 16, 11 ], "texture": "#texture" }
			}
		},
		{
			"__comment": "Box1",
			"from": [ -3.5, 4.5, -7 ],
			"to": [ -2.5, 5, 31.5 ],
			"faces": {
				"down": { "uv": [ 12.5, 0, 13.5, 16 ], "texture": "#particle" },
				"up": { "uv": [ 12.5, 0, 13.5, 16 ], "texture": "#particle" },
				"north": { "uv": [ 2.5, 11, 3.5, 11.5 ], "texture": "#particle" },
				"south": { "uv": [ 12.5, 11, 13.5, 11.5 ], "texture": "#particle" },
				"west": { "uv": [ 0, 11, 16, 11.5 ], "texture": "#particle" },
				"east": { "uv": [ 0, 11, 16, 11.5 ], "texture": "#particle" }
			}
		},
		{
			"__comment": "Box1",
			"from": [ -3.5, 3, -7 ],
			"to": [ -2.5, 4.5, 31.5 ],
			"faces": {
				"down": { "uv": [ 12.5, 0, 13.5, 16 ], "texture": "#texture" },
				"up": { "uv": [ 12.5, 0, 13.5, 16 ], "texture": "#texture" },
				"north": { "uv": [ 2.5, 11.5, 3.5, 13 ], "texture": "#texture" },
				"south": { "uv": [ 12.5, 11.5, 13.5, 13 ], "texture": "#texture" },
				"west": { "uv": [ 0, 11.5, 16, 13 ], "texture": "#texture" },
				"east": { "uv": [ 0, 11.5, 16, 13 ], "texture": "#texture" }
			}
		},
		{
			"__comment": "Box1",
			"from": [ -3.5, 1.5, -7.5 ],
			"to": [ -2.5, 9.5, -7 ],
			"faces": {
				"down": { "uv": [ 12.5, 7, 13.5, 7.5 ], "texture": "#particle" },
				"up": { "uv": [ 12.5, 8.5, 13.5, 9 ], "texture": "#particle" },
				"north": { "uv": [ 2.5, 6.5, 3.5, 14.5 ], "texture": "#particle" },
				"south": { "uv": [ 12.5, 6.5, 13.5, 14.5 ], "texture": "#particle" },
				"west": { "uv": [ 8.5, 6.5, 9, 14.5 ], "texture": "#particle" },
				"east": { "uv": [ 7, 6.5, 7.5, 14.5 ], "texture": "#particle" }
			}
		},
		{
			"__comment": "Box1",
			"from": [ -3.5, 7, -11 ],
			"to": [ -2.5, 8, -7.5 ],
			"faces": {
				"down": { "uv": [ 12.5, 7.5, 13.5, 11 ], "texture": "#texture" },
				"up": { "uv": [ 12.5, 5, 13.5, 8.5 ], "texture": "#texture" },
				"north": { "uv": [ 2.5, 8, 3.5, 9 ], "texture": "#texture" },
				"south": { "uv": [ 12.5, 8, 13.5, 9 ], "texture": "#texture" },
				"west": { "uv": [ 5, 8, 8.5, 9 ], "texture": "#texture" },
				"east": { "uv": [ 7.5, 8, 11, 9 ], "texture": "#texture" }
			}
		},
		{
			"__comment": "Box1",
			"from": [ -3.5, 5, -11 ],
			"to": [ -2.5, 6.5, -7.5 ],
			"faces": {
				"down": { "uv": [ 12.5, 7.5, 13.5, 11 ], "texture": "#texture" },
				"up": { "uv": [ 12.5, 5, 13.5, 8.5 ], "texture": "#texture" },
				"north": { "uv": [ 2.5, 9.5, 3.5, 11 ], "texture": "#texture" },
				"south": { "uv": [ 12.5, 9.5, 13.5, 11 ], "texture": "#texture" },
				"west": { "uv": [ 5, 9.5, 8.5, 11 ], "texture": "#texture" },
				"east": { "uv": [ 7.5, 9.5, 11, 11 ], "texture": "#texture" }
			}
		},
		{
			"__comment": "Box1",
			"from": [ -3.5, 3, -11 ],
			"to": [ -2.5, 4.5, -7.5 ],
			"faces": {
				"down": { "uv": [ 12.5, 7.5, 13.5, 11 ], "texture": "#texture" },
				"up": { "uv": [ 12.5, 5, 13.5, 8.5 ], "texture": "#texture" },
				"north": { "uv": [ 2.5, 11.5, 3.5, 13 ], "texture": "#texture" },
				"south": { "uv": [ 12.5, 11.5, 13.5, 13 ], "texture": "#texture" },
				"west": { "uv": [ 5, 11.5, 8.5, 13 ], "texture": "#texture" },
				"east": { "uv": [ 7.5, 11.5, 11, 13 ], "texture": "#texture" }
			}
		},
		{
			"__comment": "Box1",
			"from": [ -3.5, 4.5, -11 ],
			"to": [ -2.5, 5, -7.5 ],
			"faces": {
				"down": { "uv": [ 12.5, 7.5, 13.5, 11 ], "texture": "#particle" },
				"up": { "uv": [ 12.5, 5, 13.5, 8.5 ], "texture": "#particle" },
				"north": { "uv": [ 2.5, 11, 3.5, 11.5 ], "texture": "#particle" },
				"south": { "uv": [ 12.5, 11, 13.5, 11.5 ], "texture": "#particle" },
				"west": { "uv": [ 5, 11, 8.5, 11.5 ], "texture": "#particle" },
				"east": { "uv": [ 7.5, 11, 11, 11.5 ], "texture": "#particle" }
			}
		},
		{
			"__comment": "Box1",
			"from": [ -3.5, 6.5, -11 ],
			"to": [ -2.5, 7, -7.5 ],
			"faces": {
				"down": { "uv": [ 12.5, 7.5, 13.5, 11 ], "texture": "#particle" },
				"up": { "uv": [ 12.5, 5, 13.5, 8.5 ], "texture": "#particle" },
				"north": { "uv": [ 2.5, 9, 3.5, 9.5 ], "texture": "#particle" },
				"south": { "uv": [ 12.5, 9, 13.5, 9.5 ], "texture": "#particle" },
				"west": { "uv": [ 5, 9, 8.5, 9.5 ], "texture": "#particle" },
				"east": { "uv": [ 7.5, 9, 11, 9.5 ], "texture": "#particle" }
			}
		},
		{
			"__comment": "Box1",
			"from": [ -3.5, 8, -11 ],
			"to": [ -2.5, 9.5, -7.5 ],
			"faces": {
				"down": { "uv": [ 12.5, 7.5, 13.5, 11 ], "texture": "#particle" },
				"up": { "uv": [ 12.5, 5, 13.5, 8.5 ], "texture": "#particle" },
				"north": { "uv": [ 2.5, 6.5, 3.5, 8 ], "texture": "#particle" },
				"south": { "uv": [ 12.5, 6.5, 13.5, 8 ], "texture": "#particle" },
				"west": { "uv": [ 5, 6.5, 8.5, 8 ], "texture": "#particle" },
				"east": { "uv": [ 7.5, 6.5, 11, 8 ], "texture": "#particle" }
			}
		},
		{
			"__comment": "Box1",
			"from": [ -3.5, 1, -12 ],
			"to": [ -2.5, 9.5, -11 ],
			"faces": {
				"down": { "uv": [ 12.5, 11, 13.5, 12 ], "texture": "#particle" },
				"up": { "uv": [ 12.5, 4, 13.5, 5 ], "texture": "#particle" },
				"north": { "uv": [ 2.5, 6.5, 3.5, 15 ], "texture": "#particle" },
				"south": { "uv": [ 12.5, 6.5, 13.5, 15 ], "texture": "#particle" },
				"west": { "uv": [ 4, 6.5, 5, 15 ], "texture": "#particle" },
				"east": { "uv": [ 11, 6.5, 12, 15 ], "texture": "#particle" }
			}
		},
		{
			"__comment": "Box1",
			"from": [ -3.5, 5, -15 ],
			"to": [ -2.5, 6, -12 ],
			"faces": {
				"down": { "uv": [ 12.5, 12, 13.5, 15 ], "texture": "#particle" },
				"up": { "uv": [ 12.5, 1, 13.5, 4 ], "texture": "#particle" },
				"north": { "uv": [ 2.5, 10, 3.5, 11 ], "texture": "#particle" },
				"south": { "uv": [ 12.5, 10, 13.5, 11 ], "texture": "#particle" },
				"west": { "uv": [ 1, 10, 4, 11 ], "texture": "#particle" },
				"east": { "uv": [ 12, 10, 15, 11 ], "texture": "#particle" }
			}
		},
		{
			"__comment": "Box1",
			"from": [ -3, 5, -2 ],
			"to": [ -1.5, 12.5, -0.5 ],
			"faces": {
				"down": { "uv": [ 13, 0.5, 14.5, 2 ], "texture": "#particle" },
				"up": { "uv": [ 13, 14, 14.5, 15.5 ], "texture": "#particle" },
				"north": { "uv": [ 1.5, 3.5, 3, 11 ], "texture": "#particle" },
				"south": { "uv": [ 13, 3.5, 14.5, 11 ], "texture": "#particle" },
				"west": { "uv": [ 14, 3.5, 15.5, 11 ], "texture": "#particle" },
				"east": { "uv": [ 0.5, 3.5, 2, 11 ], "texture": "#particle" }
			}
		},
		{
			"__comment": "Box1",
			"from": [ 7, 5, -2 ],
			"to": [ 9, 12.5, 0.5 ],
			"faces": {
				"down": { "uv": [ 7, 15.5, 9, 16 ], "texture": "#texture4" },
				"up": { "uv": [ 7, 0, 9, 0.5 ], "texture": "#texture4" },
				"north": { "uv": [ 7, 3.5, 9, 11 ], "texture": "#texture4" },
				"south": { "uv": [ 7, 3.5, 9, 11 ], "texture": "#texture4" },
				"west": { "uv": [ 0, 3.5, 0.5, 11 ], "texture": "#texture4" },
				"east": { "uv": [ 15.5, 3.5, 16, 11 ], "texture": "#texture4" }
			}
		},
		{
			"__comment": "Box1",
			"from": [ 5.5, 12.5, -1 ],
			"to": [ 10.5, 16.5, 0 ],
			"faces": {
				"down": { "uv": [ 5.5, 0, 10.5, 1 ], "texture": "#particle" },
				"up": { "uv": [ 5.5, 15, 10.5, 16 ], "texture": "#particle" },
				"north": { "uv": [ 5.5, 0, 10.5, 3.5 ], "texture": "#particle" },
				"south": { "uv": [ 5.5, 0, 10.5, 3.5 ], "texture": "#particle" },
				"west": { "uv": [ 15, 0, 16, 3.5 ], "texture": "#particle" },
				"east": { "uv": [ 0, 0, 1, 3.5 ], "texture": "#particle" }
			}
		},
		{
			"__comment": "Box1",
			"from": [ -2, 16.5, -0.5 ],
			"to": [ 18, 17.5, 0.5 ],
			"faces": {
				"down": { "uv": [ 0, 15.5, 16, 16 ], "texture": "#particle" },
				"up": { "uv": [ 0, 0, 16, 0.5 ], "texture": "#particle" },
				"north": { "uv": [ 0, 14.5, 16, 15.5 ], "texture": "#particle" },
				"south": { "uv": [ 0, 14.5, 16, 15.5 ], "texture": "#particle" },
				"west": { "uv": [ 0, 14.5, 0.5, 15.5 ], "texture": "#particle" },
				"east": { "uv": [ 15.5, 14.5, 16, 15.5 ], "texture": "#particle" }
			}
		},
		{
			"__comment": "Box1",
			"from": [ -2.5, 12.5, -1 ],
			"to": [ 0, 16.5, 0 ],
			"faces": {
				"down": { "uv": [ 13.5, 0, 16, 1 ], "texture": "#particle" },
				"up": { "uv": [ 13.5, 15, 16, 16 ], "texture": "#particle" },
				"north": { "uv": [ 0, 0, 2.5, 3.5 ], "texture": "#particle" },
				"south": { "uv": [ 13.5, 0, 16, 3.5 ], "texture": "#particle" },
				"west": { "uv": [ 15, 0, 16, 3.5 ], "texture": "#particle" },
				"east": { "uv": [ 0, 0, 1, 3.5 ], "texture": "#particle" }
			}
		},
		{
			"__comment": "Box1",
			"from": [ 16, 12.5, -1 ],
			"to": [ 18.5, 16.5, 0 ],
			"faces": {
				"down": { "uv": [ 0, 0, 2.5, 1 ], "texture": "#particle" },
				"up": { "uv": [ 0, 15, 2.5, 16 ], "texture": "#particle" },
				"north": { "uv": [ 13.5, 0, 16, 3.5 ], "texture": "#particle" },
				"south": { "uv": [ 0, 0, 2.5, 3.5 ], "texture": "#particle" },
				"west": { "uv": [ 15, 0, 16, 3.5 ], "texture": "#particle" },
				"east": { "uv": [ 0, 0, 1, 3.5 ], "texture": "#particle" }
			}
		},
		{
			"__comment": "Box1",
			"from": [ -1.5, 5, -1.5 ],
			"to": [ 17.5, 12, -0.5 ],
			"faces": {
				"down": { "uv": [ 0, 0.5, 16, 1.5 ], "texture": "#texture4" },
				"up": { "uv": [ 0, 14.5, 16, 15.5 ], "texture": "#texture4" },
				"north": { "uv": [ 0, 4, 16, 11 ], "texture": "#texture4" },
				"south": { "uv": [ 0, 4, 16, 11 ], "texture": "#texture4" },
				"west": { "uv": [ 14.5, 4, 15.5, 11 ], "texture": "#texture4" },
				"east": { "uv": [ 0.5, 4, 1.5, 11 ], "texture": "#texture4" }
			}
		},
		{
			"__comment": "Box1",
			"from": [ 0, 12.5, -1 ],
			"to": [ 5.5, 16.5, 0 ],
			"faces": {
				"down": { "uv": [ 0, 0, 5.5, 1 ], "texture": "#texture4" },
				"up": { "uv": [ 0, 15, 5.5, 16 ], "texture": "#texture4" },
				"north": { "uv": [ 10.5, 0, 16, 3.5 ], "texture": "#texture4" },
				"south": { "uv": [ 0, 0, 5.5, 3.5 ], "texture": "#texture4" },
				"west": { "uv": [ 15, 0, 16, 3.5 ], "texture": "#texture4" },
				"east": { "uv": [ 0, 0, 1, 3.5 ], "texture": "#texture4" }
			}
		},
		{
			"__comment": "Box1",
			"from": [ -1.5, 12, -1 ],
			"to": [ 17.5, 12.5, 0 ],
			"faces": {
				"down": { "uv": [ 0, 0, 16, 1 ], "texture": "#texture4" },
				"up": { "uv": [ 0, 15, 16, 16 ], "texture": "#texture4" },
				"north": { "uv": [ 0, 3.5, 16, 4 ], "texture": "#texture4" },
				"south": { "uv": [ 0, 3.5, 16, 4 ], "texture": "#texture4" },
				"west": { "uv": [ 15, 3.5, 16, 4 ], "texture": "#texture4" },
				"east": { "uv": [ 0, 3.5, 1, 4 ], "texture": "#texture4" }
			}
		},
		{
			"__comment": "Box1",
			"from": [ 10.5, 12.5, -1 ],
			"to": [ 16, 16.5, 0 ],
			"faces": {
				"down": { "uv": [ 10.5, 0, 16, 1 ], "texture": "#texture4" },
				"up": { "uv": [ 10.5, 15, 16, 16 ], "texture": "#texture4" },
				"north": { "uv": [ 0, 0, 5.5, 3.5 ], "texture": "#texture4" },
				"south": { "uv": [ 10.5, 0, 16, 3.5 ], "texture": "#texture4" },
				"west": { "uv": [ 15, 0, 16, 3.5 ], "texture": "#texture4" },
				"east": { "uv": [ 0, 0, 1, 3.5 ], "texture": "#texture4" }
			}
		},
		{
			"__comment": "Box1",
			"from": [ 5.5, 12.5, -1 ],
			"to": [ 10.5, 16.5, 0 ],
			"faces": {
				"down": { "uv": [ 5.5, 0, 10.5, 1 ], "texture": "#particle" },
				"up": { "uv": [ 5.5, 15, 10.5, 16 ], "texture": "#particle" },
				"north": { "uv": [ 5.5, 0, 10.5, 3.5 ], "texture": "#particle" },
				"south": { "uv": [ 5.5, 0, 10.5, 3.5 ], "texture": "#particle" },
				"west": { "uv": [ 15, 0, 16, 3.5 ], "texture": "#particle" },
				"east": { "uv": [ 0, 0, 1, 3.5 ], "texture": "#particle" }
			}
		},
		{
			"__comment": "Box1",
			"from": [ 7, 13, -1.5 ],
			"to": [ 9, 17, -0.5 ],
			"faces": {
				"down": { "uv": [ 7, 0.5, 9, 1.5 ], "texture": "#texture5" },
				"up": { "uv": [ 7, 14.5, 9, 15.5 ], "texture": "#texture5" },
				"north": { "uv": [ 7, 0, 9, 3 ], "texture": "#texture5" },
				"south": { "uv": [ 7, 0, 9, 3 ], "texture": "#texture5" },
				"west": { "uv": [ 14.5, 0, 15.5, 3 ], "texture": "#texture5" },
				"east": { "uv": [ 0.5, 0, 1.5, 3 ], "texture": "#texture5" }
			}
		},
		{
			"__comment": "Box1",
			"from": [ 16.5, 13, -1.5 ],
			"to": [ 17.5, 17, -0.5 ],
			"faces": {
				"down": { "uv": [ 0.5, 0.5, 1.5, 1.5 ], "texture": "#texture5" },
				"up": { "uv": [ 0.5, 14.5, 1.5, 15.5 ], "texture": "#texture5" },
				"north": { "uv": [ 14.5, 0, 15.5, 3 ], "texture": "#texture5" },
				"south": { "uv": [ 0.5, 0, 1.5, 3 ], "texture": "#texture5" },
				"west": { "uv": [ 14.5, 0, 15.5, 3 ], "texture": "#texture5" },
				"east": { "uv": [ 0.5, 0, 1.5, 3 ], "texture": "#texture5" }
			}
		},
		{
			"__comment": "Box1",
			"from": [ -1.5, 13, -1.5 ],
			"to": [ -0.5, 17, -0.5 ],
			"faces": {
				"down": { "uv": [ 14.5, 0.5, 15.5, 1.5 ], "texture": "#texture5" },
				"up": { "uv": [ 14.5, 14.5, 15.5, 15.5 ], "texture": "#texture5" },
				"north": { "uv": [ 0.5, 0, 1.5, 3 ], "texture": "#texture5" },
				"south": { "uv": [ 14.5, 0, 15.5, 3 ], "texture": "#texture5" },
				"west": { "uv": [ 14.5, 0, 15.5, 3 ], "texture": "#texture5" },
				"east": { "uv": [ 0.5, 0, 1.5, 3 ], "texture": "#texture5" }
			}
		},
		{
			"__comment": "Box1",
			"from": [ -2, 16.5, 15.5 ],
			"to": [ 18, 17.5, 16.5 ],
			"faces": {
				"down": { "uv": [ 0, 0, 16, 0.5 ], "texture": "#particle" },
				"up": { "uv": [ 0, 15.5, 16, 16 ], "texture": "#particle" },
				"north": { "uv": [ 0, 14.5, 16, 15.5 ], "texture": "#particle" },
				"south": { "uv": [ 0, 14.5, 16, 15.5 ], "texture": "#particle" },
				"west": { "uv": [ 15.5, 14.5, 16, 15.5 ], "texture": "#particle" },
				"east": { "uv": [ 0, 14.5, 0.5, 15.5 ], "texture": "#particle" }
			}
		},
		{
			"__comment": "Box1",
			"from": [ 16, 12.5, 15 ],
			"to": [ 18.5, 16.5, 16 ],
			"faces": {
				"down": { "uv": [ 0, 0, 2.5, 1 ], "texture": "#particle" },
				"up": { "uv": [ 0, 15, 2.5, 16 ], "texture": "#particle" },
				"north": { "uv": [ 13.5, 0, 16, 3.5 ], "texture": "#particle" },
				"south": { "uv": [ 0, 0, 2.5, 3.5 ], "texture": "#particle" },
				"west": { "uv": [ 15, 0, 16, 3.5 ], "texture": "#particle" },
				"east": { "uv": [ 0, 0, 1, 3.5 ], "texture": "#particle" }
			}
		},
		{
			"__comment": "Box1",
			"from": [ 10.5, 12.5, 15 ],
			"to": [ 16, 16.5, 16 ],
			"faces": {
				"down": { "uv": [ 10.5, 0, 16, 1 ], "texture": "#texture4" },
				"up": { "uv": [ 10.5, 15, 16, 16 ], "texture": "#texture4" },
				"north": { "uv": [ 0, 0, 5.5, 3.5 ], "texture": "#texture4" },
				"south": { "uv": [ 10.5, 0, 16, 3.5 ], "texture": "#texture4" },
				"west": { "uv": [ 15, 0, 16, 3.5 ], "texture": "#texture4" },
				"east": { "uv": [ 0, 0, 1, 3.5 ], "texture": "#texture4" }
			}
		},
		{
			"__comment": "Box1",
			"from": [ 7, 13, 14.5 ],
			"to": [ 9, 17, 15.5 ],
			"faces": {
				"down": { "uv": [ 7, 0.5, 9, 1.5 ], "texture": "#texture5" },
				"up": { "uv": [ 7, 14.5, 9, 15.5 ], "texture": "#texture5" },
				"north": { "uv": [ 7, 0, 9, 3 ], "texture": "#texture5" },
				"south": { "uv": [ 7, 0, 9, 3 ], "texture": "#texture5" },
				"west": { "uv": [ 14.5, 0, 15.5, 3 ], "texture": "#texture5" },
				"east": { "uv": [ 0.5, 0, 1.5, 3 ], "texture": "#texture5" }
			}
		},
		{
			"__comment": "Box1",
			"from": [ 5.5, 12.5, 15 ],
			"to": [ 10.5, 16.5, 16 ],
			"faces": {
				"down": { "uv": [ 5.5, 0, 10.5, 1 ], "texture": "#particle" },
				"up": { "uv": [ 5.5, 15, 10.5, 16 ], "texture": "#particle" },
				"north": { "uv": [ 5.5, 0, 10.5, 3.5 ], "texture": "#particle" },
				"south": { "uv": [ 5.5, 0, 10.5, 3.5 ], "texture": "#particle" },
				"west": { "uv": [ 15, 0, 16, 3.5 ], "texture": "#particle" },
				"east": { "uv": [ 0, 0, 1, 3.5 ], "texture": "#particle" }
			}
		},
		{
			"__comment": "Box1",
			"from": [ 0, 12.5, 15 ],
			"to": [ 5.5, 16.5, 16 ],
			"faces": {
				"down": { "uv": [ 0, 0, 5.5, 1 ], "texture": "#texture4" },
				"up": { "uv": [ 0, 15, 5.5, 16 ], "texture": "#texture4" },
				"north": { "uv": [ 10.5, 0, 16, 3.5 ], "texture": "#texture4" },
				"south": { "uv": [ 0, 0, 5.5, 3.5 ], "texture": "#texture4" },
				"west": { "uv": [ 15, 0, 16, 3.5 ], "texture": "#texture4" },
				"east": { "uv": [ 0, 0, 1, 3.5 ], "texture": "#texture4" }
			}
		},
		{
			"__comment": "Box1",
			"from": [ -2.5, 12.5, 15 ],
			"to": [ 0, 16.5, 16 ],
			"faces": {
				"down": { "uv": [ 13.5, 0, 16, 1 ], "texture": "#particle" },
				"up": { "uv": [ 13.5, 15, 16, 16 ], "texture": "#particle" },
				"north": { "uv": [ 0, 0, 2.5, 3.5 ], "texture": "#particle" },
				"south": { "uv": [ 13.5, 0, 16, 3.5 ], "texture": "#particle" },
				"west": { "uv": [ 15, 0, 16, 3.5 ], "texture": "#particle" },
				"east": { "uv": [ 0, 0, 1, 3.5 ], "texture": "#particle" }
			}
		},
		{
			"__comment": "Box1",
			"from": [ 7, 5, 14 ],
			"to": [ 9, 12.5, 16.5 ],
			"faces": {
				"down": { "uv": [ 7, 0, 9, 2 ], "texture": "#texture4" },
				"up": { "uv": [ 7, 14, 9, 16 ], "texture": "#texture4" },
				"north": { "uv": [ 7, 3.5, 9, 11 ], "texture": "#texture4" },
				"south": { "uv": [ 7, 3.5, 9, 11 ], "texture": "#texture4" },
				"west": { "uv": [ 14, 3.5, 16, 11 ], "texture": "#texture4" },
				"east": { "uv": [ 0, 3.5, 2, 11 ], "texture": "#texture4" }
			}
		},
		{
			"__comment": "Box1",
			"from": [ -1.5, 5, 14.5 ],
			"to": [ 17.5, 12, 15.5 ],
			"faces": {
				"down": { "uv": [ 0, 0.5, 16, 1.5 ], "texture": "#texture4" },
				"up": { "uv": [ 0, 14.5, 16, 15.5 ], "texture": "#texture4" },
				"north": { "uv": [ 0, 4, 16, 11 ], "texture": "#texture4" },
				"south": { "uv": [ 0, 4, 16, 11 ], "texture": "#texture4" },
				"west": { "uv": [ 14.5, 4, 15.5, 11 ], "texture": "#texture4" },
				"east": { "uv": [ 0.5, 4, 1.5, 11 ], "texture": "#texture4" }
			}
		},
		{
			"__comment": "Box1",
			"from": [ -1.5, 12, 15 ],
			"to": [ 17.5, 12.5, 16 ],
			"faces": {
				"down": { "uv": [ 0, 0, 16, 1 ], "texture": "#texture4" },
				"up": { "uv": [ 0, 15, 16, 16 ], "texture": "#texture4" },
				"north": { "uv": [ 0, 3.5, 16, 4 ], "texture": "#texture4" },
				"south": { "uv": [ 0, 3.5, 16, 4 ], "texture": "#texture4" },
				"west": { "uv": [ 15, 3.5, 16, 4 ], "texture": "#texture4" },
				"east": { "uv": [ 0, 3.5, 1, 4 ], "texture": "#texture4" }
			}
		},
		{
			"__comment": "Box1",
			"from": [ -2, 16.5, 31 ],
			"to": [ 18, 17.5, 32 ],
			"faces": {
				"down": { "uv": [ 0, 0, 16, 1 ], "texture": "#particle" },
				"up": { "uv": [ 0, 15, 16, 16 ], "texture": "#particle" },
				"north": { "uv": [ 0, 14.5, 16, 15.5 ], "texture": "#particle" },
				"south": { "uv": [ 0, 14.5, 16, 15.5 ], "texture": "#particle" },
				"west": { "uv": [ 15, 14.5, 16, 15.5 ], "texture": "#particle" },
				"east": { "uv": [ 0, 14.5, 1, 15.5 ], "texture": "#particle" }
			}
		},
		{
			"__comment": "Box1",
			"from": [ 16, 12.5, 31 ],
			"to": [ 18.5, 16.5, 32 ],
			"faces": {
				"down": { "uv": [ 0, 0, 2.5, 1 ], "texture": "#particle" },
				"up": { "uv": [ 0, 15, 2.5, 16 ], "texture": "#particle" },
				"north": { "uv": [ 13.5, 0, 16, 3.5 ], "texture": "#particle" },
				"south": { "uv": [ 0, 0, 2.5, 3.5 ], "texture": "#particle" },
				"west": { "uv": [ 15, 0, 16, 3.5 ], "texture": "#particle" },
				"east": { "uv": [ 0, 0, 1, 3.5 ], "texture": "#particle" }
			}
		},
		{
			"__comment": "Box1",
			"from": [ 10.5, 12.5, 31 ],
			"to": [ 16, 16.5, 32 ],
			"faces": {
				"down": { "uv": [ 10.5, 0, 16, 1 ], "texture": "#texture4" },
				"up": { "uv": [ 10.5, 15, 16, 16 ], "texture": "#texture4" },
				"north": { "uv": [ 0, 0, 5.5, 3.5 ], "texture": "#texture4" },
				"south": { "uv": [ 10.5, 0, 16, 3.5 ], "texture": "#texture4" },
				"west": { "uv": [ 15, 0, 16, 3.5 ], "texture": "#texture4" },
				"east": { "uv": [ 0, 0, 1, 3.5 ], "texture": "#texture4" }
			}
		},
		{
			"__comment": "Box1",
			"from": [ 7, 12.5, 30.5 ],
			"to": [ 9, 17, 31.5 ],
			"faces": {
				"down": { "uv": [ 7, 0.5, 9, 1.5 ], "texture": "#texture5" },
				"up": { "uv": [ 7, 14.5, 9, 15.5 ], "texture": "#texture5" },
				"north": { "uv": [ 7, 0, 9, 3.5 ], "texture": "#texture5" },
				"south": { "uv": [ 7, 0, 9, 3.5 ], "texture": "#texture5" },
				"west": { "uv": [ 14.5, 0, 15.5, 3.5 ], "texture": "#texture5" },
				"east": { "uv": [ 0.5, 0, 1.5, 3.5 ], "texture": "#texture5" }
			}
		},
		{
			"__comment": "Box1",
			"from": [ 5.5, 12.5, 31 ],
			"to": [ 10.5, 16.5, 32 ],
			"faces": {
				"down": { "uv": [ 5.5, 0, 10.5, 1 ], "texture": "#particle" },
				"up": { "uv": [ 5.5, 15, 10.5, 16 ], "texture": "#particle" },
				"north": { "uv": [ 5.5, 0, 10.5, 3.5 ], "texture": "#particle" },
				"south": { "uv": [ 5.5, 0, 10.5, 3.5 ], "texture": "#particle" },
				"west": { "uv": [ 15, 0, 16, 3.5 ], "texture": "#particle" },
				"east": { "uv": [ 0, 0, 1, 3.5 ], "texture": "#particle" }
			}
		},
		{
			"__comment": "Box1",
			"from": [ 0, 12.5, 31 ],
			"to": [ 5.5, 16.5, 32 ],
			"faces": {
				"down": { "uv": [ 0, 0, 5.5, 1 ], "texture": "#texture4" },
				"up": { "uv": [ 0, 15, 5.5, 16 ], "texture": "#texture4" },
				"north": { "uv": [ 10.5, 0, 16, 3.5 ], "texture": "#texture4" },
				"south": { "uv": [ 0, 0, 5.5, 3.5 ], "texture": "#texture4" },
				"west": { "uv": [ 15, 0, 16, 3.5 ], "texture": "#texture4" },
				"east": { "uv": [ 0, 0, 1, 3.5 ], "texture": "#texture4" }
			}
		},
		{
			"__comment": "Box1",
			"from": [ -2.5, 12.5, 31 ],
			"to": [ 0, 16.5, 32 ],
			"faces": {
				"down": { "uv": [ 13.5, 0, 16, 1 ], "texture": "#particle" },
				"up": { "uv": [ 13.5, 15, 16, 16 ], "texture": "#particle" },
				"north": { "uv": [ 0, 0, 2.5, 3.5 ], "texture": "#particle" },
				"south": { "uv": [ 13.5, 0, 16, 3.5 ], "texture": "#particle" },
				"west": { "uv": [ 15, 0, 16, 3.5 ], "texture": "#particle" },
				"east": { "uv": [ 0, 0, 1, 3.5 ], "texture": "#particle" }
			}
		},
		{
			"__comment": "Box1",
			"from": [ 7, 5, 30 ],
			"to": [ 9, 12.5, 32 ],
			"faces": {
				"down": { "uv": [ 7, 0, 9, 2 ], "texture": "#texture4" },
				"up": { "uv": [ 7, 14, 9, 16 ], "texture": "#texture4" },
				"north": { "uv": [ 7, 3.5, 9, 11 ], "texture": "#texture4" },
				"south": { "uv": [ 7, 3.5, 9, 11 ], "texture": "#texture4" },
				"west": { "uv": [ 14, 3.5, 16, 11 ], "texture": "#texture4" },
				"east": { "uv": [ 0, 3.5, 2, 11 ], "texture": "#texture4" }
			}
		},
		{
			"__comment": "Box1",
			"from": [ -1.5, 5, 30.5 ],
			"to": [ 17.5, 12, 31.5 ],
			"faces": {
				"down": { "uv": [ 0, 0.5, 16, 1.5 ], "texture": "#texture4" },
				"up": { "uv": [ 0, 14.5, 16, 15.5 ], "texture": "#texture4" },
				"north": { "uv": [ 0, 4, 16, 11 ], "texture": "#texture4" },
				"south": { "uv": [ 0, 4, 16, 11 ], "texture": "#texture4" },
				"west": { "uv": [ 14.5, 4, 15.5, 11 ], "texture": "#texture4" },
				"east": { "uv": [ 0.5, 4, 1.5, 11 ], "texture": "#texture4" }
			}
		},
		{
			"__comment": "Box1",
			"from": [ -1.5, 12, 31 ],
			"to": [ 17.5, 12.5, 32 ],
			"faces": {
				"down": { "uv": [ 0, 0, 16, 1 ], "texture": "#texture4" },
				"up": { "uv": [ 0, 15, 16, 16 ], "texture": "#texture4" },
				"north": { "uv": [ 0, 3.5, 16, 4 ], "texture": "#texture4" },
				"south": { "uv": [ 0, 3.5, 16, 4 ], "texture": "#texture4" },
				"west": { "uv": [ 15, 3.5, 16, 4 ], "texture": "#texture4" },
				"east": { "uv": [ 0, 3.5, 1, 4 ], "texture": "#texture4" }
			}
		},
		{
			"__comment": "Box1",
			"from": [ 17.5, 5, 14 ],
			"to": [ 19, 12.5, 15.5 ],
			"faces": {
				"down": { "uv": [ 1.5, 0.5, 3, 2 ], "texture": "#particle" },
				"up": { "uv": [ 1.5, 14, 3, 15.5 ], "texture": "#particle" },
				"north": { "uv": [ 13, 3.5, 14.5, 11 ], "texture": "#particle" },
				"south": { "uv": [ 1.5, 3.5, 3, 11 ], "texture": "#particle" },
				"west": { "uv": [ 14, 3.5, 15.5, 11 ], "texture": "#particle" },
				"east": { "uv": [ 0.5, 3.5, 2, 11 ], "texture": "#particle" }
			}
		},
		{
			"__comment": "Box1",
			"from": [ 17.5, 5, 30 ],
			"to": [ 19, 12.5, 31.5 ],
			"faces": {
				"down": { "uv": [ 1.5, 0.5, 3, 2 ], "texture": "#particle" },
				"up": { "uv": [ 1.5, 14, 3, 15.5 ], "texture": "#particle" },
				"north": { "uv": [ 13, 3.5, 14.5, 11 ], "texture": "#particle" },
				"south": { "uv": [ 1.5, 3.5, 3, 11 ], "texture": "#particle" },
				"west": { "uv": [ 14, 3.5, 15.5, 11 ], "texture": "#particle" },
				"east": { "uv": [ 0.5, 3.5, 2, 11 ], "texture": "#particle" }
			}
		},
		{
			"__comment": "Box1",
			"from": [ -3, 5, 14 ],
			"to": [ -1.5, 12.5, 15.5 ],
			"faces": {
				"down": { "uv": [ 13, 0.5, 14.5, 2 ], "texture": "#particle" },
				"up": { "uv": [ 13, 14, 14.5, 15.5 ], "texture": "#particle" },
				"north": { "uv": [ 1.5, 3.5, 3, 11 ], "texture": "#particle" },
				"south": { "uv": [ 13, 3.5, 14.5, 11 ], "texture": "#particle" },
				"west": { "uv": [ 14, 3.5, 15.5, 11 ], "texture": "#particle" },
				"east": { "uv": [ 0.5, 3.5, 2, 11 ], "texture": "#particle" }
			}
		},
		{
			"__comment": "Box1",
			"from": [ -3, 5, 30 ],
			"to": [ -1.5, 12.5, 31.5 ],
			"faces": {
				"down": { "uv": [ 13, 0.5, 14.5, 2 ], "texture": "#particle" },
				"up": { "uv": [ 13, 14, 14.5, 15.5 ], "texture": "#particle" },
				"north": { "uv": [ 1.5, 3.5, 3, 11 ], "texture": "#particle" },
				"south": { "uv": [ 13, 3.5, 14.5, 11 ], "texture": "#particle" },
				"west": { "uv": [ 14, 3.5, 15.5, 11 ], "texture": "#particle" },
				"east": { "uv": [ 0.5, 3.5, 2, 11 ], "texture": "#particle" }
			}
		},
		{
			"__comment": "Box1",
			"from": [ -3.5, 2.5, 31.5 ],
			"to": [ 19.5, 9.5, 32 ],
			"faces": {
				"down": { "uv": [ 0, 0, 16, 0.5 ], "texture": "#particle" },
				"up": { "uv": [ 0, 15.5, 16, 16 ], "texture": "#particle" },
				"north": { "uv": [ 0, 6.5, 16, 13.5 ], "texture": "#particle" },
				"south": { "uv": [ 0, 6.5, 16, 13.5 ], "texture": "#particle" },
				"west": { "uv": [ 15.5, 6.5, 16, 13.5 ], "texture": "#particle" },
				"east": { "uv": [ 0, 6.5, 0.5, 13.5 ], "texture": "#particle" }
			}
		},
		{
			"__comment": "Box1",
			"from": [ -3.5, 0, -11 ],
			"to": [ 18.5, 3, 31.5 ],
			"faces": {
				"down": { "uv": [ 0, 0, 16, 16 ], "texture": "#particle" },
				"up": { "uv": [ 0, 0, 16, 16 ], "texture": "#particle" },
				"north": { "uv": [ 0, 13, 16, 16 ], "texture": "#particle" },
				"south": { "uv": [ 0, 13, 16, 16 ], "texture": "#particle" },
				"west": { "uv": [ 0, 13, 16, 16 ], "texture": "#particle" },
				"east": { "uv": [ 0, 13, 16, 16 ], "texture": "#particle" }
			}
		},
		{
			"__comment": "Box1",
			"from": [ -3.5, 1.5, -11 ],
			"to": [ -2.5, 3, -7.5 ],
			"faces": {
				"down": { "uv": [ 12.5, 7.5, 13.5, 11 ], "texture": "#particle" },
				"up": { "uv": [ 12.5, 5, 13.5, 8.5 ], "texture": "#particle" },
				"north": { "uv": [ 2.5, 13, 3.5, 14.5 ], "texture": "#particle" },
				"south": { "uv": [ 12.5, 13, 13.5, 14.5 ], "texture": "#particle" },
				"west": { "uv": [ 5, 13, 8.5, 14.5 ], "texture": "#particle" },
				"east": { "uv": [ 7.5, 13, 11, 14.5 ], "texture": "#particle" }
			}
		},
		{
			"__comment": "Box1",
			"from": [ 18.5, 0, -7 ],
			"to": [ 19.5, 3, 31.5 ],
			"faces": {
				"down": { "uv": [ 2.5, 0, 3.5, 16 ], "texture": "#particle" },
				"up": { "uv": [ 2.5, 0, 3.5, 16 ], "texture": "#particle" },
				"north": { "uv": [ 12.5, 13, 13.5, 16 ], "texture": "#particle" },
				"south": { "uv": [ 2.5, 13, 3.5, 16 ], "texture": "#particle" },
				"west": { "uv": [ 0, 13, 16, 16 ], "texture": "#particle" },
				"east": { "uv": [ 0, 13, 16, 16 ], "texture": "#particle" }
			}
		},
		{
			"__comment": "Box1",
			"from": [ 18.5, 0, -11 ],
			"to": [ 19.5, 3, -7.5 ],
			"faces": {
				"down": { "uv": [ 2.5, 7.5, 3.5, 11 ], "texture": "#particle" },
				"up": { "uv": [ 2.5, 5, 3.5, 8.5 ], "texture": "#particle" },
				"north": { "uv": [ 12.5, 13, 13.5, 16 ], "texture": "#particle" },
				"south": { "uv": [ 2.5, 13, 3.5, 16 ], "texture": "#particle" },
				"west": { "uv": [ 5, 13, 8.5, 16 ], "texture": "#particle" },
				"east": { "uv": [ 7.5, 13, 11, 16 ], "texture": "#particle" }
			}
		},
		{
			"__comment": "Box1",
			"from": [ -3.5, 0, -12 ],
			"to": [ 19.5, 2.5, -11 ],
			"faces": {
				"down": { "uv": [ 0, 11, 16, 12 ], "texture": "#particle" },
				"up": { "uv": [ 0, 4, 16, 5 ], "texture": "#particle" },
				"north": { "uv": [ 0, 13.5, 16, 16 ], "texture": "#particle" },
				"south": { "uv": [ 0, 13.5, 16, 16 ], "texture": "#particle" },
				"west": { "uv": [ 4, 13.5, 5, 16 ], "texture": "#particle" },
				"east": { "uv": [ 11, 13.5, 12, 16 ], "texture": "#particle" }
			}
		},
		{
			"__comment": "Box1",
			"from": [ -3, 0, -13.5 ],
			"to": [ 19, 9, -12 ],
			"faces": {
				"down": { "uv": [ 0, 12, 16, 13.5 ], "texture": "#particle" },
				"up": { "uv": [ 0, 2.5, 16, 4 ], "texture": "#particle" },
				"north": { "uv": [ 0, 7, 16, 16 ], "texture": "#particle" },
				"south": { "uv": [ 0, 7, 16, 16 ], "texture": "#particle" },
				"west": { "uv": [ 2.5, 7, 4, 16 ], "texture": "#particle" },
				"east": { "uv": [ 12, 7, 13.5, 16 ], "texture": "#particle" }
			}
		},
		{
			"__comment": "Box1",
			"from": [ -2.5, 6, -12 ],
			"to": [ 18.5, 9.5, -11 ],
			"faces": {
				"down": { "uv": [ 0, 11, 16, 12 ], "texture": "#particle" },
				"up": { "uv": [ 0, 4, 16, 5 ], "texture": "#particle" },
				"north": { "uv": [ 0, 6.5, 16, 10 ], "texture": "#particle" },
				"south": { "uv": [ 0, 6.5, 16, 10 ], "texture": "#particle" },
				"west": { "uv": [ 4, 6.5, 5, 10 ], "texture": "#particle" },
				"east": { "uv": [ 11, 6.5, 12, 10 ], "texture": "#particle" }
			}
		},
		{
			"__comment": "Box1",
			"from": [ -2.5, 0.5, -14.5 ],
			"to": [ 18.5, 8.5, -12.5 ],
			"faces": {
				"down": { "uv": [ 0, 12.5, 16, 14.5 ], "texture": "#texture" },
				"up": { "uv": [ 0, 1.5, 16, 3.5 ], "texture": "#texture" },
				"north": { "uv": [ 0, 7.5, 16, 15.5 ], "texture": "#texture" },
				"south": { "uv": [ 0, 7.5, 16, 15.5 ], "texture": "#texture" },
				"west": { "uv": [ 1.5, 7.5, 3.5, 15.5 ], "texture": "#texture" },
				"east": { "uv": [ 12.5, 7.5, 14.5, 15.5 ], "texture": "#texture" }
			}
		},
		{
			"__comment": "Box1",
			"from": [ -2, 1, -15 ],
			"to": [ 18, 8, -14.5 ],
			"faces": {
				"down": { "uv": [ 0, 14.5, 16, 15 ], "texture": "#particle" },
				"up": { "uv": [ 0, 1, 16, 1.5 ], "texture": "#particle" },
				"north": { "uv": [ 0, 8, 16, 15 ], "texture": "#particle" },
				"south": { "uv": [ 0, 8, 16, 15 ], "texture": "#particle" },
				"west": { "uv": [ 1, 8, 1.5, 15 ], "texture": "#particle" },
				"east": { "uv": [ 14.5, 8, 15, 15 ], "texture": "#particle" }
			}
		},
		{
			"__comment": "Box1",
			"from": [ -1.5, 1.5, -15.5 ],
			"to": [ 17.5, 7.5, -15 ],
			"faces": {
				"down": { "uv": [ 0, 15, 16, 15.5 ], "texture": "#texture3" },
				"up": { "uv": [ 0, 0.5, 16, 1 ], "texture": "#texture3" },
				"north": { "uv": [ 0, 8.5, 16, 14.5 ], "texture": "#texture3" },
				"south": { "uv": [ 0, 8.5, 16, 14.5 ], "texture": "#texture3" },
				"west": { "uv": [ 0.5, 8.5, 1, 14.5 ], "texture": "#texture3" },
				"east": { "uv": [ 15, 8.5, 15.5, 14.5 ], "texture": "#texture3" }
			}
		},
		{
			"__comment": "Box1",
			"from": [ -1, 2, -16 ],
			"to": [ 17, 7, -15.5 ],
			"faces": {
				"down": { "uv": [ 0, 15.5, 16, 16 ], "texture": "#texture3" },
				"up": { "uv": [ 0, 0, 16, 0.5 ], "texture": "#texture3" },
				"north": { "uv": [ 0, 9, 16, 14 ], "texture": "#texture3" },
				"south": { "uv": [ 0, 9, 16, 14 ], "texture": "#texture3" },
				"west": { "uv": [ 0, 9, 0.5, 14 ], "texture": "#texture3" },
				"east": { "uv": [ 15.5, 9, 16, 14 ], "texture": "#texture3" }
			}
		},
		{
			"__comment": "Box1",
			"from": [ -1.5, 4.5, -8.5 ],
			"to": [ 17.5, 5, -1 ],
			"faces": {
				"down": { "uv": [ 0, 1, 16, 8.5 ], "texture": "#texture4" },
				"up": { "uv": [ 0, 7.5, 16, 15 ], "texture": "#texture4" },
				"north": { "uv": [ 0, 11, 16, 11.5 ], "texture": "#texture4" },
				"south": { "uv": [ 0, 11, 16, 11.5 ], "texture": "#texture4" },
				"west": { "uv": [ 7.5, 11, 15, 11.5 ], "texture": "#texture4" },
				"east": { "uv": [ 1, 11, 8.5, 11.5 ], "texture": "#texture4" }
			}
		},
		{
			"__comment": "Box1",
			"from": [ -1.5, 4.5, 8 ],
			"to": [ 17.5, 5, 15.5 ],
			"faces": {
				"down": { "uv": [ 0, 0.5, 16, 8 ], "texture": "#texture4" },
				"up": { "uv": [ 0, 8, 16, 15.5 ], "texture": "#texture4" },
				"north": { "uv": [ 0, 11, 16, 11.5 ], "texture": "#texture4" },
				"south": { "uv": [ 0, 11, 16, 11.5 ], "texture": "#texture4" },
				"west": { "uv": [ 8, 11, 15.5, 11.5 ], "texture": "#texture4" },
				"east": { "uv": [ 0.5, 11, 8, 11.5 ], "texture": "#texture4" }
			}
		},
		{
			"__comment": "Box1",
			"from": [ -1.5, 4.5, 23 ],
			"to": [ 17.5, 5, 30.5 ],
			"faces": {
				"down": { "uv": [ 0, 1.5, 16, 9 ], "texture": "#texture4" },
				"up": { "uv": [ 0, 7, 16, 14.5 ], "texture": "#texture4" },
				"north": { "uv": [ 0, 11, 16, 11.5 ], "texture": "#texture4" },
				"south": { "uv": [ 0, 11, 16, 11.5 ], "texture": "#texture4" },
				"west": { "uv": [ 7, 11, 14.5, 11.5 ], "texture": "#texture4" },
				"east": { "uv": [ 1.5, 11, 9, 11.5 ], "texture": "#texture4" }
			}
		},
		{
			"__comment": "Box1",
			"from": [ -3.5, -1, -11 ],
			"to": [ 19.5, 0, 31.5 ],
			"faces": {
				"down": { "uv": [ 0, 0, 16, 16 ], "texture": "#texture2" },
				"up": { "uv": [ 0, 0, 16, 16 ], "texture": "#texture2" },
				"north": { "uv": [ 0, 0, 16, 1 ], "texture": "#texture2" },
				"south": { "uv": [ 0, 0, 16, 1 ], "texture": "#texture2" },
				"west": { "uv": [ 0, 0, 16, 1 ], "texture": "#texture2" },
				"east": { "uv": [ 0, 0, 16, 1 ], "texture": "#texture2" }
			}
		},
		{
			"__comment": "Box1",
			"from": [ -3.5, -0.5, -12.5 ],
			"to": [ 19.5, 0, -11 ],
			"faces": {
				"down": { "uv": [ 0, 11, 16, 12.5 ], "texture": "#texture2" },
				"up": { "uv": [ 0, 3.5, 16, 5 ], "texture": "#texture2" },
				"north": { "uv": [ 0, 0, 16, 0.5 ], "texture": "#texture2" },
				"south": { "uv": [ 0, 0, 16, 0.5 ], "texture": "#texture2" },
				"west": { "uv": [ 3.5, 0, 5, 0.5 ], "texture": "#texture2" },
				"east": { "uv": [ 11, 0, 12.5, 0.5 ], "texture": "#texture2" }
			}
		},
		{
			"__comment": "Box1",
			"from": [ -2.5, -3.5, -8 ],
			"to": [ -1.5, -1, -6.5 ],
			"faces": {
				"down": { "uv": [ 13.5, 6.5, 14.5, 8 ], "texture": "#particle" },
				"up": { "uv": [ 13.5, 8, 14.5, 9.5 ], "texture": "#particle" },
				"north": { "uv": [ 1.5, 1, 2.5, 3.5 ], "texture": "#particle" },
				"south": { "uv": [ 13.5, 1, 14.5, 3.5 ], "texture": "#particle" },
				"west": { "uv": [ 8, 1, 9.5, 3.5 ], "texture": "#particle" },
				"east": { "uv": [ 6.5, 1, 8, 3.5 ], "texture": "#particle" }
			}
		},
		{
			"__comment": "Box1",
			"from": [ -2.5, -3, -8.5 ],
			"to": [ -1.5, -1.5, -6 ],
			"faces": {
				"down": { "uv": [ 13.5, 6, 14.5, 8.5 ], "texture": "#particle" },
				"up": { "uv": [ 13.5, 7.5, 14.5, 10 ], "texture": "#particle" },
				"north": { "uv": [ 1.5, 1.5, 2.5, 3 ], "texture": "#particle" },
				"south": { "uv": [ 13.5, 1.5, 14.5, 3 ], "texture": "#particle" },
				"west": { "uv": [ 7.5, 1.5, 10, 3 ], "texture": "#particle" },
				"east": { "uv": [ 6, 1.5, 8.5, 3 ], "texture": "#particle" }
			}
		},
		{
			"__comment": "Box1",
			"from": [ -2.5, -3, 26.5 ],
			"to": [ -1.5, -1.5, 29 ],
			"faces": {
				"down": { "uv": [ 13.5, 3, 14.5, 5.5 ], "texture": "#particle" },
				"up": { "uv": [ 13.5, 10.5, 14.5, 13 ], "texture": "#particle" },
				"north": { "uv": [ 1.5, 1.5, 2.5, 3 ], "texture": "#particle" },
				"south": { "uv": [ 13.5, 1.5, 14.5, 3 ], "texture": "#particle" },
				"west": { "uv": [ 10.5, 1.5, 13, 3 ], "texture": "#particle" },
				"east": { "uv": [ 3, 1.5, 5.5, 3 ], "texture": "#particle" }
			}
		},
		{
			"__comment": "Box1",
			"from": [ -2.5, -3.5, 27 ],
			"to": [ -1.5, -1, 28.5 ],
			"faces": {
				"down": { "uv": [ 13.5, 3.5, 14.5, 5 ], "texture": "#particle" },
				"up": { "uv": [ 13.5, 11, 14.5, 12.5 ], "texture": "#particle" },
				"north": { "uv": [ 1.5, 1, 2.5, 3.5 ], "texture": "#particle" },
				"south": { "uv": [ 13.5, 1, 14.5, 3.5 ], "texture": "#particle" },
				"west": { "uv": [ 11, 1, 12.5, 3.5 ], "texture": "#particle" },
				"east": { "uv": [ 3.5, 1, 5, 3.5 ], "texture": "#particle" }
			}
		},
		{
			"__comment": "Box1",
			"from": [ 17.5, -3, 26.5 ],
			"to": [ 18.5, -1.5, 29 ],
			"faces": {
				"down": { "uv": [ 1.5, 3, 2.5, 5.5 ], "texture": "#particle" },
				"up": { "uv": [ 1.5, 10.5, 2.5, 13 ], "texture": "#particle" },
				"north": { "uv": [ 13.5, 1.5, 14.5, 3 ], "texture": "#particle" },
				"south": { "uv": [ 1.5, 1.5, 2.5, 3 ], "texture": "#particle" },
				"west": { "uv": [ 10.5, 1.5, 13, 3 ], "texture": "#particle" },
				"east": { "uv": [ 3, 1.5, 5.5, 3 ], "texture": "#particle" }
			}
		},
		{
			"__comment": "Box1",
			"from": [ 17.5, -3.5, 27 ],
			"to": [ 18.5, -1, 28.5 ],
			"faces": {
				"down": { "uv": [ 1.5, 3.5, 2.5, 5 ], "texture": "#particle" },
				"up": { "uv": [ 1.5, 11, 2.5, 12.5 ], "texture": "#particle" },
				"north": { "uv": [ 13.5, 1, 14.5, 3.5 ], "texture": "#particle" },
				"south": { "uv": [ 1.5, 1, 2.5, 3.5 ], "texture": "#particle" },
				"west": { "uv": [ 11, 1, 12.5, 3.5 ], "texture": "#particle" },
				"east": { "uv": [ 3.5, 1, 5, 3.5 ], "texture": "#particle" }
			}
		},
		{
			"__comment": "Box1",
			"from": [ 17.5, -3.5, -8 ],
			"to": [ 18.5, -1, -6.5 ],
			"faces": {
				"down": { "uv": [ 1.5, 6.5, 2.5, 8 ], "texture": "#particle" },
				"up": { "uv": [ 1.5, 8, 2.5, 9.5 ], "texture": "#particle" },
				"north": { "uv": [ 13.5, 1, 14.5, 3.5 ], "texture": "#particle" },
				"south": { "uv": [ 1.5, 1, 2.5, 3.5 ], "texture": "#particle" },
				"west": { "uv": [ 8, 1, 9.5, 3.5 ], "texture": "#particle" },
				"east": { "uv": [ 6.5, 1, 8, 3.5 ], "texture": "#particle" }
			}
		},
		{
			"__comment": "Box1",
			"from": [ 17.5, -3, -8.5 ],
			"to": [ 18.5, -1.5, -6 ],
			"faces": {
				"down": { "uv": [ 1.5, 6, 2.5, 8.5 ], "texture": "#particle" },
				"up": { "uv": [ 1.5, 7.5, 2.5, 10 ], "texture": "#particle" },
				"north": { "uv": [ 13.5, 1.5, 14.5, 3 ], "texture": "#particle" },
				"south": { "uv": [ 1.5, 1.5, 2.5, 3 ], "texture": "#particle" },
				"west": { "uv": [ 7.5, 1.5, 10, 3 ], "texture": "#particle" },
				"east": { "uv": [ 6, 1.5, 8.5, 3 ], "texture": "#particle" }
			}
		},
		{
			"__comment": "Box1",
			"from": [ -2, 11, -11.5 ],
			"to": [ 18, 12, -10.5 ],
			"faces": {
				"down": { "uv": [ 0, 10.5, 16, 11.5 ], "texture": "#texture1" },
				"up": { "uv": [ 0, 4.5, 16, 5.5 ], "texture": "#texture1" },
				"north": { "uv": [ 0, 4, 16, 5 ], "texture": "#texture1" },
				"south": { "uv": [ 0, 4, 16, 5 ], "texture": "#texture1" },
				"west": { "uv": [ 4.5, 4, 5.5, 5 ], "texture": "#texture1" },
				"east": { "uv": [ 10.5, 4, 11.5, 5 ], "texture": "#texture1" }
			}
		},
		{
			"__comment": "Box1",
			"from": [ -2.5, 9, -11.5 ],
			"to": [ -1.5, 11, -10.5 ],
			"faces": {
				"down": { "uv": [ 13.5, 10.5, 14.5, 11.5 ], "texture": "#texture1" },
				"up": { "uv": [ 13.5, 4.5, 14.5, 5.5 ], "texture": "#texture1" },
				"north": { "uv": [ 1.5, 5, 2.5, 7 ], "texture": "#texture1" },
				"south": { "uv": [ 13.5, 5, 14.5, 7 ], "texture": "#texture1" },
				"west": { "uv": [ 4.5, 5, 5.5, 7 ], "texture": "#texture1" },
				"east": { "uv": [ 10.5, 5, 11.5, 7 ], "texture": "#texture1" }
			}
		},
		{
			"__comment": "Box1",
			"from": [ 17.5, 9, -11.5 ],
			"to": [ 18.5, 11, -10.5 ],
			"faces": {
				"down": { "uv": [ 1.5, 10.5, 2.5, 11.5 ], "texture": "#texture1" },
				"up": { "uv": [ 1.5, 4.5, 2.5, 5.5 ], "texture": "#texture1" },
				"north": { "uv": [ 13.5, 5, 14.5, 7 ], "texture": "#texture1" },
				"south": { "uv": [ 1.5, 5, 2.5, 7 ], "texture": "#texture1" },
				"west": { "uv": [ 4.5, 5, 5.5, 7 ], "texture": "#texture1" },
				"east": { "uv": [ 10.5, 5, 11.5, 7 ], "texture": "#texture1" }
			}
		},
		{
			"__comment": "Box1",
			"from": [ 7.5, 9, -11.5 ],
			"to": [ 8.5, 11, -10.5 ],
			"faces": {
				"down": { "uv": [ 7.5, 10.5, 8.5, 11.5 ], "texture": "#texture1" },
				"up": { "uv": [ 7.5, 4.5, 8.5, 5.5 ], "texture": "#texture1" },
				"north": { "uv": [ 7.5, 5, 8.5, 7 ], "texture": "#texture1" },
				"south": { "uv": [ 7.5, 5, 8.5, 7 ], "texture": "#texture1" },
				"west": { "uv": [ 4.5, 5, 5.5, 7 ], "texture": "#texture1" },
				"east": { "uv": [ 10.5, 5, 11.5, 7 ], "texture": "#texture1" }
			}
		},
		{
			"__comment": "Box1",
			"from": [ 16.5, 13, 14.5 ],
			"to": [ 17.5, 17, 15.5 ],
			"faces": {
				"down": { "uv": [ 0.5, 0.5, 1.5, 1.5 ], "texture": "#texture5" },
				"up": { "uv": [ 0.5, 14.5, 1.5, 15.5 ], "texture": "#texture5" },
				"north": { "uv": [ 14.5, 0, 15.5, 3 ], "texture": "#texture5" },
				"south": { "uv": [ 0.5, 0, 1.5, 3 ], "texture": "#texture5" },
				"west": { "uv": [ 14.5, 0, 15.5, 3 ], "texture": "#texture5" },
				"east": { "uv": [ 0.5, 0, 1.5, 3 ], "texture": "#texture5" }
			}
		},
		{
			"__comment": "Box1",
			"from": [ -1.5, 13, 14.5 ],
			"to": [ -0.5, 17, 15.5 ],
			"faces": {
				"down": { "uv": [ 14.5, 0.5, 15.5, 1.5 ], "texture": "#texture5" },
				"up": { "uv": [ 14.5, 14.5, 15.5, 15.5 ], "texture": "#texture5" },
				"north": { "uv": [ 0.5, 0, 1.5, 3 ], "texture": "#texture5" },
				"south": { "uv": [ 14.5, 0, 15.5, 3 ], "texture": "#texture5" },
				"west": { "uv": [ 14.5, 0, 15.5, 3 ], "texture": "#texture5" },
				"east": { "uv": [ 0.5, 0, 1.5, 3 ], "texture": "#texture5" }
			}
		},
		{
			"__comment": "Box1",
			"from": [ 16.5, 13, 30.5 ],
			"to": [ 17.5, 17, 31.5 ],
			"faces": {
				"down": { "uv": [ 0.5, 0.5, 1.5, 1.5 ], "texture": "#texture5" },
				"up": { "uv": [ 0.5, 14.5, 1.5, 15.5 ], "texture": "#texture5" },
				"north": { "uv": [ 14.5, 0, 15.5, 3 ], "texture": "#texture5" },
				"south": { "uv": [ 0.5, 0, 1.5, 3 ], "texture": "#texture5" },
				"west": { "uv": [ 14.5, 0, 15.5, 3 ], "texture": "#texture5" },
				"east": { "uv": [ 0.5, 0, 1.5, 3 ], "texture": "#texture5" }
			}
		},
		{
			"__comment": "Box1",
			"from": [ -1.5, 13, 30.5 ],
			"to": [ -0.5, 17, 31.5 ],
			"faces": {
				"down": { "uv": [ 14.5, 0.5, 15.5, 1.5 ], "texture": "#texture5" },
				"up": { "uv": [ 14.5, 14.5, 15.5, 15.5 ], "texture": "#texture5" },
				"north": { "uv": [ 0.5, 0, 1.5, 3 ], "texture": "#texture5" },
				"south": { "uv": [ 14.5, 0, 15.5, 3 ], "texture": "#texture5" },
				"west": { "uv": [ 14.5, 0, 15.5, 3 ], "texture": "#texture5" },
				"east": { "uv": [ 0.5, 0, 1.5, 3 ], "texture": "#texture5" }
			}
		}
	],
	"display": {
		"thirdperson_righthand": {
			"translation":  [ 0, 0.6956, 0 ],
			"scale":  [ 0.1, 0.1, 0.1 ]
		},
		"thirdperson_lefthand": {
			"translation":  [ 0, 0.6956, 0 ],
			"scale":  [ 0.1, 0.1, 0.1 ]
		},
		"firstperson_righthand": {
			"rotation":  [ 0, 121, 0 ],
			"translation":  [ 0, 4.8695, 0 ],
			"scale":  [ 0.2, 0.2, 0.2 ]
		},
		"firstperson_lefthand": {
			"rotation":  [ 0, 31, 0 ],
			"translation":  [ 0, 2.7826, 0 ],
			"scale":  [ 0.3, 0.3, 0.3 ]
		},
		"gui": {
			"rotation":  [ 9, 136, 0 ],
			"translation":  [ 0.0003, -0.695, 0 ],
			"scale":  [ 0.3, 0.3, 0.3 ]
		},
		"head": {
			"scale":  [ 2, 2, 2 ]
		},
		"ground": {
			"translation":  [ 0, 3.4782, 0 ],
			"scale":  [ 0.3, 0.3, 0.3 ]
		},
		"fixed": {
			"rotation":  [ 0, -76, 0 ],
			"translation":  [ 0, 0, -3.478 ],
			"scale":  [ 0.3, 0.3, 0.3 ]
		}
	}
}
