{
	"__comment": "Designed by Ghasper with Cubik Studio - https://cubik.studio",
	"textures": {
		"particle": "block/e_particle",
		"texture": "block/e_texture",
		"texture1": "custom/cyan_wool",
		"texture2": "custom/oak_planks"
	},
	"elements": [
		{
			"__comment": "Box1",
			"from": [ 0.5, 5, 0.5 ],
			"to": [ 15.5, 8, 15.5 ],
			"faces": {
				"down": { "uv": [ 0, 0, 16, 16 ], "texture": "#texture1" },
				"up": { "uv": [ 14, 0.5, 15, 1.5 ], "texture": "#texture1" },
				"north": { "uv": [ 0, 0, 16, 8 ], "texture": "#texture1" },
				"south": { "uv": [ 0, 0, 16, 8 ], "texture": "#texture1" },
				"west": { "uv": [ 0, 9, 16, 16 ], "texture": "#texture1" },
				"east": { "uv": [ 0, 9, 16, 16 ], "texture": "#texture1" }
			}
		},
		{
			"__comment": "Box2",
			"from": [ 0, 0, 0 ],
			"to": [ 1, 16, 1 ],
			"faces": {
				"down": { "uv": [ 0, 15, 1, 16 ], "texture": "#texture2" },
				"up": { "uv": [ 0, 0, 1, 1 ], "texture": "#texture2" },
				"north": { "uv": [ 15, 0, 16, 16 ], "texture": "#texture2" },
				"south": { "uv": [ 0, 0, 1, 16 ], "texture": "#texture2" },
				"west": { "uv": [ 0, 0, 1, 16 ], "texture": "#texture2" },
				"east": { "uv": [ 15, 0, 16, 16 ], "texture": "#texture2" }
			}
		},
		{
			"__comment": "Box3",
			"from": [ 15, 0, 0 ],
			"to": [ 16, 16, 1 ],
			"faces": {
				"down": { "uv": [ 15, 15, 16, 16 ], "texture": "#texture2" },
				"up": { "uv": [ 15, 0, 16, 1 ], "texture": "#texture2" },
				"north": { "uv": [ 0, 0, 1, 16 ], "texture": "#texture2" },
				"south": { "uv": [ 15, 0, 16, 16 ], "texture": "#texture2" },
				"west": { "uv": [ 0, 0, 1, 16 ], "texture": "#texture2" },
				"east": { "uv": [ 15, 0, 16, 16 ], "texture": "#texture2" }
			}
		},
		{
			"__comment": "Box4",
			"from": [ 15, 0, 15 ],
			"to": [ 16, 9, 16 ],
			"faces": {
				"down": { "uv": [ 15, 0, 16, 1 ], "texture": "#texture2" },
				"up": { "uv": [ 15, 15, 16, 16 ], "texture": "#texture2" },
				"north": { "uv": [ 0, 7, 1, 16 ], "texture": "#texture2" },
				"south": { "uv": [ 15, 7, 16, 16 ], "texture": "#texture2" },
				"west": { "uv": [ 15, 7, 16, 16 ], "texture": "#texture2" },
				"east": { "uv": [ 0, 7, 1, 16 ], "texture": "#texture2" }
			}
		},
		{
			"__comment": "Box5",
			"from": [ 0, 0, 15 ],
			"to": [ 1, 9, 16 ],
			"faces": {
				"down": { "uv": [ 0, 0, 1, 1 ], "texture": "#texture2" },
				"up": { "uv": [ 0, 15, 1, 16 ], "texture": "#texture2" },
				"north": { "uv": [ 15, 7, 16, 16 ], "texture": "#texture2" },
				"south": { "uv": [ 0, 7, 1, 16 ], "texture": "#texture2" },
				"west": { "uv": [ 15, 7, 16, 16 ], "texture": "#texture2" },
				"east": { "uv": [ 0, 7, 1, 16 ], "texture": "#texture2" }
			}
		},
		{
			"__comment": "Box6",
			"from": [ 1, 15, 0 ],
			"to": [ 15, 16, 1 ],
			"faces": {
				"down": { "uv": [ 1, 12, 15, 13 ], "texture": "#texture2" },
				"up": { "uv": [ 1, 4, 15, 5 ], "texture": "#texture2" },
				"north": { "uv": [ 1, 15, 15, 16 ], "texture": "#texture2" },
				"south": { "uv": [ 1, 0, 15, 1 ], "texture": "#texture2" },
				"west": { "uv": [ 0, 0, 1, 1 ], "texture": "#texture2" },
				"east": { "uv": [ 15, 0, 16, 1 ], "texture": "#texture2" }
			}
		},
		{
			"__comment": "Box7",
			"from": [ 15, 4.5, 1 ],
			"to": [ 16, 5.5, 15 ],
			"faces": {
				"down": { "uv": [ 0, 1, 1, 15 ], "texture": "#texture2" },
				"up": { "uv": [ 15, 1, 16, 15 ], "texture": "#texture2" },
				"north": { "uv": [ 0, 10.5, 1, 11.5 ], "texture": "#texture2" },
				"south": { "uv": [ 15, 10.5, 16, 11.5 ], "texture": "#texture2" },
				"west": { "uv": [ 1, 10, 15, 11 ], "texture": "#texture2" },
				"east": { "uv": [ 1, 12, 15, 13 ], "texture": "#texture2" }
			}
		},
		{
			"__comment": "Box7",
			"from": [ 0, 4.5, 1 ],
			"to": [ 1, 5.5, 15 ],
			"faces": {
				"down": { "uv": [ 15, 1, 16, 15 ], "texture": "#texture2" },
				"up": { "uv": [ 0, 1, 1, 15 ], "texture": "#texture2" },
				"north": { "uv": [ 15, 10.5, 16, 11.5 ], "texture": "#texture2" },
				"south": { "uv": [ 0, 10.5, 1, 11.5 ], "texture": "#texture2" },
				"west": { "uv": [ 1, 8, 15, 9 ], "texture": "#texture2" },
				"east": { "uv": [ 0.5, 12, 14.5, 13 ], "texture": "#texture2" }
			}
		},
		{
			"__comment": "Box9",
			"from": [ 1, 4.5, 15 ],
			"to": [ 15, 5.5, 16 ],
			"faces": {
				"down": { "uv": [ 1, 0, 15, 1 ], "texture": "#texture2" },
				"up": { "uv": [ 1, 15, 15, 16 ], "texture": "#texture2" },
				"north": { "uv": [ 1, 11, 15, 12 ], "texture": "#texture2" },
				"south": { "uv": [ 0.5, 4, 14.5, 5 ], "texture": "#texture2" },
				"west": { "uv": [ 15, 10.5, 16, 11.5 ], "texture": "#texture2" },
				"east": { "uv": [ 0, 10.5, 1, 11.5 ], "texture": "#texture2" }
			}
		},
		{
			"__comment": "Box1",
			"from": [ 0.5, 8, 14.5 ],
			"to": [ 15.5, 11, 15.5 ],
			"faces": {
				"down": { "uv": [ 14, 14.5, 15, 15.5 ], "texture": "#texture1" },
				"up": { "uv": [ 0, 14, 16, 15.5 ], "texture": "#texture1" },
				"north": { "uv": [ 0, 0, 16, 8 ], "texture": "#texture1" },
				"south": { "uv": [ 0, 0, 16, 8 ], "texture": "#texture1" },
				"west": { "uv": [ 12, 0, 14, 6 ], "texture": "#texture1" },
				"east": { "uv": [ 12, 0, 14, 6 ], "texture": "#texture1" }
			}
		},
		{
			"__comment": "Box1",
			"from": [ 0.5, 8, 0.5 ],
			"to": [ 15.5, 12, 13.5 ],
			"faces": {
				"down": { "uv": [ 14, 14.5, 15, 15.5 ], "texture": "#texture1" },
				"up": { "uv": [ 0, 0, 16, 13.5 ], "texture": "#texture1" },
				"north": { "uv": [ 0, 9, 16, 16 ], "texture": "#texture1" },
				"south": { "uv": [ 0, 9, 16, 16 ], "texture": "#texture1" },
				"west": { "uv": [ 0, 0, 16, 7 ], "texture": "#texture1" },
				"east": { "uv": [ 0, 0, 16, 7 ], "texture": "#texture1" }
			}
		},
		{
			"__comment": "Box1",
			"from": [ 0.5, 8, 13.5 ],
			"to": [ 15.5, 11.5, 14.5 ],
			"faces": {
				"down": { "uv": [ 14, 14.5, 15, 15.5 ], "texture": "#texture1" },
				"up": { "uv": [ 0, 13.5, 16, 14.5 ], "texture": "#texture1" },
				"north": { "uv": [ 1, 14.5, 2, 15.5 ], "texture": "#texture1" },
				"south": { "uv": [ 14, 14.5, 15, 15.5 ], "texture": "#texture1" },
				"west": { "uv": [ 14, 1.5, 16, 7.5 ], "texture": "#texture1" },
				"east": { "uv": [ 14, 1.5, 16, 7.5 ], "texture": "#texture1" }
			}
		},
		{
			"__comment": "Box7",
			"from": [ 15, 8, 1 ],
			"to": [ 16, 9, 15 ],
			"faces": {
				"down": { "uv": [ 15, 1, 16, 15 ], "texture": "#texture2" },
				"up": { "uv": [ 0, 1, 1, 15 ], "texture": "#texture2" },
				"north": { "uv": [ 0, 7, 1, 8 ], "texture": "#texture2" },
				"south": { "uv": [ 15, 7, 16, 8 ], "texture": "#texture2" },
				"west": { "uv": [ 1, 8, 15, 9 ], "texture": "#texture2" },
				"east": { "uv": [ 1, 6, 15, 7 ], "texture": "#texture2" }
			}
		},
		{
			"__comment": "Box7",
			"from": [ 0, 8, 1 ],
			"to": [ 1, 9, 15 ],
			"faces": {
				"down": { "uv": [ 0, 1, 1, 15 ], "texture": "#texture2" },
				"up": { "uv": [ 0, 1, 1, 15 ], "texture": "#texture2" },
				"north": { "uv": [ 15, 7, 16, 8 ], "texture": "#texture2" },
				"south": { "uv": [ 0, 7, 1, 8 ], "texture": "#texture2" },
				"west": { "uv": [ 1, 7, 15, 8 ], "texture": "#texture2" },
				"east": { "uv": [ 1, 7, 15, 8 ], "texture": "#texture2" }
			}
		},
		{
			"__comment": "Box9",
			"from": [ 1, 13, 0 ],
			"to": [ 15, 14, 1 ],
			"faces": {
				"down": { "uv": [ 1, 12, 15, 13 ], "texture": "#texture2" },
				"up": { "uv": [ 1, 2, 15, 3 ], "texture": "#texture2" },
				"north": { "uv": [ 1, 5, 15, 6 ], "texture": "#texture2" },
				"south": { "uv": [ 1.5, 12, 15.5, 13 ], "texture": "#texture2" },
				"west": { "uv": [ 0, 2, 1, 3 ], "texture": "#texture2" },
				"east": { "uv": [ 15, 2, 16, 3 ], "texture": "#texture2" }
			}
		},
		{
			"__comment": "Box9",
			"from": [ 1, 8, 15 ],
			"to": [ 15, 9, 16 ],
			"faces": {
				"down": { "uv": [ 1, 0, 15, 1 ], "texture": "#texture2" },
				"up": { "uv": [ 1, 15, 15, 16 ], "texture": "#texture2" },
				"north": { "uv": [ 1, 7, 15, 8 ], "texture": "#texture2" },
				"south": { "uv": [ 1, 8, 15, 9 ], "texture": "#texture2" },
				"west": { "uv": [ 15, 7, 16, 8 ], "texture": "#texture2" },
				"east": { "uv": [ 0, 7, 1, 8 ], "texture": "#texture2" }
			}
		}
	],
	"display": {
		"thirdperson_righthand": {
			"rotation":  [ 39, -135, 0 ],
			"translation":  [ 0, 4.8695, 0 ],
			"scale":  [ 0.5826, 0.5826, 0.5826 ]
		},
		"thirdperson_lefthand": {
			"rotation":  [ 39, -135, 0 ],
			"translation":  [ 0, 4.8695, 0 ],
			"scale":  [ 0.5826, 0.5826, 0.5826 ]
		},
		"firstperson_righthand": {
			"rotation":  [ -15, -75, -11 ],
			"scale":  [ 0.8608, 0.8608, 0.8608 ]
		},
		"firstperson_lefthand": {
			"rotation":  [ -15, -75, -11 ],
			"scale":  [ 0.8608, 0.8608, 0.8608 ]
		},
		"gui": {
			"rotation":  [ 9, 23, 0 ],
			"scale":  [ 0.5826, 0.5826, 0.5826 ]
		},
		"head": {
			"translation":  [ 0, -2.868, 4 ],
			"scale":  [ 1.6, 1.6, 1.6 ]
		},
		"ground": {
			"translation":  [ 0, 9.0434, 0 ],
			"scale":  [ 1.6, 1.6, 1.6 ]
		},
		"fixed": {
			"rotation":  [ 0, 180, 0 ],
			"translation":  [ 0, 0, -4.867 ],
			"scale":  [ 0.6868, 0.6868, 0.6868 ]
		}
	}
}
