{
	"__comment": "Designed by Gamerkm with Cubik Studio - https://cubik.studio",
	"textures": {
		"particle": "block/e_particle",
		"quartz_block_top": "block/quartz_block_top",
		"wool_red": "block/red_wool",
		"coal_block": "block/coal_block"
	},
	"elements": [
		{
			"__comment": "quartz_block_top1",
			"from": [ 5, 0, 15 ],
			"to": [ 11, 1, 16 ],
			"faces": {
				"down": { "uv": [ 5, 0, 11, 1 ], "texture": "#quartz_block_top" },
				"up": { "uv": [ 5, 15, 11, 16 ], "texture": "#quartz_block_top" },
				"north": { "uv": [ 5, 15, 11, 16 ], "texture": "#quartz_block_top" },
				"south": { "uv": [ 5, 15, 11, 16 ], "texture": "#quartz_block_top" },
				"west": { "uv": [ 15, 15, 16, 16 ], "texture": "#quartz_block_top" },
				"east": { "uv": [ 0, 15, 1, 16 ], "texture": "#quartz_block_top" }
			}
		},
		{
			"__comment": "quartz_block_top2",
			"from": [ 3, 0, 14 ],
			"to": [ 13, 1, 15 ],
			"faces": {
				"down": { "uv": [ 3, 1, 13, 2 ], "texture": "#quartz_block_top" },
				"up": { "uv": [ 3, 14, 13, 15 ], "texture": "#quartz_block_top" },
				"north": { "uv": [ 3, 15, 13, 16 ], "texture": "#quartz_block_top" },
				"south": { "uv": [ 3, 15, 13, 16 ], "texture": "#quartz_block_top" },
				"west": { "uv": [ 14, 15, 15, 16 ], "texture": "#quartz_block_top" },
				"east": { "uv": [ 1, 15, 2, 16 ], "texture": "#quartz_block_top" }
			}
		},
		{
			"__comment": "quartz_block_top3",
			"from": [ 2, 0, 13 ],
			"to": [ 14, 1, 14 ],
			"faces": {
				"down": { "uv": [ 2, 2, 14, 3 ], "texture": "#quartz_block_top" },
				"up": { "uv": [ 2, 13, 14, 14 ], "texture": "#quartz_block_top" },
				"north": { "uv": [ 2, 15, 14, 16 ], "texture": "#quartz_block_top" },
				"south": { "uv": [ 2, 15, 14, 16 ], "texture": "#quartz_block_top" },
				"west": { "uv": [ 13, 15, 14, 16 ], "texture": "#quartz_block_top" },
				"east": { "uv": [ 2, 15, 3, 16 ], "texture": "#quartz_block_top" }
			}
		},
		{
			"__comment": "quartz_block_top4",
			"from": [ 1, 0, 11 ],
			"to": [ 15, 1, 13 ],
			"faces": {
				"down": { "uv": [ 1, 3, 15, 5 ], "texture": "#quartz_block_top" },
				"up": { "uv": [ 1, 11, 15, 13 ], "texture": "#quartz_block_top" },
				"north": { "uv": [ 1, 15, 15, 16 ], "texture": "#quartz_block_top" },
				"south": { "uv": [ 1, 15, 15, 16 ], "texture": "#quartz_block_top" },
				"west": { "uv": [ 11, 15, 13, 16 ], "texture": "#quartz_block_top" },
				"east": { "uv": [ 3, 15, 5, 16 ], "texture": "#quartz_block_top" }
			}
		},
		{
			"__comment": "quartz_block_top5",
			"from": [ 1, 0, 3 ],
			"to": [ 15, 1, 5 ],
			"faces": {
				"down": { "uv": [ 1, 11, 15, 13 ], "texture": "#quartz_block_top" },
				"up": { "uv": [ 1, 3, 15, 5 ], "texture": "#quartz_block_top" },
				"north": { "uv": [ 1, 15, 15, 16 ], "texture": "#quartz_block_top" },
				"south": { "uv": [ 1, 15, 15, 16 ], "texture": "#quartz_block_top" },
				"west": { "uv": [ 3, 15, 5, 16 ], "texture": "#quartz_block_top" },
				"east": { "uv": [ 11, 15, 13, 16 ], "texture": "#quartz_block_top" }
			}
		},
		{
			"__comment": "quartz_block_top6",
			"from": [ 2, 0, 2 ],
			"to": [ 14, 1, 3 ],
			"faces": {
				"down": { "uv": [ 2, 13, 14, 14 ], "texture": "#quartz_block_top" },
				"up": { "uv": [ 2, 2, 14, 3 ], "texture": "#quartz_block_top" },
				"north": { "uv": [ 2, 15, 14, 16 ], "texture": "#quartz_block_top" },
				"south": { "uv": [ 2, 15, 14, 16 ], "texture": "#quartz_block_top" },
				"west": { "uv": [ 2, 15, 3, 16 ], "texture": "#quartz_block_top" },
				"east": { "uv": [ 13, 15, 14, 16 ], "texture": "#quartz_block_top" }
			}
		},
		{
			"__comment": "quartz_block_top7",
			"from": [ 3, 0, 1 ],
			"to": [ 13, 1, 2 ],
			"faces": {
				"down": { "uv": [ 3, 14, 13, 15 ], "texture": "#quartz_block_top" },
				"up": { "uv": [ 3, 1, 13, 2 ], "texture": "#quartz_block_top" },
				"north": { "uv": [ 3, 15, 13, 16 ], "texture": "#quartz_block_top" },
				"south": { "uv": [ 3, 15, 13, 16 ], "texture": "#quartz_block_top" },
				"west": { "uv": [ 1, 15, 2, 16 ], "texture": "#quartz_block_top" },
				"east": { "uv": [ 14, 15, 15, 16 ], "texture": "#quartz_block_top" }
			}
		},
		{
			"__comment": "quartz_block_top8",
			"from": [ 5, 0, 0 ],
			"to": [ 11, 1, 1 ],
			"faces": {
				"down": { "uv": [ 5, 15, 11, 16 ], "texture": "#quartz_block_top" },
				"up": { "uv": [ 5, 0, 11, 1 ], "texture": "#quartz_block_top" },
				"north": { "uv": [ 5, 15, 11, 16 ], "texture": "#quartz_block_top" },
				"south": { "uv": [ 5, 15, 11, 16 ], "texture": "#quartz_block_top" },
				"west": { "uv": [ 0, 15, 1, 16 ], "texture": "#quartz_block_top" },
				"east": { "uv": [ 15, 15, 16, 16 ], "texture": "#quartz_block_top" }
			}
		},
		{
			"__comment": "wool_red",
			"from": [ 5, 1, 15 ],
			"to": [ 11, 2, 16 ],
			"faces": {
				"down": { "uv": [ 5, 0, 11, 1 ], "texture": "#wool_red" },
				"up": { "uv": [ 5, 15, 11, 16 ], "texture": "#wool_red" },
				"north": { "uv": [ 5, 14, 11, 15 ], "texture": "#wool_red" },
				"south": { "uv": [ 5, 14, 11, 15 ], "texture": "#wool_red" },
				"west": { "uv": [ 15, 14, 16, 15 ], "texture": "#wool_red" },
				"east": { "uv": [ 0, 14, 1, 15 ], "texture": "#wool_red" }
			}
		},
		{
			"__comment": "quartz_block_top",
			"from": [ 13.5, -3, 11.5 ],
			"to": [ 14, 0, 12 ],
			"faces": {
				"down": { "uv": [ 13, 4, 13.5, 4.5 ], "texture": "#quartz_block_top" },
				"up": { "uv": [ 13, 11.5, 13.5, 12 ], "texture": "#quartz_block_top" },
				"north": { "uv": [ 2.5, 0, 3, 3 ], "texture": "#quartz_block_top" },
				"south": { "uv": [ 13, 0, 13.5, 3 ], "texture": "#quartz_block_top" },
				"west": { "uv": [ 11.5, 0, 12, 3 ], "texture": "#quartz_block_top" },
				"east": { "uv": [ 4, 0, 4.5, 3 ], "texture": "#quartz_block_top" }
			}
		},
		{
			"__comment": "quartz_block_top",
			"from": [ 12.5, -15, 12.5 ],
			"to": [ 14.5, -14, 14.5 ],
			"faces": {
				"down": { "uv": [ 12.5, 1.5, 14.5, 3.5 ], "texture": "#quartz_block_top" },
				"up": { "uv": [ 12.5, 12.5, 14.5, 14.5 ], "texture": "#quartz_block_top" },
				"north": { "uv": [ 1.5, 14.5, 3.5, 15.5 ], "texture": "#quartz_block_top" },
				"south": { "uv": [ 12.5, 14.5, 14.5, 15.5 ], "texture": "#quartz_block_top" },
				"west": { "uv": [ 12.5, 14.5, 14.5, 15.5 ], "texture": "#quartz_block_top" },
				"east": { "uv": [ 1.5, 14.5, 3.5, 15.5 ], "texture": "#quartz_block_top" }
			}
		},
		{
			"__comment": "quartz_block_top",
			"from": [ 11.5, -3, 2 ],
			"to": [ 12, 0, 2.5 ],
			"faces": {
				"down": { "uv": [ 11.5, 13.5, 12, 14 ], "texture": "#quartz_block_top" },
				"up": { "uv": [ 11.5, 2, 12, 2.5 ], "texture": "#quartz_block_top" },
				"north": { "uv": [ 4, 0, 4.5, 3 ], "texture": "#quartz_block_top" },
				"south": { "uv": [ 11.5, 0, 12, 3 ], "texture": "#quartz_block_top" },
				"west": { "uv": [ 2, 0, 2.5, 3 ], "texture": "#quartz_block_top" },
				"east": { "uv": [ 13.5, 0, 14, 3 ], "texture": "#quartz_block_top" }
			}
		},
		{
			"__comment": "quartz_block_top",
			"from": [ 12.5, -9, 13.5 ],
			"to": [ 13, -6, 14 ],
			"faces": {
				"down": { "uv": [ 12.5, 2, 13, 2.5 ], "texture": "#quartz_block_top" },
				"up": { "uv": [ 12.5, 13.5, 13, 14 ], "texture": "#quartz_block_top" },
				"north": { "uv": [ 3, 6, 3.5, 9 ], "texture": "#quartz_block_top" },
				"south": { "uv": [ 12.5, 6, 13, 9 ], "texture": "#quartz_block_top" },
				"west": { "uv": [ 13.5, 6, 14, 9 ], "texture": "#quartz_block_top" },
				"east": { "uv": [ 2, 6, 2.5, 9 ], "texture": "#quartz_block_top" }
			}
		},
		{
			"__comment": "quartz_block_top",
			"from": [ 13.5, -9, 12.5 ],
			"to": [ 14, -6, 13 ],
			"faces": {
				"down": { "uv": [ 13, 3, 13.5, 3.5 ], "texture": "#quartz_block_top" },
				"up": { "uv": [ 13, 12.5, 13.5, 13 ], "texture": "#quartz_block_top" },
				"north": { "uv": [ 2.5, 6, 3, 9 ], "texture": "#quartz_block_top" },
				"south": { "uv": [ 13, 6, 13.5, 9 ], "texture": "#quartz_block_top" },
				"west": { "uv": [ 12.5, 6, 13, 9 ], "texture": "#quartz_block_top" },
				"east": { "uv": [ 3, 6, 3.5, 9 ], "texture": "#quartz_block_top" }
			}
		},
		{
			"__comment": "quartz_block_top",
			"from": [ 12, -6, 2 ],
			"to": [ 12.5, -3, 2.5 ],
			"faces": {
				"down": { "uv": [ 12, 13.5, 12.5, 14 ], "texture": "#quartz_block_top" },
				"up": { "uv": [ 12, 2, 12.5, 2.5 ], "texture": "#quartz_block_top" },
				"north": { "uv": [ 3.5, 3, 4, 6 ], "texture": "#quartz_block_top" },
				"south": { "uv": [ 12, 3, 12.5, 6 ], "texture": "#quartz_block_top" },
				"west": { "uv": [ 2, 3, 2.5, 6 ], "texture": "#quartz_block_top" },
				"east": { "uv": [ 13.5, 3, 14, 6 ], "texture": "#quartz_block_top" }
			}
		},
		{
			"__comment": "quartz_block_top",
			"from": [ 13.5, -6, 12 ],
			"to": [ 14, -3, 12.5 ],
			"faces": {
				"down": { "uv": [ 13, 3.5, 13.5, 4 ], "texture": "#quartz_block_top" },
				"up": { "uv": [ 13, 12, 13.5, 12.5 ], "texture": "#quartz_block_top" },
				"north": { "uv": [ 2.5, 3, 3, 6 ], "texture": "#quartz_block_top" },
				"south": { "uv": [ 13, 3, 13.5, 6 ], "texture": "#quartz_block_top" },
				"west": { "uv": [ 12, 3, 12.5, 6 ], "texture": "#quartz_block_top" },
				"east": { "uv": [ 3.5, 3, 4, 6 ], "texture": "#quartz_block_top" }
			}
		},
		{
			"__comment": "quartz_block_top",
			"from": [ 13, -14, 13 ],
			"to": [ 14, -9, 14 ],
			"faces": {
				"down": { "uv": [ 13, 2, 14, 3 ], "texture": "#quartz_block_top" },
				"up": { "uv": [ 13, 13, 14, 14 ], "texture": "#quartz_block_top" },
				"north": { "uv": [ 2, 9, 3, 14 ], "texture": "#quartz_block_top" },
				"south": { "uv": [ 13, 9, 14, 14 ], "texture": "#quartz_block_top" },
				"west": { "uv": [ 13, 9, 14, 14 ], "texture": "#quartz_block_top" },
				"east": { "uv": [ 2, 9, 3, 14 ], "texture": "#quartz_block_top" }
			}
		},
		{
			"__comment": "quartz_block_top",
			"from": [ 13.5, -9, 3 ],
			"to": [ 14, -6, 3.5 ],
			"faces": {
				"down": { "uv": [ 13.5, 12.5, 14, 13 ], "texture": "#quartz_block_top" },
				"up": { "uv": [ 13.5, 3, 14, 3.5 ], "texture": "#quartz_block_top" },
				"north": { "uv": [ 2, 6, 2.5, 9 ], "texture": "#quartz_block_top" },
				"south": { "uv": [ 13.5, 6, 14, 9 ], "texture": "#quartz_block_top" },
				"west": { "uv": [ 3, 6, 3.5, 9 ], "texture": "#quartz_block_top" },
				"east": { "uv": [ 12.5, 6, 13, 9 ], "texture": "#quartz_block_top" }
			}
		},
		{
			"__comment": "quartz_block_top",
			"from": [ 13.5, -6, 3.5 ],
			"to": [ 14, -3, 4 ],
			"faces": {
				"down": { "uv": [ 13, 12, 13.5, 12.5 ], "texture": "#quartz_block_top" },
				"up": { "uv": [ 13, 3.5, 13.5, 4 ], "texture": "#quartz_block_top" },
				"north": { "uv": [ 2.5, 3, 3, 6 ], "texture": "#quartz_block_top" },
				"south": { "uv": [ 13, 3, 13.5, 6 ], "texture": "#quartz_block_top" },
				"west": { "uv": [ 3.5, 3, 4, 6 ], "texture": "#quartz_block_top" },
				"east": { "uv": [ 12, 3, 12.5, 6 ], "texture": "#quartz_block_top" }
			}
		},
		{
			"__comment": "quartz_block_top",
			"from": [ 13.5, -3, 4 ],
			"to": [ 14, 0, 4.5 ],
			"faces": {
				"down": { "uv": [ 13, 11.5, 13.5, 12 ], "texture": "#quartz_block_top" },
				"up": { "uv": [ 13, 4, 13.5, 4.5 ], "texture": "#quartz_block_top" },
				"north": { "uv": [ 2.5, 0, 3, 3 ], "texture": "#quartz_block_top" },
				"south": { "uv": [ 13, 0, 13.5, 3 ], "texture": "#quartz_block_top" },
				"west": { "uv": [ 4, 0, 4.5, 3 ], "texture": "#quartz_block_top" },
				"east": { "uv": [ 11.5, 0, 12, 3 ], "texture": "#quartz_block_top" }
			}
		},
		{
			"__comment": "quartz_block_top",
			"from": [ 13, -14, 2 ],
			"to": [ 14, -9, 3 ],
			"faces": {
				"down": { "uv": [ 13, 13, 14, 14 ], "texture": "#quartz_block_top" },
				"up": { "uv": [ 13, 2, 14, 3 ], "texture": "#quartz_block_top" },
				"north": { "uv": [ 2, 9, 3, 14 ], "texture": "#quartz_block_top" },
				"south": { "uv": [ 13, 9, 14, 14 ], "texture": "#quartz_block_top" },
				"west": { "uv": [ 2, 9, 3, 14 ], "texture": "#quartz_block_top" },
				"east": { "uv": [ 13, 9, 14, 14 ], "texture": "#quartz_block_top" }
			}
		},
		{
			"__comment": "quartz_block_top",
			"from": [ 12.5, -15, 1.5 ],
			"to": [ 14.5, -14, 3.5 ],
			"faces": {
				"down": { "uv": [ 12.5, 12.5, 14.5, 14.5 ], "texture": "#quartz_block_top" },
				"up": { "uv": [ 12.5, 1.5, 14.5, 3.5 ], "texture": "#quartz_block_top" },
				"north": { "uv": [ 1.5, 14, 3.5, 15 ], "texture": "#quartz_block_top" },
				"south": { "uv": [ 12.5, 14, 14.5, 15 ], "texture": "#quartz_block_top" },
				"west": { "uv": [ 1.5, 14, 3.5, 15 ], "texture": "#quartz_block_top" },
				"east": { "uv": [ 12.5, 14, 14.5, 15 ], "texture": "#quartz_block_top" }
			}
		},
		{
			"__comment": "coal_block",
			"from": [ 12.5, -16, 12.5 ],
			"to": [ 14.5, -15.5, 14.5 ],
			"faces": {
				"down": { "uv": [ 1.5, 1.5, 3.5, 3.5 ], "texture": "#coal_block" },
				"up": { "uv": [ 1.5, 12.5, 3.5, 14.5 ], "texture": "#coal_block" },
				"north": { "uv": [ 12.5, 15.5, 14.5, 16 ], "texture": "#coal_block" },
				"south": { "uv": [ 1.5, 15.5, 3.5, 16 ], "texture": "#coal_block" },
				"west": { "uv": [ 12.5, 15.5, 14.5, 16 ], "texture": "#coal_block" },
				"east": { "uv": [ 1.5, 15.5, 3.5, 16 ], "texture": "#coal_block" }
			}
		},
		{
			"__comment": "quartz_block_top",
			"from": [ 2, -14, 2 ],
			"to": [ 3, -9, 3 ],
			"faces": {
				"down": { "uv": [ 2, 2, 3, 3 ], "texture": "#quartz_block_top" },
				"up": { "uv": [ 2, 13, 3, 14 ], "texture": "#quartz_block_top" },
				"north": { "uv": [ 13, 9, 14, 14 ], "texture": "#quartz_block_top" },
				"south": { "uv": [ 2, 9, 3, 14 ], "texture": "#quartz_block_top" },
				"west": { "uv": [ 13, 9, 14, 14 ], "texture": "#quartz_block_top" },
				"east": { "uv": [ 2, 9, 3, 14 ], "texture": "#quartz_block_top" }
			}
		},
		{
			"__comment": "quartz_block_top",
			"from": [ 2, -9, 3 ],
			"to": [ 2.5, -6, 3.5 ],
			"faces": {
				"down": { "uv": [ 2, 12.5, 2.5, 13 ], "texture": "#quartz_block_top" },
				"up": { "uv": [ 2, 3, 2.5, 3.5 ], "texture": "#quartz_block_top" },
				"north": { "uv": [ 13.5, 6, 14, 9 ], "texture": "#quartz_block_top" },
				"south": { "uv": [ 2, 6, 2.5, 9 ], "texture": "#quartz_block_top" },
				"west": { "uv": [ 3, 6, 3.5, 9 ], "texture": "#quartz_block_top" },
				"east": { "uv": [ 12.5, 6, 13, 9 ], "texture": "#quartz_block_top" }
			}
		},
		{
			"__comment": "quartz_block_top",
			"from": [ 2, -6, 3.5 ],
			"to": [ 2.5, -3, 4 ],
			"faces": {
				"down": { "uv": [ 2, 12, 2.5, 12.5 ], "texture": "#quartz_block_top" },
				"up": { "uv": [ 2, 3.5, 2.5, 4 ], "texture": "#quartz_block_top" },
				"north": { "uv": [ 13.5, 3, 14, 6 ], "texture": "#quartz_block_top" },
				"south": { "uv": [ 2, 3, 2.5, 6 ], "texture": "#quartz_block_top" },
				"west": { "uv": [ 3.5, 3, 4, 6 ], "texture": "#quartz_block_top" },
				"east": { "uv": [ 12, 3, 12.5, 6 ], "texture": "#quartz_block_top" }
			}
		},
		{
			"__comment": "quartz_block_top",
			"from": [ 2, -3, 4 ],
			"to": [ 2.5, 0, 4.5 ],
			"faces": {
				"down": { "uv": [ 2, 11.5, 2.5, 12 ], "texture": "#quartz_block_top" },
				"up": { "uv": [ 2, 4, 2.5, 4.5 ], "texture": "#quartz_block_top" },
				"north": { "uv": [ 13.5, 0, 14, 3 ], "texture": "#quartz_block_top" },
				"south": { "uv": [ 2, 0, 2.5, 3 ], "texture": "#quartz_block_top" },
				"west": { "uv": [ 4, 0, 4.5, 3 ], "texture": "#quartz_block_top" },
				"east": { "uv": [ 11.5, 0, 12, 3 ], "texture": "#quartz_block_top" }
			}
		},
		{
			"__comment": "quartz_block_top",
			"from": [ 3, -9, 2 ],
			"to": [ 3.5, -6, 2.5 ],
			"faces": {
				"down": { "uv": [ 3, 13.5, 3.5, 14 ], "texture": "#quartz_block_top" },
				"up": { "uv": [ 3, 2, 3.5, 2.5 ], "texture": "#quartz_block_top" },
				"north": { "uv": [ 12.5, 6, 13, 9 ], "texture": "#quartz_block_top" },
				"south": { "uv": [ 3, 6, 3.5, 9 ], "texture": "#quartz_block_top" },
				"west": { "uv": [ 2, 6, 2.5, 9 ], "texture": "#quartz_block_top" },
				"east": { "uv": [ 13.5, 6, 14, 9 ], "texture": "#quartz_block_top" }
			}
		},
		{
			"__comment": "quartz_block_top",
			"from": [ 12, -6, 13.5 ],
			"to": [ 12.5, -3, 14 ],
			"faces": {
				"down": { "uv": [ 12, 2.5, 12.5, 3 ], "texture": "#quartz_block_top" },
				"up": { "uv": [ 12, 13, 12.5, 13.5 ], "texture": "#quartz_block_top" },
				"north": { "uv": [ 3.5, 3, 4, 6 ], "texture": "#quartz_block_top" },
				"south": { "uv": [ 12, 3, 12.5, 6 ], "texture": "#quartz_block_top" },
				"west": { "uv": [ 13, 3, 13.5, 6 ], "texture": "#quartz_block_top" },
				"east": { "uv": [ 2.5, 3, 3, 6 ], "texture": "#quartz_block_top" }
			}
		},
		{
			"__comment": "quartz_block_top",
			"from": [ 11.5, -3, 13.5 ],
			"to": [ 12, 0, 14 ],
			"faces": {
				"down": { "uv": [ 11.5, 2.5, 12, 3 ], "texture": "#quartz_block_top" },
				"up": { "uv": [ 11.5, 13, 12, 13.5 ], "texture": "#quartz_block_top" },
				"north": { "uv": [ 4, 0, 4.5, 3 ], "texture": "#quartz_block_top" },
				"south": { "uv": [ 11.5, 0, 12, 3 ], "texture": "#quartz_block_top" },
				"west": { "uv": [ 13, 0, 13.5, 3 ], "texture": "#quartz_block_top" },
				"east": { "uv": [ 2.5, 0, 3, 3 ], "texture": "#quartz_block_top" }
			}
		},
		{
			"__comment": "quartz_block_top",
			"from": [ 12.5, -9, 2 ],
			"to": [ 13, -6, 2.5 ],
			"faces": {
				"down": { "uv": [ 12.5, 13.5, 13, 14 ], "texture": "#quartz_block_top" },
				"up": { "uv": [ 12.5, 2, 13, 2.5 ], "texture": "#quartz_block_top" },
				"north": { "uv": [ 3, 6, 3.5, 9 ], "texture": "#quartz_block_top" },
				"south": { "uv": [ 12.5, 6, 13, 9 ], "texture": "#quartz_block_top" },
				"west": { "uv": [ 2, 6, 2.5, 9 ], "texture": "#quartz_block_top" },
				"east": { "uv": [ 13.5, 6, 14, 9 ], "texture": "#quartz_block_top" }
			}
		},
		{
			"__comment": "quartz_block_top",
			"from": [ 3.5, -6, 2 ],
			"to": [ 4, -3, 2.5 ],
			"faces": {
				"down": { "uv": [ 3.5, 13.5, 4, 14 ], "texture": "#quartz_block_top" },
				"up": { "uv": [ 3.5, 2, 4, 2.5 ], "texture": "#quartz_block_top" },
				"north": { "uv": [ 12, 3, 12.5, 6 ], "texture": "#quartz_block_top" },
				"south": { "uv": [ 3.5, 3, 4, 6 ], "texture": "#quartz_block_top" },
				"west": { "uv": [ 2, 3, 2.5, 6 ], "texture": "#quartz_block_top" },
				"east": { "uv": [ 13.5, 3, 14, 6 ], "texture": "#quartz_block_top" }
			}
		},
		{
			"__comment": "quartz_block_top",
			"from": [ 12.5, 0, 0.5 ],
			"to": [ 13, 5.5, 1 ],
			"faces": {
				"down": { "uv": [ 12.5, 15, 13, 15.5 ], "texture": "#quartz_block_top" },
				"up": { "uv": [ 12.5, 0.5, 13, 1 ], "texture": "#quartz_block_top" },
				"north": { "uv": [ 3, 10.5, 3.5, 16 ], "texture": "#quartz_block_top" },
				"south": { "uv": [ 12.5, 10.5, 13, 16 ], "texture": "#quartz_block_top" },
				"west": { "uv": [ 0.5, 10.5, 1, 16 ], "texture": "#quartz_block_top" },
				"east": { "uv": [ 15, 10.5, 15.5, 16 ], "texture": "#quartz_block_top" }
			}
		},
		{
			"__comment": "quartz_block_top",
			"from": [ 0, 0, 5 ],
			"to": [ 16, 1, 11 ],
			"faces": {
				"down": { "uv": [ 0, 5, 16, 11 ], "texture": "#quartz_block_top" },
				"up": { "uv": [ 0, 5, 16, 11 ], "texture": "#quartz_block_top" },
				"north": { "uv": [ 0, 15, 16, 16 ], "texture": "#quartz_block_top" },
				"south": { "uv": [ 0, 15, 16, 16 ], "texture": "#quartz_block_top" },
				"west": { "uv": [ 5, 15, 11, 16 ], "texture": "#quartz_block_top" },
				"east": { "uv": [ 5, 15, 11, 16 ], "texture": "#quartz_block_top" }
			}
		},
		{
			"__comment": "wool_red",
			"from": [ 0, 1, 5 ],
			"to": [ 16, 2, 11 ],
			"faces": {
				"down": { "uv": [ 0, 5, 16, 11 ], "texture": "#wool_red" },
				"up": { "uv": [ 0, 5, 16, 11 ], "texture": "#wool_red" },
				"north": { "uv": [ 0, 14, 16, 15 ], "texture": "#wool_red" },
				"south": { "uv": [ 0, 14, 16, 15 ], "texture": "#wool_red" },
				"west": { "uv": [ 5, 14, 11, 15 ], "texture": "#wool_red" },
				"east": { "uv": [ 5, 14, 11, 15 ], "texture": "#wool_red" }
			}
		},
		{
			"__comment": "wool_red",
			"from": [ 1, 1, 11 ],
			"to": [ 15, 2, 13 ],
			"faces": {
				"down": { "uv": [ 1, 3, 15, 5 ], "texture": "#wool_red" },
				"up": { "uv": [ 1, 11, 15, 13 ], "texture": "#wool_red" },
				"north": { "uv": [ 1, 14, 15, 15 ], "texture": "#wool_red" },
				"south": { "uv": [ 1, 14, 15, 15 ], "texture": "#wool_red" },
				"west": { "uv": [ 11, 14, 13, 15 ], "texture": "#wool_red" },
				"east": { "uv": [ 3, 14, 5, 15 ], "texture": "#wool_red" }
			}
		},
		{
			"__comment": "wool_red",
			"from": [ 2, 1, 13 ],
			"to": [ 14, 2, 14 ],
			"faces": {
				"down": { "uv": [ 2, 2, 14, 3 ], "texture": "#wool_red" },
				"up": { "uv": [ 2, 13, 14, 14 ], "texture": "#wool_red" },
				"north": { "uv": [ 2, 14, 14, 15 ], "texture": "#wool_red" },
				"south": { "uv": [ 2, 14, 14, 15 ], "texture": "#wool_red" },
				"west": { "uv": [ 13, 14, 14, 15 ], "texture": "#wool_red" },
				"east": { "uv": [ 2, 14, 3, 15 ], "texture": "#wool_red" }
			}
		},
		{
			"__comment": "wool_red",
			"from": [ 3, 1, 14 ],
			"to": [ 13, 2, 15 ],
			"faces": {
				"down": { "uv": [ 3, 1, 13, 2 ], "texture": "#wool_red" },
				"up": { "uv": [ 3, 14, 13, 15 ], "texture": "#wool_red" },
				"north": { "uv": [ 3, 14, 13, 15 ], "texture": "#wool_red" },
				"south": { "uv": [ 3, 14, 13, 15 ], "texture": "#wool_red" },
				"west": { "uv": [ 14, 14, 15, 15 ], "texture": "#wool_red" },
				"east": { "uv": [ 1, 14, 2, 15 ], "texture": "#wool_red" }
			}
		},
		{
			"__comment": "wool_red",
			"from": [ 1, 1, 3 ],
			"to": [ 15, 2, 5 ],
			"faces": {
				"down": { "uv": [ 1, 11, 15, 13 ], "texture": "#wool_red" },
				"up": { "uv": [ 1, 3, 15, 5 ], "texture": "#wool_red" },
				"north": { "uv": [ 1, 14, 15, 15 ], "texture": "#wool_red" },
				"south": { "uv": [ 1, 14, 15, 15 ], "texture": "#wool_red" },
				"west": { "uv": [ 3, 14, 5, 15 ], "texture": "#wool_red" },
				"east": { "uv": [ 11, 14, 13, 15 ], "texture": "#wool_red" }
			}
		},
		{
			"__comment": "wool_red",
			"from": [ 3, 1, 1 ],
			"to": [ 13, 2, 2 ],
			"faces": {
				"down": { "uv": [ 3, 14, 13, 15 ], "texture": "#wool_red" },
				"up": { "uv": [ 3, 1, 13, 2 ], "texture": "#wool_red" },
				"north": { "uv": [ 3, 14, 13, 15 ], "texture": "#wool_red" },
				"south": { "uv": [ 3, 14, 13, 15 ], "texture": "#wool_red" },
				"west": { "uv": [ 1, 14, 2, 15 ], "texture": "#wool_red" },
				"east": { "uv": [ 14, 14, 15, 15 ], "texture": "#wool_red" }
			}
		},
		{
			"__comment": "wool_red",
			"from": [ 5, 1, 0 ],
			"to": [ 11, 2, 1 ],
			"faces": {
				"down": { "uv": [ 5, 15, 11, 16 ], "texture": "#wool_red" },
				"up": { "uv": [ 5, 0, 11, 1 ], "texture": "#wool_red" },
				"north": { "uv": [ 5, 14, 11, 15 ], "texture": "#wool_red" },
				"south": { "uv": [ 5, 14, 11, 15 ], "texture": "#wool_red" },
				"west": { "uv": [ 0, 14, 1, 15 ], "texture": "#wool_red" },
				"east": { "uv": [ 15, 14, 16, 15 ], "texture": "#wool_red" }
			}
		},
		{
			"__comment": "wool_red",
			"from": [ 2, 1, 2 ],
			"to": [ 14, 2, 3 ],
			"faces": {
				"down": { "uv": [ 2, 13, 14, 14 ], "texture": "#wool_red" },
				"up": { "uv": [ 2, 2, 14, 3 ], "texture": "#wool_red" },
				"north": { "uv": [ 2, 14, 14, 15 ], "texture": "#wool_red" },
				"south": { "uv": [ 2, 14, 14, 15 ], "texture": "#wool_red" },
				"west": { "uv": [ 2, 14, 3, 15 ], "texture": "#wool_red" },
				"east": { "uv": [ 13, 14, 14, 15 ], "texture": "#wool_red" }
			}
		},
		{
			"__comment": "quartz_block_top",
			"from": [ 1.5, -15, 12.5 ],
			"to": [ 3.5, -14, 14.5 ],
			"faces": {
				"down": { "uv": [ 1.5, 1.5, 3.5, 3.5 ], "texture": "#quartz_block_top" },
				"up": { "uv": [ 1.5, 12.5, 3.5, 14.5 ], "texture": "#quartz_block_top" },
				"north": { "uv": [ 12.5, 14.5, 14.5, 15.5 ], "texture": "#quartz_block_top" },
				"south": { "uv": [ 1.5, 14.5, 3.5, 15.5 ], "texture": "#quartz_block_top" },
				"west": { "uv": [ 12.5, 14.5, 14.5, 15.5 ], "texture": "#quartz_block_top" },
				"east": { "uv": [ 1.5, 14.5, 3.5, 15.5 ], "texture": "#quartz_block_top" }
			}
		},
		{
			"__comment": "quartz_block_top",
			"from": [ 2, -14, 13 ],
			"to": [ 3, -9, 14 ],
			"faces": {
				"down": { "uv": [ 2, 2, 3, 3 ], "texture": "#quartz_block_top" },
				"up": { "uv": [ 2, 13, 3, 14 ], "texture": "#quartz_block_top" },
				"north": { "uv": [ 13, 9, 14, 14 ], "texture": "#quartz_block_top" },
				"south": { "uv": [ 2, 9, 3, 14 ], "texture": "#quartz_block_top" },
				"west": { "uv": [ 13, 9, 14, 14 ], "texture": "#quartz_block_top" },
				"east": { "uv": [ 2, 9, 3, 14 ], "texture": "#quartz_block_top" }
			}
		},
		{
			"__comment": "quartz_block_top",
			"from": [ 2, -9, 12.5 ],
			"to": [ 2.5, -6, 13 ],
			"faces": {
				"down": { "uv": [ 2, 3, 2.5, 3.5 ], "texture": "#quartz_block_top" },
				"up": { "uv": [ 2, 12.5, 2.5, 13 ], "texture": "#quartz_block_top" },
				"north": { "uv": [ 13.5, 6, 14, 9 ], "texture": "#quartz_block_top" },
				"south": { "uv": [ 2, 6, 2.5, 9 ], "texture": "#quartz_block_top" },
				"west": { "uv": [ 12.5, 6, 13, 9 ], "texture": "#quartz_block_top" },
				"east": { "uv": [ 3, 6, 3.5, 9 ], "texture": "#quartz_block_top" }
			}
		},
		{
			"__comment": "quartz_block_top",
			"from": [ 2, -6, 12 ],
			"to": [ 2.5, -3, 12.5 ],
			"faces": {
				"down": { "uv": [ 2, 3.5, 2.5, 4 ], "texture": "#quartz_block_top" },
				"up": { "uv": [ 2, 12, 2.5, 12.5 ], "texture": "#quartz_block_top" },
				"north": { "uv": [ 13.5, 3, 14, 6 ], "texture": "#quartz_block_top" },
				"south": { "uv": [ 2, 3, 2.5, 6 ], "texture": "#quartz_block_top" },
				"west": { "uv": [ 12, 3, 12.5, 6 ], "texture": "#quartz_block_top" },
				"east": { "uv": [ 3.5, 3, 4, 6 ], "texture": "#quartz_block_top" }
			}
		},
		{
			"__comment": "quartz_block_top",
			"from": [ 2, -3, 11.5 ],
			"to": [ 2.5, 0, 12 ],
			"faces": {
				"down": { "uv": [ 2, 4, 2.5, 4.5 ], "texture": "#quartz_block_top" },
				"up": { "uv": [ 2, 11.5, 2.5, 12 ], "texture": "#quartz_block_top" },
				"north": { "uv": [ 13.5, 0, 14, 3 ], "texture": "#quartz_block_top" },
				"south": { "uv": [ 2, 0, 2.5, 3 ], "texture": "#quartz_block_top" },
				"west": { "uv": [ 11.5, 0, 12, 3 ], "texture": "#quartz_block_top" },
				"east": { "uv": [ 4, 0, 4.5, 3 ], "texture": "#quartz_block_top" }
			}
		},
		{
			"__comment": "quartz_block_top",
			"from": [ 3, -9, 13.5 ],
			"to": [ 3.5, -6, 14 ],
			"faces": {
				"down": { "uv": [ 3, 2.5, 3.5, 3 ], "texture": "#quartz_block_top" },
				"up": { "uv": [ 3, 13, 3.5, 13.5 ], "texture": "#quartz_block_top" },
				"north": { "uv": [ 12.5, 6, 13, 9 ], "texture": "#quartz_block_top" },
				"south": { "uv": [ 3, 6, 3.5, 9 ], "texture": "#quartz_block_top" },
				"west": { "uv": [ 13, 6, 13.5, 9 ], "texture": "#quartz_block_top" },
				"east": { "uv": [ 2.5, 6, 3, 9 ], "texture": "#quartz_block_top" }
			}
		},
		{
			"__comment": "quartz_block_top",
			"from": [ 3.5, -6, 13.5 ],
			"to": [ 4, -3, 14 ],
			"faces": {
				"down": { "uv": [ 3.5, 2.5, 4, 3 ], "texture": "#quartz_block_top" },
				"up": { "uv": [ 3.5, 13, 4, 13.5 ], "texture": "#quartz_block_top" },
				"north": { "uv": [ 12, 3, 12.5, 6 ], "texture": "#quartz_block_top" },
				"south": { "uv": [ 3.5, 3, 4, 6 ], "texture": "#quartz_block_top" },
				"west": { "uv": [ 13, 3, 13.5, 6 ], "texture": "#quartz_block_top" },
				"east": { "uv": [ 2.5, 3, 3, 6 ], "texture": "#quartz_block_top" }
			}
		},
		{
			"__comment": "quartz_block_top",
			"from": [ 4, -3, 13.5 ],
			"to": [ 4.5, 0, 14 ],
			"faces": {
				"down": { "uv": [ 4, 2.5, 4.5, 3 ], "texture": "#quartz_block_top" },
				"up": { "uv": [ 4, 13, 4.5, 13.5 ], "texture": "#quartz_block_top" },
				"north": { "uv": [ 11.5, 0, 12, 3 ], "texture": "#quartz_block_top" },
				"south": { "uv": [ 4, 0, 4.5, 3 ], "texture": "#quartz_block_top" },
				"west": { "uv": [ 13, 0, 13.5, 3 ], "texture": "#quartz_block_top" },
				"east": { "uv": [ 2.5, 0, 3, 3 ], "texture": "#quartz_block_top" }
			}
		},
		{
			"__comment": "quartz_block_top",
			"from": [ 1.5, -15, 1.5 ],
			"to": [ 3.5, -14, 3.5 ],
			"faces": {
				"down": { "uv": [ 1.5, 12.5, 3.5, 14.5 ], "texture": "#quartz_block_top" },
				"up": { "uv": [ 1.5, 1.5, 3.5, 3.5 ], "texture": "#quartz_block_top" },
				"north": { "uv": [ 12.5, 14, 14.5, 15 ], "texture": "#quartz_block_top" },
				"south": { "uv": [ 1.5, 14, 3.5, 15 ], "texture": "#quartz_block_top" },
				"west": { "uv": [ 1.5, 14, 3.5, 15 ], "texture": "#quartz_block_top" },
				"east": { "uv": [ 12.5, 14, 14.5, 15 ], "texture": "#quartz_block_top" }
			}
		},
		{
			"__comment": "coal_block",
			"from": [ 13, -15.5, 13 ],
			"to": [ 14, -15, 14 ],
			"faces": {
				"down": { "uv": [ 13, 2, 14, 3 ], "texture": "#coal_block" },
				"up": { "uv": [ 13, 13, 14, 14 ], "texture": "#coal_block" },
				"north": { "uv": [ 2, 15, 3, 15.5 ], "texture": "#coal_block" },
				"south": { "uv": [ 13, 15, 14, 15.5 ], "texture": "#coal_block" },
				"west": { "uv": [ 13, 15, 14, 15.5 ], "texture": "#coal_block" },
				"east": { "uv": [ 2, 15, 3, 15.5 ], "texture": "#coal_block" }
			}
		},
		{
			"__comment": "coal_block",
			"from": [ 12.5, -16, 1.5 ],
			"to": [ 14.5, -15.5, 3.5 ],
			"faces": {
				"down": { "uv": [ 1.5, 12.5, 3.5, 14.5 ], "texture": "#coal_block" },
				"up": { "uv": [ 1.5, 1.5, 3.5, 3.5 ], "texture": "#coal_block" },
				"north": { "uv": [ 12.5, 15.5, 14.5, 16 ], "texture": "#coal_block" },
				"south": { "uv": [ 1.5, 15.5, 3.5, 16 ], "texture": "#coal_block" },
				"west": { "uv": [ 1.5, 15.5, 3.5, 16 ], "texture": "#coal_block" },
				"east": { "uv": [ 12.5, 15.5, 14.5, 16 ], "texture": "#coal_block" }
			}
		},
		{
			"__comment": "coal_block",
			"from": [ 13, -15.5, 2 ],
			"to": [ 14, -15, 3 ],
			"faces": {
				"down": { "uv": [ 2, 13, 3, 14 ], "texture": "#coal_block" },
				"up": { "uv": [ 2, 2, 3, 3 ], "texture": "#coal_block" },
				"north": { "uv": [ 13, 15, 14, 15.5 ], "texture": "#coal_block" },
				"south": { "uv": [ 2, 15, 3, 15.5 ], "texture": "#coal_block" },
				"west": { "uv": [ 2, 15, 3, 15.5 ], "texture": "#coal_block" },
				"east": { "uv": [ 13, 15, 14, 15.5 ], "texture": "#coal_block" }
			}
		},
		{
			"__comment": "coal_block",
			"from": [ 2, -15.5, 13 ],
			"to": [ 3, -15, 14 ],
			"faces": {
				"down": { "uv": [ 2, 2, 3, 3 ], "texture": "#coal_block" },
				"up": { "uv": [ 2, 13, 3, 14 ], "texture": "#coal_block" },
				"north": { "uv": [ 13, 15, 14, 15.5 ], "texture": "#coal_block" },
				"south": { "uv": [ 2, 15, 3, 15.5 ], "texture": "#coal_block" },
				"west": { "uv": [ 13, 15, 14, 15.5 ], "texture": "#coal_block" },
				"east": { "uv": [ 2, 15, 3, 15.5 ], "texture": "#coal_block" }
			}
		},
		{
			"__comment": "coal_block",
			"from": [ 1.5, -16, 12.5 ],
			"to": [ 3.5, -15.5, 14.5 ],
			"faces": {
				"down": { "uv": [ 1.5, 1.5, 3.5, 3.5 ], "texture": "#coal_block" },
				"up": { "uv": [ 1.5, 12.5, 3.5, 14.5 ], "texture": "#coal_block" },
				"north": { "uv": [ 12.5, 15.5, 14.5, 16 ], "texture": "#coal_block" },
				"south": { "uv": [ 1.5, 15.5, 3.5, 16 ], "texture": "#coal_block" },
				"west": { "uv": [ 12.5, 15.5, 14.5, 16 ], "texture": "#coal_block" },
				"east": { "uv": [ 1.5, 15.5, 3.5, 16 ], "texture": "#coal_block" }
			}
		},
		{
			"__comment": "coal_block",
			"from": [ 1.5, -16, 1.5 ],
			"to": [ 3.5, -15.5, 3.5 ],
			"faces": {
				"down": { "uv": [ 1.5, 12.5, 3.5, 14.5 ], "texture": "#coal_block" },
				"up": { "uv": [ 1.5, 1.5, 3.5, 3.5 ], "texture": "#coal_block" },
				"north": { "uv": [ 12.5, 15.5, 14.5, 16 ], "texture": "#coal_block" },
				"south": { "uv": [ 1.5, 15.5, 3.5, 16 ], "texture": "#coal_block" },
				"west": { "uv": [ 1.5, 15.5, 3.5, 16 ], "texture": "#coal_block" },
				"east": { "uv": [ 12.5, 15.5, 14.5, 16 ], "texture": "#coal_block" }
			}
		},
		{
			"__comment": "coal_block",
			"from": [ 2, -15.5, 2 ],
			"to": [ 3, -15, 3 ],
			"faces": {
				"down": { "uv": [ 2, 13, 3, 14 ], "texture": "#coal_block" },
				"up": { "uv": [ 2, 2, 3, 3 ], "texture": "#coal_block" },
				"north": { "uv": [ 13, 15, 14, 15.5 ], "texture": "#coal_block" },
				"south": { "uv": [ 2, 15, 3, 15.5 ], "texture": "#coal_block" },
				"west": { "uv": [ 2, 15, 3, 15.5 ], "texture": "#coal_block" },
				"east": { "uv": [ 13, 15, 14, 15.5 ], "texture": "#coal_block" }
			}
		},
		{
			"__comment": "quartz_block_top",
			"from": [ 4, -3, 2 ],
			"to": [ 4.5, 0, 2.5 ],
			"faces": {
				"down": { "uv": [ 4, 13.5, 4.5, 14 ], "texture": "#quartz_block_top" },
				"up": { "uv": [ 4, 2, 4.5, 2.5 ], "texture": "#quartz_block_top" },
				"north": { "uv": [ 11.5, 0, 12, 3 ], "texture": "#quartz_block_top" },
				"south": { "uv": [ 4, 0, 4.5, 3 ], "texture": "#quartz_block_top" },
				"west": { "uv": [ 2, 0, 2.5, 3 ], "texture": "#quartz_block_top" },
				"east": { "uv": [ 13.5, 0, 14, 3 ], "texture": "#quartz_block_top" }
			}
		},
		{
			"__comment": "quartz_block_top",
			"from": [ 9, 10.5, 0.5 ],
			"to": [ 9.5, 11.5, 1 ],
			"faces": {
				"down": { "uv": [ 9, 15, 9.5, 15.5 ], "texture": "#quartz_block_top" },
				"up": { "uv": [ 9, 0.5, 9.5, 1 ], "texture": "#quartz_block_top" },
				"north": { "uv": [ 6.5, 6, 7, 7 ], "texture": "#quartz_block_top" },
				"south": { "uv": [ 9, 6, 9.5, 7 ], "texture": "#quartz_block_top" },
				"west": { "uv": [ 0.5, 6, 1, 7 ], "texture": "#quartz_block_top" },
				"east": { "uv": [ 15, 6, 15.5, 7 ], "texture": "#quartz_block_top" }
			}
		},
		{
			"__comment": "quartz_block_top",
			"from": [ 3, 0, 0.5 ],
			"to": [ 3.5, 5.5, 1 ],
			"faces": {
				"down": { "uv": [ 3, 15, 3.5, 15.5 ], "texture": "#quartz_block_top" },
				"up": { "uv": [ 3, 0.5, 3.5, 1 ], "texture": "#quartz_block_top" },
				"north": { "uv": [ 12.5, 10.5, 13, 16 ], "texture": "#quartz_block_top" },
				"south": { "uv": [ 3, 10.5, 3.5, 16 ], "texture": "#quartz_block_top" },
				"west": { "uv": [ 0.5, 10.5, 1, 16 ], "texture": "#quartz_block_top" },
				"east": { "uv": [ 15, 10.5, 15.5, 16 ], "texture": "#quartz_block_top" }
			}
		},
		{
			"__comment": "quartz_block_top",
			"from": [ 13, 5.5, 0.5 ],
			"to": [ 13.5, 8.5, 1 ],
			"faces": {
				"down": { "uv": [ 13, 15, 13.5, 15.5 ], "texture": "#quartz_block_top" },
				"up": { "uv": [ 13, 0.5, 13.5, 1 ], "texture": "#quartz_block_top" },
				"north": { "uv": [ 2.5, 9, 3, 12 ], "texture": "#quartz_block_top" },
				"south": { "uv": [ 13, 9, 13.5, 12 ], "texture": "#quartz_block_top" },
				"west": { "uv": [ 0.5, 9, 1, 12 ], "texture": "#quartz_block_top" },
				"east": { "uv": [ 15, 9, 15.5, 12 ], "texture": "#quartz_block_top" }
			}
		},
		{
			"__comment": "quartz_block_top",
			"from": [ 2, 8.5, 0.5 ],
			"to": [ 2.5, 10, 1 ],
			"faces": {
				"down": { "uv": [ 2, 15, 2.5, 15.5 ], "texture": "#quartz_block_top" },
				"up": { "uv": [ 2, 0.5, 2.5, 1 ], "texture": "#quartz_block_top" },
				"north": { "uv": [ 13.5, 7.5, 14, 9 ], "texture": "#quartz_block_top" },
				"south": { "uv": [ 2, 7.5, 2.5, 9 ], "texture": "#quartz_block_top" },
				"west": { "uv": [ 0.5, 7.5, 1, 9 ], "texture": "#quartz_block_top" },
				"east": { "uv": [ 15, 7.5, 15.5, 9 ], "texture": "#quartz_block_top" }
			}
		},
		{
			"__comment": "quartz_block_top",
			"from": [ 13.5, 8.5, 0.5 ],
			"to": [ 14, 10, 1 ],
			"faces": {
				"down": { "uv": [ 13.5, 15, 14, 15.5 ], "texture": "#quartz_block_top" },
				"up": { "uv": [ 13.5, 0.5, 14, 1 ], "texture": "#quartz_block_top" },
				"north": { "uv": [ 2, 7.5, 2.5, 9 ], "texture": "#quartz_block_top" },
				"south": { "uv": [ 13.5, 7.5, 14, 9 ], "texture": "#quartz_block_top" },
				"west": { "uv": [ 0.5, 7.5, 1, 9 ], "texture": "#quartz_block_top" },
				"east": { "uv": [ 15, 7.5, 15.5, 9 ], "texture": "#quartz_block_top" }
			}
		},
		{
			"__comment": "quartz_block_top",
			"from": [ 1, 11.5, 0.5 ],
			"to": [ 1.5, 13.5, 1 ],
			"faces": {
				"down": { "uv": [ 1, 15, 1.5, 15.5 ], "texture": "#quartz_block_top" },
				"up": { "uv": [ 1, 0.5, 1.5, 1 ], "texture": "#quartz_block_top" },
				"north": { "uv": [ 14.5, 4, 15, 6 ], "texture": "#quartz_block_top" },
				"south": { "uv": [ 1, 4, 1.5, 6 ], "texture": "#quartz_block_top" },
				"west": { "uv": [ 0.5, 4, 1, 6 ], "texture": "#quartz_block_top" },
				"east": { "uv": [ 15, 4, 15.5, 6 ], "texture": "#quartz_block_top" }
			}
		},
		{
			"__comment": "quartz_block_top",
			"from": [ 14.5, 11.5, 0.5 ],
			"to": [ 15, 13.5, 1 ],
			"faces": {
				"down": { "uv": [ 14.5, 15, 15, 15.5 ], "texture": "#quartz_block_top" },
				"up": { "uv": [ 14.5, 0.5, 15, 1 ], "texture": "#quartz_block_top" },
				"north": { "uv": [ 1, 4, 1.5, 6 ], "texture": "#quartz_block_top" },
				"south": { "uv": [ 14.5, 4, 15, 6 ], "texture": "#quartz_block_top" },
				"west": { "uv": [ 0.5, 4, 1, 6 ], "texture": "#quartz_block_top" },
				"east": { "uv": [ 15, 4, 15.5, 6 ], "texture": "#quartz_block_top" }
			}
		},
		{
			"__comment": "quartz_block_top",
			"from": [ 9, 17.5, 0.5 ],
			"to": [ 10.5, 18, 1 ],
			"faces": {
				"down": { "uv": [ 9, 15, 10.5, 15.5 ], "texture": "#quartz_block_top" },
				"up": { "uv": [ 9, 0.5, 10.5, 1 ], "texture": "#quartz_block_top" },
				"north": { "uv": [ 5.5, 15.5, 7, 16 ], "texture": "#quartz_block_top" },
				"south": { "uv": [ 9, 15.5, 10.5, 16 ], "texture": "#quartz_block_top" },
				"west": { "uv": [ 0.5, 15.5, 1, 16 ], "texture": "#quartz_block_top" },
				"east": { "uv": [ 15, 15.5, 15.5, 16 ], "texture": "#quartz_block_top" }
			}
		},
		{
			"__comment": "quartz_block_top",
			"from": [ 14, 17, 0.5 ],
			"to": [ 14.5, 17.5, 1 ],
			"faces": {
				"down": { "uv": [ 14, 15, 14.5, 15.5 ], "texture": "#quartz_block_top" },
				"up": { "uv": [ 14, 0.5, 14.5, 1 ], "texture": "#quartz_block_top" },
				"north": { "uv": [ 1.5, 14.5, 2, 15 ], "texture": "#quartz_block_top" },
				"south": { "uv": [ 14, 14.5, 14.5, 15 ], "texture": "#quartz_block_top" },
				"west": { "uv": [ 0.5, 14.5, 1, 15 ], "texture": "#quartz_block_top" },
				"east": { "uv": [ 15, 14.5, 15.5, 15 ], "texture": "#quartz_block_top" }
			}
		},
		{
			"__comment": "quartz_block_top",
			"from": [ 12.5, 17.5, 0.5 ],
			"to": [ 14, 18, 1 ],
			"faces": {
				"down": { "uv": [ 12.5, 15, 14, 15.5 ], "texture": "#quartz_block_top" },
				"up": { "uv": [ 12.5, 0.5, 14, 1 ], "texture": "#quartz_block_top" },
				"north": { "uv": [ 2, 15.5, 3.5, 16 ], "texture": "#quartz_block_top" },
				"south": { "uv": [ 12.5, 15.5, 14, 16 ], "texture": "#quartz_block_top" },
				"west": { "uv": [ 0.5, 15.5, 1, 16 ], "texture": "#quartz_block_top" },
				"east": { "uv": [ 15, 15.5, 15.5, 16 ], "texture": "#quartz_block_top" }
			}
		},
		{
			"__comment": "quartz_block_top",
			"from": [ 10, 18, 0.5 ],
			"to": [ 13, 18.5, 1 ],
			"faces": {
				"down": { "uv": [ 10, 15, 13, 15.5 ], "texture": "#quartz_block_top" },
				"up": { "uv": [ 10, 0.5, 13, 1 ], "texture": "#quartz_block_top" },
				"north": { "uv": [ 3, 15, 6, 15.5 ], "texture": "#quartz_block_top" },
				"south": { "uv": [ 10, 15, 13, 15.5 ], "texture": "#quartz_block_top" },
				"west": { "uv": [ 0.5, 15, 1, 15.5 ], "texture": "#quartz_block_top" },
				"east": { "uv": [ 15, 15, 15.5, 15.5 ], "texture": "#quartz_block_top" }
			}
		},
		{
			"__comment": "quartz_block_top",
			"from": [ 14.5, 15.5, 0.5 ],
			"to": [ 15, 17, 1 ],
			"faces": {
				"down": { "uv": [ 14.5, 15, 15, 15.5 ], "texture": "#quartz_block_top" },
				"up": { "uv": [ 14.5, 0.5, 15, 1 ], "texture": "#quartz_block_top" },
				"north": { "uv": [ 1, 0.5, 1.5, 2 ], "texture": "#quartz_block_top" },
				"south": { "uv": [ 14.5, 0.5, 15, 2 ], "texture": "#quartz_block_top" },
				"west": { "uv": [ 0.5, 0.5, 1, 2 ], "texture": "#quartz_block_top" },
				"east": { "uv": [ 15, 0.5, 15.5, 2 ], "texture": "#quartz_block_top" }
			}
		},
		{
			"__comment": "quartz_block_top",
			"from": [ 8.5, 17, 0.5 ],
			"to": [ 9, 17.5, 1 ],
			"faces": {
				"down": { "uv": [ 8.5, 15, 9, 15.5 ], "texture": "#quartz_block_top" },
				"up": { "uv": [ 8.5, 0.5, 9, 1 ], "texture": "#quartz_block_top" },
				"north": { "uv": [ 7, 0, 7.5, 0.5 ], "texture": "#quartz_block_top" },
				"south": { "uv": [ 8.5, 0, 9, 0.5 ], "texture": "#quartz_block_top" },
				"west": { "uv": [ 0.5, 0, 1, 0.5 ], "texture": "#quartz_block_top" },
				"east": { "uv": [ 15, 0, 15.5, 0.5 ], "texture": "#quartz_block_top" }
			}
		},
		{
			"__comment": "quartz_block_top",
			"from": [ 7, 17, 0.5 ],
			"to": [ 7.5, 17.5, 1 ],
			"faces": {
				"down": { "uv": [ 7, 15, 7.5, 15.5 ], "texture": "#quartz_block_top" },
				"up": { "uv": [ 7, 0.5, 7.5, 1 ], "texture": "#quartz_block_top" },
				"north": { "uv": [ 8.5, 0, 9, 0.5 ], "texture": "#quartz_block_top" },
				"south": { "uv": [ 7, 0, 7.5, 0.5 ], "texture": "#quartz_block_top" },
				"west": { "uv": [ 0.5, 0, 1, 0.5 ], "texture": "#quartz_block_top" },
				"east": { "uv": [ 15, 0, 15.5, 0.5 ], "texture": "#quartz_block_top" }
			}
		},
		{
			"__comment": "quartz_block_top",
			"from": [ 5.5, 17.5, 0.5 ],
			"to": [ 7, 18, 1 ],
			"faces": {
				"down": { "uv": [ 5.5, 15, 7, 15.5 ], "texture": "#quartz_block_top" },
				"up": { "uv": [ 5.5, 0.5, 7, 1 ], "texture": "#quartz_block_top" },
				"north": { "uv": [ 9, 15.5, 10.5, 16 ], "texture": "#quartz_block_top" },
				"south": { "uv": [ 5.5, 15.5, 7, 16 ], "texture": "#quartz_block_top" },
				"west": { "uv": [ 0.5, 15.5, 1, 16 ], "texture": "#quartz_block_top" },
				"east": { "uv": [ 15, 15.5, 15.5, 16 ], "texture": "#quartz_block_top" }
			}
		},
		{
			"__comment": "quartz_block_top",
			"from": [ 3, 18, 0.5 ],
			"to": [ 6, 18.5, 1 ],
			"faces": {
				"down": { "uv": [ 3, 15, 6, 15.5 ], "texture": "#quartz_block_top" },
				"up": { "uv": [ 3, 0.5, 6, 1 ], "texture": "#quartz_block_top" },
				"north": { "uv": [ 10, 15, 13, 15.5 ], "texture": "#quartz_block_top" },
				"south": { "uv": [ 3, 15, 6, 15.5 ], "texture": "#quartz_block_top" },
				"west": { "uv": [ 0.5, 15, 1, 15.5 ], "texture": "#quartz_block_top" },
				"east": { "uv": [ 15, 15, 15.5, 15.5 ], "texture": "#quartz_block_top" }
			}
		},
		{
			"__comment": "quartz_block_top",
			"from": [ 2, 17.5, 0.5 ],
			"to": [ 3.5, 18, 1 ],
			"faces": {
				"down": { "uv": [ 2, 15, 3.5, 15.5 ], "texture": "#quartz_block_top" },
				"up": { "uv": [ 2, 0.5, 3.5, 1 ], "texture": "#quartz_block_top" },
				"north": { "uv": [ 12.5, 15.5, 14, 16 ], "texture": "#quartz_block_top" },
				"south": { "uv": [ 2, 15.5, 3.5, 16 ], "texture": "#quartz_block_top" },
				"west": { "uv": [ 0.5, 15.5, 1, 16 ], "texture": "#quartz_block_top" },
				"east": { "uv": [ 15, 15.5, 15.5, 16 ], "texture": "#quartz_block_top" }
			}
		},
		{
			"__comment": "quartz_block_top",
			"from": [ 1.5, 17, 0.5 ],
			"to": [ 2, 17.5, 1 ],
			"faces": {
				"down": { "uv": [ 1.5, 15, 2, 15.5 ], "texture": "#quartz_block_top" },
				"up": { "uv": [ 1.5, 0.5, 2, 1 ], "texture": "#quartz_block_top" },
				"north": { "uv": [ 14, 0, 14.5, 0.5 ], "texture": "#quartz_block_top" },
				"south": { "uv": [ 1.5, 0, 2, 0.5 ], "texture": "#quartz_block_top" },
				"west": { "uv": [ 0.5, 0, 1, 0.5 ], "texture": "#quartz_block_top" },
				"east": { "uv": [ 15, 0, 15.5, 0.5 ], "texture": "#quartz_block_top" }
			}
		},
		{
			"__comment": "quartz_block_top",
			"from": [ 1, 15.5, 0.5 ],
			"to": [ 1.5, 17, 1 ],
			"faces": {
				"down": { "uv": [ 1, 15, 1.5, 15.5 ], "texture": "#quartz_block_top" },
				"up": { "uv": [ 1, 0.5, 1.5, 1 ], "texture": "#quartz_block_top" },
				"north": { "uv": [ 14.5, 0.5, 15, 2 ], "texture": "#quartz_block_top" },
				"south": { "uv": [ 1, 0.5, 1.5, 2 ], "texture": "#quartz_block_top" },
				"west": { "uv": [ 0.5, 0.5, 1, 2 ], "texture": "#quartz_block_top" },
				"east": { "uv": [ 15, 0.5, 15.5, 2 ], "texture": "#quartz_block_top" }
			}
		},
		{
			"__comment": "quartz_block_top",
			"from": [ 0.5, 13.5, 0.5 ],
			"to": [ 1, 15.5, 1 ],
			"faces": {
				"down": { "uv": [ 0.5, 15, 1, 15.5 ], "texture": "#quartz_block_top" },
				"up": { "uv": [ 0.5, 0.5, 1, 1 ], "texture": "#quartz_block_top" },
				"north": { "uv": [ 15, 2, 15.5, 4 ], "texture": "#quartz_block_top" },
				"south": { "uv": [ 0.5, 2, 1, 4 ], "texture": "#quartz_block_top" },
				"west": { "uv": [ 0.5, 2, 1, 4 ], "texture": "#quartz_block_top" },
				"east": { "uv": [ 15, 2, 15.5, 4 ], "texture": "#quartz_block_top" }
			}
		},
		{
			"__comment": "quartz_block_top",
			"from": [ 15, 13.5, 0.5 ],
			"to": [ 15.5, 15.5, 1 ],
			"faces": {
				"down": { "uv": [ 15, 15, 15.5, 15.5 ], "texture": "#quartz_block_top" },
				"up": { "uv": [ 15, 0.5, 15.5, 1 ], "texture": "#quartz_block_top" },
				"north": { "uv": [ 0.5, 2, 1, 4 ], "texture": "#quartz_block_top" },
				"south": { "uv": [ 15, 2, 15.5, 4 ], "texture": "#quartz_block_top" },
				"west": { "uv": [ 0.5, 2, 1, 4 ], "texture": "#quartz_block_top" },
				"east": { "uv": [ 15, 2, 15.5, 4 ], "texture": "#quartz_block_top" }
			}
		},
		{
			"__comment": "quartz_block_top",
			"from": [ 1.5, 10, 0.5 ],
			"to": [ 2, 11.5, 1 ],
			"faces": {
				"down": { "uv": [ 1.5, 15, 2, 15.5 ], "texture": "#quartz_block_top" },
				"up": { "uv": [ 1.5, 0.5, 2, 1 ], "texture": "#quartz_block_top" },
				"north": { "uv": [ 14, 6, 14.5, 7.5 ], "texture": "#quartz_block_top" },
				"south": { "uv": [ 1.5, 6, 2, 7.5 ], "texture": "#quartz_block_top" },
				"west": { "uv": [ 0.5, 6, 1, 7.5 ], "texture": "#quartz_block_top" },
				"east": { "uv": [ 15, 6, 15.5, 7.5 ], "texture": "#quartz_block_top" }
			}
		},
		{
			"__comment": "quartz_block_top",
			"from": [ 14, 10, 0.5 ],
			"to": [ 14.5, 11.5, 1 ],
			"faces": {
				"down": { "uv": [ 14, 15, 14.5, 15.5 ], "texture": "#quartz_block_top" },
				"up": { "uv": [ 14, 0.5, 14.5, 1 ], "texture": "#quartz_block_top" },
				"north": { "uv": [ 1.5, 6, 2, 7.5 ], "texture": "#quartz_block_top" },
				"south": { "uv": [ 14, 6, 14.5, 7.5 ], "texture": "#quartz_block_top" },
				"west": { "uv": [ 0.5, 6, 1, 7.5 ], "texture": "#quartz_block_top" },
				"east": { "uv": [ 15, 6, 15.5, 7.5 ], "texture": "#quartz_block_top" }
			}
		},
		{
			"__comment": "quartz_block_top",
			"from": [ 2.5, 5.5, 0.5 ],
			"to": [ 3, 8.5, 1 ],
			"faces": {
				"down": { "uv": [ 2.5, 15, 3, 15.5 ], "texture": "#quartz_block_top" },
				"up": { "uv": [ 2.5, 0.5, 3, 1 ], "texture": "#quartz_block_top" },
				"north": { "uv": [ 13, 9, 13.5, 12 ], "texture": "#quartz_block_top" },
				"south": { "uv": [ 2.5, 9, 3, 12 ], "texture": "#quartz_block_top" },
				"west": { "uv": [ 0.5, 9, 1, 12 ], "texture": "#quartz_block_top" },
				"east": { "uv": [ 15, 9, 15.5, 12 ], "texture": "#quartz_block_top" }
			}
		},
		{
			"__comment": "quartz_block_top",
			"from": [ 7.5, 16, 0.5 ],
			"to": [ 8.5, 17, 1 ],
			"faces": {
				"down": { "uv": [ 7.5, 15, 8.5, 15.5 ], "texture": "#quartz_block_top" },
				"up": { "uv": [ 7.5, 0.5, 8.5, 1 ], "texture": "#quartz_block_top" },
				"north": { "uv": [ 7.5, 0.5, 8.5, 1.5 ], "texture": "#quartz_block_top" },
				"south": { "uv": [ 7.5, 0.5, 8.5, 1.5 ], "texture": "#quartz_block_top" },
				"west": { "uv": [ 0.5, 0.5, 1, 1.5 ], "texture": "#quartz_block_top" },
				"east": { "uv": [ 15, 0.5, 15.5, 1.5 ], "texture": "#quartz_block_top" }
			}
		},
		{
			"__comment": "quartz_block_top",
			"from": [ 5, 2, 0.5 ],
			"to": [ 5.5, 4.5, 1 ],
			"faces": {
				"down": { "uv": [ 5, 15, 5.5, 15.5 ], "texture": "#quartz_block_top" },
				"up": { "uv": [ 5, 0.5, 5.5, 1 ], "texture": "#quartz_block_top" },
				"north": { "uv": [ 10.5, 11.5, 11, 14 ], "texture": "#quartz_block_top" },
				"south": { "uv": [ 5, 11.5, 5.5, 14 ], "texture": "#quartz_block_top" },
				"west": { "uv": [ 0.5, 11.5, 1, 14 ], "texture": "#quartz_block_top" },
				"east": { "uv": [ 15, 11.5, 15.5, 14 ], "texture": "#quartz_block_top" }
			}
		},
		{
			"__comment": "quartz_block_top",
			"from": [ 4.5, 0, 0.5 ],
			"to": [ 5, 2, 1 ],
			"faces": {
				"down": { "uv": [ 4.5, 15, 5, 15.5 ], "texture": "#quartz_block_top" },
				"up": { "uv": [ 4.5, 0.5, 5, 1 ], "texture": "#quartz_block_top" },
				"north": { "uv": [ 11, 14, 11.5, 16 ], "texture": "#quartz_block_top" },
				"south": { "uv": [ 4.5, 14, 5, 16 ], "texture": "#quartz_block_top" },
				"west": { "uv": [ 0.5, 14, 1, 16 ], "texture": "#quartz_block_top" },
				"east": { "uv": [ 15, 14, 15.5, 16 ], "texture": "#quartz_block_top" }
			}
		},
		{
			"__comment": "quartz_block_top",
			"from": [ 5.5, 4.5, 0.5 ],
			"to": [ 6, 6, 1 ],
			"faces": {
				"down": { "uv": [ 5.5, 15, 6, 15.5 ], "texture": "#quartz_block_top" },
				"up": { "uv": [ 5.5, 0.5, 6, 1 ], "texture": "#quartz_block_top" },
				"north": { "uv": [ 10, 11.5, 10.5, 13 ], "texture": "#quartz_block_top" },
				"south": { "uv": [ 5.5, 11.5, 6, 13 ], "texture": "#quartz_block_top" },
				"west": { "uv": [ 0.5, 11.5, 1, 13 ], "texture": "#quartz_block_top" },
				"east": { "uv": [ 15, 11.5, 15.5, 13 ], "texture": "#quartz_block_top" }
			}
		},
		{
			"__comment": "quartz_block_top",
			"from": [ 10, 4.5, 0.5 ],
			"to": [ 10.5, 6, 1 ],
			"faces": {
				"down": { "uv": [ 10, 15, 10.5, 15.5 ], "texture": "#quartz_block_top" },
				"up": { "uv": [ 10, 0.5, 10.5, 1 ], "texture": "#quartz_block_top" },
				"north": { "uv": [ 5.5, 11.5, 6, 13 ], "texture": "#quartz_block_top" },
				"south": { "uv": [ 10, 11.5, 10.5, 13 ], "texture": "#quartz_block_top" },
				"west": { "uv": [ 0.5, 11.5, 1, 13 ], "texture": "#quartz_block_top" },
				"east": { "uv": [ 15, 11.5, 15.5, 13 ], "texture": "#quartz_block_top" }
			}
		},
		{
			"__comment": "quartz_block_top",
			"from": [ 6, 6, 0.5 ],
			"to": [ 6.5, 7.5, 1 ],
			"faces": {
				"down": { "uv": [ 6, 15, 6.5, 15.5 ], "texture": "#quartz_block_top" },
				"up": { "uv": [ 6, 0.5, 6.5, 1 ], "texture": "#quartz_block_top" },
				"north": { "uv": [ 9.5, 10, 10, 11.5 ], "texture": "#quartz_block_top" },
				"south": { "uv": [ 6, 10, 6.5, 11.5 ], "texture": "#quartz_block_top" },
				"west": { "uv": [ 0.5, 10, 1, 11.5 ], "texture": "#quartz_block_top" },
				"east": { "uv": [ 15, 10, 15.5, 11.5 ], "texture": "#quartz_block_top" }
			}
		},
		{
			"__comment": "quartz_block_top",
			"from": [ 9.5, 6, 0.5 ],
			"to": [ 10, 7.5, 1 ],
			"faces": {
				"down": { "uv": [ 9.5, 15, 10, 15.5 ], "texture": "#quartz_block_top" },
				"up": { "uv": [ 9.5, 0.5, 10, 1 ], "texture": "#quartz_block_top" },
				"north": { "uv": [ 6, 10, 6.5, 11.5 ], "texture": "#quartz_block_top" },
				"south": { "uv": [ 9.5, 10, 10, 11.5 ], "texture": "#quartz_block_top" },
				"west": { "uv": [ 0.5, 10, 1, 11.5 ], "texture": "#quartz_block_top" },
				"east": { "uv": [ 15, 10, 15.5, 11.5 ], "texture": "#quartz_block_top" }
			}
		},
		{
			"__comment": "quartz_block_top",
			"from": [ 7, 9.5, 0.5 ],
			"to": [ 9, 10, 1 ],
			"faces": {
				"down": { "uv": [ 7, 15, 9, 15.5 ], "texture": "#quartz_block_top" },
				"up": { "uv": [ 7, 0.5, 9, 1 ], "texture": "#quartz_block_top" },
				"north": { "uv": [ 7, 7.5, 9, 8 ], "texture": "#quartz_block_top" },
				"south": { "uv": [ 7, 7.5, 9, 8 ], "texture": "#quartz_block_top" },
				"west": { "uv": [ 0.5, 7.5, 1, 8 ], "texture": "#quartz_block_top" },
				"east": { "uv": [ 15, 7.5, 15.5, 8 ], "texture": "#quartz_block_top" }
			}
		},
		{
			"__comment": "quartz_block_top",
			"from": [ 9, 14.5, 0.5 ],
			"to": [ 9.5, 15.5, 1 ],
			"faces": {
				"down": { "uv": [ 9, 15, 9.5, 15.5 ], "texture": "#quartz_block_top" },
				"up": { "uv": [ 9, 0.5, 9.5, 1 ], "texture": "#quartz_block_top" },
				"north": { "uv": [ 6.5, 2, 7, 3 ], "texture": "#quartz_block_top" },
				"south": { "uv": [ 9, 2, 9.5, 3 ], "texture": "#quartz_block_top" },
				"west": { "uv": [ 0.5, 2, 1, 3 ], "texture": "#quartz_block_top" },
				"east": { "uv": [ 15, 2, 15.5, 3 ], "texture": "#quartz_block_top" }
			}
		},
		{
			"__comment": "quartz_block_top",
			"from": [ 2.5, 14, 0.5 ],
			"to": [ 3.5, 14.5, 1 ],
			"faces": {
				"down": { "uv": [ 2.5, 15, 3.5, 15.5 ], "texture": "#quartz_block_top" },
				"up": { "uv": [ 2.5, 0.5, 3.5, 1 ], "texture": "#quartz_block_top" },
				"north": { "uv": [ 12.5, 3, 13.5, 3.5 ], "texture": "#quartz_block_top" },
				"south": { "uv": [ 2.5, 3, 3.5, 3.5 ], "texture": "#quartz_block_top" },
				"west": { "uv": [ 0.5, 3, 1, 3.5 ], "texture": "#quartz_block_top" },
				"east": { "uv": [ 15, 3, 15.5, 3.5 ], "texture": "#quartz_block_top" }
			}
		},
		{
			"__comment": "quartz_block_top",
			"from": [ 10.5, 14.5, 0.5 ],
			"to": [ 12.5, 15, 1 ],
			"faces": {
				"down": { "uv": [ 10.5, 15, 12.5, 15.5 ], "texture": "#quartz_block_top" },
				"up": { "uv": [ 10.5, 0.5, 12.5, 1 ], "texture": "#quartz_block_top" },
				"north": { "uv": [ 3.5, 2.5, 5.5, 3 ], "texture": "#quartz_block_top" },
				"south": { "uv": [ 10.5, 2.5, 12.5, 3 ], "texture": "#quartz_block_top" },
				"west": { "uv": [ 0.5, 2.5, 1, 3 ], "texture": "#quartz_block_top" },
				"east": { "uv": [ 15, 2.5, 15.5, 3 ], "texture": "#quartz_block_top" }
			}
		},
		{
			"__comment": "quartz_block_top",
			"from": [ 6, 11.5, 0.5 ],
			"to": [ 6.5, 14.5, 1 ],
			"faces": {
				"down": { "uv": [ 6, 15, 6.5, 15.5 ], "texture": "#quartz_block_top" },
				"up": { "uv": [ 6, 0.5, 6.5, 1 ], "texture": "#quartz_block_top" },
				"north": { "uv": [ 9.5, 3, 10, 6 ], "texture": "#quartz_block_top" },
				"south": { "uv": [ 6, 3, 6.5, 6 ], "texture": "#quartz_block_top" },
				"west": { "uv": [ 0.5, 3, 1, 6 ], "texture": "#quartz_block_top" },
				"east": { "uv": [ 15, 3, 15.5, 6 ], "texture": "#quartz_block_top" }
			}
		},
		{
			"__comment": "quartz_block_top",
			"from": [ 10, 14, 0.5 ],
			"to": [ 10.5, 14.5, 1 ],
			"faces": {
				"down": { "uv": [ 10, 15, 10.5, 15.5 ], "texture": "#quartz_block_top" },
				"up": { "uv": [ 10, 0.5, 10.5, 1 ], "texture": "#quartz_block_top" },
				"north": { "uv": [ 5.5, 3, 6, 3.5 ], "texture": "#quartz_block_top" },
				"south": { "uv": [ 10, 3, 10.5, 3.5 ], "texture": "#quartz_block_top" },
				"west": { "uv": [ 0.5, 3, 1, 3.5 ], "texture": "#quartz_block_top" },
				"east": { "uv": [ 15, 3, 15.5, 3.5 ], "texture": "#quartz_block_top" }
			}
		},
		{
			"__comment": "quartz_block_top",
			"from": [ 9.5, 11.5, 0.5 ],
			"to": [ 10, 14.5, 1 ],
			"faces": {
				"down": { "uv": [ 9.5, 15, 10, 15.5 ], "texture": "#quartz_block_top" },
				"up": { "uv": [ 9.5, 0.5, 10, 1 ], "texture": "#quartz_block_top" },
				"north": { "uv": [ 6, 3, 6.5, 6 ], "texture": "#quartz_block_top" },
				"south": { "uv": [ 9.5, 3, 10, 6 ], "texture": "#quartz_block_top" },
				"west": { "uv": [ 0.5, 3, 1, 6 ], "texture": "#quartz_block_top" },
				"east": { "uv": [ 15, 3, 15.5, 6 ], "texture": "#quartz_block_top" }
			}
		},
		{
			"__comment": "quartz_block_top",
			"from": [ 3.5, 14.5, 0.5 ],
			"to": [ 5.5, 15, 1 ],
			"faces": {
				"down": { "uv": [ 3.5, 15, 5.5, 15.5 ], "texture": "#quartz_block_top" },
				"up": { "uv": [ 3.5, 0.5, 5.5, 1 ], "texture": "#quartz_block_top" },
				"north": { "uv": [ 10.5, 2.5, 12.5, 3 ], "texture": "#quartz_block_top" },
				"south": { "uv": [ 3.5, 2.5, 5.5, 3 ], "texture": "#quartz_block_top" },
				"west": { "uv": [ 0.5, 2.5, 1, 3 ], "texture": "#quartz_block_top" },
				"east": { "uv": [ 15, 2.5, 15.5, 3 ], "texture": "#quartz_block_top" }
			}
		},
		{
			"__comment": "quartz_block_top",
			"from": [ 8.5, 15, 0.5 ],
			"to": [ 9, 16, 1 ],
			"faces": {
				"down": { "uv": [ 8.5, 15, 9, 15.5 ], "texture": "#quartz_block_top" },
				"up": { "uv": [ 8.5, 0.5, 9, 1 ], "texture": "#quartz_block_top" },
				"north": { "uv": [ 7, 1.5, 7.5, 2.5 ], "texture": "#quartz_block_top" },
				"south": { "uv": [ 8.5, 1.5, 9, 2.5 ], "texture": "#quartz_block_top" },
				"west": { "uv": [ 0.5, 1.5, 1, 2.5 ], "texture": "#quartz_block_top" },
				"east": { "uv": [ 15, 1.5, 15.5, 2.5 ], "texture": "#quartz_block_top" }
			}
		},
		{
			"__comment": "quartz_block_top",
			"from": [ 8.5, 9, 0.5 ],
			"to": [ 9, 10.5, 1 ],
			"faces": {
				"down": { "uv": [ 8.5, 15, 9, 15.5 ], "texture": "#quartz_block_top" },
				"up": { "uv": [ 8.5, 0.5, 9, 1 ], "texture": "#quartz_block_top" },
				"north": { "uv": [ 7, 7, 7.5, 8.5 ], "texture": "#quartz_block_top" },
				"south": { "uv": [ 8.5, 7, 9, 8.5 ], "texture": "#quartz_block_top" },
				"west": { "uv": [ 0.5, 7, 1, 8.5 ], "texture": "#quartz_block_top" },
				"east": { "uv": [ 15, 7, 15.5, 8.5 ], "texture": "#quartz_block_top" }
			}
		},
		{
			"__comment": "quartz_block_top",
			"from": [ 1.5, 13.5, 0.5 ],
			"to": [ 2.5, 14, 1 ],
			"faces": {
				"down": { "uv": [ 1.5, 15, 2.5, 15.5 ], "texture": "#quartz_block_top" },
				"up": { "uv": [ 1.5, 0.5, 2.5, 1 ], "texture": "#quartz_block_top" },
				"north": { "uv": [ 13.5, 3.5, 14.5, 4 ], "texture": "#quartz_block_top" },
				"south": { "uv": [ 1.5, 3.5, 2.5, 4 ], "texture": "#quartz_block_top" },
				"west": { "uv": [ 0.5, 3.5, 1, 4 ], "texture": "#quartz_block_top" },
				"east": { "uv": [ 15, 3.5, 15.5, 4 ], "texture": "#quartz_block_top" }
			}
		},
		{
			"__comment": "quartz_block_top",
			"from": [ 13.5, 13.5, 0.5 ],
			"to": [ 14.5, 14, 1 ],
			"faces": {
				"down": { "uv": [ 13.5, 15, 14.5, 15.5 ], "texture": "#quartz_block_top" },
				"up": { "uv": [ 13.5, 0.5, 14.5, 1 ], "texture": "#quartz_block_top" },
				"north": { "uv": [ 1.5, 3.5, 2.5, 4 ], "texture": "#quartz_block_top" },
				"south": { "uv": [ 13.5, 3.5, 14.5, 4 ], "texture": "#quartz_block_top" },
				"west": { "uv": [ 0.5, 3.5, 1, 4 ], "texture": "#quartz_block_top" },
				"east": { "uv": [ 15, 3.5, 15.5, 4 ], "texture": "#quartz_block_top" }
			}
		},
		{
			"__comment": "quartz_block_top",
			"from": [ 12.5, 14, 0.5 ],
			"to": [ 13.5, 14.5, 1 ],
			"faces": {
				"down": { "uv": [ 12.5, 15, 13.5, 15.5 ], "texture": "#quartz_block_top" },
				"up": { "uv": [ 12.5, 0.5, 13.5, 1 ], "texture": "#quartz_block_top" },
				"north": { "uv": [ 2.5, 3, 3.5, 3.5 ], "texture": "#quartz_block_top" },
				"south": { "uv": [ 12.5, 3, 13.5, 3.5 ], "texture": "#quartz_block_top" },
				"west": { "uv": [ 0.5, 3, 1, 3.5 ], "texture": "#quartz_block_top" },
				"east": { "uv": [ 15, 3, 15.5, 3.5 ], "texture": "#quartz_block_top" }
			}
		},
		{
			"__comment": "quartz_block_top",
			"from": [ 8.5, 11.5, 0.5 ],
			"to": [ 9, 13, 1 ],
			"faces": {
				"down": { "uv": [ 8.5, 15, 9, 15.5 ], "texture": "#quartz_block_top" },
				"up": { "uv": [ 8.5, 0.5, 9, 1 ], "texture": "#quartz_block_top" },
				"north": { "uv": [ 7, 4.5, 7.5, 6 ], "texture": "#quartz_block_top" },
				"south": { "uv": [ 8.5, 4.5, 9, 6 ], "texture": "#quartz_block_top" },
				"west": { "uv": [ 0.5, 4.5, 1, 6 ], "texture": "#quartz_block_top" },
				"east": { "uv": [ 15, 4.5, 15.5, 6 ], "texture": "#quartz_block_top" }
			}
		},
		{
			"__comment": "quartz_block_top",
			"from": [ 6.5, 14.5, 0.5 ],
			"to": [ 7, 15.5, 1 ],
			"faces": {
				"down": { "uv": [ 6.5, 15, 7, 15.5 ], "texture": "#quartz_block_top" },
				"up": { "uv": [ 6.5, 0.5, 7, 1 ], "texture": "#quartz_block_top" },
				"north": { "uv": [ 9, 2, 9.5, 3 ], "texture": "#quartz_block_top" },
				"south": { "uv": [ 6.5, 2, 7, 3 ], "texture": "#quartz_block_top" },
				"west": { "uv": [ 0.5, 2, 1, 3 ], "texture": "#quartz_block_top" },
				"east": { "uv": [ 15, 2, 15.5, 3 ], "texture": "#quartz_block_top" }
			}
		},
		{
			"__comment": "quartz_block_top",
			"from": [ 7, 15, 0.5 ],
			"to": [ 7.5, 16, 1 ],
			"faces": {
				"down": { "uv": [ 7, 15, 7.5, 15.5 ], "texture": "#quartz_block_top" },
				"up": { "uv": [ 7, 0.5, 7.5, 1 ], "texture": "#quartz_block_top" },
				"north": { "uv": [ 8.5, 1.5, 9, 2.5 ], "texture": "#quartz_block_top" },
				"south": { "uv": [ 7, 1.5, 7.5, 2.5 ], "texture": "#quartz_block_top" },
				"west": { "uv": [ 0.5, 1.5, 1, 2.5 ], "texture": "#quartz_block_top" },
				"east": { "uv": [ 15, 1.5, 15.5, 2.5 ], "texture": "#quartz_block_top" }
			}
		},
		{
			"__comment": "quartz_block_top",
			"from": [ 6.5, 10.5, 0.5 ],
			"to": [ 7, 11.5, 1 ],
			"faces": {
				"down": { "uv": [ 6.5, 15, 7, 15.5 ], "texture": "#quartz_block_top" },
				"up": { "uv": [ 6.5, 0.5, 7, 1 ], "texture": "#quartz_block_top" },
				"north": { "uv": [ 9, 6, 9.5, 7 ], "texture": "#quartz_block_top" },
				"south": { "uv": [ 6.5, 6, 7, 7 ], "texture": "#quartz_block_top" },
				"west": { "uv": [ 0.5, 6, 1, 7 ], "texture": "#quartz_block_top" },
				"east": { "uv": [ 15, 6, 15.5, 7 ], "texture": "#quartz_block_top" }
			}
		},
		{
			"__comment": "quartz_block_top",
			"from": [ 7, 9, 0.5 ],
			"to": [ 7.5, 10.5, 1 ],
			"faces": {
				"down": { "uv": [ 7, 15, 7.5, 15.5 ], "texture": "#quartz_block_top" },
				"up": { "uv": [ 7, 0.5, 7.5, 1 ], "texture": "#quartz_block_top" },
				"north": { "uv": [ 8.5, 7, 9, 8.5 ], "texture": "#quartz_block_top" },
				"south": { "uv": [ 7, 7, 7.5, 8.5 ], "texture": "#quartz_block_top" },
				"west": { "uv": [ 0.5, 7, 1, 8.5 ], "texture": "#quartz_block_top" },
				"east": { "uv": [ 15, 7, 15.5, 8.5 ], "texture": "#quartz_block_top" }
			}
		},
		{
			"__comment": "quartz_block_top",
			"from": [ 5.5, 14, 0.5 ],
			"to": [ 6, 14.5, 1 ],
			"faces": {
				"down": { "uv": [ 5.5, 15, 6, 15.5 ], "texture": "#quartz_block_top" },
				"up": { "uv": [ 5.5, 0.5, 6, 1 ], "texture": "#quartz_block_top" },
				"north": { "uv": [ 10, 3, 10.5, 3.5 ], "texture": "#quartz_block_top" },
				"south": { "uv": [ 5.5, 3, 6, 3.5 ], "texture": "#quartz_block_top" },
				"west": { "uv": [ 0.5, 3, 1, 3.5 ], "texture": "#quartz_block_top" },
				"east": { "uv": [ 15, 3, 15.5, 3.5 ], "texture": "#quartz_block_top" }
			}
		},
		{
			"__comment": "quartz_block_top",
			"from": [ 9, 13, 0.5 ],
			"to": [ 9.5, 14, 1 ],
			"faces": {
				"down": { "uv": [ 9, 15, 9.5, 15.5 ], "texture": "#quartz_block_top" },
				"up": { "uv": [ 9, 0.5, 9.5, 1 ], "texture": "#quartz_block_top" },
				"north": { "uv": [ 6.5, 3.5, 7, 4.5 ], "texture": "#quartz_block_top" },
				"south": { "uv": [ 9, 3.5, 9.5, 4.5 ], "texture": "#quartz_block_top" },
				"west": { "uv": [ 0.5, 3.5, 1, 4.5 ], "texture": "#quartz_block_top" },
				"east": { "uv": [ 15, 3.5, 15.5, 4.5 ], "texture": "#quartz_block_top" }
			}
		},
		{
			"__comment": "quartz_block_top",
			"from": [ 7, 11.5, 0.5 ],
			"to": [ 7.5, 13, 1 ],
			"faces": {
				"down": { "uv": [ 7, 15, 7.5, 15.5 ], "texture": "#quartz_block_top" },
				"up": { "uv": [ 7, 0.5, 7.5, 1 ], "texture": "#quartz_block_top" },
				"north": { "uv": [ 8.5, 4.5, 9, 6 ], "texture": "#quartz_block_top" },
				"south": { "uv": [ 7, 4.5, 7.5, 6 ], "texture": "#quartz_block_top" },
				"west": { "uv": [ 0.5, 4.5, 1, 6 ], "texture": "#quartz_block_top" },
				"east": { "uv": [ 15, 4.5, 15.5, 6 ], "texture": "#quartz_block_top" }
			}
		},
		{
			"__comment": "quartz_block_top",
			"from": [ 6.5, 13, 0.5 ],
			"to": [ 7, 14, 1 ],
			"faces": {
				"down": { "uv": [ 6.5, 15, 7, 15.5 ], "texture": "#quartz_block_top" },
				"up": { "uv": [ 6.5, 0.5, 7, 1 ], "texture": "#quartz_block_top" },
				"north": { "uv": [ 9, 3.5, 9.5, 4.5 ], "texture": "#quartz_block_top" },
				"south": { "uv": [ 6.5, 3.5, 7, 4.5 ], "texture": "#quartz_block_top" },
				"west": { "uv": [ 0.5, 3.5, 1, 4.5 ], "texture": "#quartz_block_top" },
				"east": { "uv": [ 15, 3.5, 15.5, 4.5 ], "texture": "#quartz_block_top" }
			}
		},
		{
			"__comment": "quartz_block_top",
			"from": [ 10.5, 2, 0.5 ],
			"to": [ 11, 4.5, 1 ],
			"faces": {
				"down": { "uv": [ 10.5, 15, 11, 15.5 ], "texture": "#quartz_block_top" },
				"up": { "uv": [ 10.5, 0.5, 11, 1 ], "texture": "#quartz_block_top" },
				"north": { "uv": [ 5, 11.5, 5.5, 14 ], "texture": "#quartz_block_top" },
				"south": { "uv": [ 10.5, 11.5, 11, 14 ], "texture": "#quartz_block_top" },
				"west": { "uv": [ 0.5, 11.5, 1, 14 ], "texture": "#quartz_block_top" },
				"east": { "uv": [ 15, 11.5, 15.5, 14 ], "texture": "#quartz_block_top" }
			}
		},
		{
			"__comment": "quartz_block_top",
			"from": [ 11, 0, 0.5 ],
			"to": [ 11.5, 2, 1 ],
			"faces": {
				"down": { "uv": [ 11, 15, 11.5, 15.5 ], "texture": "#quartz_block_top" },
				"up": { "uv": [ 11, 0.5, 11.5, 1 ], "texture": "#quartz_block_top" },
				"north": { "uv": [ 4.5, 14, 5, 16 ], "texture": "#quartz_block_top" },
				"south": { "uv": [ 11, 14, 11.5, 16 ], "texture": "#quartz_block_top" },
				"west": { "uv": [ 0.5, 14, 1, 16 ], "texture": "#quartz_block_top" },
				"east": { "uv": [ 15, 14, 15.5, 16 ], "texture": "#quartz_block_top" }
			}
		},
		{
			"__comment": "quartz_block_top",
			"from": [ 9, 7.5, 0.5 ],
			"to": [ 9.5, 9, 1 ],
			"faces": {
				"down": { "uv": [ 9, 15, 9.5, 15.5 ], "texture": "#quartz_block_top" },
				"up": { "uv": [ 9, 0.5, 9.5, 1 ], "texture": "#quartz_block_top" },
				"north": { "uv": [ 6.5, 8.5, 7, 10 ], "texture": "#quartz_block_top" },
				"south": { "uv": [ 9, 8.5, 9.5, 10 ], "texture": "#quartz_block_top" },
				"west": { "uv": [ 0.5, 8.5, 1, 10 ], "texture": "#quartz_block_top" },
				"east": { "uv": [ 15, 8.5, 15.5, 10 ], "texture": "#quartz_block_top" }
			}
		},
		{
			"__comment": "quartz_block_top",
			"from": [ 6.5, 7.5, 0.5 ],
			"to": [ 7, 9, 1 ],
			"faces": {
				"down": { "uv": [ 6.5, 15, 7, 15.5 ], "texture": "#quartz_block_top" },
				"up": { "uv": [ 6.5, 0.5, 7, 1 ], "texture": "#quartz_block_top" },
				"north": { "uv": [ 9, 8.5, 9.5, 10 ], "texture": "#quartz_block_top" },
				"south": { "uv": [ 6.5, 8.5, 7, 10 ], "texture": "#quartz_block_top" },
				"west": { "uv": [ 0.5, 8.5, 1, 10 ], "texture": "#quartz_block_top" },
				"east": { "uv": [ 15, 8.5, 15.5, 10 ], "texture": "#quartz_block_top" }
			}
		}
	],
	"display": {
		"head": {
			"rotation":  [ 0, 180, 0 ],
			"translation":  [ 0, 8, 0 ],
			"scale":  [ 1.2, 1.2, 1.2 ]
		}
	}
}
