{
	"__comment": "Designed by Mouskegamer with Cubik Studio - https://cubik.studio",
	"textures": {
		"particle": "block/red_wool",
		"texture": "block/yellow_terracotta",
		"texture1": "block/black_wool",
		"texture2": "block/brown_terracotta",
		"texture3": "block/orange_wool",
		"texture4": "block/birch_planks",
		"texture5": "block/red_wool",
		"texture6": "block/gray_wool",
		"texture7": "block/green_wool"
	},
	"elements": [ 	 
		{
			"__comment": "Box1",
			"from": [ 9, 0, 8.5 ],
			"to": [ 10, 1, 10.5 ],
			"faces": {
				"down": { "uv": [ 9, 5.5, 10, 7.5 ], "texture": "#texture1" },
				"up": { "uv": [ 9, 8.5, 10, 10.5 ], "texture": "#texture1" },
				"north": { "uv": [ 6, 15, 7, 16 ], "texture": "#texture1" },
				"south": { "uv": [ 9, 15, 10, 16 ], "texture": "#texture1" },
				"west": { "uv": [ 8.5, 15, 10.5, 16 ], "texture": "#texture1" },
				"east": { "uv": [ 5.5, 15, 7.5, 16 ], "texture": "#texture1" }
			}
		},
		{
			"__comment": "Box1",
			"from": [ 6, 0, 8.5 ],
			"to": [ 7, 1, 10.5 ],
			"faces": {
				"down": { "uv": [ 6, 5.5, 7, 7.5 ], "texture": "#texture1" },
				"up": { "uv": [ 6, 8.5, 7, 10.5 ], "texture": "#texture1" },
				"north": { "uv": [ 9, 15, 10, 16 ], "texture": "#texture1" },
				"south": { "uv": [ 6, 15, 7, 16 ], "texture": "#texture1" },
				"west": { "uv": [ 8.5, 15, 10.5, 16 ], "texture": "#texture1" },
				"east": { "uv": [ 5.5, 15, 7.5, 16 ], "texture": "#texture1" }
			}
		},
		{
			"__comment": "Box1",
			"from": [ 9, 1, 8.5 ],
			"to": [ 10, 2, 10.5 ],
			"faces": {
				"down": { "uv": [ 9, 5.5, 10, 7.5 ], "texture": "#texture5" },
				"up": { "uv": [ 9, 8.5, 10, 10.5 ], "texture": "#texture5" },
				"north": { "uv": [ 6, 14, 7, 15 ], "texture": "#texture5" },
				"south": { "uv": [ 9, 14, 10, 15 ], "texture": "#texture5" },
				"west": { "uv": [ 8.5, 14, 10.5, 15 ], "texture": "#texture5" },
				"east": { "uv": [ 5.5, 14, 7.5, 15 ], "texture": "#texture5" }
			}
		},
		{
			"__comment": "Box1",
			"from": [ 6, 1, 8.5 ],
			"to": [ 7, 2, 10.5 ],
			"faces": {
				"down": { "uv": [ 6, 5.5, 7, 7.5 ], "texture": "#texture5" },
				"up": { "uv": [ 6, 8.5, 7, 10.5 ], "texture": "#texture5" },
				"north": { "uv": [ 9, 14, 10, 15 ], "texture": "#texture5" },
				"south": { "uv": [ 6, 14, 7, 15 ], "texture": "#texture5" },
				"west": { "uv": [ 8.5, 14, 10.5, 15 ], "texture": "#texture5" },
				"east": { "uv": [ 5.5, 14, 7.5, 15 ], "texture": "#texture5" }
			}
		},
		{
			"__comment": "Box1",
			"from": [ 6, 2.5, 8 ],
			"to": [ 10, 3, 11 ],
			"faces": {
				"down": { "uv": [ 6, 5, 10, 8 ], "texture": "#texture3" },
				"up": { "uv": [ 6, 8, 10, 11 ], "texture": "#texture3" },
				"north": { "uv": [ 6, 13, 10, 13.5 ], "texture": "#texture3" },
				"south": { "uv": [ 6, 13, 10, 13.5 ], "texture": "#texture3" },
				"west": { "uv": [ 8, 13, 11, 13.5 ], "texture": "#texture3" },
				"east": { "uv": [ 5, 13, 8, 13.5 ], "texture": "#texture3" }
			}
		},
		{
			"__comment": "Box1",
			"from": [ 6, 6, 7.5 ],
			"to": [ 10, 7, 8 ],
			"faces": {
				"down": { "uv": [ 5.5, 8, 10.5, 8.5 ], "texture": "#texture4" },
				"up": { "uv": [ 5.5, 7.5, 10.5, 8 ], "texture": "#texture4" },
				"north": { "uv": [ 5.5, 8, 10.5, 11 ], "texture": "#texture4" },
				"south": { "uv": [ 5, 8, 10, 11 ], "texture": "#texture4" },
				"west": { "uv": [ 7.5, 8, 8, 11 ], "texture": "#texture4" },
				"east": { "uv": [ 10, 8, 10.5, 11 ], "texture": "#texture4" }
			}
		},
		{
			"__comment": "Box1",
			"from": [ 6, 2, 8 ],
			"to": [ 10, 2.5, 11 ],
			"faces": {
				"down": { "uv": [ 6, 5, 10, 8 ], "texture": "#texture1" },
				"up": { "uv": [ 6, 8, 10, 11 ], "texture": "#texture1" },
				"north": { "uv": [ 6, 13.5, 10, 14 ], "texture": "#texture1" },
				"south": { "uv": [ 6, 13.5, 10, 14 ], "texture": "#texture1" },
				"west": { "uv": [ 8, 13.5, 11, 14 ], "texture": "#texture1" },
				"east": { "uv": [ 5, 13.5, 8, 14 ], "texture": "#texture1" }
			}
		},
		{
			"__comment": "Box1",
			"from": [ 5.5, 6, 8 ],
			"to": [ 10.5, 10, 9 ],
			"faces": {
				"down": { "uv": [ 5, 7, 11, 8 ], "texture": "#texture4" },
				"up": { "uv": [ 5, 8, 11, 9 ], "texture": "#texture4" },
				"north": { "uv": [ 5, 8, 11, 11 ], "texture": "#texture4" },
				"south": { "uv": [ 5, 6.5, 11, 10 ], "texture": "#texture4" },
				"west": { "uv": [ 7, 8.5, 8, 11 ], "texture": "#texture4" },
				"east": { "uv": [ 8.5, 8, 9.5, 11.5 ], "texture": "#texture4" }
			}
		},
		{
			"__comment": "Box1",
			"from": [ 6, 3, 8 ],
			"to": [ 10, 5.5, 11 ],
			"faces": {
				"down": { "uv": [ 6, 5, 10, 8 ], "texture": "#texture5" },
				"up": { "uv": [ 6, 8, 10, 11 ], "texture": "#texture5" },
				"north": { "uv": [ 6, 10.5, 10, 13 ], "texture": "#texture5" },
				"south": { "uv": [ 6, 10.5, 10, 13 ], "texture": "#texture5" },
				"west": { "uv": [ 8, 10.5, 11, 13 ], "texture": "#texture5" },
				"east": { "uv": [ 5, 10.5, 8, 13 ], "texture": "#texture5" }
			}
		},
		{
			"__comment": "Box1",
			"from": [ 7.25, 4, 7.85 ],
			"to": [ 8.75, 5, 9.85 ],
			"faces": {
				"down": { "uv": [ 7.25, 6.15, 8.75, 8.15 ], "texture": "#texture1" },
				"up": { "uv": [ 7.25, 7.85, 8.75, 9.85 ], "texture": "#texture1" },
				"north": { "uv": [ 7.25, 11, 8.75, 12 ], "texture": "#texture1" },
				"south": { "uv": [ 7.25, 11, 8.75, 12 ], "texture": "#texture1" },
				"west": { "uv": [ 7.85, 11, 9.85, 12 ], "texture": "#texture1" },
				"east": { "uv": [ 6.15, 11, 8.15, 12 ], "texture": "#texture1" }
			}
		},
		{
			"__comment": "Box1",
			"from": [ 5.5, 3.5, 8.5 ],
			"to": [ 10.5, 5.5, 10.5 ],
			"faces": {
				"down": { "uv": [ 5.5, 5.5, 10.5, 7.5 ], "texture": "#texture5" },
				"up": { "uv": [ 5.5, 8.5, 10.5, 10.5 ], "texture": "#texture5" },
				"north": { "uv": [ 5.5, 10.5, 10.5, 12.5 ], "texture": "#texture5" },
				"south": { "uv": [ 5.5, 10.5, 10.5, 12.5 ], "texture": "#texture5" },
				"west": { "uv": [ 8.5, 10.5, 10.5, 12.5 ], "texture": "#texture5" },
				"east": { "uv": [ 5.5, 10.5, 7.5, 12.5 ], "texture": "#texture5" }
			}
		},
		{
			"__comment": "Box1",
			"from": [ 5, 4.5, 8.5 ],
			"to": [ 5.5, 5.5, 10.5 ],
			"faces": {
				"down": { "uv": [ 5, 5.5, 5.5, 7.5 ], "texture": "#texture5" },
				"up": { "uv": [ 5, 8.5, 5.5, 10.5 ], "texture": "#texture5" },
				"north": { "uv": [ 10.5, 10.5, 11, 11.5 ], "texture": "#texture5" },
				"south": { "uv": [ 5, 10.5, 5.5, 11.5 ], "texture": "#texture5" },
				"west": { "uv": [ 8.5, 10.5, 10.5, 11.5 ], "texture": "#texture5" },
				"east": { "uv": [ 5.5, 10.5, 7.5, 11.5 ], "texture": "#texture5" }
			}
		},
		{
			"__comment": "Box1",
			"from": [ 10.5, 4.5, 8.5 ],
			"to": [ 11, 5.5, 10.5 ],
			"faces": {
				"down": { "uv": [ 10.5, 5.5, 11, 7.5 ], "texture": "#texture5" },
				"up": { "uv": [ 10.5, 8.5, 11, 10.5 ], "texture": "#texture5" },
				"north": { "uv": [ 5, 12, 5.5, 13 ], "texture": "#texture5" },
				"south": { "uv": [ 10.5, 12, 11, 13 ], "texture": "#texture5" },
				"west": { "uv": [ 8.5, 12, 10.5, 13 ], "texture": "#texture5" },
				"east": { "uv": [ 5.5, 12, 7.5, 13 ], "texture": "#texture5" }
			}
		},
		{
			"__comment": "Box1",
			"from": [ 5, 6.5, 10 ],
			"to": [ 11, 7.5, 10.5 ],
			"faces": {
				"down": { "uv": [ 5, 5.5, 11, 6 ], "texture": "#texture4" },
				"up": { "uv": [ 5, 10, 11, 10.5 ], "texture": "#texture4" },
				"north": { "uv": [ 5, 8.5, 11, 9.5 ], "texture": "#texture4" },
				"south": { "uv": [ 5, 8.5, 11, 9.5 ], "texture": "#texture4" },
				"west": { "uv": [ 10, 8.5, 10.5, 9.5 ], "texture": "#texture4" },
				"east": { "uv": [ 5.5, 8.5, 6, 9.5 ], "texture": "#texture4" }
			}
		},
		{
			"__comment": "Box1",
			"from": [ 9, 7, 7 ],
			"to": [ 10, 8, 7.5 ],
			"faces": {
				"down": { "uv": [ 5.5, 8, 10.5, 8.5 ], "texture": "#texture1" },
				"up": { "uv": [ 5.5, 7.5, 10.5, 8 ], "texture": "#texture1" },
				"north": { "uv": [ 5.5, 8, 10.5, 11 ], "texture": "#texture1" },
				"south": { "uv": [ 5, 8, 10, 11 ], "texture": "#texture1" },
				"west": { "uv": [ 7.5, 8, 8, 11 ], "texture": "#texture1" },
				"east": { "uv": [ 10, 8, 10.5, 11 ], "texture": "#texture1" }
			}
		},
		{
			"__comment": "Box1",
			"from": [ 6, 7, 7 ],
			"to": [ 7, 8, 7.5 ],
			"faces": {
				"down": { "uv": [ 5.5, 8, 10.5, 8.5 ], "texture": "#texture1" },
				"up": { "uv": [ 5.5, 7.5, 10.5, 8 ], "texture": "#texture1" },
				"north": { "uv": [ 5.5, 8, 10.5, 11 ], "texture": "#texture1" },
				"south": { "uv": [ 5, 8, 10, 11 ], "texture": "#texture1" },
				"west": { "uv": [ 7.5, 8, 8, 11 ], "texture": "#texture1" },
				"east": { "uv": [ 10, 8, 10.5, 11 ], "texture": "#texture1" }
			}
		},
		{
			"__comment": "Box1",
			"from": [ 6, 5.5, 8 ],
			"to": [ 7, 6, 11 ],
			"faces": {
				"down": { "uv": [ 6, 5, 7, 8 ], "texture": "#texture5" },
				"up": { "uv": [ 6, 8, 7, 11 ], "texture": "#texture5" },
				"north": { "uv": [ 9, 10, 10, 10.5 ], "texture": "#texture5" },
				"south": { "uv": [ 6, 10, 7, 10.5 ], "texture": "#texture5" },
				"west": { "uv": [ 8, 10, 11, 10.5 ], "texture": "#texture5" },
				"east": { "uv": [ 5, 10, 8, 10.5 ], "texture": "#texture5" }
			}
		},
		{
			"__comment": "Box1",
			"from": [ 9, 5.5, 8 ],
			"to": [ 10, 6, 11 ],
			"faces": {
				"down": { "uv": [ 9, 5, 10, 8 ], "texture": "#texture5" },
				"up": { "uv": [ 9, 8, 10, 11 ], "texture": "#texture5" },
				"north": { "uv": [ 6, 10, 7, 10.5 ], "texture": "#texture5" },
				"south": { "uv": [ 9, 10, 10, 10.5 ], "texture": "#texture5" },
				"west": { "uv": [ 8, 10, 11, 10.5 ], "texture": "#texture5" },
				"east": { "uv": [ 5, 10, 8, 10.5 ], "texture": "#texture5" }
			}
		},
		{
			"__comment": "Box1",
			"from": [ 7, 5.5, 8 ],
			"to": [ 9, 6, 11 ],
			"faces": {
				"down": { "uv": [ 7, 5, 9, 8 ], "texture": "#texture1" },
				"up": { "uv": [ 7, 8, 9, 11 ], "texture": "#texture1" },
				"north": { "uv": [ 7, 10, 9, 10.5 ], "texture": "#texture1" },
				"south": { "uv": [ 7, 10, 9, 10.5 ], "texture": "#texture1" },
				"west": { "uv": [ 8, 10, 11, 10.5 ], "texture": "#texture1" },
				"east": { "uv": [ 5, 10, 8, 10.5 ], "texture": "#texture1" }
			}
		},
		{
			"__comment": "Box1",
			"from": [ 7, 3.75, 7.9 ],
			"to": [ 9, 5.25, 9.9 ],
			"faces": {
				"down": { "uv": [ 7, 6.1, 9, 8.1 ], "texture": "#texture3" },
				"up": { "uv": [ 7, 7.9, 9, 9.9 ], "texture": "#texture3" },
				"north": { "uv": [ 7, 10.75, 9, 12.25 ], "texture": "#texture3" },
				"south": { "uv": [ 7, 10.75, 9, 12.25 ], "texture": "#texture3" },
				"west": { "uv": [ 7.9, 10.75, 9.9, 12.25 ], "texture": "#texture3" },
				"east": { "uv": [ 6.1, 10.75, 8.1, 12.25 ], "texture": "#texture3" }
			}
		},
		{
			"__comment": "Box1",
			"from": [ 7.75, 3.75, 7.8 ],
			"to": [ 8.25, 4.5, 9.799999 ],
			"faces": {
				"down": { "uv": [ 7.75, 6.200001, 8.25, 8.200001 ], "texture": "#texture" },
				"up": { "uv": [ 7.75, 7.799999, 8.25, 9.799999 ], "texture": "#texture" },
				"north": { "uv": [ 7.75, 11.5, 8.25, 12.25 ], "texture": "#texture" },
				"south": { "uv": [ 7.75, 11.5, 8.25, 12.25 ], "texture": "#texture" },
				"west": { "uv": [ 7.8, 11.5, 9.799999, 12.25 ], "texture": "#texture" },
				"east": { "uv": [ 6.2, 11.5, 8.200001, 12.25 ], "texture": "#texture" }
			}
		},
		{
			"__comment": "Box1",
			"from": [ 7.75, 4.75, 7.8 ],
			"to": [ 8.25, 5.25, 9.799999 ],
			"faces": {
				"down": { "uv": [ 7.75, 6.200001, 8.25, 8.200001 ], "texture": "#texture" },
				"up": { "uv": [ 7.75, 7.799999, 8.25, 9.799999 ], "texture": "#texture" },
				"north": { "uv": [ 7.75, 10.75, 8.25, 11.25 ], "texture": "#texture" },
				"south": { "uv": [ 7.75, 10.75, 8.25, 11.25 ], "texture": "#texture" },
				"west": { "uv": [ 7.8, 10.75, 9.799999, 11.25 ], "texture": "#texture" },
				"east": { "uv": [ 6.2, 10.75, 8.200001, 11.25 ], "texture": "#texture" }
			}
		},
		{
			"__comment": "Box1",
			"from": [ 6, 7, 7.5 ],
			"to": [ 10, 8, 8 ],
			"faces": {
				"down": { "uv": [ 5.5, 8, 10.5, 8.5 ], "texture": "#texture6" },
				"up": { "uv": [ 5.5, 7.5, 10.5, 8 ], "texture": "#texture6" },
				"north": { "uv": [ 5.5, 8, 10.5, 11 ], "texture": "#texture6" },
				"south": { "uv": [ 5, 8, 10, 11 ], "texture": "#texture6" },
				"west": { "uv": [ 7.5, 8, 8, 11 ], "texture": "#texture6" },
				"east": { "uv": [ 10, 8, 10.5, 11 ], "texture": "#texture6" }
			}
		},
		{
			"__comment": "Box1",
			"from": [ 6, 8, 7.5 ],
			"to": [ 10, 10, 8 ],
			"faces": {
				"down": { "uv": [ 5.5, 8, 10.5, 8.5 ], "texture": "#texture4" },
				"up": { "uv": [ 5.5, 7.5, 10.5, 8 ], "texture": "#texture4" },
				"north": { "uv": [ 5.5, 8, 10.5, 11 ], "texture": "#texture4" },
				"south": { "uv": [ 5, 8, 10, 11 ], "texture": "#texture4" },
				"west": { "uv": [ 7.5, 8, 8, 11 ], "texture": "#texture4" },
				"east": { "uv": [ 10, 8, 10.5, 11 ], "texture": "#texture4" }
			}
		},
		{
			"__comment": "Box1",
			"from": [ 6, 6, 11 ],
			"to": [ 10, 10, 11.5 ],
			"faces": {
				"down": { "uv": [ 5.5, 8, 10.5, 8.5 ], "texture": "#texture" },
				"up": { "uv": [ 5.5, 7.5, 10.5, 8 ], "texture": "#texture" },
				"north": { "uv": [ 5.5, 8, 10.5, 11 ], "texture": "#texture" },
				"south": { "uv": [ 5, 8, 10, 11 ], "texture": "#texture" },
				"west": { "uv": [ 7.5, 8, 8, 11 ], "texture": "#texture" },
				"east": { "uv": [ 10, 8, 10.5, 11 ], "texture": "#texture" }
			}
		},
		{
			"__comment": "Box1",
			"from": [ 6, 9.5, 8 ],
			"to": [ 7.5, 10.5, 9 ],
			"faces": {
				"down": { "uv": [ 5.5, 8, 10.5, 8.5 ], "texture": "#texture4" },
				"up": { "uv": [ 5.5, 7.5, 10.5, 8 ], "texture": "#texture4" },
				"north": { "uv": [ 5.5, 8, 10.5, 11 ], "texture": "#texture4" },
				"south": { "uv": [ 5, 8, 10, 11 ], "texture": "#texture4" },
				"west": { "uv": [ 7.5, 8, 8, 11 ], "texture": "#texture4" },
				"east": { "uv": [ 10, 8, 10.5, 11 ], "texture": "#texture4" }
			}
		},
		{
			"__comment": "Box1",
			"from": [ 8.5, 9.5, 8 ],
			"to": [ 10, 10.5, 9 ],
			"faces": {
				"down": { "uv": [ 5.5, 8, 10.5, 8.5 ], "texture": "#texture4" },
				"up": { "uv": [ 5.5, 7.5, 10.5, 8 ], "texture": "#texture4" },
				"north": { "uv": [ 5.5, 8, 10.5, 11 ], "texture": "#texture4" },
				"south": { "uv": [ 5, 8, 10, 11 ], "texture": "#texture4" },
				"west": { "uv": [ 7.5, 8, 8, 11 ], "texture": "#texture4" },
				"east": { "uv": [ 10, 8, 10.5, 11 ], "texture": "#texture4" }
			}
		},
		{
			"__comment": "Box1",
			"from": [ 7.5, 10, 8 ],
			"to": [ 8.5, 11, 10 ],
			"faces": {
				"down": { "uv": [ 5.5, 8, 10.5, 8.5 ], "texture": "#texture" },
				"up": { "uv": [ 5.5, 7.5, 10.5, 8 ], "texture": "#texture" },
				"north": { "uv": [ 5.5, 8, 10.5, 11 ], "texture": "#texture" },
				"south": { "uv": [ 5, 8, 10, 11 ], "texture": "#texture" },
				"west": { "uv": [ 7.5, 8, 8, 11 ], "texture": "#texture" },
				"east": { "uv": [ 10, 8, 10.5, 11 ], "texture": "#texture" }
			}
		},
		{
			"__comment": "Box1",
			"from": [ 6, 9.5, 9 ],
			"to": [ 10, 10.5, 11 ],
			"faces": {
				"down": { "uv": [ 5.5, 8, 10.5, 8.5 ], "texture": "#texture" },
				"up": { "uv": [ 5.5, 7.5, 10.5, 8 ], "texture": "#texture" },
				"north": { "uv": [ 5.5, 8, 10.5, 11 ], "texture": "#texture" },
				"south": { "uv": [ 5, 8, 10, 11 ], "texture": "#texture" },
				"west": { "uv": [ 7.5, 8, 8, 11 ], "texture": "#texture" },
				"east": { "uv": [ 10, 8, 10.5, 11 ], "texture": "#texture" }
			}
		},
		{
			"__comment": "Box1",
			"from": [ 5.5, 6, 9 ],
			"to": [ 10.5, 8, 10 ],
			"faces": {
				"down": { "uv": [ 5, 7, 11, 8 ], "texture": "#texture4" },
				"up": { "uv": [ 5, 8, 11, 9 ], "texture": "#texture4" },
				"north": { "uv": [ 5, 8, 11, 11 ], "texture": "#texture4" },
				"south": { "uv": [ 5, 6.5, 11, 10 ], "texture": "#texture4" },
				"west": { "uv": [ 7, 8.5, 8, 11 ], "texture": "#texture4" },
				"east": { "uv": [ 8.5, 8, 9.5, 11.5 ], "texture": "#texture4" }
			}
		},
		{
			"__comment": "Box1",
			"from": [ 5.5, 8, 9 ],
			"to": [ 10.5, 10, 10 ],
			"faces": {
				"down": { "uv": [ 5, 7, 11, 8 ], "texture": "#texture" },
				"up": { "uv": [ 5, 8, 11, 9 ], "texture": "#texture" },
				"north": { "uv": [ 5, 8, 11, 11 ], "texture": "#texture" },
				"south": { "uv": [ 5, 6.5, 11, 10 ], "texture": "#texture" },
				"west": { "uv": [ 7, 8.5, 8, 11 ], "texture": "#texture" },
				"east": { "uv": [ 8.5, 8, 9.5, 11.5 ], "texture": "#texture" }
			}
		},
		{
			"__comment": "Box1",
			"from": [ 5.5, 6, 10 ],
			"to": [ 10.5, 10, 11 ],
			"faces": {
				"down": { "uv": [ 5, 7, 11, 8 ], "texture": "#texture" },
				"up": { "uv": [ 5, 8, 11, 9 ], "texture": "#texture" },
				"north": { "uv": [ 5, 8, 11, 11 ], "texture": "#texture" },
				"south": { "uv": [ 5, 6.5, 11, 10 ], "texture": "#texture" },
				"west": { "uv": [ 7, 8.5, 8, 11 ], "texture": "#texture" },
				"east": { "uv": [ 8.5, 8, 9.5, 11.5 ], "texture": "#texture" }
			}
		},
		{
			"__comment": "Box1",
			"from": [ 5, 3.5, 8.5 ],
			"to": [ 5.5, 4.5, 10.5 ],
			"faces": {
				"down": { "uv": [ 5, 5.5, 5.5, 7.5 ], "texture": "#texture1" },
				"up": { "uv": [ 5, 8.5, 5.5, 10.5 ], "texture": "#texture1" },
				"north": { "uv": [ 10.5, 11.5, 11, 12.5 ], "texture": "#texture1" },
				"south": { "uv": [ 5, 11.5, 5.5, 12.5 ], "texture": "#texture1" },
				"west": { "uv": [ 8.5, 11.5, 10.5, 12.5 ], "texture": "#texture1" },
				"east": { "uv": [ 5.5, 11.5, 7.5, 12.5 ], "texture": "#texture1" }
			}
		},
		{
			"__comment": "Box1",
			"from": [ 10.5, 3.5, 8.5 ],
			"to": [ 11, 4.5, 10.5 ],
			"faces": {
				"down": { "uv": [ 10.5, 5.5, 11, 7.5 ], "texture": "#texture1" },
				"up": { "uv": [ 10.5, 8.5, 11, 10.5 ], "texture": "#texture1" },
				"north": { "uv": [ 5, 10.5, 5.5, 11.5 ], "texture": "#texture1" },
				"south": { "uv": [ 10.5, 10.5, 11, 11.5 ], "texture": "#texture1" },
				"west": { "uv": [ 8.5, 10.5, 10.5, 11.5 ], "texture": "#texture1" },
				"east": { "uv": [ 5.5, 10.5, 7.5, 11.5 ], "texture": "#texture1" }
			}
		}
	],
	"display": {
		"thirdperson_righthand": {
			"translation":  [ 0.1, 1.3913, -1.8 ],
			"scale":  [ 0.6, 0.6, 0.6 ]
		},
		"thirdperson_lefthand": {
			"translation":  [ 0.1, 1.3913, -1.8 ],
			"scale":  [ 0.6, 0.6, 0.6 ]
		},
		"firstperson_righthand": {
			"rotation":  [ 0, 124, 0 ],
			"translation":  [ 0.6956, 5.5652, 0 ],
			"scale":  [ 0.5, 0.5, 0.5 ]
		},
		"firstperson_lefthand": {
			"rotation":  [ 0, 16, 0 ],
			"translation":  [ 0.6956, 5.5652, 0 ],
			"scale":  [ 0.5, 0.5, 0.5 ]
		},
		"gui": {
			"rotation":  [ 0, 159, 0 ],
			"translation":  [ -0.695, 0.6956, 0 ]
		},
		"ground": {
			"translation":  [ 0, 5.5652, 0 ]
		},
		"fixed": {
			"translation":  [ 0, 4.8695, -1.391 ],
			"scale":  [ 2, 2, 2 ]
		}
	}
}
