{
	"__comment": "Designed by Mouskegamer with Cubik Studio - https://cubik.studio",
	"textures": {
		"particle": "block/red_wool",
		"texture": "block/lime_concrete",
		"texture1": "block/black_wool",
		"texture2": "block/lime_wool",
		"texture3": "block/quartz_block_side",
		"texture4": "block/birch_planks",
		"texture5": "block/purple_wool",
		"texture6": "block/blue_wool",
		"texture7": "block/light_blue_wool"
	},
	"elements": [ 	 
		{
			"__comment": "Box1",
			"from": [ 9, 0, 8.5 ],
			"to": [ 10, 0.5, 10.5 ],
			"faces": {
				"down": { "uv": [ 9, 5.5, 10, 7.5 ], "texture": "#texture2" },
				"up": { "uv": [ 9, 8.5, 10, 10.5 ], "texture": "#texture2" },
				"north": { "uv": [ 6, 15.5, 7, 16 ], "texture": "#texture2" },
				"south": { "uv": [ 9, 15.5, 10, 16 ], "texture": "#texture2" },
				"west": { "uv": [ 8.5, 15.5, 10.5, 16 ], "texture": "#texture2" },
				"east": { "uv": [ 5.5, 15.5, 7.5, 16 ], "texture": "#texture2" }
			}
		},
		{
			"__comment": "Box1",
			"from": [ 6, 0, 8.5 ],
			"to": [ 7, 0.5, 10.5 ],
			"faces": {
				"down": { "uv": [ 6, 5.5, 7, 7.5 ], "texture": "#texture2" },
				"up": { "uv": [ 6, 8.5, 7, 10.5 ], "texture": "#texture2" },
				"north": { "uv": [ 9, 15.5, 10, 16 ], "texture": "#texture2" },
				"south": { "uv": [ 6, 15.5, 7, 16 ], "texture": "#texture2" },
				"west": { "uv": [ 8.5, 15.5, 10.5, 16 ], "texture": "#texture2" },
				"east": { "uv": [ 5.5, 15.5, 7.5, 16 ], "texture": "#texture2" }
			}
		},
		{
			"__comment": "Box1",
			"from": [ 9, 0.5, 8.5 ],
			"to": [ 10, 2, 10.5 ],
			"faces": {
				"down": { "uv": [ 9, 5.5, 10, 7.5 ], "texture": "#texture3" },
				"up": { "uv": [ 9, 8.5, 10, 10.5 ], "texture": "#texture3" },
				"north": { "uv": [ 6, 14, 7, 15.5 ], "texture": "#texture3" },
				"south": { "uv": [ 9, 14, 10, 15.5 ], "texture": "#texture3" },
				"west": { "uv": [ 8.5, 14, 10.5, 15.5 ], "texture": "#texture3" },
				"east": { "uv": [ 5.5, 14, 7.5, 15.5 ], "texture": "#texture3" }
			}
		},
		{
			"__comment": "Box1",
			"from": [ 6, 0.5, 8.5 ],
			"to": [ 7, 2, 10.5 ],
			"faces": {
				"down": { "uv": [ 6, 5.5, 7, 7.5 ], "texture": "#texture3" },
				"up": { "uv": [ 6, 8.5, 7, 10.5 ], "texture": "#texture3" },
				"north": { "uv": [ 9, 14, 10, 15.5 ], "texture": "#texture3" },
				"south": { "uv": [ 6, 14, 7, 15.5 ], "texture": "#texture3" },
				"west": { "uv": [ 8.5, 14, 10.5, 15.5 ], "texture": "#texture3" },
				"east": { "uv": [ 5.5, 14, 7.5, 15.5 ], "texture": "#texture3" }
			}
		},
		{
			"__comment": "Box1",
			"from": [ 6, 2.5, 8 ],
			"to": [ 10, 3, 11 ],
			"faces": {
				"down": { "uv": [ 6, 5, 10, 8 ], "texture": "#texture3" },
				"up": { "uv": [ 6, 8, 10, 11 ], "texture": "#texture3" },
				"north": { "uv": [ 6, 13, 10, 13.5 ], "texture": "#texture3" },
				"south": { "uv": [ 6, 13, 10, 13.5 ], "texture": "#texture3" },
				"west": { "uv": [ 8, 13, 11, 13.5 ], "texture": "#texture3" },
				"east": { "uv": [ 5, 13, 8, 13.5 ], "texture": "#texture3" }
			}
		},
		{
			"__comment": "Box1",
			"from": [ 6, 6, 7.5 ],
			"to": [ 10, 10, 8 ],
			"faces": {
				"down": { "uv": [ 5.5, 8, 10.5, 8.5 ], "texture": "#texture4" },
				"up": { "uv": [ 5.5, 7.5, 10.5, 8 ], "texture": "#texture4" },
				"north": { "uv": [ 5.5, 8, 10.5, 11 ], "texture": "#texture4" },
				"south": { "uv": [ 5, 8, 10, 11 ], "texture": "#texture4" },
				"west": { "uv": [ 7.5, 8, 8, 11 ], "texture": "#texture4" },
				"east": { "uv": [ 10, 8, 10.5, 11 ], "texture": "#texture4" }
			}
		},
		{
			"__comment": "Box1",
			"from": [ 6, 2, 8 ],
			"to": [ 10, 2.5, 11 ],
			"faces": {
				"down": { "uv": [ 6, 5, 10, 8 ], "texture": "#texture2" },
				"up": { "uv": [ 6, 8, 10, 11 ], "texture": "#texture2" },
				"north": { "uv": [ 6, 13.5, 10, 14 ], "texture": "#texture2" },
				"south": { "uv": [ 6, 13.5, 10, 14 ], "texture": "#texture2" },
				"west": { "uv": [ 8, 13.5, 11, 14 ], "texture": "#texture2" },
				"east": { "uv": [ 5, 13.5, 8, 14 ], "texture": "#texture2" }
			}
		},
		{
			"__comment": "Box1",
			"from": [ 6, 3, 8 ],
			"to": [ 7, 4, 11 ],
			"faces": {
				"down": { "uv": [ 6, 5, 7, 8 ], "texture": "#texture6" },
				"up": { "uv": [ 6, 8, 7, 11 ], "texture": "#texture6" },
				"north": { "uv": [ 9, 12, 10, 13 ], "texture": "#texture6" },
				"south": { "uv": [ 6, 12, 7, 13 ], "texture": "#texture6" },
				"west": { "uv": [ 8, 12, 11, 13 ], "texture": "#texture6" },
				"east": { "uv": [ 5, 12, 8, 13 ], "texture": "#texture6" }
			}
		},
		{
			"__comment": "Box1",
			"from": [ 5.5, 6, 8 ],
			"to": [ 10.5, 10, 11 ],
			"faces": {
				"down": { "uv": [ 5, 7, 11, 8 ], "texture": "#texture5" },
				"up": { "uv": [ 5, 8, 11, 9 ], "texture": "#texture5" },
				"north": { "uv": [ 5, 8, 11, 11 ], "texture": "#texture5" },
				"south": { "uv": [ 5, 6.5, 11, 10 ], "texture": "#texture5" },
				"west": { "uv": [ 7, 8.5, 8, 11 ], "texture": "#texture5" },
				"east": { "uv": [ 8, 6.5, 9, 10 ], "texture": "#texture5" }
			}
		},
		{
			"__comment": "Box1",
			"from": [ 6, 7, 7 ],
			"to": [ 7, 8, 7.5 ],
			"faces": {
				"down": { "uv": [ 6, 8.5, 7, 9 ], "texture": "#texture1" },
				"up": { "uv": [ 6, 7, 7, 7.5 ], "texture": "#texture1" },
				"north": { "uv": [ 9, 8, 10, 9 ], "texture": "#texture1" },
				"south": { "uv": [ 6, 8, 7, 9 ], "texture": "#texture1" },
				"west": { "uv": [ 7, 8, 7.5, 9 ], "texture": "#texture1" },
				"east": { "uv": [ 8.5, 8, 9, 9 ], "texture": "#texture1" }
			}
		},
		{
			"__comment": "Box1",
			"from": [ 9, 7, 7 ],
			"to": [ 10, 8, 7.5 ],
			"faces": {
				"down": { "uv": [ 9, 8.5, 10, 9 ], "texture": "#texture1" },
				"up": { "uv": [ 9, 7, 10, 7.5 ], "texture": "#texture1" },
				"north": { "uv": [ 6, 8, 7, 9 ], "texture": "#texture1" },
				"south": { "uv": [ 9, 8, 10, 9 ], "texture": "#texture1" },
				"west": { "uv": [ 7, 8, 7.5, 9 ], "texture": "#texture1" },
				"east": { "uv": [ 8.5, 8, 9, 9 ], "texture": "#texture1" }
			}
		},
		{
			"__comment": "Box1",
			"from": [ 9, 3, 8 ],
			"to": [ 10, 4, 11 ],
			"faces": {
				"down": { "uv": [ 9, 5, 10, 8 ], "texture": "#texture5" },
				"up": { "uv": [ 9, 8, 10, 11 ], "texture": "#texture5" },
				"north": { "uv": [ 6, 12, 7, 13 ], "texture": "#texture5" },
				"south": { "uv": [ 9, 12, 10, 13 ], "texture": "#texture5" },
				"west": { "uv": [ 8, 12, 11, 13 ], "texture": "#texture5" },
				"east": { "uv": [ 5, 12, 8, 13 ], "texture": "#texture5" }
			}
		},
		{
			"__comment": "Box1",
			"from": [ 7, 3, 8 ],
			"to": [ 9, 3.5, 11 ],
			"faces": {
				"down": { "uv": [ 7, 5, 9, 8 ], "texture": "#texture1" },
				"up": { "uv": [ 7, 8, 9, 11 ], "texture": "#texture1" },
				"north": { "uv": [ 7, 12.5, 9, 13 ], "texture": "#texture1" },
				"south": { "uv": [ 7, 12.5, 9, 13 ], "texture": "#texture1" },
				"west": { "uv": [ 8, 12.5, 11, 13 ], "texture": "#texture1" },
				"east": { "uv": [ 5, 12.5, 8, 13 ], "texture": "#texture1" }
			}
		},
		{
			"__comment": "Box1",
			"from": [ 6, 6, 11 ],
			"to": [ 10, 10, 11.5 ],
			"faces": {
				"down": { "uv": [ 5.5, 8, 10.5, 8.5 ], "texture": "#texture5" },
				"up": { "uv": [ 5.5, 7.5, 10.5, 8 ], "texture": "#texture5" },
				"north": { "uv": [ 5.5, 8, 10.5, 11 ], "texture": "#texture5" },
				"south": { "uv": [ 5, 8, 10, 11 ], "texture": "#texture5" },
				"west": { "uv": [ 7.5, 8, 8, 11 ], "texture": "#texture5" },
				"east": { "uv": [ 10, 8, 10.5, 11 ], "texture": "#texture5" }
			}
		},
		{
			"__comment": "Box1",
			"from": [ 6, 10, 8 ],
			"to": [ 10, 10.5, 11 ],
			"faces": {
				"down": { "uv": [ 5, 7, 11, 8 ], "texture": "#texture5" },
				"up": { "uv": [ 5, 8, 11, 9 ], "texture": "#texture5" },
				"north": { "uv": [ 5, 8, 11, 11 ], "texture": "#texture5" },
				"south": { "uv": [ 5, 6.5, 11, 10 ], "texture": "#texture5" },
				"west": { "uv": [ 7, 8.5, 8, 11 ], "texture": "#texture5" },
				"east": { "uv": [ 8, 6.5, 9, 10 ], "texture": "#texture5" }
			}
		},
		{
			"__comment": "Box1",
			"from": [ 5.5, 3.5, 8.5 ],
			"to": [ 10.5, 5.5, 10.5 ],
			"faces": {
				"down": { "uv": [ 5.5, 5.5, 10.5, 7.5 ], "texture": "#texture3" },
				"up": { "uv": [ 5.5, 8.5, 10.5, 10.5 ], "texture": "#texture3" },
				"north": { "uv": [ 5.5, 10.5, 10.5, 12.5 ], "texture": "#texture3" },
				"south": { "uv": [ 5.5, 10.5, 10.5, 12.5 ], "texture": "#texture3" },
				"west": { "uv": [ 8.5, 10.5, 10.5, 12.5 ], "texture": "#texture3" },
				"east": { "uv": [ 5.5, 10.5, 7.5, 12.5 ], "texture": "#texture3" }
			}
		},
		{
			"__comment": "Box1",
			"from": [ 5, 3, 8.5 ],
			"to": [ 5.5, 4, 10.5 ],
			"faces": {
				"down": { "uv": [ 5, 5.5, 5.5, 7.5 ], "texture": "#texture3" },
				"up": { "uv": [ 5, 8.5, 5.5, 10.5 ], "texture": "#texture3" },
				"north": { "uv": [ 10.5, 11.5, 11, 12.5 ], "texture": "#texture3" },
				"south": { "uv": [ 5, 11.5, 5.5, 12.5 ], "texture": "#texture3" },
				"west": { "uv": [ 8.5, 11.5, 10.5, 12.5 ], "texture": "#texture3" },
				"east": { "uv": [ 5.5, 11.5, 7.5, 12.5 ], "texture": "#texture3" }
			}
		},
		{
			"__comment": "Box1",
			"from": [ 10.5, 3, 8.5 ],
			"to": [ 11, 4, 10.5 ],
			"faces": {
				"down": { "uv": [ 10.5, 5.5, 11, 7.5 ], "texture": "#texture3" },
				"up": { "uv": [ 10.5, 8.5, 11, 10.5 ], "texture": "#texture3" },
				"north": { "uv": [ 5, 11.5, 5.5, 12.5 ], "texture": "#texture3" },
				"south": { "uv": [ 10.5, 11.5, 11, 12.5 ], "texture": "#texture3" },
				"west": { "uv": [ 8.5, 11.5, 10.5, 12.5 ], "texture": "#texture3" },
				"east": { "uv": [ 5.5, 11.5, 7.5, 12.5 ], "texture": "#texture3" }
			}
		},
		{
			"__comment": "Box1",
			"from": [ 6, 5.5, 8 ],
			"to": [ 10, 6, 11 ],
			"faces": {
				"down": { "uv": [ 6, 5, 10, 8 ], "texture": "#texture2" },
				"up": { "uv": [ 6, 8, 10, 11 ], "texture": "#texture2" },
				"north": { "uv": [ 6, 10, 10, 10.5 ], "texture": "#texture2" },
				"south": { "uv": [ 6, 10, 10, 10.5 ], "texture": "#texture2" },
				"west": { "uv": [ 8, 10, 11, 10.5 ], "texture": "#texture2" },
				"east": { "uv": [ 5, 10, 8, 10.5 ], "texture": "#texture2" }
			}
		},
		{
			"__comment": "Box1",
			"from": [ 6, 4.5, 8 ],
			"to": [ 7, 5.5, 11 ],
			"faces": {
				"down": { "uv": [ 6, 5, 7, 8 ], "texture": "#particle" },
				"up": { "uv": [ 6, 8, 7, 11 ], "texture": "#particle" },
				"north": { "uv": [ 9, 10.5, 10, 11.5 ], "texture": "#particle" },
				"south": { "uv": [ 6, 10.5, 7, 11.5 ], "texture": "#particle" },
				"west": { "uv": [ 8, 10.5, 11, 11.5 ], "texture": "#particle" },
				"east": { "uv": [ 5, 10.5, 8, 11.5 ], "texture": "#particle" }
			}
		},
		{
			"__comment": "Box1",
			"from": [ 9, 4.5, 8 ],
			"to": [ 10, 5.5, 11 ],
			"faces": {
				"down": { "uv": [ 9, 5, 10, 8 ], "texture": "#texture2" },
				"up": { "uv": [ 9, 8, 10, 11 ], "texture": "#texture2" },
				"north": { "uv": [ 6, 10.5, 7, 11.5 ], "texture": "#texture2" },
				"south": { "uv": [ 9, 10.5, 10, 11.5 ], "texture": "#texture2" },
				"west": { "uv": [ 8, 10.5, 11, 11.5 ], "texture": "#texture2" },
				"east": { "uv": [ 5, 10.5, 8, 11.5 ], "texture": "#texture2" }
			}
		},
		{
			"__comment": "Box1",
			"from": [ 7, 4.5, 8 ],
			"to": [ 9, 5.5, 11 ],
			"faces": {
				"down": { "uv": [ 7, 5, 9, 8 ], "texture": "#texture3" },
				"up": { "uv": [ 7, 8, 9, 11 ], "texture": "#texture3" },
				"north": { "uv": [ 7, 10.5, 9, 11.5 ], "texture": "#texture3" },
				"south": { "uv": [ 7, 10.5, 9, 11.5 ], "texture": "#texture3" },
				"west": { "uv": [ 8, 10.5, 11, 11.5 ], "texture": "#texture3" },
				"east": { "uv": [ 5, 10.5, 8, 11.5 ], "texture": "#texture3" }
			}
		},
		{
			"__comment": "Box1",
			"from": [ 9, 3, 8 ],
			"to": [ 10, 4, 11 ],
			"faces": {
				"down": { "uv": [ 9, 5, 10, 8 ], "texture": "#texture2" },
				"up": { "uv": [ 9, 8, 10, 11 ], "texture": "#texture2" },
				"north": { "uv": [ 6, 12, 7, 13 ], "texture": "#texture2" },
				"south": { "uv": [ 9, 12, 10, 13 ], "texture": "#texture2" },
				"west": { "uv": [ 8, 12, 11, 13 ], "texture": "#texture2" },
				"east": { "uv": [ 5, 12, 8, 13 ], "texture": "#texture2" }
			}
		},
		{
			"__comment": "Box1",
			"from": [ 6, 3, 8 ],
			"to": [ 7, 4, 11 ],
			"faces": {
				"down": { "uv": [ 6, 5, 7, 8 ], "texture": "#texture5" },
				"up": { "uv": [ 6, 8, 7, 11 ], "texture": "#texture5" },
				"north": { "uv": [ 9, 12, 10, 13 ], "texture": "#texture5" },
				"south": { "uv": [ 6, 12, 7, 13 ], "texture": "#texture5" },
				"west": { "uv": [ 8, 12, 11, 13 ], "texture": "#texture5" },
				"east": { "uv": [ 5, 12, 8, 13 ], "texture": "#texture5" }
			}
		},
		{
			"__comment": "Box1",
			"from": [ 6, 4, 8 ],
			"to": [ 10, 4.5, 11 ],
			"faces": {
				"down": { "uv": [ 6, 5, 10, 8 ], "texture": "#texture2" },
				"up": { "uv": [ 6, 8, 10, 11 ], "texture": "#texture2" },
				"north": { "uv": [ 6, 11.5, 10, 12 ], "texture": "#texture2" },
				"south": { "uv": [ 6, 11.5, 10, 12 ], "texture": "#texture2" },
				"west": { "uv": [ 8, 11.5, 11, 12 ], "texture": "#texture2" },
				"east": { "uv": [ 5, 11.5, 8, 12 ], "texture": "#texture2" }
			}
		},
		{
			"__comment": "Box1",
			"from": [ 7, 3.5, 8 ],
			"to": [ 9, 4, 11 ],
			"faces": {
				"down": { "uv": [ 7, 5, 9, 8 ], "texture": "#texture3" },
				"up": { "uv": [ 7, 8, 9, 11 ], "texture": "#texture3" },
				"north": { "uv": [ 7, 12, 9, 12.5 ], "texture": "#texture3" },
				"south": { "uv": [ 7, 12, 9, 12.5 ], "texture": "#texture3" },
				"west": { "uv": [ 8, 12, 11, 12.5 ], "texture": "#texture3" },
				"east": { "uv": [ 5, 12, 8, 12.5 ], "texture": "#texture3" }
			}
		},
		{
			"__comment": "Box1",
			"from": [ 10.5, 4, 8.5 ],
			"to": [ 11, 5, 10.5 ],
			"faces": {
				"down": { "uv": [ 10.5, 5.5, 11, 7.5 ], "texture": "#texture2" },
				"up": { "uv": [ 10.5, 8.5, 11, 10.5 ], "texture": "#texture2" },
				"north": { "uv": [ 5, 11, 5.5, 12 ], "texture": "#texture2" },
				"south": { "uv": [ 10.5, 11, 11, 12 ], "texture": "#texture2" },
				"west": { "uv": [ 8.5, 11, 10.5, 12 ], "texture": "#texture2" },
				"east": { "uv": [ 5.5, 11, 7.5, 12 ], "texture": "#texture2" }
			}
		},
		{
			"__comment": "Box1",
			"from": [ 5, 4, 8.5 ],
			"to": [ 5.5, 5, 10.5 ],
			"faces": {
				"down": { "uv": [ 5, 5.5, 5.5, 7.5 ], "texture": "#texture2" },
				"up": { "uv": [ 5, 8.5, 5.5, 10.5 ], "texture": "#texture2" },
				"north": { "uv": [ 10.5, 11.5, 11, 12.5 ], "texture": "#texture2" },
				"south": { "uv": [ 5, 11.5, 5.5, 12.5 ], "texture": "#texture2" },
				"west": { "uv": [ 8.5, 11.5, 10.5, 12.5 ], "texture": "#texture2" },
				"east": { "uv": [ 5.5, 11.5, 7.5, 12.5 ], "texture": "#texture2" }
			}
		},
		{
			"__comment": "Box1",
			"from": [ 7.1, 4.6, 7.9 ],
			"to": [ 8.9, 5.4, 10.7 ],
			"faces": {
				"down": { "uv": [ 7.1, 5.3, 8.9, 8.1 ], "texture": "#texture7" },
				"up": { "uv": [ 7.1, 7.9, 8.9, 10.7 ], "texture": "#texture7" },
				"north": { "uv": [ 7.1, 10.6, 8.9, 11.4 ], "texture": "#texture7" },
				"south": { "uv": [ 7.1, 10.6, 8.9, 11.4 ], "texture": "#texture7" },
				"west": { "uv": [ 7.9, 10.6, 10.7, 11.4 ], "texture": "#texture7" },
				"east": { "uv": [ 5.3, 10.6, 8.1, 11.4 ], "texture": "#texture7" }
			}
		},
		{
			"__comment": "Box1",
			"from": [ 5, 4.5, 11 ],
			"to": [ 11, 5.5, 11.5 ],
			"faces": {
				"down": { "uv": [ 5.5, 8, 10.5, 8.5 ], "texture": "#texture3" },
				"up": { "uv": [ 5.5, 7.5, 10.5, 8 ], "texture": "#texture3" },
				"north": { "uv": [ 5.5, 8, 10.5, 11 ], "texture": "#texture3" },
				"south": { "uv": [ 5, 8, 10, 11 ], "texture": "#texture3" },
				"west": { "uv": [ 7.5, 8, 8, 11 ], "texture": "#texture3" },
				"east": { "uv": [ 10, 8, 10.5, 11 ], "texture": "#texture3" }
			}
		},
		{
			"__comment": "Box1",
			"from": [ 11, 4.5, 11 ],
			"to": [ 12, 5.5, 11.5 ],
			"faces": {
				"down": { "uv": [ 5.5, 8, 10.5, 8.5 ], "texture": "#texture2" },
				"up": { "uv": [ 5.5, 7.5, 10.5, 8 ], "texture": "#texture2" },
				"north": { "uv": [ 5.5, 8, 10.5, 11 ], "texture": "#texture2" },
				"south": { "uv": [ 5, 8, 10, 11 ], "texture": "#texture2" },
				"west": { "uv": [ 7.5, 8, 8, 11 ], "texture": "#texture2" },
				"east": { "uv": [ 10, 8, 10.5, 11 ], "texture": "#texture2" }
			}
		},
		{
			"__comment": "Box1",
			"from": [ 4, 4.5, 11 ],
			"to": [ 5, 5.5, 11.5 ],
			"faces": {
				"down": { "uv": [ 5.5, 8, 10.5, 8.5 ], "texture": "#texture2" },
				"up": { "uv": [ 5.5, 7.5, 10.5, 8 ], "texture": "#texture2" },
				"north": { "uv": [ 5.5, 8, 10.5, 11 ], "texture": "#texture2" },
				"south": { "uv": [ 5, 8, 10, 11 ], "texture": "#texture2" },
				"west": { "uv": [ 7.5, 8, 8, 11 ], "texture": "#texture2" },
				"east": { "uv": [ 10, 8, 10.5, 11 ], "texture": "#texture2" }
			}
		},
		{
			"__comment": "Box1",
			"from": [ 4, 3.5, 11 ],
			"to": [ 12, 4.5, 11.5 ],
			"faces": {
				"down": { "uv": [ 5.5, 8, 10.5, 8.5 ], "texture": "#texture5" },
				"up": { "uv": [ 5.5, 7.5, 10.5, 8 ], "texture": "#texture5" },
				"north": { "uv": [ 5.5, 8, 10.5, 11 ], "texture": "#texture5" },
				"south": { "uv": [ 10, 4, 15, 6 ], "texture": "#texture5" },
				"west": { "uv": [ 7.5, 8, 8, 11 ], "texture": "#texture5" },
				"east": { "uv": [ 10, 8, 10.5, 11 ], "texture": "#texture5" }
			}
		},
		{
			"__comment": "Box1",
			"from": [ 5, 3, 11 ],
			"to": [ 11, 3.5, 11.5 ],
			"faces": {
				"down": { "uv": [ 5.5, 8, 10.5, 8.5 ], "texture": "#texture5" },
				"up": { "uv": [ 5.5, 7.5, 10.5, 8 ], "texture": "#texture5" },
				"north": { "uv": [ 8, 6, 13, 7 ], "texture": "#texture5" },
				"south": { "uv": [ 7, 6, 12, 7 ], "texture": "#texture5" },
				"west": { "uv": [ 7.5, 8, 8, 11 ], "texture": "#texture5" },
				"east": { "uv": [ 10, 8, 10.5, 11 ], "texture": "#texture5" }
			}
		},
		{
			"__comment": "Box1",
			"from": [ 6, 2.5, 11 ],
			"to": [ 10, 3, 11.5 ],
			"faces": {
				"down": { "uv": [ 5.5, 8, 10.5, 8.5 ], "texture": "#texture5" },
				"up": { "uv": [ 5.5, 7.5, 10.5, 8 ], "texture": "#texture5" },
				"north": { "uv": [ 5.5, 8, 10.5, 9 ], "texture": "#texture5" },
				"south": { "uv": [ 5, 8, 10, 9 ], "texture": "#texture5" },
				"west": { "uv": [ 7.5, 8, 8, 11 ], "texture": "#texture5" },
				"east": { "uv": [ 10, 8, 10.5, 11 ], "texture": "#texture5" }
			}
		},
		{
			"__comment": "Box1",
			"from": [ 12, 5, 10.5 ],
			"to": [ 13, 6, 11.5 ],
			"faces": {
				"down": { "uv": [ 5.5, 8, 10.5, 8.5 ], "texture": "#texture" },
				"up": { "uv": [ 5.5, 7.5, 10.5, 8 ], "texture": "#texture" },
				"north": { "uv": [ 5.5, 8, 10.5, 11 ], "texture": "#texture" },
				"south": { "uv": [ 5, 8, 10, 11 ], "texture": "#texture" },
				"west": { "uv": [ 7.5, 8, 8, 11 ], "texture": "#texture" },
				"east": { "uv": [ 10, 8, 10.5, 11 ], "texture": "#texture" }
			}
		},
		{
			"__comment": "Box1",
			"from": [ 3, 5, 10.5 ],
			"to": [ 4, 6, 11.5 ],
			"faces": {
				"down": { "uv": [ 5.5, 8, 6, 8.5 ], "texture": "#particle" },
				"up": { "uv": [ 5.5, 7.5, 6, 8 ], "texture": "#particle" },
				"north": { "uv": [ 5.5, 8, 6.5, 9 ], "texture": "#particle" },
				"south": { "uv": [ 5, 8, 6, 9.5 ], "texture": "#particle" },
				"west": { "uv": [ 7.5, 8, 8.5, 9 ], "texture": "#particle" },
				"east": { "uv": [ 10, 8, 11, 9 ], "texture": "#particle" }
			}
		},
		{
			"__comment": "Box1",
			"from": [ 12, 3.5, 10.5 ],
			"to": [ 13, 4.5, 11.5 ],
			"faces": {
				"down": { "uv": [ 5.5, 8, 10.5, 8.5 ], "texture": "#texture" },
				"up": { "uv": [ 5.5, 7.5, 10.5, 8 ], "texture": "#texture" },
				"north": { "uv": [ 5.5, 8, 10.5, 11 ], "texture": "#texture" },
				"south": { "uv": [ 5, 8, 10, 11 ], "texture": "#texture" },
				"west": { "uv": [ 7.5, 8, 8, 11 ], "texture": "#texture" },
				"east": { "uv": [ 10, 8, 10.5, 11 ], "texture": "#texture" }
			}
		},
		{
			"__comment": "Box1",
			"from": [ 3, 3.5, 10.5 ],
			"to": [ 4, 4.5, 11.5 ],
			"faces": {
				"down": { "uv": [ 5.5, 8, 10.5, 8.5 ], "texture": "#texture" },
				"up": { "uv": [ 5.5, 7.5, 10.5, 8 ], "texture": "#texture" },
				"north": { "uv": [ 5.5, 8, 10.5, 11 ], "texture": "#texture" },
				"south": { "uv": [ 5, 8, 10, 11 ], "texture": "#texture" },
				"west": { "uv": [ 7.5, 8, 8, 11 ], "texture": "#texture" },
				"east": { "uv": [ 10, 8, 10.5, 11 ], "texture": "#texture" }
			}
		},
		{
			"__comment": "Box1",
			"from": [ 3.1, 4, 10.6 ],
			"to": [ 3.9, 5, 11.4 ],
			"faces": {
				"down": { "uv": [ 5.5, 8, 10.5, 8.5 ], "texture": "#texture" },
				"up": { "uv": [ 5.5, 7.5, 10.5, 8 ], "texture": "#texture" },
				"north": { "uv": [ 5.5, 8, 10.5, 11 ], "texture": "#texture" },
				"south": { "uv": [ 5, 8, 10, 11 ], "texture": "#texture" },
				"west": { "uv": [ 7.5, 8, 8, 11 ], "texture": "#texture" },
				"east": { "uv": [ 10, 8, 10.5, 11 ], "texture": "#texture" }
			}
		},
		{
			"__comment": "Box1",
			"from": [ 12.1, 4, 10.6 ],
			"to": [ 12.9, 5, 11.4 ],
			"faces": {
				"down": { "uv": [ 5.5, 8, 10.5, 8.5 ], "texture": "#texture" },
				"up": { "uv": [ 5.5, 7.5, 10.5, 8 ], "texture": "#texture" },
				"north": { "uv": [ 5.5, 8, 10.5, 11 ], "texture": "#texture" },
				"south": { "uv": [ 5, 8, 10, 11 ], "texture": "#texture" },
				"west": { "uv": [ 7.5, 8, 8, 11 ], "texture": "#texture" },
				"east": { "uv": [ 10, 8, 10.5, 11 ], "texture": "#texture" }
			}
		},
		{
			"__comment": "Box1",
			"from": [ 5, 7, 8.5 ],
			"to": [ 5.5, 9, 10.5 ],
			"faces": {
				"down": { "uv": [ 5, 5.5, 5.5, 7.5 ], "texture": "#texture5" },
				"up": { "uv": [ 5, 8.5, 5.5, 10.5 ], "texture": "#texture5" },
				"north": { "uv": [ 10.5, 7, 11, 9 ], "texture": "#texture5" },
				"south": { "uv": [ 5, 7, 5.5, 9 ], "texture": "#texture5" },
				"west": { "uv": [ 8.5, 7, 10.5, 9 ], "texture": "#texture5" },
				"east": { "uv": [ 5.5, 7, 7.5, 9 ], "texture": "#texture5" }
			}
		},
		{
			"__comment": "Box1",
			"from": [ 10.5, 7, 8.5 ],
			"to": [ 11, 9, 10.5 ],
			"faces": {
				"down": { "uv": [ 10.5, 5.5, 11, 7.5 ], "texture": "#texture5" },
				"up": { "uv": [ 10.5, 8.5, 11, 10.5 ], "texture": "#texture5" },
				"north": { "uv": [ 5, 7, 5.5, 9 ], "texture": "#texture5" },
				"south": { "uv": [ 10.5, 7, 11, 9 ], "texture": "#texture5" },
				"west": { "uv": [ 8.5, 7, 10.5, 9 ], "texture": "#texture5" },
				"east": { "uv": [ 5.5, 7, 7.5, 9 ], "texture": "#texture5" }
			}
		},
		{
			"__comment": "Box1",
			"from": [ 10, 4.5, 10.5 ],
			"to": [ 10.5, 5.3, 11 ],
			"faces": {
				"down": { "uv": [ 5.5, 8, 10.5, 8.5 ], "texture": "#particle" },
				"up": { "uv": [ 5.5, 7.5, 10.5, 8 ], "texture": "#particle" },
				"north": { "uv": [ 5.5, 8, 10.5, 11 ], "texture": "#particle" },
				"south": { "uv": [ 5, 8, 10, 11 ], "texture": "#particle" },
				"west": { "uv": [ 7.5, 8, 8, 11 ], "texture": "#particle" },
				"east": { "uv": [ 10, 8, 10.5, 11 ], "texture": "#particle" }
			}
		},
		{
			"__comment": "Box1",
			"from": [ 10.5, 4.5, 10.5 ],
			"to": [ 11, 5.3, 11 ],
			"faces": {
				"down": { "uv": [ 5.5, 8, 10.5, 8.5 ], "texture": "#texture3" },
				"up": { "uv": [ 5.5, 7.5, 10.5, 8 ], "texture": "#texture3" },
				"north": { "uv": [ 5.5, 8, 10.5, 11 ], "texture": "#texture3" },
				"south": { "uv": [ 5, 8, 10, 11 ], "texture": "#texture3" },
				"west": { "uv": [ 7.5, 8, 8, 11 ], "texture": "#texture3" },
				"east": { "uv": [ 10, 8, 10.5, 11 ], "texture": "#texture3" }
			}
		},
		{
			"__comment": "Box1",
			"from": [ 11.5, 4.5, 10.5 ],
			"to": [ 12, 5.3, 11 ],
			"faces": {
				"down": { "uv": [ 5.5, 8, 10.5, 8.5 ], "texture": "#texture3" },
				"up": { "uv": [ 5.5, 7.5, 10.5, 8 ], "texture": "#texture3" },
				"north": { "uv": [ 5.5, 8, 10.5, 11 ], "texture": "#texture3" },
				"south": { "uv": [ 5, 8, 10, 11 ], "texture": "#texture3" },
				"west": { "uv": [ 7.5, 8, 8, 11 ], "texture": "#texture3" },
				"east": { "uv": [ 10, 8, 10.5, 11 ], "texture": "#texture3" }
			}
		},
		{
			"__comment": "Box1",
			"from": [ 11, 4.5, 10.5 ],
			"to": [ 11.5, 5.3, 11 ],
			"faces": {
				"down": { "uv": [ 5.5, 8, 10.5, 8.5 ], "texture": "#particle" },
				"up": { "uv": [ 5.5, 7.5, 10.5, 8 ], "texture": "#particle" },
				"north": { "uv": [ 5.5, 8, 10.5, 11 ], "texture": "#particle" },
				"south": { "uv": [ 5, 8, 10, 11 ], "texture": "#particle" },
				"west": { "uv": [ 7.5, 8, 8, 11 ], "texture": "#particle" },
				"east": { "uv": [ 10, 8, 10.5, 11 ], "texture": "#particle" }
			}
		},
		{
			"__comment": "Box1",
			"from": [ 4.5, 4.5, 10.5 ],
			"to": [ 5, 5.3, 11 ],
			"faces": {
				"down": { "uv": [ 5.5, 8, 10.5, 8.5 ], "texture": "#texture3" },
				"up": { "uv": [ 5.5, 7.5, 10.5, 8 ], "texture": "#texture3" },
				"north": { "uv": [ 5.5, 8, 10.5, 11 ], "texture": "#texture3" },
				"south": { "uv": [ 5, 8, 10, 11 ], "texture": "#texture3" },
				"west": { "uv": [ 7.5, 8, 8, 11 ], "texture": "#texture3" },
				"east": { "uv": [ 10, 8, 10.5, 11 ], "texture": "#texture3" }
			}
		},
		{
			"__comment": "Box1",
			"from": [ 4, 4.5, 10.5 ],
			"to": [ 4.5, 5.3, 11 ],
			"faces": {
				"down": { "uv": [ 5.5, 8, 10.5, 8.5 ], "texture": "#particle" },
				"up": { "uv": [ 5.5, 7.5, 10.5, 8 ], "texture": "#particle" },
				"north": { "uv": [ 5.5, 8, 10.5, 11 ], "texture": "#particle" },
				"south": { "uv": [ 5, 8, 10, 11 ], "texture": "#particle" },
				"west": { "uv": [ 7.5, 8, 8, 11 ], "texture": "#particle" },
				"east": { "uv": [ 10, 8, 10.5, 11 ], "texture": "#particle" }
			}
		},
		{
			"__comment": "Box1",
			"from": [ 5, 4.5, 10.5 ],
			"to": [ 5.5, 5.3, 11 ],
			"faces": {
				"down": { "uv": [ 5.5, 8, 10.5, 8.5 ], "texture": "#particle" },
				"up": { "uv": [ 5.5, 7.5, 10.5, 8 ], "texture": "#particle" },
				"north": { "uv": [ 5.5, 8, 10.5, 11 ], "texture": "#particle" },
				"south": { "uv": [ 5, 8, 10, 11 ], "texture": "#particle" },
				"west": { "uv": [ 7.5, 8, 8, 11 ], "texture": "#particle" },
				"east": { "uv": [ 10, 8, 10.5, 11 ], "texture": "#particle" }
			}
		},
		{
			"__comment": "Box1",
			"from": [ 5.5, 4.5, 10.5 ],
			"to": [ 6, 5.3, 11 ],
			"faces": {
				"down": { "uv": [ 5.5, 8, 10.5, 8.5 ], "texture": "#texture3" },
				"up": { "uv": [ 5.5, 7.5, 10.5, 8 ], "texture": "#texture3" },
				"north": { "uv": [ 5.5, 8, 10.5, 11 ], "texture": "#texture3" },
				"south": { "uv": [ 5, 8, 10, 11 ], "texture": "#texture3" },
				"west": { "uv": [ 7.5, 8, 8, 11 ], "texture": "#texture3" },
				"east": { "uv": [ 10, 8, 10.5, 11 ], "texture": "#texture3" }
			}
		}
	],
	"display": {
		"thirdperson_righthand": {
			"translation":  [ 0.1, 1.3913, -1.8 ],
			"scale":  [ 0.6, 0.6, 0.6 ]
		},
		"thirdperson_lefthand": {
			"translation":  [ 0.1, 1.3913, -1.8 ],
			"scale":  [ 0.6, 0.6, 0.6 ]
		},
		"firstperson_righthand": {
			"rotation":  [ 0, 128, 0 ],
			"translation":  [ 0.6956, 5.5652, 0 ],
			"scale":  [ 0.5, 0.5, 0.5 ]
		},
		"firstperson_lefthand": {
			"rotation":  [ 0, 128, 0 ],
			"translation":  [ 0.6956, 5.5652, 0 ],
			"scale":  [ 0.5, 0.5, 0.5 ]
		},
		"gui": {
			"rotation":  [ 0, 159, 0 ],
			"translation":  [ -0.695, 0.6956, 0 ]
		},
		"ground": {
			"translation":  [ 0, 5.5652, 0 ]
		},
		"fixed": {
			"translation":  [ 0, 4.8695, -6.26 ],
			"scale":  [ 2, 2, 2 ]
		}
	}
}
