{
	"__comment": "Designed by Mouskegamer with Cubik Studio - https://cubik.studio",
	"textures": {
		"particle": "block/red_wool",
		"texture": "block/dark_oak_planks",
		"texture1": "block/black_concrete",
		"texture2": "block/sandstone_top",
		"texture3": "block/lime_concrete_powder",
		"texture4": "block/birch_planks",
		"texture5": "item/ender_pearl",
		"texture6": "block/gray_wool",
		"texture7": "custom/alice_door_01_green"
	},
	"elements": [ 	 
		{
			"__comment": "Box1",
			"from": [ 9, 0, 8.5 ],
			"to": [ 10, 0.5, 10.5 ],
			"faces": {
				"down": { "uv": [ 9, 5.5, 10, 7.5 ], "texture": "#texture3" },
				"up": { "uv": [ 9, 8.5, 10, 10.5 ], "texture": "#texture3" },
				"north": { "uv": [ 6, 15.5, 7, 16 ], "texture": "#texture3" },
				"south": { "uv": [ 9, 15.5, 10, 16 ], "texture": "#texture3" },
				"west": { "uv": [ 8.5, 15.5, 10.5, 16 ], "texture": "#texture3" },
				"east": { "uv": [ 5.5, 15.5, 7.5, 16 ], "texture": "#texture3" }
			}
		},
		{
			"__comment": "Box1",
			"from": [ 6, 0, 8.5 ],
			"to": [ 7, 0.5, 10.5 ],
			"faces": {
				"down": { "uv": [ 6, 5.5, 7, 7.5 ], "texture": "#texture3" },
				"up": { "uv": [ 6, 8.5, 7, 10.5 ], "texture": "#texture3" },
				"north": { "uv": [ 9, 15.5, 10, 16 ], "texture": "#texture3" },
				"south": { "uv": [ 6, 15.5, 7, 16 ], "texture": "#texture3" },
				"west": { "uv": [ 8.5, 15.5, 10.5, 16 ], "texture": "#texture3" },
				"east": { "uv": [ 5.5, 15.5, 7.5, 16 ], "texture": "#texture3" }
			}
		},
		{
			"__comment": "Box1",
			"from": [ 9, 0.5, 8.5 ],
			"to": [ 10, 1.5, 10.5 ],
			"faces": {
				"down": { "uv": [ 9, 5.5, 10, 7.5 ], "texture": "#texture1" },
				"up": { "uv": [ 9, 8.5, 10, 10.5 ], "texture": "#texture1" },
				"north": { "uv": [ 6, 14, 7, 15 ], "texture": "#texture1" },
				"south": { "uv": [ 9, 14, 10, 15 ], "texture": "#texture1" },
				"west": { "uv": [ 8.5, 14, 10.5, 15 ], "texture": "#texture1" },
				"east": { "uv": [ 5.5, 14, 7.5, 15 ], "texture": "#texture1" }
			}
		},
		{
			"__comment": "Box1",
			"from": [ 6, 0.5, 8.5 ],
			"to": [ 7, 1.5, 10.5 ],
			"faces": {
				"down": { "uv": [ 6, 5.5, 7, 7.5 ], "texture": "#texture1" },
				"up": { "uv": [ 6, 8.5, 7, 10.5 ], "texture": "#texture1" },
				"north": { "uv": [ 9, 14.5, 10, 15.5 ], "texture": "#texture1" },
				"south": { "uv": [ 6, 14.5, 7, 15.5 ], "texture": "#texture1" },
				"west": { "uv": [ 8.5, 14.5, 10.5, 15.5 ], "texture": "#texture1" },
				"east": { "uv": [ 5.5, 14.5, 7.5, 15.5 ], "texture": "#texture1" }
			}
		},
		{
			"__comment": "Box1",
			"from": [ 6, 6, 7.5 ],
			"to": [ 10, 8, 8 ],
			"faces": {
				"down": { "uv": [ 6, 8, 10, 8.5 ], "texture": "#texture4" },
				"up": { "uv": [ 6, 7.5, 10, 8 ], "texture": "#texture4" },
				"north": { "uv": [ 6, 8, 10, 10 ], "texture": "#texture4" },
				"south": { "uv": [ 6, 8, 10, 10 ], "texture": "#texture4" },
				"west": { "uv": [ 7.5, 8, 8, 10 ], "texture": "#texture4" },
				"east": { "uv": [ 8, 8, 8.5, 10 ], "texture": "#texture4" }
			}
		},
		{
			"__comment": "Box1",
			"from": [ 6, 2, 8 ],
			"to": [ 6.5, 2.5, 11 ],
			"faces": {
				"down": { "uv": [ 6, 5, 6.5, 8 ], "texture": "#texture3" },
				"up": { "uv": [ 6, 8, 6.5, 11 ], "texture": "#texture3" },
				"north": { "uv": [ 9.5, 13.5, 10, 14 ], "texture": "#texture3" },
				"south": { "uv": [ 6, 13.5, 6.5, 14 ], "texture": "#texture3" },
				"west": { "uv": [ 8, 13.5, 11, 14 ], "texture": "#texture3" },
				"east": { "uv": [ 5, 13.5, 8, 14 ], "texture": "#texture3" }
			}
		},
		{
			"__comment": "Box1",
			"from": [ 7.5, 5.5, 8 ],
			"to": [ 8.5, 6, 11 ],
			"faces": {
				"down": { "uv": [ 7.5, 5, 8.5, 8 ], "texture": "#texture3" },
				"up": { "uv": [ 7.5, 8, 8.5, 11 ], "texture": "#texture3" },
				"north": { "uv": [ 7.5, 10, 8.5, 10.5 ], "texture": "#texture3" },
				"south": { "uv": [ 7.5, 10, 8.5, 10.5 ], "texture": "#texture3" },
				"west": { "uv": [ 8, 10, 11, 10.5 ], "texture": "#texture3" },
				"east": { "uv": [ 5, 10, 8, 10.5 ], "texture": "#texture3" }
			}
		},
		{
			"__comment": "Box1",
			"from": [ 6, 5.5, 11 ],
			"to": [ 10, 10, 11.5 ],
			"faces": {
				"down": { "uv": [ 6, 4.5, 10, 5 ], "texture": "#texture7" },
				"up": { "uv": [ 6, 11, 10, 11.5 ], "texture": "#texture7" },
				"north": { "uv": [ 6, 6, 10, 10.5 ], "texture": "#texture7" },
				"south": { "uv": [ 6, 6, 10, 10.5 ], "texture": "#texture7" },
				"west": { "uv": [ 11, 6, 11.5, 10.5 ], "texture": "#texture7" },
				"east": { "uv": [ 4.5, 6, 5, 10.5 ], "texture": "#texture7" }
			}
		},
		{
			"__comment": "Box1",
			"from": [ 6.5, 9.5, 8.5 ],
			"to": [ 9.5, 10.5, 11 ],
			"faces": {
				"down": { "uv": [ 6.5, 5, 9.5, 7.5 ], "texture": "#texture7" },
				"up": { "uv": [ 6.5, 8.5, 9.5, 11 ], "texture": "#texture7" },
				"north": { "uv": [ 6.5, 5.5, 9.5, 6.5 ], "texture": "#texture7" },
				"south": { "uv": [ 6.5, 5.5, 9.5, 6.5 ], "texture": "#texture7" },
				"west": { "uv": [ 8.5, 5.5, 11, 6.5 ], "texture": "#texture7" },
				"east": { "uv": [ 5, 5.5, 7.5, 6.5 ], "texture": "#texture7" }
			}
		},
		{
			"__comment": "Box1",
			"from": [ 5.5, 6, 8 ],
			"to": [ 10.5, 10, 11 ],
			"faces": {
				"down": { "uv": [ 5.5, 5, 10.5, 8 ], "texture": "#texture7" },
				"up": { "uv": [ 5.5, 8, 10.5, 11 ], "texture": "#texture7" },
				"north": { "uv": [ 5.5, 6, 10.5, 10 ], "texture": "#texture7" },
				"south": { "uv": [ 5.5, 6, 10.5, 10 ], "texture": "#texture7" },
				"west": { "uv": [ 8, 6, 11, 10 ], "texture": "#texture7" },
				"east": { "uv": [ 5, 6, 8, 10 ], "texture": "#texture7" }
			}
		},
		{
			"__comment": "Box1",
			"from": [ 5, 2.5, 8.5 ],
			"to": [ 5.5, 3.5, 10.5 ],
			"faces": {
				"down": { "uv": [ 5, 5.5, 5.5, 7.5 ], "texture": "#texture2" },
				"up": { "uv": [ 5, 8.5, 5.5, 10.5 ], "texture": "#texture2" },
				"north": { "uv": [ 10.5, 12.5, 11, 13.5 ], "texture": "#texture2" },
				"south": { "uv": [ 5, 12.5, 5.5, 13.5 ], "texture": "#texture2" },
				"west": { "uv": [ 8.5, 12.5, 10.5, 13.5 ], "texture": "#texture2" },
				"east": { "uv": [ 5.5, 12.5, 7.5, 13.5 ], "texture": "#texture2" }
			}
		},
		{
			"__comment": "Box1",
			"from": [ 10.5, 2.5, 8.5 ],
			"to": [ 11, 3.5, 10.5 ],
			"faces": {
				"down": { "uv": [ 10.5, 5.5, 11, 7.5 ], "texture": "#texture2" },
				"up": { "uv": [ 10.5, 8.5, 11, 10.5 ], "texture": "#texture2" },
				"north": { "uv": [ 5, 12.5, 5.5, 13.5 ], "texture": "#texture2" },
				"south": { "uv": [ 10.5, 12.5, 11, 13.5 ], "texture": "#texture2" },
				"west": { "uv": [ 8.5, 12.5, 10.5, 13.5 ], "texture": "#texture2" },
				"east": { "uv": [ 5.5, 12.5, 7.5, 13.5 ], "texture": "#texture2" }
			}
		},
		{
			"__comment": "Box1",
			"from": [ 6, 7, 7 ],
			"to": [ 7, 8, 7.5 ],
			"faces": {
				"down": { "uv": [ 5.5, 8, 10.5, 8.5 ], "texture": "#texture1" },
				"up": { "uv": [ 5.5, 7.5, 10.5, 8 ], "texture": "#texture1" },
				"north": { "uv": [ 5.5, 8, 10.5, 11 ], "texture": "#texture1" },
				"south": { "uv": [ 5, 8, 10, 11 ], "texture": "#texture1" },
				"west": { "uv": [ 7.5, 8, 8, 11 ], "texture": "#texture1" },
				"east": { "uv": [ 10, 8, 10.5, 11 ], "texture": "#texture1" }
			}
		},
		{
			"__comment": "Box1",
			"from": [ 9, 7, 7 ],
			"to": [ 10, 8, 7.5 ],
			"faces": {
				"down": { "uv": [ 5.5, 8, 10.5, 8.5 ], "texture": "#texture1" },
				"up": { "uv": [ 5.5, 7.5, 10.5, 8 ], "texture": "#texture1" },
				"north": { "uv": [ 5.5, 8, 10.5, 11 ], "texture": "#texture1" },
				"south": { "uv": [ 5, 8, 10, 11 ], "texture": "#texture1" },
				"west": { "uv": [ 7.5, 8, 8, 11 ], "texture": "#texture1" },
				"east": { "uv": [ 10, 8, 10.5, 11 ], "texture": "#texture1" }
			}
		},
		{
			"__comment": "Box1",
			"from": [ 6, 3, 8 ],
			"to": [ 6.5, 6, 11 ],
			"faces": {
				"down": { "uv": [ 6, 5, 6.5, 8 ], "texture": "#texture3" },
				"up": { "uv": [ 6, 8, 6.5, 11 ], "texture": "#texture3" },
				"north": { "uv": [ 9.5, 10, 10, 13 ], "texture": "#texture3" },
				"south": { "uv": [ 6, 10, 6.5, 13 ], "texture": "#texture3" },
				"west": { "uv": [ 8, 10, 11, 13 ], "texture": "#texture3" },
				"east": { "uv": [ 5, 10, 8, 13 ], "texture": "#texture3" }
			}
		},
		{
			"__comment": "Box1",
			"from": [ 6, 2.5, 8 ],
			"to": [ 10, 3, 11 ],
			"faces": {
				"down": { "uv": [ 6, 5, 10, 8 ], "texture": "#texture2" },
				"up": { "uv": [ 6, 8, 10, 11 ], "texture": "#texture2" },
				"north": { "uv": [ 6, 13, 10, 13.5 ], "texture": "#texture2" },
				"south": { "uv": [ 6, 13, 10, 13.5 ], "texture": "#texture2" },
				"west": { "uv": [ 8, 13, 11, 13.5 ], "texture": "#texture2" },
				"east": { "uv": [ 5, 13, 8, 13.5 ], "texture": "#texture2" }
			}
		},
		{
			"__comment": "Box1",
			"from": [ 6, 1.5, 8.5 ],
			"to": [ 7, 2, 10.5 ],
			"faces": {
				"down": { "uv": [ 6, 5.5, 7, 7.5 ], "texture": "#texture3" },
				"up": { "uv": [ 6, 8.5, 7, 10.5 ], "texture": "#texture3" },
				"north": { "uv": [ 9, 14, 10, 14.5 ], "texture": "#texture3" },
				"south": { "uv": [ 6, 14, 7, 14.5 ], "texture": "#texture3" },
				"west": { "uv": [ 8.5, 14, 10.5, 14.5 ], "texture": "#texture3" },
				"east": { "uv": [ 5.5, 14, 7.5, 14.5 ], "texture": "#texture3" }
			}
		},
		{
			"__comment": "Box1",
			"from": [ 9, 1.5, 8.5 ],
			"to": [ 10, 2, 10.5 ],
			"faces": {
				"down": { "uv": [ 9, 5.5, 10, 7.5 ], "texture": "#texture3" },
				"up": { "uv": [ 9, 8.5, 10, 10.5 ], "texture": "#texture3" },
				"north": { "uv": [ 6, 15, 7, 15.5 ], "texture": "#texture3" },
				"south": { "uv": [ 9, 15, 10, 15.5 ], "texture": "#texture3" },
				"west": { "uv": [ 8.5, 15, 10.5, 15.5 ], "texture": "#texture3" },
				"east": { "uv": [ 5.5, 15, 7.5, 15.5 ], "texture": "#texture3" }
			}
		},
		{
			"__comment": "Box1",
			"from": [ 9.5, 2, 8 ],
			"to": [ 10, 2.5, 11 ],
			"faces": {
				"down": { "uv": [ 9.5, 5, 10, 8 ], "texture": "#texture3" },
				"up": { "uv": [ 9.5, 8, 10, 11 ], "texture": "#texture3" },
				"north": { "uv": [ 6, 13.5, 6.5, 14 ], "texture": "#texture3" },
				"south": { "uv": [ 9.5, 13.5, 10, 14 ], "texture": "#texture3" },
				"west": { "uv": [ 8, 13.5, 11, 14 ], "texture": "#texture3" },
				"east": { "uv": [ 5, 13.5, 8, 14 ], "texture": "#texture3" }
			}
		},
		{
			"__comment": "Box1",
			"from": [ 8.5, 2, 8 ],
			"to": [ 9.5, 2.5, 11 ],
			"faces": {
				"down": { "uv": [ 8.5, 5, 9.5, 8 ], "texture": "#texture1" },
				"up": { "uv": [ 8.5, 8, 9.5, 11 ], "texture": "#texture1" },
				"north": { "uv": [ 6.5, 13.5, 7.5, 14 ], "texture": "#texture1" },
				"south": { "uv": [ 8.5, 13.5, 9.5, 14 ], "texture": "#texture1" },
				"west": { "uv": [ 8, 13.5, 11, 14 ], "texture": "#texture1" },
				"east": { "uv": [ 5, 13.5, 8, 14 ], "texture": "#texture1" }
			}
		},
		{
			"__comment": "Box1",
			"from": [ 6.5, 2, 8 ],
			"to": [ 7.5, 2.5, 11 ],
			"faces": {
				"down": { "uv": [ 6.5, 5, 7.5, 8 ], "texture": "#texture1" },
				"up": { "uv": [ 6.5, 8, 7.5, 11 ], "texture": "#texture1" },
				"north": { "uv": [ 8.5, 13.5, 9.5, 14 ], "texture": "#texture1" },
				"south": { "uv": [ 6.5, 13.5, 7.5, 14 ], "texture": "#texture1" },
				"west": { "uv": [ 8, 13.5, 11, 14 ], "texture": "#texture1" },
				"east": { "uv": [ 5, 13.5, 8, 14 ], "texture": "#texture1" }
			}
		},
		{
			"__comment": "Box1",
			"from": [ 7.5, 2, 8 ],
			"to": [ 8.5, 2.5, 11 ],
			"faces": {
				"down": { "uv": [ 7.5, 5, 8.5, 8 ], "texture": "#texture3" },
				"up": { "uv": [ 7.5, 8, 8.5, 11 ], "texture": "#texture3" },
				"north": { "uv": [ 7.5, 13.5, 8.5, 14 ], "texture": "#texture3" },
				"south": { "uv": [ 7.5, 13.5, 8.5, 14 ], "texture": "#texture3" },
				"west": { "uv": [ 8, 13.5, 11, 14 ], "texture": "#texture3" },
				"east": { "uv": [ 5, 13.5, 8, 14 ], "texture": "#texture3" }
			}
		},
		{
			"__comment": "Box1",
			"from": [ 9.5, 3, 8 ],
			"to": [ 10, 6, 11 ],
			"faces": {
				"down": { "uv": [ 9.5, 5, 10, 8 ], "texture": "#texture3" },
				"up": { "uv": [ 9.5, 8, 10, 11 ], "texture": "#texture3" },
				"north": { "uv": [ 6, 10, 6.5, 13 ], "texture": "#texture3" },
				"south": { "uv": [ 9.5, 10, 10, 13 ], "texture": "#texture3" },
				"west": { "uv": [ 8, 10, 11, 13 ], "texture": "#texture3" },
				"east": { "uv": [ 5, 10, 8, 13 ], "texture": "#texture3" }
			}
		},
		{
			"__comment": "Box1",
			"from": [ 7.5, 3, 8 ],
			"to": [ 8.5, 5, 11 ],
			"faces": {
				"down": { "uv": [ 7.5, 5, 8.5, 8 ], "texture": "#texture3" },
				"up": { "uv": [ 7.5, 8, 8.5, 11 ], "texture": "#texture3" },
				"north": { "uv": [ 7.5, 11, 8.5, 13 ], "texture": "#texture3" },
				"south": { "uv": [ 7.5, 11, 8.5, 13 ], "texture": "#texture3" },
				"west": { "uv": [ 8, 11, 11, 13 ], "texture": "#texture3" },
				"east": { "uv": [ 5, 11, 8, 13 ], "texture": "#texture3" }
			}
		},
		{
			"__comment": "Box1",
			"from": [ 9, 5, 8 ],
			"to": [ 9.5, 6, 11 ],
			"faces": {
				"down": { "uv": [ 9, 5, 9.5, 8 ], "texture": "#texture2" },
				"up": { "uv": [ 9, 8, 9.5, 11 ], "texture": "#texture2" },
				"north": { "uv": [ 6.5, 10, 7, 11 ], "texture": "#texture2" },
				"south": { "uv": [ 9, 10, 9.5, 11 ], "texture": "#texture2" },
				"west": { "uv": [ 8, 10, 11, 11 ], "texture": "#texture2" },
				"east": { "uv": [ 5, 10, 8, 11 ], "texture": "#texture2" }
			}
		},
		{
			"__comment": "Box1",
			"from": [ 6.5, 5, 8 ],
			"to": [ 7, 6, 11 ],
			"faces": {
				"down": { "uv": [ 6.5, 5, 7, 8 ], "texture": "#texture2" },
				"up": { "uv": [ 6.5, 8, 7, 11 ], "texture": "#texture2" },
				"north": { "uv": [ 9, 10, 9.5, 11 ], "texture": "#texture2" },
				"south": { "uv": [ 6.5, 10, 7, 11 ], "texture": "#texture2" },
				"west": { "uv": [ 8, 10, 11, 11 ], "texture": "#texture2" },
				"east": { "uv": [ 5, 10, 8, 11 ], "texture": "#texture2" }
			}
		},
		{
			"__comment": "Box1",
			"from": [ 7, 5, 8 ],
			"to": [ 9, 5.5, 11 ],
			"faces": {
				"down": { "uv": [ 7, 5, 9, 8 ], "texture": "#texture2" },
				"up": { "uv": [ 7, 8, 9, 11 ], "texture": "#texture2" },
				"north": { "uv": [ 7, 10.5, 9, 11 ], "texture": "#texture2" },
				"south": { "uv": [ 7, 10.5, 9, 11 ], "texture": "#texture2" },
				"west": { "uv": [ 8, 10.5, 11, 11 ], "texture": "#texture2" },
				"east": { "uv": [ 5, 10.5, 8, 11 ], "texture": "#texture2" }
			}
		},
		{
			"__comment": "Box1",
			"from": [ 8.5, 3, 8 ],
			"to": [ 9.5, 5, 11 ],
			"faces": {
				"down": { "uv": [ 8.5, 5, 9.5, 8 ], "texture": "#texture1" },
				"up": { "uv": [ 8.5, 8, 9.5, 11 ], "texture": "#texture1" },
				"north": { "uv": [ 6.5, 11, 7.5, 13 ], "texture": "#texture1" },
				"south": { "uv": [ 8.5, 11, 9.5, 13 ], "texture": "#texture1" },
				"west": { "uv": [ 8, 11, 11, 13 ], "texture": "#texture1" },
				"east": { "uv": [ 5, 11, 8, 13 ], "texture": "#texture1" }
			}
		},
		{
			"__comment": "Box1",
			"from": [ 6.5, 3, 8 ],
			"to": [ 7.5, 5, 11 ],
			"faces": {
				"down": { "uv": [ 6.5, 5, 7.5, 8 ], "texture": "#texture1" },
				"up": { "uv": [ 6.5, 8, 7.5, 11 ], "texture": "#texture1" },
				"north": { "uv": [ 8.5, 11, 9.5, 13 ], "texture": "#texture1" },
				"south": { "uv": [ 6.5, 11, 7.5, 13 ], "texture": "#texture1" },
				"west": { "uv": [ 8, 11, 11, 13 ], "texture": "#texture1" },
				"east": { "uv": [ 5, 11, 8, 13 ], "texture": "#texture1" }
			}
		},
		{
			"__comment": "Box1",
			"from": [ 5, 3.5, 8.5 ],
			"to": [ 11, 5.5, 10.5 ],
			"faces": {
				"down": { "uv": [ 5, 5.5, 11, 7.5 ], "texture": "#texture3" },
				"up": { "uv": [ 5, 8.5, 11, 10.5 ], "texture": "#texture3" },
				"north": { "uv": [ 5, 10.5, 11, 12.5 ], "texture": "#texture3" },
				"south": { "uv": [ 5, 10.5, 11, 12.5 ], "texture": "#texture3" },
				"west": { "uv": [ 8.5, 10.5, 10.5, 12.5 ], "texture": "#texture3" },
				"east": { "uv": [ 5.5, 10.5, 7.5, 12.5 ], "texture": "#texture3" }
			}
		},
		{
			"__comment": "Box1",
			"from": [ 7, 5.5, 8 ],
			"to": [ 7.5, 6, 11 ],
			"faces": {
				"down": { "uv": [ 7, 5, 7.5, 8 ], "texture": "#texture1" },
				"up": { "uv": [ 7, 8, 7.5, 11 ], "texture": "#texture1" },
				"north": { "uv": [ 8.5, 10, 9, 10.5 ], "texture": "#texture1" },
				"south": { "uv": [ 7, 10, 7.5, 10.5 ], "texture": "#texture1" },
				"west": { "uv": [ 8, 10, 11, 10.5 ], "texture": "#texture1" },
				"east": { "uv": [ 5, 10, 8, 10.5 ], "texture": "#texture1" }
			}
		},
		{
			"__comment": "Box1",
			"from": [ 8.5, 5.5, 8 ],
			"to": [ 9, 6, 11 ],
			"faces": {
				"down": { "uv": [ 8.5, 5, 9, 8 ], "texture": "#texture1" },
				"up": { "uv": [ 8.5, 8, 9, 11 ], "texture": "#texture1" },
				"north": { "uv": [ 7, 10, 7.5, 10.5 ], "texture": "#texture1" },
				"south": { "uv": [ 8.5, 10, 9, 10.5 ], "texture": "#texture1" },
				"west": { "uv": [ 8, 10, 11, 10.5 ], "texture": "#texture1" },
				"east": { "uv": [ 5, 10, 8, 10.5 ], "texture": "#texture1" }
			}
		},
		{
			"__comment": "Box1",
			"from": [ 8, 8.5, 7.5 ],
			"to": [ 8.5, 9, 8 ],
			"faces": {
				"down": { "uv": [ 8, 8, 8.5, 8.5 ], "texture": "#texture7" },
				"up": { "uv": [ 8, 7.5, 8.5, 8 ], "texture": "#texture7" },
				"north": { "uv": [ 7.5, 7, 8, 7.5 ], "texture": "#texture7" },
				"south": { "uv": [ 8, 7, 8.5, 7.5 ], "texture": "#texture7" },
				"west": { "uv": [ 7.5, 7, 8, 7.5 ], "texture": "#texture7" },
				"east": { "uv": [ 8, 7, 8.5, 7.5 ], "texture": "#texture7" }
			}
		},
		{
			"__comment": "Box1",
			"from": [ 7.5, 8, 7.5 ],
			"to": [ 8, 9, 8 ],
			"faces": {
				"down": { "uv": [ 7.5, 8, 8, 8.5 ], "texture": "#texture7" },
				"up": { "uv": [ 7.5, 7.5, 8, 8 ], "texture": "#texture7" },
				"north": { "uv": [ 8, 7, 8.5, 8 ], "texture": "#texture7" },
				"south": { "uv": [ 7.5, 7, 8, 8 ], "texture": "#texture7" },
				"west": { "uv": [ 7.5, 7, 8, 8 ], "texture": "#texture7" },
				"east": { "uv": [ 8, 7, 8.5, 8 ], "texture": "#texture7" }
			}
		},
		{
			"__comment": "Box1",
			"from": [ 8, 8, 7.5 ],
			"to": [ 10, 8.5, 8 ],
			"faces": {
				"down": { "uv": [ 7.5, 8.5, 9, 9 ], "texture": "#texture4" },
				"up": { "uv": [ 8, 7.5, 9.5, 8 ], "texture": "#texture4" },
				"north": { "uv": [ 7, 8, 8.5, 8.5 ], "texture": "#texture4" },
				"south": { "uv": [ 8, 7.5, 9.5, 8 ], "texture": "#texture4" },
				"west": { "uv": [ 7.5, 7.5, 8, 8 ], "texture": "#texture4" },
				"east": { "uv": [ 8, 7.5, 8.5, 8 ], "texture": "#texture4" }
			}
		},
		{
			"__comment": "Box1",
			"from": [ 7, 9, 7.5 ],
			"to": [ 9, 9.5, 8 ],
			"faces": {
				"down": { "uv": [ 7, 8, 9, 8.5 ], "texture": "#texture7" },
				"up": { "uv": [ 7, 7.5, 9, 8 ], "texture": "#texture7" },
				"north": { "uv": [ 7, 6.5, 9, 7 ], "texture": "#texture7" },
				"south": { "uv": [ 7, 6.5, 9, 7 ], "texture": "#texture7" },
				"west": { "uv": [ 7.5, 6.5, 8, 7 ], "texture": "#texture7" },
				"east": { "uv": [ 8, 6.5, 8.5, 7 ], "texture": "#texture7" }
			}
		},
		{
			"__comment": "Box1",
			"from": [ 6.5, 9.5, 7.5 ],
			"to": [ 9.5, 10, 8 ],
			"faces": {
				"down": { "uv": [ 6.5, 8, 9.5, 8.5 ], "texture": "#texture7" },
				"up": { "uv": [ 6.5, 7.5, 9.5, 8 ], "texture": "#texture7" },
				"north": { "uv": [ 6.5, 6, 9.5, 6.5 ], "texture": "#texture7" },
				"south": { "uv": [ 6.5, 6, 9.5, 6.5 ], "texture": "#texture7" },
				"west": { "uv": [ 7.5, 6, 8, 6.5 ], "texture": "#texture7" },
				"east": { "uv": [ 8, 6, 8.5, 6.5 ], "texture": "#texture7" }
			}
		},
		{
			"__comment": "Box1",
			"from": [ 8.5, 8.5, 7.5 ],
			"to": [ 9.5, 9, 8 ],
			"faces": {
				"down": { "uv": [ 7.5, 8.5, 9, 9 ], "texture": "#texture4" },
				"up": { "uv": [ 8, 7.5, 9.5, 8 ], "texture": "#texture4" },
				"north": { "uv": [ 7, 8, 8.5, 8.5 ], "texture": "#texture4" },
				"south": { "uv": [ 8, 7.5, 9.5, 8 ], "texture": "#texture4" },
				"west": { "uv": [ 7.5, 7.5, 8, 8 ], "texture": "#texture4" },
				"east": { "uv": [ 8, 7.5, 8.5, 8 ], "texture": "#texture4" }
			}
		},
		{
			"__comment": "Box1",
			"from": [ 6.5, 8, 7.5 ],
			"to": [ 7.5, 9, 8 ],
			"faces": {
				"down": { "uv": [ 7.5, 8.5, 9, 9 ], "texture": "#texture4" },
				"up": { "uv": [ 8, 7.5, 9.5, 8 ], "texture": "#texture4" },
				"north": { "uv": [ 7, 8, 8.5, 8.5 ], "texture": "#texture4" },
				"south": { "uv": [ 8, 7.5, 9.5, 8 ], "texture": "#texture4" },
				"west": { "uv": [ 7.5, 7.5, 8, 8 ], "texture": "#texture4" },
				"east": { "uv": [ 8, 7.5, 8.5, 8 ], "texture": "#texture4" }
			}
		},
		{
			"__comment": "Box1",
			"from": [ 9.5, 8.5, 7.5 ],
			"to": [ 10, 10, 8 ],
			"faces": {
				"down": { "uv": [ 9.5, 8, 10, 8.5 ], "texture": "#texture7" },
				"up": { "uv": [ 9.5, 7.5, 10, 8 ], "texture": "#texture7" },
				"north": { "uv": [ 6, 6, 6.5, 7.5 ], "texture": "#texture7" },
				"south": { "uv": [ 9.5, 6, 10, 7.5 ], "texture": "#texture7" },
				"west": { "uv": [ 7.5, 6, 8, 7.5 ], "texture": "#texture7" },
				"east": { "uv": [ 8, 6, 8.5, 7.5 ], "texture": "#texture7" }
			}
		},
		{
			"__comment": "Box1",
			"from": [ 9, 9, 7.5 ],
			"to": [ 9.5, 9.5, 8 ],
			"faces": {
				"down": { "uv": [ 7.5, 8.5, 9, 9 ], "texture": "#texture4" },
				"up": { "uv": [ 8, 7.5, 9.5, 8 ], "texture": "#texture4" },
				"north": { "uv": [ 7, 8, 8.5, 8.5 ], "texture": "#texture4" },
				"south": { "uv": [ 8, 7.5, 9.5, 8 ], "texture": "#texture4" },
				"west": { "uv": [ 7.5, 7.5, 8, 8 ], "texture": "#texture4" },
				"east": { "uv": [ 8, 7.5, 8.5, 8 ], "texture": "#texture4" }
			}
		},
		{
			"__comment": "Box1",
			"from": [ 6, 8.5, 7.5 ],
			"to": [ 6.5, 10, 8 ],
			"faces": {
				"down": { "uv": [ 6, 8, 6.5, 8.5 ], "texture": "#texture7" },
				"up": { "uv": [ 6, 7.5, 6.5, 8 ], "texture": "#texture7" },
				"north": { "uv": [ 9.5, 6, 10, 7.5 ], "texture": "#texture7" },
				"south": { "uv": [ 6, 6, 6.5, 7.5 ], "texture": "#texture7" },
				"west": { "uv": [ 7.5, 6, 8, 7.5 ], "texture": "#texture7" },
				"east": { "uv": [ 8, 6, 8.5, 7.5 ], "texture": "#texture7" }
			}
		},
		{
			"__comment": "Box1",
			"from": [ 6.5, 9, 7.5 ],
			"to": [ 7, 9.5, 8 ],
			"faces": {
				"down": { "uv": [ 7.5, 8.5, 9, 9 ], "texture": "#texture4" },
				"up": { "uv": [ 8, 7.5, 9.5, 8 ], "texture": "#texture4" },
				"north": { "uv": [ 7, 8, 8.5, 8.5 ], "texture": "#texture4" },
				"south": { "uv": [ 8, 7.5, 9.5, 8 ], "texture": "#texture4" },
				"west": { "uv": [ 7.5, 7.5, 8, 8 ], "texture": "#texture4" },
				"east": { "uv": [ 8, 7.5, 8.5, 8 ], "texture": "#texture4" }
			}
		},
		{
			"__comment": "Box1",
			"from": [ 6, 8, 7.5 ],
			"to": [ 6.5, 8.5, 8 ],
			"faces": {
				"down": { "uv": [ 7.5, 8.5, 9, 9 ], "texture": "#texture4" },
				"up": { "uv": [ 8, 7.5, 9.5, 8 ], "texture": "#texture4" },
				"north": { "uv": [ 7, 8, 8.5, 8.5 ], "texture": "#texture4" },
				"south": { "uv": [ 8, 7.5, 9.5, 8 ], "texture": "#texture4" },
				"west": { "uv": [ 7.5, 7.5, 8, 8 ], "texture": "#texture4" },
				"east": { "uv": [ 8, 7.5, 8.5, 8 ], "texture": "#texture4" }
			}
		},
		{
			"__comment": "Box1",
			"from": [ 5.5, 5.5, 8 ],
			"to": [ 6, 6, 8.5 ],
			"faces": {
				"down": { "uv": [ 5.5, 7.5, 6, 8 ], "texture": "#texture7" },
				"up": { "uv": [ 5.5, 8, 6, 8.5 ], "texture": "#texture7" },
				"north": { "uv": [ 10, 10, 10.5, 10.5 ], "texture": "#texture7" },
				"south": { "uv": [ 5.5, 10, 6, 10.5 ], "texture": "#texture7" },
				"west": { "uv": [ 8, 10, 8.5, 10.5 ], "texture": "#texture7" },
				"east": { "uv": [ 7.5, 10, 8, 10.5 ], "texture": "#texture7" }
			}
		},
		{
			"__comment": "Box1",
			"from": [ 10, 5, 8 ],
			"to": [ 10.5, 6, 8.5 ],
			"faces": {
				"down": { "uv": [ 10, 7.5, 10.5, 8 ], "texture": "#texture7" },
				"up": { "uv": [ 10, 8, 10.5, 8.5 ], "texture": "#texture7" },
				"north": { "uv": [ 5.5, 10, 6, 11 ], "texture": "#texture7" },
				"south": { "uv": [ 10, 10, 10.5, 11 ], "texture": "#texture7" },
				"west": { "uv": [ 8, 10, 8.5, 11 ], "texture": "#texture7" },
				"east": { "uv": [ 7.5, 10, 8, 11 ], "texture": "#texture7" }
			}
		},
		{
			"__comment": "Box1",
			"from": [ 7, 4.5, 11 ],
			"to": [ 9, 5.5, 11.5 ],
			"faces": {
				"down": { "uv": [ 7, 4.5, 9, 5 ], "texture": "#texture7" },
				"up": { "uv": [ 7, 11, 9, 11.5 ], "texture": "#texture7" },
				"north": { "uv": [ 7, 10.5, 9, 11.5 ], "texture": "#texture7" },
				"south": { "uv": [ 7, 10.5, 9, 11.5 ], "texture": "#texture7" },
				"west": { "uv": [ 11, 10.5, 11.5, 11.5 ], "texture": "#texture7" },
				"east": { "uv": [ 4.5, 10.5, 5, 11.5 ], "texture": "#texture7" }
			}
		},
		{
			"__comment": "Box1",
			"from": [ 7.5, 2.5, 11 ],
			"to": [ 8.5, 4, 11.5 ],
			"faces": {
				"down": { "uv": [ 7.5, 4.5, 8.5, 5 ], "texture": "#texture7" },
				"up": { "uv": [ 7.5, 11, 8.5, 11.5 ], "texture": "#texture7" },
				"north": { "uv": [ 7.5, 12, 8.5, 13.5 ], "texture": "#texture7" },
				"south": { "uv": [ 7.5, 12, 8.5, 13.5 ], "texture": "#texture7" },
				"west": { "uv": [ 11, 12, 11.5, 13.5 ], "texture": "#texture7" },
				"east": { "uv": [ 4.5, 12, 5, 13.5 ], "texture": "#texture7" }
			}
		},
		{
			"__comment": "Box1",
			"from": [ 9, 4.5, 11 ],
			"to": [ 10, 5, 11.5 ],
			"faces": {
				"down": { "uv": [ 9, 4.5, 10, 5 ], "texture": "#texture7" },
				"up": { "uv": [ 9, 11, 10, 11.5 ], "texture": "#texture7" },
				"north": { "uv": [ 6, 11, 7, 11.5 ], "texture": "#texture7" },
				"south": { "uv": [ 9, 11, 10, 11.5 ], "texture": "#texture7" },
				"west": { "uv": [ 11, 11, 11.5, 11.5 ], "texture": "#texture7" },
				"east": { "uv": [ 4.5, 11, 5, 11.5 ], "texture": "#texture7" }
			}
		},
		{
			"__comment": "Box1",
			"from": [ 7, 4, 11 ],
			"to": [ 9, 4.5, 11.5 ],
			"faces": {
				"down": { "uv": [ 7, 4.5, 9, 5 ], "texture": "#texture7" },
				"up": { "uv": [ 7, 11, 9, 11.5 ], "texture": "#texture7" },
				"north": { "uv": [ 7, 11.5, 9, 12 ], "texture": "#texture7" },
				"south": { "uv": [ 7, 11.5, 9, 12 ], "texture": "#texture7" },
				"west": { "uv": [ 11, 11.5, 11.5, 12 ], "texture": "#texture7" },
				"east": { "uv": [ 4.5, 11.5, 5, 12 ], "texture": "#texture7" }
			}
		},
		{
			"__comment": "Box1",
			"from": [ 6, 4.5, 11 ],
			"to": [ 7, 5, 11.5 ],
			"faces": {
				"down": { "uv": [ 6, 4.5, 7, 5 ], "texture": "#texture7" },
				"up": { "uv": [ 6, 11, 7, 11.5 ], "texture": "#texture7" },
				"north": { "uv": [ 9, 11, 10, 11.5 ], "texture": "#texture7" },
				"south": { "uv": [ 6, 11, 7, 11.5 ], "texture": "#texture7" },
				"west": { "uv": [ 11, 11, 11.5, 11.5 ], "texture": "#texture7" },
				"east": { "uv": [ 4.5, 11, 5, 11.5 ], "texture": "#texture7" }
			}
		},
		{
			"__comment": "Box1",
			"from": [ 10, 4, 11 ],
			"to": [ 10.5, 4.5, 11.5 ],
			"faces": {
				"down": { "uv": [ 10, 4.5, 10.5, 5 ], "texture": "#texture7" },
				"up": { "uv": [ 10, 11, 10.5, 11.5 ], "texture": "#texture7" },
				"north": { "uv": [ 5.5, 11.5, 6, 12 ], "texture": "#texture7" },
				"south": { "uv": [ 10, 11.5, 10.5, 12 ], "texture": "#texture7" },
				"west": { "uv": [ 11, 11.5, 11.5, 12 ], "texture": "#texture7" },
				"east": { "uv": [ 4.5, 11.5, 5, 12 ], "texture": "#texture7" }
			}
		},
		{
			"__comment": "Box1",
			"from": [ 5.5, 4, 11 ],
			"to": [ 6, 4.5, 11.5 ],
			"faces": {
				"down": { "uv": [ 5.5, 4.5, 6, 5 ], "texture": "#texture7" },
				"up": { "uv": [ 5.5, 11, 6, 11.5 ], "texture": "#texture7" },
				"north": { "uv": [ 10, 11.5, 10.5, 12 ], "texture": "#texture7" },
				"south": { "uv": [ 5.5, 11.5, 6, 12 ], "texture": "#texture7" },
				"west": { "uv": [ 11, 11.5, 11.5, 12 ], "texture": "#texture7" },
				"east": { "uv": [ 4.5, 11.5, 5, 12 ], "texture": "#texture7" }
			}
		},
		{
			"__comment": "Box1",
			"from": [ 6, 3.5, 11 ],
			"to": [ 6.5, 4, 11.5 ],
			"faces": {
				"down": { "uv": [ 6, 4.5, 6.5, 5 ], "texture": "#texture7" },
				"up": { "uv": [ 6, 11, 6.5, 11.5 ], "texture": "#texture7" },
				"north": { "uv": [ 9.5, 12, 10, 12.5 ], "texture": "#texture7" },
				"south": { "uv": [ 6, 12, 6.5, 12.5 ], "texture": "#texture7" },
				"west": { "uv": [ 11, 12, 11.5, 12.5 ], "texture": "#texture7" },
				"east": { "uv": [ 4.5, 12, 5, 12.5 ], "texture": "#texture7" }
			}
		},
		{
			"__comment": "Box1",
			"from": [ 6.5, 3, 11 ],
			"to": [ 7.5, 3.5, 11.5 ],
			"faces": {
				"down": { "uv": [ 6.5, 4.5, 7.5, 5 ], "texture": "#texture7" },
				"up": { "uv": [ 6.5, 11, 7.5, 11.5 ], "texture": "#texture7" },
				"north": { "uv": [ 8.5, 12.5, 9.5, 13 ], "texture": "#texture7" },
				"south": { "uv": [ 6.5, 12.5, 7.5, 13 ], "texture": "#texture7" },
				"west": { "uv": [ 11, 12.5, 11.5, 13 ], "texture": "#texture7" },
				"east": { "uv": [ 4.5, 12.5, 5, 13 ], "texture": "#texture7" }
			}
		},
		{
			"__comment": "Box1",
			"from": [ 8.5, 3, 11 ],
			"to": [ 9.5, 3.5, 11.5 ],
			"faces": {
				"down": { "uv": [ 8.5, 4.5, 9.5, 5 ], "texture": "#texture7" },
				"up": { "uv": [ 8.5, 11, 9.5, 11.5 ], "texture": "#texture7" },
				"north": { "uv": [ 6.5, 12.5, 7.5, 13 ], "texture": "#texture7" },
				"south": { "uv": [ 8.5, 12.5, 9.5, 13 ], "texture": "#texture7" },
				"west": { "uv": [ 11, 12.5, 11.5, 13 ], "texture": "#texture7" },
				"east": { "uv": [ 4.5, 12.5, 5, 13 ], "texture": "#texture7" }
			}
		},
		{
			"__comment": "Box1",
			"from": [ 9.5, 3.5, 11 ],
			"to": [ 10, 4, 11.5 ],
			"faces": {
				"down": { "uv": [ 9.5, 4.5, 10, 5 ], "texture": "#texture7" },
				"up": { "uv": [ 9.5, 11, 10, 11.5 ], "texture": "#texture7" },
				"north": { "uv": [ 6, 12, 6.5, 12.5 ], "texture": "#texture7" },
				"south": { "uv": [ 9.5, 12, 10, 12.5 ], "texture": "#texture7" },
				"west": { "uv": [ 11, 12, 11.5, 12.5 ], "texture": "#texture7" },
				"east": { "uv": [ 4.5, 12, 5, 12.5 ], "texture": "#texture7" }
			}
		},
		{
			"__comment": "Box1",
			"from": [ 7, 10, 8 ],
			"to": [ 9, 10.5, 8.5 ],
			"faces": {
				"down": { "uv": [ 7, 7.5, 9, 8 ], "texture": "#texture2" },
				"up": { "uv": [ 7, 8, 9, 8.5 ], "texture": "#texture2" },
				"north": { "uv": [ 7, 5.5, 9, 6 ], "texture": "#texture2" },
				"south": { "uv": [ 7, 5.5, 9, 6 ], "texture": "#texture2" },
				"west": { "uv": [ 8, 5.5, 8.5, 6 ], "texture": "#texture2" },
				"east": { "uv": [ 7.5, 5.5, 8, 6 ], "texture": "#texture2" }
			}
		},
		{
			"__comment": "Box1",
			"from": [ 6, 10, 11 ],
			"to": [ 10, 10.5, 11.5 ],
			"faces": {
				"down": { "uv": [ 6, 4.5, 10, 5 ], "texture": "#texture2" },
				"up": { "uv": [ 6, 11, 10, 11.5 ], "texture": "#texture2" },
				"north": { "uv": [ 6, 5.5, 10, 6 ], "texture": "#texture2" },
				"south": { "uv": [ 6, 5.5, 10, 6 ], "texture": "#texture2" },
				"west": { "uv": [ 11, 5.5, 11.5, 6 ], "texture": "#texture2" },
				"east": { "uv": [ 4.5, 5.5, 5, 6 ], "texture": "#texture2" }
			}
		},
		{
			"__comment": "Box1",
			"from": [ 9, 10, 7.5 ],
			"to": [ 10, 11, 8.5 ],
			"faces": {
				"down": { "uv": [ 9, 7.5, 10, 8.5 ], "texture": "#texture2" },
				"up": { "uv": [ 9, 7.5, 10, 8.5 ], "texture": "#texture2" },
				"north": { "uv": [ 6, 5, 7, 6 ], "texture": "#texture2" },
				"south": { "uv": [ 9, 5, 10, 6 ], "texture": "#texture2" },
				"west": { "uv": [ 7.5, 5, 8.5, 6 ], "texture": "#texture2" },
				"east": { "uv": [ 7.5, 5, 8.5, 6 ], "texture": "#texture2" }
			}
		},
		{
			"__comment": "Box1",
			"from": [ 6, 10, 7.5 ],
			"to": [ 7, 11, 8.5 ],
			"faces": {
				"down": { "uv": [ 6, 7.5, 7, 8.5 ], "texture": "#texture2" },
				"up": { "uv": [ 6, 7.5, 7, 8.5 ], "texture": "#texture2" },
				"north": { "uv": [ 9, 5, 10, 6 ], "texture": "#texture2" },
				"south": { "uv": [ 6, 5, 7, 6 ], "texture": "#texture2" },
				"west": { "uv": [ 7.5, 5, 8.5, 6 ], "texture": "#texture2" },
				"east": { "uv": [ 7.5, 5, 8.5, 6 ], "texture": "#texture2" }
			}
		},
		{
			"__comment": "Box1",
			"from": [ 6, 9.5, 8.5 ],
			"to": [ 6.5, 10.5, 11 ],
			"faces": {
				"down": { "uv": [ 6, 5, 6.5, 7.5 ], "texture": "#texture2" },
				"up": { "uv": [ 6, 8.5, 6.5, 11 ], "texture": "#texture2" },
				"north": { "uv": [ 9.5, 5.5, 10, 6.5 ], "texture": "#texture2" },
				"south": { "uv": [ 6, 5.5, 6.5, 6.5 ], "texture": "#texture2" },
				"west": { "uv": [ 8.5, 5.5, 11, 6.5 ], "texture": "#texture2" },
				"east": { "uv": [ 5, 5.5, 7.5, 6.5 ], "texture": "#texture2" }
			}
		},
		{
			"__comment": "Box1",
			"from": [ 9.5, 9.5, 8.5 ],
			"to": [ 10, 10.5, 11 ],
			"faces": {
				"down": { "uv": [ 9.5, 5, 10, 7.5 ], "texture": "#texture2" },
				"up": { "uv": [ 9.5, 8.5, 10, 11 ], "texture": "#texture2" },
				"north": { "uv": [ 6, 5.5, 6.5, 6.5 ], "texture": "#texture2" },
				"south": { "uv": [ 9.5, 5.5, 10, 6.5 ], "texture": "#texture2" },
				"west": { "uv": [ 8.5, 5.5, 11, 6.5 ], "texture": "#texture2" },
				"east": { "uv": [ 5, 5.5, 7.5, 6.5 ], "texture": "#texture2" }
			}
		}
	],
	"display": {
		"thirdperson_righthand": {
			"translation":  [ 0.1, 1.3913, -1.8 ],
			"scale":  [ 0.6, 0.6, 0.6 ]
		},
		"thirdperson_lefthand": {
			"translation":  [ 0.1, 1.3913, -1.8 ],
			"scale":  [ 0.6, 0.6, 0.6 ]
		},
		"firstperson_righthand": {
			"rotation":  [ 0, 122, 0 ],
			"translation":  [ 0.6956, 5.5652, 0 ],
			"scale":  [ 0.5, 0.5, 0.5 ]
		},
		"firstperson_lefthand": {
			"rotation":  [ 0, 16, 0 ],
			"translation":  [ 0.6956, 5.5652, 0 ],
			"scale":  [ 0.5, 0.5, 0.5 ]
		},
		"gui": {
			"rotation":  [ 0, 159, 0 ],
			"translation":  [ -0.695, 0.6956, 0 ]
		},
		"ground": {
			"translation":  [ 0, 5.5652, 0 ]
		},
		"fixed": {
			"translation":  [ 0, 4.8695, -1.391 ],
			"scale":  [ 2, 2, 2 ]
		}
	}
}
