{
	"credit": "Made by _Kastle with Blockbench. Message Kastle#4801 on Discord for inquiries. If you recieved this model from someone other than myself without context, it was probably stolen.",
	"textures": {
		"texture1": "block/black_wool",
		"texture3": "block/quartz_block_side",
		"texture4": "block/birch_planks",
		"texture5": "block/white_wool",
		"texture6": "block/red_wool",
		"particle": "block/red_wool",
		"texture7": "blocks/lapis_block"
	},
	"elements": [
		{
			"name": "Box1",
			"from": [9, 0, 8.5],
			"to": [10, 1, 10.5],
			"faces": {
				"north": {"uv": [6, 15, 7, 16], "texture": "#texture5"},
				"east": {"uv": [5.5, 15, 7.5, 16], "texture": "#texture5"},
				"south": {"uv": [9, 15, 10, 16], "texture": "#texture5"},
				"west": {"uv": [8.5, 15, 10.5, 16], "texture": "#texture5"},
				"up": {"uv": [9, 8.5, 10, 10.5], "texture": "#texture5"},
				"down": {"uv": [9, 5.5, 10, 7.5], "texture": "#texture5"}
			}
		},
		{
			"name": "Box1",
			"from": [6, 0, 8.5],
			"to": [7, 1, 10.5],
			"faces": {
				"north": {"uv": [9, 15, 10, 16], "texture": "#texture5"},
				"east": {"uv": [5.5, 15, 7.5, 16], "texture": "#texture5"},
				"south": {"uv": [6, 15, 7, 16], "texture": "#texture5"},
				"west": {"uv": [8.5, 15, 10.5, 16], "texture": "#texture5"},
				"up": {"uv": [6, 8.5, 7, 10.5], "texture": "#texture5"},
				"down": {"uv": [6, 5.5, 7, 7.5], "texture": "#texture5"}
			}
		},
		{
			"name": "Box1",
			"from": [9, 1, 8.5],
			"to": [10, 2, 10.5],
			"faces": {
				"north": {"uv": [6, 14, 7, 15], "texture": "#texture7"},
				"east": {"uv": [5.5, 14, 7.5, 15], "texture": "#texture7"},
				"south": {"uv": [9, 14, 10, 15], "texture": "#texture7"},
				"west": {"uv": [8.5, 14, 10.5, 15], "texture": "#texture7"},
				"up": {"uv": [9, 8.5, 10, 10.5], "texture": "#texture7"},
				"down": {"uv": [9, 5.5, 10, 7.5], "texture": "#texture7"}
			}
		},
		{
			"name": "Box1",
			"from": [6, 1, 8.5],
			"to": [7, 2, 10.5],
			"faces": {
				"north": {"uv": [9, 14, 10, 15], "texture": "#texture7"},
				"east": {"uv": [5.5, 14, 7.5, 15], "texture": "#texture7"},
				"south": {"uv": [6, 14, 7, 15], "texture": "#texture7"},
				"west": {"uv": [8.5, 14, 10.5, 15], "texture": "#texture7"},
				"up": {"uv": [6, 8.5, 7, 10.5], "texture": "#texture7"},
				"down": {"uv": [6, 5.5, 7, 7.5], "texture": "#texture7"}
			}
		},
		{
			"name": "Box1",
			"from": [6, 6, 7.5],
			"to": [10, 8.5, 8],
			"faces": {
				"north": {"uv": [6, 8.5, 10, 11], "texture": "#texture4"},
				"east": {"uv": [8, 7.5, 8.5, 10], "texture": "#texture4"},
				"south": {"uv": [6, 7.5, 10, 10], "texture": "#texture4"},
				"west": {"uv": [7.5, 7.5, 8, 10], "texture": "#texture4"},
				"up": {"uv": [6, 7.5, 10, 8], "texture": "#texture4"},
				"down": {"uv": [6, 8, 10, 8.5], "texture": "#texture4"}
			}
		},
		{
			"name": "Box1",
			"from": [6, 4, 8],
			"to": [10, 4.5, 11],
			"faces": {
				"north": {"uv": [6, 11.5, 10, 12], "texture": "#texture7"},
				"east": {"uv": [5, 11.5, 8, 12], "texture": "#texture7"},
				"south": {"uv": [6, 11.5, 10, 12], "texture": "#texture7"},
				"west": {"uv": [8, 11.5, 11, 12], "texture": "#texture7"},
				"up": {"uv": [6, 8, 10, 11], "texture": "#texture7"},
				"down": {"uv": [6, 5, 10, 8], "texture": "#texture7"}
			}
		},
		{
			"name": "Box1",
			"from": [5.5, 6, 8],
			"to": [10.5, 8, 9],
			"faces": {
				"north": {"uv": [5.5, 8, 10.5, 10], "texture": "#texture4"},
				"east": {"uv": [7, 8, 8, 10], "texture": "#texture4"},
				"south": {"uv": [5.5, 8, 10.5, 10], "texture": "#texture4"},
				"west": {"uv": [8, 8, 9, 10], "texture": "#texture4"},
				"up": {"uv": [5.5, 8, 10.5, 9], "texture": "#texture4"},
				"down": {"uv": [5.5, 7, 10.5, 8], "texture": "#texture4"}
			}
		},
		{
			"name": "Box1",
			"from": [6, 7, 7],
			"to": [7, 8, 7.5],
			"faces": {
				"north": {"uv": [9, 8, 10, 9], "texture": "#texture1"},
				"east": {"uv": [8.5, 8, 9, 9], "texture": "#texture1"},
				"south": {"uv": [6, 8, 7, 9], "texture": "#texture1"},
				"west": {"uv": [7, 8, 7.5, 9], "texture": "#texture1"},
				"up": {"uv": [6, 7, 7, 7.5], "texture": "#texture1"},
				"down": {"uv": [6, 8.5, 7, 9], "texture": "#texture1"}
			}
		},
		{
			"name": "Box1",
			"from": [9, 7, 7],
			"to": [10, 8, 7.5],
			"faces": {
				"north": {"uv": [6, 8, 7, 9], "texture": "#texture1"},
				"east": {"uv": [8.5, 8, 9, 9], "texture": "#texture1"},
				"south": {"uv": [9, 8, 10, 9], "texture": "#texture1"},
				"west": {"uv": [7, 8, 7.5, 9], "texture": "#texture1"},
				"up": {"uv": [9, 7, 10, 7.5], "texture": "#texture1"},
				"down": {"uv": [9, 8.5, 10, 9], "texture": "#texture1"}
			}
		},
		{
			"name": "Box1",
			"from": [6, 6, 11],
			"to": [8, 10, 11.5],
			"faces": {
				"north": {"uv": [8, 6, 10, 10], "texture": "#texture6"},
				"east": {"uv": [4.5, 6, 5, 10], "texture": "#texture6"},
				"south": {"uv": [6, 6, 8, 10], "texture": "#texture6"},
				"west": {"uv": [11, 6, 11.5, 10], "texture": "#texture6"},
				"up": {"uv": [6, 11, 8, 11.5], "texture": "#texture6"},
				"down": {"uv": [6, 4.5, 8, 5], "texture": "#texture6"}
			}
		},
		{
			"name": "Box1",
			"from": [6, 10, 8],
			"to": [10, 10.5, 11],
			"faces": {
				"north": {"uv": [6, 5.5, 10, 6], "texture": "#texture6"},
				"east": {"uv": [5, 5.5, 8, 6], "texture": "#texture6"},
				"south": {"uv": [6, 5.5, 10, 6], "texture": "#texture6"},
				"west": {"uv": [8, 5.5, 11, 6], "texture": "#texture6"},
				"up": {"uv": [6, 8, 10, 11], "texture": "#texture6"},
				"down": {"uv": [6, 5, 10, 8], "texture": "#texture6"}
			}
		},
		{
			"name": "Box1",
			"from": [5.5, 3.5, 8.5],
			"to": [10.5, 5.5, 10.5],
			"faces": {
				"north": {"uv": [5.5, 10.5, 10.5, 12.5], "texture": "#texture7"},
				"east": {"uv": [5.5, 10.5, 7.5, 12.5], "texture": "#texture7"},
				"south": {"uv": [5.5, 10.5, 10.5, 12.5], "texture": "#texture7"},
				"west": {"uv": [8.5, 10.5, 10.5, 12.5], "texture": "#texture7"},
				"up": {"uv": [5.5, 8.5, 10.5, 10.5], "texture": "#texture7"},
				"down": {"uv": [5.5, 5.5, 10.5, 7.5], "texture": "#texture7"}
			}
		},
		{
			"name": "Box1",
			"from": [5, 3, 8.5],
			"to": [5.5, 4.5, 10.5],
			"faces": {
				"north": {"uv": [10.5, 11.5, 11, 13], "texture": "#texture4"},
				"east": {"uv": [5.5, 11.5, 7.5, 13], "texture": "#texture4"},
				"south": {"uv": [5, 11.5, 5.5, 13], "texture": "#texture4"},
				"west": {"uv": [8.5, 11.5, 10.5, 13], "texture": "#texture4"},
				"up": {"uv": [5, 8.5, 5.5, 10.5], "texture": "#texture4"},
				"down": {"uv": [5, 5.5, 5.5, 7.5], "texture": "#texture4"}
			}
		},
		{
			"name": "Box1",
			"from": [10.5, 3, 8.5],
			"to": [11, 4.5, 10.5],
			"faces": {
				"north": {"uv": [5, 11.5, 5.5, 13], "texture": "#texture4"},
				"east": {"uv": [5.5, 11.5, 7.5, 13], "texture": "#texture4"},
				"south": {"uv": [10.5, 11.5, 11, 13], "texture": "#texture4"},
				"west": {"uv": [8.5, 11.5, 10.5, 13], "texture": "#texture4"},
				"up": {"uv": [10.5, 8.5, 11, 10.5], "texture": "#texture4"},
				"down": {"uv": [10.5, 5.5, 11, 7.5], "texture": "#texture4"}
			}
		},
		{
			"name": "Box1",
			"from": [10.5, 4.5, 8.5],
			"to": [11, 5.5, 10.5],
			"faces": {
				"north": {"uv": [5, 10.5, 5.5, 11.5], "texture": "#texture7"},
				"east": {"uv": [5.5, 10.5, 7.5, 11.5], "texture": "#texture7"},
				"south": {"uv": [10.5, 10.5, 11, 11.5], "texture": "#texture7"},
				"west": {"uv": [8.5, 10.5, 10.5, 11.5], "texture": "#texture7"},
				"up": {"uv": [10.5, 8.5, 11, 10.5], "texture": "#texture7"},
				"down": {"uv": [10.5, 5.5, 11, 7.5], "texture": "#texture7"}
			}
		},
		{
			"name": "Box1",
			"from": [5, 4.5, 8.5],
			"to": [5.5, 5.5, 10.5],
			"faces": {
				"north": {"uv": [10.5, 10.5, 11, 11.5], "texture": "#texture7"},
				"east": {"uv": [5.5, 10.5, 7.5, 11.5], "texture": "#texture7"},
				"south": {"uv": [5, 10.5, 5.5, 11.5], "texture": "#texture7"},
				"west": {"uv": [8.5, 10.5, 10.5, 11.5], "texture": "#texture7"},
				"up": {"uv": [5, 8.5, 5.5, 10.5], "texture": "#texture7"},
				"down": {"uv": [5, 5.5, 5.5, 7.5], "texture": "#texture7"}
			}
		},
		{
			"name": "Box1",
			"from": [6.5, 5, 8],
			"to": [7, 5.5, 11],
			"faces": {
				"north": {"uv": [9, 10.5, 9.5, 11], "texture": "#texture3"},
				"east": {"uv": [5, 10.5, 8, 11], "texture": "#texture3"},
				"south": {"uv": [6.5, 10.5, 7, 11], "texture": "#texture3"},
				"west": {"uv": [8, 10.5, 11, 11], "texture": "#texture3"},
				"up": {"uv": [6.5, 8, 7, 11], "texture": "#texture3"},
				"down": {"uv": [6.5, 5, 7, 8], "texture": "#texture3"}
			}
		},
		{
			"name": "Box1",
			"from": [9, 5, 8],
			"to": [9.5, 5.5, 11],
			"faces": {
				"north": {"uv": [6.5, 10.5, 7, 11], "texture": "#texture3"},
				"east": {"uv": [5, 10.5, 8, 11], "texture": "#texture3"},
				"south": {"uv": [9, 10.5, 9.5, 11], "texture": "#texture3"},
				"west": {"uv": [8, 10.5, 11, 11], "texture": "#texture3"},
				"up": {"uv": [9, 8, 9.5, 11], "texture": "#texture3"},
				"down": {"uv": [9, 5, 9.5, 8], "texture": "#texture3"}
			}
		},
		{
			"name": "Box1",
			"from": [7, 5, 8],
			"to": [9, 5.5, 11],
			"faces": {
				"north": {"uv": [7, 10.5, 9, 11], "texture": "#texture7"},
				"east": {"uv": [5, 10.5, 8, 11], "texture": "#texture7"},
				"south": {"uv": [7, 10.5, 9, 11], "texture": "#texture7"},
				"west": {"uv": [8, 10.5, 11, 11], "texture": "#texture7"},
				"up": {"uv": [7, 8, 9, 11], "texture": "#texture7"},
				"down": {"uv": [7, 5, 9, 8], "texture": "#texture7"}
			}
		},
		{
			"name": "Box1",
			"from": [9.5, 8.5, 7.5],
			"to": [10, 10, 8],
			"faces": {
				"north": {"uv": [6, 6, 6.5, 7.5], "texture": "#texture6"},
				"east": {"uv": [8, 6, 8.5, 7.5], "texture": "#texture6"},
				"south": {"uv": [9.5, 6, 10, 7.5], "texture": "#texture6"},
				"west": {"uv": [7.5, 6, 8, 7.5], "texture": "#texture6"},
				"up": {"uv": [9.5, 7.5, 10, 8], "texture": "#texture6"},
				"down": {"uv": [9.5, 8, 10, 8.5], "texture": "#texture6"}
			}
		},
		{
			"name": "Box1",
			"from": [7.5, 9, 8],
			"to": [10.5, 10, 11],
			"faces": {
				"north": {"uv": [5.5, 6, 8.5, 7], "texture": "#texture6"},
				"east": {"uv": [5, 6, 8, 7], "texture": "#texture6"},
				"south": {"uv": [7.5, 6, 10.5, 7], "texture": "#texture6"},
				"west": {"uv": [8, 6, 11, 7], "texture": "#texture6"},
				"up": {"uv": [7.5, 8, 10.5, 11], "texture": "#texture6"},
				"down": {"uv": [7.5, 5, 10.5, 8], "texture": "#texture6"}
			}
		},
		{
			"name": "Box1",
			"from": [5.5, 6, 10.5],
			"to": [8, 8, 11],
			"faces": {
				"north": {"uv": [5, 8, 11, 11], "texture": "#texture6"},
				"east": {"uv": [8, 6.5, 9, 10], "texture": "#texture6"},
				"south": {"uv": [5, 6.5, 11, 10], "texture": "#texture6"},
				"west": {"uv": [7, 8.5, 8, 11], "texture": "#texture6"},
				"up": {"uv": [5, 8, 11, 9], "texture": "#texture6"},
				"down": {"uv": [5, 7, 11, 8], "texture": "#texture6"}
			}
		},
		{
			"name": "Box1",
			"from": [7.5, 8, 8],
			"to": [10.5, 9, 9.5],
			"faces": {
				"north": {"uv": [5.5, 7, 8.5, 8], "texture": "#texture6"},
				"east": {"uv": [6.5, 7, 8, 8], "texture": "#texture6"},
				"south": {"uv": [7.5, 7, 10.5, 8], "texture": "#texture6"},
				"west": {"uv": [8, 7, 9.5, 8], "texture": "#texture6"},
				"up": {"uv": [7.5, 8, 10.5, 9.5], "texture": "#texture6"},
				"down": {"uv": [7.5, 6.5, 10.5, 8], "texture": "#texture6"}
			}
		},
		{
			"name": "Box1",
			"from": [5.5, 8, 9.5],
			"to": [8, 9, 11],
			"faces": {
				"north": {"uv": [8, 7, 10.5, 8], "texture": "#texture6"},
				"east": {"uv": [5, 7, 6.5, 8], "texture": "#texture6"},
				"south": {"uv": [5.5, 7, 8, 8], "texture": "#texture6"},
				"west": {"uv": [9.5, 7, 11, 8], "texture": "#texture6"},
				"up": {"uv": [5.5, 9.5, 8, 11], "texture": "#texture6"},
				"down": {"uv": [5.5, 5, 8, 6.5], "texture": "#texture6"}
			}
		},
		{
			"name": "Box1",
			"from": [5, 6, 9.5],
			"to": [11, 8, 10.5],
			"faces": {
				"north": {"uv": [5, 8, 11, 10], "texture": "#texture4"},
				"east": {"uv": [5.5, 8, 6.5, 10], "texture": "#texture4"},
				"south": {"uv": [5, 8, 11, 10], "texture": "#texture4"},
				"west": {"uv": [9.5, 8, 10.5, 10], "texture": "#texture4"},
				"up": {"uv": [5, 9.5, 11, 10.5], "texture": "#texture4"},
				"down": {"uv": [5, 5.5, 11, 6.5], "texture": "#texture4"}
			}
		},
		{
			"name": "Box1",
			"from": [6.5, 4.5, 8],
			"to": [9.5, 5, 11],
			"faces": {
				"north": {"uv": [6.5, 11, 9.5, 11.5], "texture": "#texture3"},
				"east": {"uv": [5, 11, 8, 11.5], "texture": "#texture3"},
				"south": {"uv": [6.5, 11, 9.5, 11.5], "texture": "#texture3"},
				"west": {"uv": [8, 11, 11, 11.5], "texture": "#texture3"},
				"up": {"uv": [6.5, 8, 9.5, 11], "texture": "#texture3"},
				"down": {"uv": [6.5, 5, 9.5, 8], "texture": "#texture3"}
			}
		},
		{
			"name": "Box1",
			"from": [9.5, 5, 8],
			"to": [10, 6, 8.5],
			"faces": {
				"north": {"uv": [6, 10, 6.5, 11], "texture": "#texture3"},
				"east": {"uv": [7.5, 10, 8, 11], "texture": "#texture3"},
				"south": {"uv": [9.5, 10, 10, 11], "texture": "#texture3"},
				"west": {"uv": [8, 10, 8.5, 11], "texture": "#texture3"},
				"up": {"uv": [9.5, 8, 10, 8.5], "texture": "#texture3"},
				"down": {"uv": [9.5, 7.5, 10, 8], "texture": "#texture3"}
			}
		},
		{
			"name": "Box1",
			"from": [6, 5, 8],
			"to": [6.5, 6, 8.5],
			"faces": {
				"north": {"uv": [9.5, 10, 10, 11], "texture": "#texture3"},
				"east": {"uv": [7.5, 10, 8, 11], "texture": "#texture3"},
				"south": {"uv": [6, 10, 6.5, 11], "texture": "#texture3"},
				"west": {"uv": [8, 10, 8.5, 11], "texture": "#texture3"},
				"up": {"uv": [6, 8, 6.5, 8.5], "texture": "#texture3"},
				"down": {"uv": [6, 7.5, 6.5, 8], "texture": "#texture3"}
			}
		},
		{
			"name": "Box1",
			"from": [6.5, 5.5, 8],
			"to": [9.5, 6, 11],
			"faces": {
				"north": {"uv": [6.5, 10, 9.5, 10.5], "texture": "#texture7"},
				"east": {"uv": [5, 10, 8, 10.5], "texture": "#texture7"},
				"south": {"uv": [6.5, 10, 9.5, 10.5], "texture": "#texture7"},
				"west": {"uv": [8, 10, 11, 10.5], "texture": "#texture7"},
				"up": {"uv": [6.5, 8, 9.5, 11], "texture": "#texture7"},
				"down": {"uv": [6.5, 5, 9.5, 8], "texture": "#texture7"}
			}
		},
		{
			"name": "Box1",
			"from": [9.5, 4.5, 8],
			"to": [10, 5, 11],
			"faces": {
				"north": {"uv": [6, 11, 6.5, 11.5], "texture": "#texture7"},
				"east": {"uv": [5, 11, 8, 11.5], "texture": "#texture7"},
				"south": {"uv": [9.5, 11, 10, 11.5], "texture": "#texture7"},
				"west": {"uv": [8, 11, 11, 11.5], "texture": "#texture7"},
				"up": {"uv": [9.5, 8, 10, 11], "texture": "#texture7"},
				"down": {"uv": [9.5, 5, 10, 8], "texture": "#texture7"}
			}
		},
		{
			"name": "Box1",
			"from": [6, 4.5, 8],
			"to": [6.5, 5, 11],
			"faces": {
				"north": {"uv": [9.5, 11, 10, 11.5], "texture": "#texture7"},
				"east": {"uv": [5, 11, 8, 11.5], "texture": "#texture7"},
				"south": {"uv": [6, 11, 6.5, 11.5], "texture": "#texture7"},
				"west": {"uv": [8, 11, 11, 11.5], "texture": "#texture7"},
				"up": {"uv": [6, 8, 6.5, 11], "texture": "#texture7"},
				"down": {"uv": [6, 5, 6.5, 8], "texture": "#texture7"}
			}
		},
		{
			"name": "Box1",
			"from": [6.5, 3.5, 8],
			"to": [9.5, 4, 11],
			"faces": {
				"north": {"uv": [6.5, 12, 9.5, 12.5], "texture": "#texture3"},
				"east": {"uv": [5, 12, 8, 12.5], "texture": "#texture3"},
				"south": {"uv": [6.5, 12, 9.5, 12.5], "texture": "#texture3"},
				"west": {"uv": [8, 12, 11, 12.5], "texture": "#texture3"},
				"up": {"uv": [6.5, 8, 9.5, 11], "texture": "#texture3"},
				"down": {"uv": [6.5, 5, 9.5, 8], "texture": "#texture3"}
			}
		},
		{
			"name": "Box1",
			"from": [9.5, 2, 8],
			"to": [10, 3, 8.5],
			"faces": {
				"north": {"uv": [6, 13, 6.5, 14], "texture": "#texture3"},
				"east": {"uv": [7.5, 13, 8, 14], "texture": "#texture3"},
				"south": {"uv": [9.5, 13, 10, 14], "texture": "#texture3"},
				"west": {"uv": [8, 13, 8.5, 14], "texture": "#texture3"},
				"up": {"uv": [9.5, 8, 10, 8.5], "texture": "#texture3"},
				"down": {"uv": [9.5, 7.5, 10, 8], "texture": "#texture3"}
			}
		},
		{
			"name": "Box1",
			"from": [6, 2, 8],
			"to": [6.5, 3, 8.5],
			"faces": {
				"north": {"uv": [9.5, 13, 10, 14], "texture": "#texture3"},
				"east": {"uv": [7.5, 13, 8, 14], "texture": "#texture3"},
				"south": {"uv": [6, 13, 6.5, 14], "texture": "#texture3"},
				"west": {"uv": [8, 13, 8.5, 14], "texture": "#texture3"},
				"up": {"uv": [6, 8, 6.5, 8.5], "texture": "#texture3"},
				"down": {"uv": [6, 7.5, 6.5, 8], "texture": "#texture3"}
			}
		},
		{
			"name": "Box1",
			"from": [9, 3, 8],
			"to": [9.5, 3.5, 11],
			"faces": {
				"north": {"uv": [6.5, 12.5, 7, 13], "texture": "#texture3"},
				"east": {"uv": [5, 12.5, 8, 13], "texture": "#texture3"},
				"south": {"uv": [9, 12.5, 9.5, 13], "texture": "#texture3"},
				"west": {"uv": [8, 12.5, 11, 13], "texture": "#texture3"},
				"up": {"uv": [9, 8, 9.5, 11], "texture": "#texture3"},
				"down": {"uv": [9, 5, 9.5, 8], "texture": "#texture3"}
			}
		},
		{
			"name": "Box1",
			"from": [6.5, 3, 8],
			"to": [7, 3.5, 11],
			"faces": {
				"north": {"uv": [9, 12.5, 9.5, 13], "texture": "#texture3"},
				"east": {"uv": [5, 12.5, 8, 13], "texture": "#texture3"},
				"south": {"uv": [6.5, 12.5, 7, 13], "texture": "#texture3"},
				"west": {"uv": [8, 12.5, 11, 13], "texture": "#texture3"},
				"up": {"uv": [6.5, 8, 7, 11], "texture": "#texture3"},
				"down": {"uv": [6.5, 5, 7, 8], "texture": "#texture3"}
			}
		},
		{
			"name": "Box1",
			"from": [6.5, 2.5, 8],
			"to": [9.5, 3, 11],
			"faces": {
				"north": {"uv": [6.5, 13, 9.5, 13.5], "texture": "#texture3"},
				"east": {"uv": [5, 13, 8, 13.5], "texture": "#texture3"},
				"south": {"uv": [6.5, 13, 9.5, 13.5], "texture": "#texture3"},
				"west": {"uv": [8, 13, 11, 13.5], "texture": "#texture3"},
				"up": {"uv": [6.5, 8, 9.5, 11], "texture": "#texture3"},
				"down": {"uv": [6.5, 5, 9.5, 8], "texture": "#texture3"}
			}
		},
		{
			"name": "Box1",
			"from": [9.5, 3, 8],
			"to": [10, 4, 11],
			"faces": {
				"north": {"uv": [6, 12, 6.5, 13], "texture": "#texture7"},
				"east": {"uv": [5, 12, 8, 13], "texture": "#texture7"},
				"south": {"uv": [9.5, 12, 10, 13], "texture": "#texture7"},
				"west": {"uv": [8, 12, 11, 13], "texture": "#texture7"},
				"up": {"uv": [9.5, 8, 10, 11], "texture": "#texture7"},
				"down": {"uv": [9.5, 5, 10, 8], "texture": "#texture7"}
			}
		},
		{
			"name": "Box1",
			"from": [6, 3, 8],
			"to": [6.5, 4, 11],
			"faces": {
				"north": {"uv": [9.5, 12, 10, 13], "texture": "#texture7"},
				"east": {"uv": [5, 12, 8, 13], "texture": "#texture7"},
				"south": {"uv": [6, 12, 6.5, 13], "texture": "#texture7"},
				"west": {"uv": [8, 12, 11, 13], "texture": "#texture7"},
				"up": {"uv": [6, 8, 6.5, 11], "texture": "#texture7"},
				"down": {"uv": [6, 5, 6.5, 8], "texture": "#texture7"}
			}
		},
		{
			"name": "Box1",
			"from": [7, 3, 8],
			"to": [9, 3.5, 11],
			"faces": {
				"north": {"uv": [7, 12.5, 9, 13], "texture": "#texture7"},
				"east": {"uv": [5, 12.5, 8, 13], "texture": "#texture7"},
				"south": {"uv": [7, 12.5, 9, 13], "texture": "#texture7"},
				"west": {"uv": [8, 12.5, 11, 13], "texture": "#texture7"},
				"up": {"uv": [7, 8, 9, 11], "texture": "#texture7"},
				"down": {"uv": [7, 5, 9, 8], "texture": "#texture7"}
			}
		},
		{
			"name": "Box1",
			"from": [6.5, 2, 8],
			"to": [9.5, 2.5, 11],
			"faces": {
				"north": {"uv": [6.5, 13.5, 9.5, 14], "texture": "#texture7"},
				"east": {"uv": [5, 13.5, 8, 14], "texture": "#texture7"},
				"south": {"uv": [6.5, 13.5, 9.5, 14], "texture": "#texture7"},
				"west": {"uv": [8, 13.5, 11, 14], "texture": "#texture7"},
				"up": {"uv": [6.5, 8, 9.5, 11], "texture": "#texture7"},
				"down": {"uv": [6.5, 5, 9.5, 8], "texture": "#texture7"}
			}
		},
		{
			"name": "Box1",
			"from": [9.5, 2, 10.5],
			"to": [10, 3, 11],
			"faces": {
				"north": {"uv": [6, 13, 6.5, 14], "texture": "#texture3"},
				"east": {"uv": [5, 13, 5.5, 14], "texture": "#texture3"},
				"south": {"uv": [9.5, 13, 10, 14], "texture": "#texture3"},
				"west": {"uv": [10.5, 13, 11, 14], "texture": "#texture3"},
				"up": {"uv": [9.5, 10.5, 10, 11], "texture": "#texture3"},
				"down": {"uv": [9.5, 5, 10, 5.5], "texture": "#texture3"}
			}
		},
		{
			"name": "Box1",
			"from": [9.5, 5, 10.5],
			"to": [10, 6, 11],
			"faces": {
				"north": {"uv": [6, 10, 6.5, 11], "texture": "#texture3"},
				"east": {"uv": [5, 10, 5.5, 11], "texture": "#texture3"},
				"south": {"uv": [9.5, 10, 10, 11], "texture": "#texture3"},
				"west": {"uv": [10.5, 10, 11, 11], "texture": "#texture3"},
				"up": {"uv": [9.5, 10.5, 10, 11], "texture": "#texture3"},
				"down": {"uv": [9.5, 5, 10, 5.5], "texture": "#texture3"}
			}
		},
		{
			"name": "Box1",
			"from": [6, 2, 10.5],
			"to": [6.5, 3, 11],
			"faces": {
				"north": {"uv": [9.5, 13, 10, 14], "texture": "#texture3"},
				"east": {"uv": [5, 13, 5.5, 14], "texture": "#texture3"},
				"south": {"uv": [6, 13, 6.5, 14], "texture": "#texture3"},
				"west": {"uv": [10.5, 13, 11, 14], "texture": "#texture3"},
				"up": {"uv": [6, 10.5, 6.5, 11], "texture": "#texture3"},
				"down": {"uv": [6, 5, 6.5, 5.5], "texture": "#texture3"}
			}
		},
		{
			"name": "Box1",
			"from": [6, 5, 10.5],
			"to": [6.5, 6, 11],
			"faces": {
				"north": {"uv": [9.5, 10, 10, 11], "texture": "#texture3"},
				"east": {"uv": [5, 10, 5.5, 11], "texture": "#texture3"},
				"south": {"uv": [6, 10, 6.5, 11], "texture": "#texture3"},
				"west": {"uv": [10.5, 10, 11, 11], "texture": "#texture3"},
				"up": {"uv": [6, 10.5, 6.5, 11], "texture": "#texture3"},
				"down": {"uv": [6, 5, 6.5, 5.5], "texture": "#texture3"}
			}
		},
		{
			"name": "Box1",
			"from": [6, 2, 8.5],
			"to": [6.5, 3, 10.5],
			"faces": {
				"north": {"uv": [9.5, 13, 10, 14], "texture": "#texture7"},
				"east": {"uv": [5.5, 13, 7.5, 14], "texture": "#texture7"},
				"south": {"uv": [6, 13, 6.5, 14], "texture": "#texture7"},
				"west": {"uv": [8.5, 13, 10.5, 14], "texture": "#texture7"},
				"up": {"uv": [6, 8.5, 6.5, 10.5], "texture": "#texture7"},
				"down": {"uv": [6, 5.5, 6.5, 7.5], "texture": "#texture7"}
			}
		},
		{
			"name": "Box1",
			"from": [6, 5.5, 8.5],
			"to": [6.5, 6, 10.5],
			"faces": {
				"north": {"uv": [9.5, 10, 10, 10.5], "texture": "#texture7"},
				"east": {"uv": [5.5, 10, 7.5, 10.5], "texture": "#texture7"},
				"south": {"uv": [6, 10, 6.5, 10.5], "texture": "#texture7"},
				"west": {"uv": [8.5, 10, 10.5, 10.5], "texture": "#texture7"},
				"up": {"uv": [6, 8.5, 6.5, 10.5], "texture": "#texture7"},
				"down": {"uv": [6, 5.5, 6.5, 7.5], "texture": "#texture7"}
			}
		},
		{
			"name": "Box1",
			"from": [9.5, 5.5, 8.5],
			"to": [10, 6, 10.5],
			"faces": {
				"north": {"uv": [6, 10, 6.5, 10.5], "texture": "#texture7"},
				"east": {"uv": [5.5, 10, 7.5, 10.5], "texture": "#texture7"},
				"south": {"uv": [9.5, 10, 10, 10.5], "texture": "#texture7"},
				"west": {"uv": [8.5, 10, 10.5, 10.5], "texture": "#texture7"},
				"up": {"uv": [9.5, 8.5, 10, 10.5], "texture": "#texture7"},
				"down": {"uv": [9.5, 5.5, 10, 7.5], "texture": "#texture7"}
			}
		},
		{
			"name": "Box1",
			"from": [9.5, 2, 8.5],
			"to": [10, 3, 10.5],
			"faces": {
				"north": {"uv": [6, 13, 6.5, 14], "texture": "#texture7"},
				"east": {"uv": [5.5, 13, 7.5, 14], "texture": "#texture7"},
				"south": {"uv": [9.5, 13, 10, 14], "texture": "#texture7"},
				"west": {"uv": [8.5, 13, 10.5, 14], "texture": "#texture7"},
				"up": {"uv": [9.5, 8.5, 10, 10.5], "texture": "#texture7"},
				"down": {"uv": [9.5, 5.5, 10, 7.5], "texture": "#texture7"}
			}
		},
		{
			"name": "Box1",
			"from": [5.5, 9, 8],
			"to": [7.5, 10, 11],
			"faces": {
				"north": {"uv": [8.5, 6, 10.5, 7], "texture": "#texture6"},
				"east": {"uv": [5, 6, 8, 7], "texture": "#texture6"},
				"south": {"uv": [5.5, 6, 7.5, 7], "texture": "#texture6"},
				"west": {"uv": [8, 6, 11, 7], "texture": "#texture6"},
				"up": {"uv": [5.5, 8, 7.5, 11], "texture": "#texture6"},
				"down": {"uv": [5.5, 5, 7.5, 8], "texture": "#texture6"}
			}
		},
		{
			"name": "Box1",
			"from": [5.5, 8, 8],
			"to": [7.5, 9, 9.5],
			"faces": {
				"north": {"uv": [8.5, 7, 10.5, 8], "texture": "#texture6"},
				"east": {"uv": [6.5, 7, 8, 8], "texture": "#texture6"},
				"south": {"uv": [5.5, 7, 7.5, 8], "texture": "#texture6"},
				"west": {"uv": [8, 7, 9.5, 8], "texture": "#texture6"},
				"up": {"uv": [5.5, 8, 7.5, 9.5], "texture": "#texture6"},
				"down": {"uv": [5.5, 6.5, 7.5, 8], "texture": "#texture6"}
			}
		},
		{
			"name": "Box1",
			"from": [8, 6, 11],
			"to": [10, 10, 11.5],
			"faces": {
				"north": {"uv": [6, 6, 8, 10], "texture": "#texture6"},
				"east": {"uv": [4.5, 6, 5, 10], "texture": "#texture6"},
				"south": {"uv": [8, 6, 10, 10], "texture": "#texture6"},
				"west": {"uv": [11, 6, 11.5, 10], "texture": "#texture6"},
				"up": {"uv": [8, 11, 10, 11.5], "texture": "#texture6"},
				"down": {"uv": [8, 4.5, 10, 5], "texture": "#texture6"}
			}
		},
		{
			"name": "Box1",
			"from": [8, 6, 10.5],
			"to": [10.5, 8, 11],
			"faces": {
				"north": {"uv": [5.5, 8, 8, 10], "texture": "#texture6"},
				"east": {"uv": [5, 8, 5.5, 10], "texture": "#texture6"},
				"south": {"uv": [8, 8, 10.5, 10], "texture": "#texture6"},
				"west": {"uv": [10.5, 8, 11, 10], "texture": "#texture6"},
				"up": {"uv": [8, 10.5, 10.5, 11], "texture": "#texture6"},
				"down": {"uv": [8, 5, 10.5, 5.5], "texture": "#texture6"}
			}
		},
		{
			"name": "Box1",
			"from": [8, 8, 9.5],
			"to": [10.5, 9, 11],
			"faces": {
				"north": {"uv": [5.5, 7, 8, 8], "texture": "#texture6"},
				"east": {"uv": [5, 7, 6.5, 8], "texture": "#texture6"},
				"south": {"uv": [8, 7, 10.5, 8], "texture": "#texture6"},
				"west": {"uv": [9.5, 7, 11, 8], "texture": "#texture6"},
				"up": {"uv": [8, 9.5, 10.5, 11], "texture": "#texture6"},
				"down": {"uv": [8, 5, 10.5, 6.5], "texture": "#texture6"}
			}
		},
		{
			"name": "Box1",
			"from": [9, 9, 7.5],
			"to": [9.5, 10, 8],
			"faces": {
				"north": {"uv": [6.5, 6, 7, 7], "texture": "#texture6"},
				"east": {"uv": [8, 6, 8.5, 7], "texture": "#texture6"},
				"south": {"uv": [9, 6, 9.5, 7], "texture": "#texture6"},
				"west": {"uv": [7.5, 6, 8, 7], "texture": "#texture6"},
				"up": {"uv": [9, 7.5, 9.5, 8], "texture": "#texture6"},
				"down": {"uv": [9, 8, 9.5, 8.5], "texture": "#texture6"}
			}
		},
		{
			"name": "Box1",
			"from": [6.5, 8.5, 7.5],
			"to": [9.5, 9, 8],
			"faces": {
				"north": {"uv": [5.5, 6.5, 7, 7], "texture": "#texture4"},
				"east": {"uv": [8, 7, 8.5, 7.5], "texture": "#texture4"},
				"south": {"uv": [8.5, 7, 10, 7.5], "texture": "#texture4"},
				"west": {"uv": [7.5, 7, 8, 7.5], "texture": "#texture4"},
				"up": {"uv": [8.5, 7.5, 10, 8], "texture": "#texture4"},
				"down": {"uv": [8.5, 8, 10, 8.5], "texture": "#texture4"}
			}
		},
		{
			"name": "Box1",
			"from": [5.5, 6, 9],
			"to": [10.5, 8, 9.5],
			"faces": {
				"north": {"uv": [5.5, 8, 10.5, 10], "texture": "#texture4"},
				"east": {"uv": [6.5, 8, 7, 10], "texture": "#texture4"},
				"south": {"uv": [5.5, 8, 10.5, 10], "texture": "#texture4"},
				"west": {"uv": [9, 8, 9.5, 10], "texture": "#texture4"},
				"up": {"uv": [5.5, 9, 10.5, 9.5], "texture": "#texture4"},
				"down": {"uv": [5.5, 6.5, 10.5, 7], "texture": "#texture4"}
			}
		},
		{
			"name": "Box1",
			"from": [6.5, 9, 7.5],
			"to": [7, 10, 8],
			"faces": {
				"north": {"uv": [9, 6, 9.5, 7], "texture": "#texture6"},
				"east": {"uv": [8, 6, 8.5, 7], "texture": "#texture6"},
				"south": {"uv": [6.5, 6, 7, 7], "texture": "#texture6"},
				"west": {"uv": [7.5, 6, 8, 7], "texture": "#texture6"},
				"up": {"uv": [6.5, 7.5, 7, 8], "texture": "#texture6"},
				"down": {"uv": [6.5, 8, 7, 8.5], "texture": "#texture6"}
			}
		},
		{
			"name": "Box1",
			"from": [6, 8.5, 7.5],
			"to": [6.5, 10, 8],
			"faces": {
				"north": {"uv": [9.5, 6, 10, 7.5], "texture": "#texture6"},
				"east": {"uv": [8, 6, 8.5, 7.5], "texture": "#texture6"},
				"south": {"uv": [6, 6, 6.5, 7.5], "texture": "#texture6"},
				"west": {"uv": [7.5, 6, 8, 7.5], "texture": "#texture6"},
				"up": {"uv": [6, 7.5, 6.5, 8], "texture": "#texture6"},
				"down": {"uv": [6, 8, 6.5, 8.5], "texture": "#texture6"}
			}
		},
		{
			"name": "Box1",
			"from": [7, 9.5, 7.5],
			"to": [9, 10, 8],
			"faces": {
				"north": {"uv": [7, 6, 9, 6.5], "texture": "#texture6"},
				"east": {"uv": [8, 6, 8.5, 6.5], "texture": "#texture6"},
				"south": {"uv": [7, 6, 9, 6.5], "texture": "#texture6"},
				"west": {"uv": [7.5, 6, 8, 6.5], "texture": "#texture6"},
				"up": {"uv": [7, 7.5, 9, 8], "texture": "#texture6"},
				"down": {"uv": [7, 8, 9, 8.5], "texture": "#texture6"}
			}
		},
		{
			"name": "Box1",
			"from": [7, 9, 7.5],
			"to": [9, 9.5, 8],
			"faces": {
				"north": {"uv": [5.5, 6.5, 7, 7], "texture": "#texture4"},
				"east": {"uv": [8, 7, 8.5, 7.5], "texture": "#texture4"},
				"south": {"uv": [8.5, 7, 10, 7.5], "texture": "#texture4"},
				"west": {"uv": [7.5, 7, 8, 7.5], "texture": "#texture4"},
				"up": {"uv": [8.5, 7.5, 10, 8], "texture": "#texture4"},
				"down": {"uv": [8.5, 8, 10, 8.5], "texture": "#texture4"}
			}
		},
		{
			"name": "Box1",
			"from": [10.5, 9, 8],
			"to": [11, 9.5, 8.5],
			"faces": {
				"north": {"uv": [5, 6.5, 5.5, 7], "texture": "#texture6"},
				"east": {"uv": [7.5, 6.5, 8, 7], "texture": "#texture6"},
				"south": {"uv": [10.5, 6.5, 11, 7], "texture": "#texture6"},
				"west": {"uv": [8, 6.5, 8.5, 7], "texture": "#texture6"},
				"up": {"uv": [10.5, 8, 11, 8.5], "texture": "#texture6"},
				"down": {"uv": [10.5, 7.5, 11, 8], "texture": "#texture6"}
			}
		},
		{
			"name": "Box1",
			"from": [10.5, 8.5, 9],
			"to": [11.5, 9, 9.5],
			"faces": {
				"north": {"uv": [4.5, 7, 5.5, 7.5], "texture": "#texture6"},
				"east": {"uv": [6.5, 7, 7, 7.5], "texture": "#texture6"},
				"south": {"uv": [10.5, 7, 11.5, 7.5], "texture": "#texture6"},
				"west": {"uv": [9, 7, 9.5, 7.5], "texture": "#texture6"},
				"up": {"uv": [10.5, 9, 11.5, 9.5], "texture": "#texture6"},
				"down": {"uv": [10.5, 6.5, 11.5, 7], "texture": "#texture6"}
			}
		},
		{
			"name": "Box1",
			"from": [10.5, 9.5, 9.5],
			"to": [11, 10, 10],
			"faces": {
				"north": {"uv": [5, 6, 5.5, 6.5], "texture": "#texture6"},
				"east": {"uv": [6, 6, 6.5, 6.5], "texture": "#texture6"},
				"south": {"uv": [10.5, 6, 11, 6.5], "texture": "#texture6"},
				"west": {"uv": [9.5, 6, 10, 6.5], "texture": "#texture6"},
				"up": {"uv": [10.5, 9.5, 11, 10], "texture": "#texture6"},
				"down": {"uv": [10.5, 6, 11, 6.5], "texture": "#texture6"}
			}
		},
		{
			"name": "Box1",
			"from": [10.5, 8, 10],
			"to": [11, 8.5, 10.5],
			"faces": {
				"north": {"uv": [5, 7.5, 5.5, 8], "texture": "#texture6"},
				"east": {"uv": [5.5, 7.5, 6, 8], "texture": "#texture6"},
				"south": {"uv": [10.5, 7.5, 11, 8], "texture": "#texture6"},
				"west": {"uv": [10, 7.5, 10.5, 8], "texture": "#texture6"},
				"up": {"uv": [10.5, 10, 11, 10.5], "texture": "#texture6"},
				"down": {"uv": [10.5, 5.5, 11, 6], "texture": "#texture6"}
			}
		},
		{
			"name": "Box1",
			"from": [10, 10, 9],
			"to": [10.5, 11, 9.5],
			"rotation": {"angle": -45, "axis": "z", "origin": [10, 10, 9]},
			"faces": {
				"north": {"uv": [5.5, 5, 6, 6], "texture": "#texture6"},
				"east": {"uv": [6.5, 5, 7, 6], "texture": "#texture6"},
				"south": {"uv": [10, 5, 10.5, 6], "texture": "#texture6"},
				"west": {"uv": [9, 5, 9.5, 6], "texture": "#texture6"},
				"up": {"uv": [10, 9, 10.5, 9.5], "texture": "#texture6"},
				"down": {"uv": [10, 6.5, 10.5, 7], "texture": "#texture6"}
			}
		},
		{
			"name": "Box1",
			"from": [9, 10.5, 9],
			"to": [9.5, 11.5, 9.5],
			"faces": {
				"north": {"uv": [6.5, 4.5, 7, 5.5], "texture": "#texture6"},
				"east": {"uv": [6.5, 4.5, 7, 5.5], "texture": "#texture6"},
				"south": {"uv": [9, 4.5, 9.5, 5.5], "texture": "#texture6"},
				"west": {"uv": [9, 4.5, 9.5, 5.5], "texture": "#texture6"},
				"up": {"uv": [9, 9, 9.5, 9.5], "texture": "#texture6"},
				"down": {"uv": [9, 6.5, 9.5, 7], "texture": "#texture6"}
			}
		},
		{
			"name": "Box1",
			"from": [8.5, 10.5, 9],
			"to": [9, 12.5, 9.5],
			"faces": {
				"north": {"uv": [7, 3.5, 7.5, 5.5], "texture": "#texture6"},
				"east": {"uv": [6.5, 3.5, 7, 5.5], "texture": "#texture6"},
				"south": {"uv": [8.5, 3.5, 9, 5.5], "texture": "#texture6"},
				"west": {"uv": [9, 3.5, 9.5, 5.5], "texture": "#texture6"},
				"up": {"uv": [8.5, 9, 9, 9.5], "texture": "#texture6"},
				"down": {"uv": [8.5, 6.5, 9, 7], "texture": "#texture6"}
			}
		},
		{
			"name": "Box1",
			"from": [8, 10.5, 9],
			"to": [8.5, 11.5, 9.5],
			"faces": {
				"north": {"uv": [7.5, 4.5, 8, 5.5], "texture": "#texture6"},
				"east": {"uv": [6.5, 4.5, 7, 5.5], "texture": "#texture6"},
				"south": {"uv": [8, 4.5, 8.5, 5.5], "texture": "#texture6"},
				"west": {"uv": [9, 4.5, 9.5, 5.5], "texture": "#texture6"},
				"up": {"uv": [8, 9, 8.5, 9.5], "texture": "#texture6"},
				"down": {"uv": [8, 6.5, 8.5, 7], "texture": "#texture6"}
			}
		},
		{
			"name": "Box1",
			"from": [8.5, 10.5, 8.5],
			"to": [9, 11.5, 9],
			"faces": {
				"north": {"uv": [7, 4.5, 7.5, 5.5], "texture": "#texture6"},
				"east": {"uv": [7, 4.5, 7.5, 5.5], "texture": "#texture6"},
				"south": {"uv": [8.5, 4.5, 9, 5.5], "texture": "#texture6"},
				"west": {"uv": [8.5, 4.5, 9, 5.5], "texture": "#texture6"},
				"up": {"uv": [8.5, 8.5, 9, 9], "texture": "#texture6"},
				"down": {"uv": [8.5, 7, 9, 7.5], "texture": "#texture6"}
			}
		},
		{
			"name": "Box1",
			"from": [9, 10.5, 8],
			"to": [9.5, 11, 9],
			"faces": {
				"north": {"uv": [6.5, 5, 7, 5.5], "texture": "#texture6"},
				"east": {"uv": [7, 5, 8, 5.5], "texture": "#texture6"},
				"south": {"uv": [9, 5, 9.5, 5.5], "texture": "#texture6"},
				"west": {"uv": [8, 5, 9, 5.5], "texture": "#texture6"},
				"up": {"uv": [9, 8, 9.5, 9], "texture": "#texture6"},
				"down": {"uv": [9, 7, 9.5, 8], "texture": "#texture6"}
			}
		},
		{
			"name": "Box1",
			"from": [9.5, 10.5, 9],
			"to": [10, 11, 9.5],
			"faces": {
				"north": {"uv": [6, 5, 6.5, 5.5], "texture": "#texture6"},
				"east": {"uv": [6.5, 5, 7, 5.5], "texture": "#texture6"},
				"south": {"uv": [9.5, 5, 10, 5.5], "texture": "#texture6"},
				"west": {"uv": [9, 5, 9.5, 5.5], "texture": "#texture6"},
				"up": {"uv": [9.5, 9, 10, 9.5], "texture": "#texture6"},
				"down": {"uv": [9.5, 6.5, 10, 7], "texture": "#texture6"}
			}
		},
		{
			"name": "Box1",
			"from": [7, 10.5, 9],
			"to": [7.5, 12.5, 9.5],
			"faces": {
				"north": {"uv": [8.5, 3.5, 9, 5.5], "texture": "#texture6"},
				"east": {"uv": [6.5, 3.5, 7, 5.5], "texture": "#texture6"},
				"south": {"uv": [7, 3.5, 7.5, 5.5], "texture": "#texture6"},
				"west": {"uv": [9, 3.5, 9.5, 5.5], "texture": "#texture6"},
				"up": {"uv": [7, 9, 7.5, 9.5], "texture": "#texture6"},
				"down": {"uv": [7, 6.5, 7.5, 7], "texture": "#texture6"}
			}
		},
		{
			"name": "Box1",
			"from": [7.5, 10.5, 9],
			"to": [8, 12, 9.5],
			"faces": {
				"north": {"uv": [8, 4, 8.5, 5.5], "texture": "#texture6"},
				"east": {"uv": [6.5, 4, 7, 5.5], "texture": "#texture6"},
				"south": {"uv": [7.5, 4, 8, 5.5], "texture": "#texture6"},
				"west": {"uv": [9, 4, 9.5, 5.5], "texture": "#texture6"},
				"up": {"uv": [7.5, 9, 8, 9.5], "texture": "#texture6"},
				"down": {"uv": [7.5, 6.5, 8, 7], "texture": "#texture6"}
			}
		},
		{
			"name": "Box1",
			"from": [6.5, 10.5, 9],
			"to": [7, 11.5, 9.5],
			"faces": {
				"north": {"uv": [9, 4.5, 9.5, 5.5], "texture": "#texture6"},
				"east": {"uv": [6.5, 4.5, 7, 5.5], "texture": "#texture6"},
				"south": {"uv": [6.5, 4.5, 7, 5.5], "texture": "#texture6"},
				"west": {"uv": [9, 4.5, 9.5, 5.5], "texture": "#texture6"},
				"up": {"uv": [6.5, 9, 7, 9.5], "texture": "#texture6"},
				"down": {"uv": [6.5, 6.5, 7, 7], "texture": "#texture6"}
			}
		},
		{
			"name": "Box1",
			"from": [7, 10.5, 8],
			"to": [8, 11, 9],
			"faces": {
				"north": {"uv": [8, 5, 9, 5.5], "texture": "#texture6"},
				"east": {"uv": [7, 5, 8, 5.5], "texture": "#texture6"},
				"south": {"uv": [7, 5, 8, 5.5], "texture": "#texture6"},
				"west": {"uv": [8, 5, 9, 5.5], "texture": "#texture6"},
				"up": {"uv": [7, 8, 8, 9], "texture": "#texture6"},
				"down": {"uv": [7, 7, 8, 8], "texture": "#texture6"}
			}
		},
		{
			"name": "Box1",
			"from": [8, 10.5, 8.5],
			"to": [8.5, 11, 9],
			"faces": {
				"north": {"uv": [7.5, 5, 8, 5.5], "texture": "#texture6"},
				"east": {"uv": [7, 5, 7.5, 5.5], "texture": "#texture6"},
				"south": {"uv": [8, 5, 8.5, 5.5], "texture": "#texture6"},
				"west": {"uv": [8.5, 5, 9, 5.5], "texture": "#texture6"},
				"up": {"uv": [8, 8.5, 8.5, 9], "texture": "#texture6"},
				"down": {"uv": [8, 7, 8.5, 7.5], "texture": "#texture6"}
			}
		},
		{
			"name": "Box1",
			"from": [6, 10.5, 8.5],
			"to": [6.5, 11, 9],
			"faces": {
				"north": {"uv": [9.5, 5, 10, 5.5], "texture": "#texture6"},
				"east": {"uv": [7, 5, 7.5, 5.5], "texture": "#texture6"},
				"south": {"uv": [6, 5, 6.5, 5.5], "texture": "#texture6"},
				"west": {"uv": [8.5, 5, 9, 5.5], "texture": "#texture6"},
				"up": {"uv": [6, 8.5, 6.5, 9], "texture": "#texture6"},
				"down": {"uv": [6, 7, 6.5, 7.5], "texture": "#texture6"}
			}
		},
		{
			"name": "Box1",
			"from": [6, 10.5, 10],
			"to": [6.5, 12.5, 10.5],
			"faces": {
				"north": {"uv": [9.5, 3.5, 10, 5.5], "texture": "#texture6"},
				"east": {"uv": [5.5, 3.5, 6, 5.5], "texture": "#texture6"},
				"south": {"uv": [6, 3.5, 6.5, 5.5], "texture": "#texture6"},
				"west": {"uv": [10, 3.5, 10.5, 5.5], "texture": "#texture6"},
				"up": {"uv": [6, 10, 6.5, 10.5], "texture": "#texture6"},
				"down": {"uv": [6, 5.5, 6.5, 6], "texture": "#texture6"}
			}
		},
		{
			"name": "Box1",
			"from": [6, 10.5, 9.5],
			"to": [9.5, 11.5, 10],
			"faces": {
				"north": {"uv": [6.5, 4.5, 10, 5.5], "texture": "#texture6"},
				"east": {"uv": [6, 4.5, 6.5, 5.5], "texture": "#texture6"},
				"south": {"uv": [6, 4.5, 9.5, 5.5], "texture": "#texture6"},
				"west": {"uv": [9.5, 4.5, 10, 5.5], "texture": "#texture6"},
				"up": {"uv": [6, 9.5, 9.5, 10], "texture": "#texture6"},
				"down": {"uv": [6, 6, 9.5, 6.5], "texture": "#texture6"}
			}
		},
		{
			"name": "Box1",
			"from": [5.5, 10, 10],
			"to": [6, 11, 10.5],
			"faces": {
				"north": {"uv": [10, 5, 10.5, 6], "texture": "#texture6"},
				"east": {"uv": [5.5, 5, 6, 6], "texture": "#texture6"},
				"south": {"uv": [5.5, 5, 6, 6], "texture": "#texture6"},
				"west": {"uv": [10, 5, 10.5, 6], "texture": "#texture6"},
				"up": {"uv": [5.5, 10, 6, 10.5], "texture": "#texture6"},
				"down": {"uv": [5.5, 5.5, 6, 6], "texture": "#texture6"}
			}
		},
		{
			"name": "Box1",
			"from": [7, 10.5, 9.5],
			"to": [7.5, 12, 10],
			"faces": {
				"north": {"uv": [8.5, 4, 9, 5.5], "texture": "#texture6"},
				"east": {"uv": [6, 4, 6.5, 5.5], "texture": "#texture6"},
				"south": {"uv": [7, 4, 7.5, 5.5], "texture": "#texture6"},
				"west": {"uv": [9.5, 4, 10, 5.5], "texture": "#texture6"},
				"up": {"uv": [7, 9.5, 7.5, 10], "texture": "#texture6"},
				"down": {"uv": [7, 6, 7.5, 6.5], "texture": "#texture6"}
			}
		},
		{
			"name": "Box1",
			"from": [7, 10.5, 10],
			"to": [7.5, 11.5, 10.5],
			"faces": {
				"north": {"uv": [8.5, 4.5, 9, 5.5], "texture": "#texture6"},
				"east": {"uv": [5.5, 4.5, 6, 5.5], "texture": "#texture6"},
				"south": {"uv": [7, 4.5, 7.5, 5.5], "texture": "#texture6"},
				"west": {"uv": [10, 4.5, 10.5, 5.5], "texture": "#texture6"},
				"up": {"uv": [7, 10, 7.5, 10.5], "texture": "#texture6"},
				"down": {"uv": [7, 5.5, 7.5, 6], "texture": "#texture6"}
			}
		},
		{
			"name": "Box1",
			"from": [8.5, 10.5, 10.5],
			"to": [9, 11.5, 11],
			"faces": {
				"north": {"uv": [7, 4.5, 7.5, 5.5], "texture": "#texture6"},
				"east": {"uv": [5, 4.5, 5.5, 5.5], "texture": "#texture6"},
				"south": {"uv": [8.5, 4.5, 9, 5.5], "texture": "#texture6"},
				"west": {"uv": [10.5, 4.5, 11, 5.5], "texture": "#texture6"},
				"up": {"uv": [8.5, 10.5, 9, 11], "texture": "#texture6"},
				"down": {"uv": [8.5, 5, 9, 5.5], "texture": "#texture6"}
			}
		},
		{
			"name": "Box1",
			"from": [5, 9, 8],
			"to": [5.5, 9.5, 8.5],
			"faces": {
				"north": {"uv": [10.5, 6.5, 11, 7], "texture": "#texture6"},
				"east": {"uv": [7.5, 6.5, 8, 7], "texture": "#texture6"},
				"south": {"uv": [5, 6.5, 5.5, 7], "texture": "#texture6"},
				"west": {"uv": [8, 6.5, 8.5, 7], "texture": "#texture6"},
				"up": {"uv": [5, 8, 5.5, 8.5], "texture": "#texture6"},
				"down": {"uv": [5, 7.5, 5.5, 8], "texture": "#texture6"}
			}
		},
		{
			"name": "Box1",
			"from": [4.5, 8.5, 9],
			"to": [5.5, 9, 9.5],
			"rotation": {"angle": -22.5, "axis": "z", "origin": [4.5, 8.5, 9]},
			"faces": {
				"north": {"uv": [10.5, 7.5, 11.5, 8], "texture": "#texture6"},
				"east": {"uv": [6.5, 7.5, 7, 8], "texture": "#texture6"},
				"south": {"uv": [4.5, 7.5, 5.5, 8], "texture": "#texture6"},
				"west": {"uv": [9, 7.5, 9.5, 8], "texture": "#texture6"},
				"up": {"uv": [4.5, 9, 5.5, 9.5], "texture": "#texture6"},
				"down": {"uv": [4.5, 6.5, 5.5, 7], "texture": "#texture6"}
			}
		},
		{
			"name": "Box1",
			"from": [5.5, 9.5, 9],
			"to": [6, 10.5, 9.5],
			"rotation": {"angle": 22.5, "axis": "z", "origin": [5.5, 9.5, 9]},
			"faces": {
				"north": {"uv": [5.5, 5, 6, 6], "texture": "#texture6"},
				"east": {"uv": [6.5, 5, 7, 6], "texture": "#texture6"},
				"south": {"uv": [10, 5, 10.5, 6], "texture": "#texture6"},
				"west": {"uv": [9, 5, 9.5, 6], "texture": "#texture6"},
				"up": {"uv": [10, 9, 10.5, 9.5], "texture": "#texture6"},
				"down": {"uv": [10, 6.5, 10.5, 7], "texture": "#texture6"}
			}
		}
	],
	"display": {
		"thirdperson_righthand": {
			"translation": [0.1, 1.3913, -1.8],
			"scale": [0.6, 0.6, 0.6]
		},
		"thirdperson_lefthand": {
			"translation": [0.1, 1.3913, -1.8],
			"scale": [0.6, 0.6, 0.6]
		},
		"firstperson_righthand": {
			"rotation": [0, -180, 0],
			"translation": [0.6956, 5.5652, 0],
			"scale": [0.5, 0.5, 0.5]
		},
		"firstperson_lefthand": {
			"rotation": [0, -180, 0],
			"translation": [0.6956, 5.5652, 0],
			"scale": [0.5, 0.5, 0.5]
		},
		"ground": {
			"translation": [0, 5.5652, 0]
		},
		"gui": {
			"rotation": [0, 159, 0],
			"translation": [-0.695, 0.6956, 0]
		},
		"fixed": {
			"translation": [0, 4.8695, -1.391],
			"scale": [2, 2, 2]
		}
	}
}