{
	"__comment": "Designed by Mouskegamer with Cubik Studio - https://cubik.studio",
	"textures": {
		"particle": "block/e_particle",
		"texture": "block/yellow_terracotta",
		"texture1": "block/black_wool",
		"texture2": "block/light_blue_concrete_powder",
		"texture3": "block/quartz_block_side",
		"texture4": "block/quartz_block_bottom"
	},
	"elements": [ 	 
		{
			"__comment": "Box1",
			"from": [ 9, 0, 7.5 ],
			"to": [ 11, 1, 10.5 ],
			"faces": {
				"down": { "uv": [ 9, 5.5, 11, 8.5 ], "texture": "#texture1" },
				"up": { "uv": [ 9, 7.5, 11, 10.5 ], "texture": "#texture1" },
				"north": { "uv": [ 5, 15, 7, 16 ], "texture": "#texture1" },
				"south": { "uv": [ 9, 15, 11, 16 ], "texture": "#texture1" },
				"west": { "uv": [ 7.5, 15, 10.5, 16 ], "texture": "#texture1" },
				"east": { "uv": [ 5.5, 15, 8.5, 16 ], "texture": "#texture1" }
			}
		},
		{
			"__comment": "Box1",
			"from": [ 5, 0, 7.5 ],
			"to": [ 7, 1, 10.5 ],
			"faces": {
				"down": { "uv": [ 5, 5.5, 7, 8.5 ], "texture": "#texture1" },
				"up": { "uv": [ 5, 7.5, 7, 10.5 ], "texture": "#texture1" },
				"north": { "uv": [ 9, 15, 11, 16 ], "texture": "#texture1" },
				"south": { "uv": [ 5, 15, 7, 16 ], "texture": "#texture1" },
				"west": { "uv": [ 7.5, 15, 10.5, 16 ], "texture": "#texture1" },
				"east": { "uv": [ 5.5, 15, 8.5, 16 ], "texture": "#texture1" }
			}
		},
		{
			"__comment": "Box1",
			"from": [ 9.5, 1, 8.5 ],
			"to": [ 10.5, 1.5, 10.5 ],
			"faces": {
				"down": { "uv": [ 9.5, 5.5, 10.5, 7.5 ], "texture": "#texture1" },
				"up": { "uv": [ 9.5, 8.5, 10.5, 10.5 ], "texture": "#texture1" },
				"north": { "uv": [ 5.5, 14.5, 6.5, 15 ], "texture": "#texture1" },
				"south": { "uv": [ 9.5, 14.5, 10.5, 15 ], "texture": "#texture1" },
				"west": { "uv": [ 8.5, 14.5, 10.5, 15 ], "texture": "#texture1" },
				"east": { "uv": [ 5.5, 14.5, 7.5, 15 ], "texture": "#texture1" }
			}
		},
		{
			"__comment": "Box1",
			"from": [ 5.5, 1, 8.5 ],
			"to": [ 6.5, 1.5, 10.5 ],
			"faces": {
				"down": { "uv": [ 5.5, 5.5, 6.5, 7.5 ], "texture": "#texture1" },
				"up": { "uv": [ 5.5, 8.5, 6.5, 10.5 ], "texture": "#texture1" },
				"north": { "uv": [ 9.5, 14.5, 10.5, 15 ], "texture": "#texture1" },
				"south": { "uv": [ 5.5, 14.5, 6.5, 15 ], "texture": "#texture1" },
				"west": { "uv": [ 8.5, 14.5, 10.5, 15 ], "texture": "#texture1" },
				"east": { "uv": [ 5.5, 14.5, 7.5, 15 ], "texture": "#texture1" }
			}
		},
		{
			"__comment": "Box1",
			"from": [ 9.5, 1.5, 8.5 ],
			"to": [ 10.5, 2, 10.5 ],
			"faces": {
				"down": { "uv": [ 9.5, 5.5, 10.5, 7.5 ], "texture": "#texture2" },
				"up": { "uv": [ 9.5, 8.5, 10.5, 10.5 ], "texture": "#texture2" },
				"north": { "uv": [ 5.5, 14, 6.5, 14.5 ], "texture": "#texture2" },
				"south": { "uv": [ 9.5, 14, 10.5, 14.5 ], "texture": "#texture2" },
				"west": { "uv": [ 8.5, 14, 10.5, 14.5 ], "texture": "#texture2" },
				"east": { "uv": [ 5.5, 14, 7.5, 14.5 ], "texture": "#texture2" }
			}
		},
		{
			"__comment": "Box1",
			"from": [ 5.5, 1.5, 8.5 ],
			"to": [ 6.5, 2, 10.5 ],
			"faces": {
				"down": { "uv": [ 5.5, 5.5, 6.5, 7.5 ], "texture": "#texture2" },
				"up": { "uv": [ 5.5, 8.5, 6.5, 10.5 ], "texture": "#texture2" },
				"north": { "uv": [ 9.5, 14, 10.5, 14.5 ], "texture": "#texture2" },
				"south": { "uv": [ 5.5, 14, 6.5, 14.5 ], "texture": "#texture2" },
				"west": { "uv": [ 8.5, 14, 10.5, 14.5 ], "texture": "#texture2" },
				"east": { "uv": [ 5.5, 14, 7.5, 14.5 ], "texture": "#texture2" }
			}
		},
		{
			"__comment": "Box1",
			"from": [ 5.5, 2, 8 ],
			"to": [ 10.5, 4, 11 ],
			"faces": {
				"down": { "uv": [ 5.5, 5, 10.5, 8 ], "texture": "#texture2" },
				"up": { "uv": [ 5.5, 8, 10.5, 11 ], "texture": "#texture2" },
				"north": { "uv": [ 5.5, 12, 10.5, 14 ], "texture": "#texture2" },
				"south": { "uv": [ 5.5, 12, 10.5, 14 ], "texture": "#texture2" },
				"west": { "uv": [ 8, 12, 11, 14 ], "texture": "#texture2" },
				"east": { "uv": [ 5, 12, 8, 14 ], "texture": "#texture2" }
			}
		},
		{
			"__comment": "Box1",
			"from": [ 5.5, 4, 8 ],
			"to": [ 10.5, 5.5, 11 ],
			"faces": {
				"down": { "uv": [ 5.5, 5, 10.5, 8 ], "texture": "#texture1" },
				"up": { "uv": [ 5.5, 8, 10.5, 11 ], "texture": "#texture1" },
				"north": { "uv": [ 5.5, 10.5, 10.5, 12 ], "texture": "#texture1" },
				"south": { "uv": [ 5.5, 10.5, 10.5, 12 ], "texture": "#texture1" },
				"west": { "uv": [ 8, 10.5, 11, 12 ], "texture": "#texture1" },
				"east": { "uv": [ 5, 10.5, 8, 12 ], "texture": "#texture1" }
			}
		},
		{
			"__comment": "Box1",
			"from": [ 5.5, 5.5, 8.5 ],
			"to": [ 10.5, 6, 10.5 ],
			"faces": {
				"down": { "uv": [ 5.5, 5.5, 10.5, 7.5 ], "texture": "#texture1" },
				"up": { "uv": [ 5.5, 8.5, 10.5, 10.5 ], "texture": "#texture1" },
				"north": { "uv": [ 5.5, 10, 10.5, 10.5 ], "texture": "#texture1" },
				"south": { "uv": [ 5.5, 10, 10.5, 10.5 ], "texture": "#texture1" },
				"west": { "uv": [ 8.5, 10, 10.5, 10.5 ], "texture": "#texture1" },
				"east": { "uv": [ 5.5, 10, 7.5, 10.5 ], "texture": "#texture1" }
			}
		},
		{
			"__comment": "Box1",
			"from": [ 6.5, 2.5, 7.74 ],
			"to": [ 7, 3.5, 8.74 ],
			"faces": {
				"down": { "uv": [ 6.5, 7.26, 7, 8.26 ], "texture": "#texture3" },
				"up": { "uv": [ 6.5, 7.74, 7, 8.74 ], "texture": "#texture3" },
				"north": { "uv": [ 9, 12.5, 9.5, 13.5 ], "texture": "#texture3" },
				"south": { "uv": [ 6.5, 12.5, 7, 13.5 ], "texture": "#texture3" },
				"west": { "uv": [ 7.74, 12.5, 8.74, 13.5 ], "texture": "#texture3" },
				"east": { "uv": [ 7.26, 12.5, 8.26, 13.5 ], "texture": "#texture3" }
			}
		},
		{
			"__comment": "Box1",
			"from": [ 9, 2.5, 7.74 ],
			"to": [ 9.5, 3.5, 8.74 ],
			"faces": {
				"down": { "uv": [ 9, 7.26, 9.5, 8.26 ], "texture": "#texture3" },
				"up": { "uv": [ 9, 7.74, 9.5, 8.74 ], "texture": "#texture3" },
				"north": { "uv": [ 6.5, 12.5, 7, 13.5 ], "texture": "#texture3" },
				"south": { "uv": [ 9, 12.5, 9.5, 13.5 ], "texture": "#texture3" },
				"west": { "uv": [ 7.74, 12.5, 8.74, 13.5 ], "texture": "#texture3" },
				"east": { "uv": [ 7.26, 12.5, 8.26, 13.5 ], "texture": "#texture3" }
			}
		},
		{
			"__comment": "Box1",
			"from": [ 5.5, 6, 7.5 ],
			"to": [ 10.5, 9.5, 8 ],
			"faces": {
				"down": { "uv": [ 5.5, 8, 10.5, 8.5 ], "texture": "#texture4" },
				"up": { "uv": [ 5.5, 7.5, 10.5, 8 ], "texture": "#texture4" },
				"north": { "uv": [ 5.5, 6.5, 10.5, 10 ], "texture": "#texture4" },
				"south": { "uv": [ 5.5, 6.5, 10.5, 10 ], "texture": "#texture4" },
				"west": { "uv": [ 7.5, 6.5, 8, 10 ], "texture": "#texture4" },
				"east": { "uv": [ 8, 6.5, 8.5, 10 ], "texture": "#texture4" }
			}
		},
		{
			"__comment": "Box1",
			"from": [ 5, 6, 8 ],
			"to": [ 11, 7, 9.5 ],
			"faces": {
				"down": { "uv": [ 5, 6.5, 11, 8 ], "texture": "#texture4" },
				"up": { "uv": [ 5, 8, 11, 9.5 ], "texture": "#texture4" },
				"north": { "uv": [ 5, 9, 11, 10 ], "texture": "#texture4" },
				"south": { "uv": [ 5, 9, 11, 10 ], "texture": "#texture4" },
				"west": { "uv": [ 8, 9, 9.5, 10 ], "texture": "#texture4" },
				"east": { "uv": [ 6.5, 9, 8, 10 ], "texture": "#texture4" }
			}
		},
		{
			"__comment": "Box1",
			"from": [ 4.5, 4, 8.5 ],
			"to": [ 11.5, 5.5, 10.5 ],
			"faces": {
				"down": { "uv": [ 4.5, 5.5, 11.5, 7.5 ], "texture": "#texture1" },
				"up": { "uv": [ 4.5, 8.5, 11.5, 10.5 ], "texture": "#texture1" },
				"north": { "uv": [ 4.5, 10.5, 11.5, 12 ], "texture": "#texture1" },
				"south": { "uv": [ 4.5, 10.5, 11.5, 12 ], "texture": "#texture1" },
				"west": { "uv": [ 8.5, 10.5, 10.5, 12 ], "texture": "#texture1" },
				"east": { "uv": [ 5.5, 10.5, 7.5, 12 ], "texture": "#texture1" }
			}
		},
		{
			"__comment": "Box1",
			"from": [ 5, 3, 8.5 ],
			"to": [ 11, 4, 10.5 ],
			"faces": {
				"down": { "uv": [ 5, 5.5, 11, 7.5 ], "texture": "#texture1" },
				"up": { "uv": [ 5, 8.5, 11, 10.5 ], "texture": "#texture1" },
				"north": { "uv": [ 5, 12, 11, 13 ], "texture": "#texture1" },
				"south": { "uv": [ 5, 12, 11, 13 ], "texture": "#texture1" },
				"west": { "uv": [ 8.5, 12, 10.5, 13 ], "texture": "#texture1" },
				"east": { "uv": [ 5.5, 12, 7.5, 13 ], "texture": "#texture1" }
			}
		},
		{
			"__comment": "Box1",
			"from": [ 11, 3, 8.5 ],
			"to": [ 11.5, 4, 10.5 ],
			"faces": {
				"down": { "uv": [ 11, 5.5, 11.5, 7.5 ], "texture": "#texture3" },
				"up": { "uv": [ 11, 8.5, 11.5, 10.5 ], "texture": "#texture3" },
				"north": { "uv": [ 4.5, 12, 5, 13 ], "texture": "#texture3" },
				"south": { "uv": [ 11, 12, 11.5, 13 ], "texture": "#texture3" },
				"west": { "uv": [ 8.5, 12, 10.5, 13 ], "texture": "#texture3" },
				"east": { "uv": [ 5.5, 12, 7.5, 13 ], "texture": "#texture3" }
			}
		},
		{
			"__comment": "Box1",
			"from": [ 4.5, 3, 8.5 ],
			"to": [ 5, 4, 10.5 ],
			"faces": {
				"down": { "uv": [ 4.5, 5.5, 5, 7.5 ], "texture": "#texture3" },
				"up": { "uv": [ 4.5, 8.5, 5, 10.5 ], "texture": "#texture3" },
				"north": { "uv": [ 11, 12, 11.5, 13 ], "texture": "#texture3" },
				"south": { "uv": [ 4.5, 12, 5, 13 ], "texture": "#texture3" },
				"west": { "uv": [ 8.5, 12, 10.5, 13 ], "texture": "#texture3" },
				"east": { "uv": [ 5.5, 12, 7.5, 13 ], "texture": "#texture3" }
			}
		},
		{
			"__comment": "Box1",
			"from": [ 6, 9.5, 7.5 ],
			"to": [ 7.5, 10, 8 ],
			"faces": {
				"down": { "uv": [ 6, 8, 7.5, 8.5 ], "texture": "#texture4" },
				"up": { "uv": [ 6, 7.5, 7.5, 8 ], "texture": "#texture4" },
				"north": { "uv": [ 8.5, 6, 10, 6.5 ], "texture": "#texture4" },
				"south": { "uv": [ 6, 6, 7.5, 6.5 ], "texture": "#texture4" },
				"west": { "uv": [ 7.5, 6, 8, 6.5 ], "texture": "#texture4" },
				"east": { "uv": [ 8, 6, 8.5, 6.5 ], "texture": "#texture4" }
			}
		},
		{
			"__comment": "Box1",
			"from": [ 8.5, 9.5, 7.5 ],
			"to": [ 10, 10, 8 ],
			"faces": {
				"down": { "uv": [ 8.5, 8, 10, 8.5 ], "texture": "#texture4" },
				"up": { "uv": [ 8.5, 7.5, 10, 8 ], "texture": "#texture4" },
				"north": { "uv": [ 6, 6, 7.5, 6.5 ], "texture": "#texture4" },
				"south": { "uv": [ 8.5, 6, 10, 6.5 ], "texture": "#texture4" },
				"west": { "uv": [ 7.5, 6, 8, 6.5 ], "texture": "#texture4" },
				"east": { "uv": [ 8, 6, 8.5, 6.5 ], "texture": "#texture4" }
			}
		},
		{
			"__comment": "Box1",
			"from": [ 5, 7, 8 ],
			"to": [ 11, 10, 11.5 ],
			"faces": {
				"down": { "uv": [ 5, 4.5, 11, 8 ], "texture": "#texture1" },
				"up": { "uv": [ 5, 8, 11, 11.5 ], "texture": "#texture1" },
				"north": { "uv": [ 5, 6, 11, 9 ], "texture": "#texture1" },
				"south": { "uv": [ 5, 6, 11, 9 ], "texture": "#texture1" },
				"west": { "uv": [ 8, 6, 11.5, 9 ], "texture": "#texture1" },
				"east": { "uv": [ 4.5, 6, 8, 9 ], "texture": "#texture1" }
			}
		},
		{
			"__comment": "Box1",
			"from": [ 5.5, 10, 8 ],
			"to": [ 10.5, 10.5, 11.5 ],
			"faces": {
				"down": { "uv": [ 5.5, 4.5, 10.5, 8 ], "texture": "#texture1" },
				"up": { "uv": [ 5.5, 8, 10.5, 11.5 ], "texture": "#texture1" },
				"north": { "uv": [ 5.5, 5.5, 10.5, 6 ], "texture": "#texture1" },
				"south": { "uv": [ 5.5, 5.5, 10.5, 6 ], "texture": "#texture1" },
				"west": { "uv": [ 8, 5.5, 11.5, 6 ], "texture": "#texture1" },
				"east": { "uv": [ 4.5, 5.5, 8, 6 ], "texture": "#texture1" }
			}
		},
		{
			"__comment": "Box1",
			"from": [ 5, 6, 9.5 ],
			"to": [ 11, 7, 11.5 ],
			"faces": {
				"down": { "uv": [ 5, 4.5, 11, 6.5 ], "texture": "#texture1" },
				"up": { "uv": [ 5, 9.5, 11, 11.5 ], "texture": "#texture1" },
				"north": { "uv": [ 5, 9, 11, 10 ], "texture": "#texture1" },
				"south": { "uv": [ 5, 9, 11, 10 ], "texture": "#texture1" },
				"west": { "uv": [ 9.5, 9, 11.5, 10 ], "texture": "#texture1" },
				"east": { "uv": [ 4.5, 9, 6.5, 10 ], "texture": "#texture1" }
			}
		},
		{
			"__comment": "Box1",
			"from": [ 7.5, 6, 7 ],
			"to": [ 8.5, 7, 7.5 ],
			"faces": {
				"down": { "uv": [ 7.5, 8.5, 8.5, 9 ], "texture": "#texture1" },
				"up": { "uv": [ 7.5, 7, 8.5, 7.5 ], "texture": "#texture1" },
				"north": { "uv": [ 7.5, 9, 8.5, 10 ], "texture": "#texture1" },
				"south": { "uv": [ 7.5, 9, 8.5, 10 ], "texture": "#texture1" },
				"west": { "uv": [ 7, 9, 7.5, 10 ], "texture": "#texture1" },
				"east": { "uv": [ 8.5, 9, 9, 10 ], "texture": "#texture1" }
			}
		},
		{
			"__comment": "Box1",
			"from": [ 9.5, 10.5, 9.5 ],
			"to": [ 11.5, 12, 10 ],
			"faces": {
				"down": { "uv": [ 9.5, 6, 11.5, 6.5 ], "texture": "#texture1" },
				"up": { "uv": [ 9.5, 9.5, 11.5, 10 ], "texture": "#texture1" },
				"north": { "uv": [ 4.5, 4, 6.5, 5.5 ], "texture": "#texture1" },
				"south": { "uv": [ 9.5, 4, 11.5, 5.5 ], "texture": "#texture1" },
				"west": { "uv": [ 9.5, 4, 10, 5.5 ], "texture": "#texture1" },
				"east": { "uv": [ 6, 4, 6.5, 5.5 ], "texture": "#texture1" }
			}
		},
		{
			"__comment": "Box1",
			"from": [ 7, 10.5, 8.5 ],
			"to": [ 9, 11, 11 ],
			"faces": {
				"down": { "uv": [ 7, 5, 9, 7.5 ], "texture": "#texture1" },
				"up": { "uv": [ 7, 8.5, 9, 11 ], "texture": "#texture1" },
				"north": { "uv": [ 7, 5, 9, 5.5 ], "texture": "#texture1" },
				"south": { "uv": [ 7, 5, 9, 5.5 ], "texture": "#texture1" },
				"west": { "uv": [ 8.5, 5, 11, 5.5 ], "texture": "#texture1" },
				"east": { "uv": [ 5, 5, 7.5, 5.5 ], "texture": "#texture1" }
			}
		},
		{
			"__comment": "Box1",
			"from": [ 9, 7, 7 ],
			"to": [ 10, 8, 7.5 ],
			"faces": {
				"down": { "uv": [ 9, 8.5, 10, 9 ], "texture": "#texture1" },
				"up": { "uv": [ 9, 7, 10, 7.5 ], "texture": "#texture1" },
				"north": { "uv": [ 6, 8, 7, 9 ], "texture": "#texture1" },
				"south": { "uv": [ 9, 8, 10, 9 ], "texture": "#texture1" },
				"west": { "uv": [ 7, 8, 7.5, 9 ], "texture": "#texture1" },
				"east": { "uv": [ 8.5, 8, 9, 9 ], "texture": "#texture1" }
			}
		},
		{
			"__comment": "Box1",
			"from": [ 6, 7, 7 ],
			"to": [ 7, 8, 7.5 ],
			"faces": {
				"down": { "uv": [ 6, 8.5, 7, 9 ], "texture": "#texture1" },
				"up": { "uv": [ 6, 7, 7, 7.5 ], "texture": "#texture1" },
				"north": { "uv": [ 9, 8, 10, 9 ], "texture": "#texture1" },
				"south": { "uv": [ 6, 8, 7, 9 ], "texture": "#texture1" },
				"west": { "uv": [ 7, 8, 7.5, 9 ], "texture": "#texture1" },
				"east": { "uv": [ 8.5, 8, 9, 9 ], "texture": "#texture1" }
			}
		},
		{
			"__comment": "Box1",
			"from": [ 10, 12, 9.5 ],
			"to": [ 12, 13, 10 ],
			"faces": {
				"down": { "uv": [ 10, 6, 12, 6.5 ], "texture": "#texture1" },
				"up": { "uv": [ 10, 9.5, 12, 10 ], "texture": "#texture1" },
				"north": { "uv": [ 4, 3, 6, 4 ], "texture": "#texture1" },
				"south": { "uv": [ 10, 3, 12, 4 ], "texture": "#texture1" },
				"west": { "uv": [ 9.5, 3, 10, 4 ], "texture": "#texture1" },
				"east": { "uv": [ 6, 3, 6.5, 4 ], "texture": "#texture1" }
			}
		},
		{
			"__comment": "Box1",
			"from": [ 12, 12.5, 9.5 ],
			"to": [ 12.5, 13, 10 ],
			"faces": {
				"down": { "uv": [ 12, 6, 12.5, 6.5 ], "texture": "#texture1" },
				"up": { "uv": [ 12, 9.5, 12.5, 10 ], "texture": "#texture1" },
				"north": { "uv": [ 3.5, 3, 4, 3.5 ], "texture": "#texture1" },
				"south": { "uv": [ 12, 3, 12.5, 3.5 ], "texture": "#texture1" },
				"west": { "uv": [ 9.5, 3, 10, 3.5 ], "texture": "#texture1" },
				"east": { "uv": [ 6, 3, 6.5, 3.5 ], "texture": "#texture1" }
			}
		},
		{
			"__comment": "Box1",
			"from": [ 10.5, 13, 9.5 ],
			"to": [ 12.5, 14.5, 10 ],
			"faces": {
				"down": { "uv": [ 10.5, 6, 12.5, 6.5 ], "texture": "#texture1" },
				"up": { "uv": [ 10.5, 9.5, 12.5, 10 ], "texture": "#texture1" },
				"north": { "uv": [ 3.5, 1, 5.5, 2.5 ], "texture": "#texture1" },
				"south": { "uv": [ 10.5, 1, 12.5, 2.5 ], "texture": "#texture1" },
				"west": { "uv": [ 9.5, 1, 10, 2.5 ], "texture": "#texture1" },
				"east": { "uv": [ 6, 1, 6.5, 2.5 ], "texture": "#texture1" }
			}
		},
		{
			"__comment": "Box1",
			"from": [ 9, 10, 9.5 ],
			"to": [ 11, 10.5, 10 ],
			"faces": {
				"down": { "uv": [ 9, 6, 11, 6.5 ], "texture": "#texture1" },
				"up": { "uv": [ 9, 9.5, 11, 10 ], "texture": "#texture1" },
				"north": { "uv": [ 5, 5.5, 7, 6 ], "texture": "#texture1" },
				"south": { "uv": [ 9, 5.5, 11, 6 ], "texture": "#texture1" },
				"west": { "uv": [ 9.5, 5.5, 10, 6 ], "texture": "#texture1" },
				"east": { "uv": [ 6, 5.5, 6.5, 6 ], "texture": "#texture1" }
			}
		},
		{
			"__comment": "Box1",
			"from": [ 11, 14.5, 9.5 ],
			"to": [ 12.5, 15.5, 10 ],
			"faces": {
				"down": { "uv": [ 11, 6, 12.5, 6.5 ], "texture": "#texture1" },
				"up": { "uv": [ 11, 9.5, 12.5, 10 ], "texture": "#texture1" },
				"north": { "uv": [ 3.5, 0.5, 5, 1.5 ], "texture": "#texture1" },
				"south": { "uv": [ 11, 0.5, 12.5, 1.5 ], "texture": "#texture1" },
				"west": { "uv": [ 9.5, 0.5, 10, 1.5 ], "texture": "#texture1" },
				"east": { "uv": [ 6, 0.5, 6.5, 1.5 ], "texture": "#texture1" }
			}
		},
		{
			"__comment": "Box1",
			"from": [ 11.5, 11.5, 9.5 ],
			"to": [ 12, 12, 10 ],
			"faces": {
				"down": { "uv": [ 11.5, 6, 12, 6.5 ], "texture": "#texture1" },
				"up": { "uv": [ 11.5, 9.5, 12, 10 ], "texture": "#texture1" },
				"north": { "uv": [ 4, 4, 4.5, 4.5 ], "texture": "#texture1" },
				"south": { "uv": [ 11.5, 4, 12, 4.5 ], "texture": "#texture1" },
				"west": { "uv": [ 9.5, 4, 10, 4.5 ], "texture": "#texture1" },
				"east": { "uv": [ 6, 4, 6.5, 4.5 ], "texture": "#texture1" }
			}
		},
		{
			"__comment": "Box1",
			"from": [ 10, 13, 9.5 ],
			"to": [ 10.5, 13.5, 10 ],
			"faces": {
				"down": { "uv": [ 10, 6, 10.5, 6.5 ], "texture": "#texture1" },
				"up": { "uv": [ 10, 9.5, 10.5, 10 ], "texture": "#texture1" },
				"north": { "uv": [ 5.5, 2.5, 6, 3 ], "texture": "#texture1" },
				"south": { "uv": [ 10, 2.5, 10.5, 3 ], "texture": "#texture1" },
				"west": { "uv": [ 9.5, 2.5, 10, 3 ], "texture": "#texture1" },
				"east": { "uv": [ 6, 2.5, 6.5, 3 ], "texture": "#texture1" }
			}
		},
		{
			"__comment": "Box1",
			"from": [ 12.5, 13.5, 9.5 ],
			"to": [ 13, 15, 10 ],
			"faces": {
				"down": { "uv": [ 12.5, 6, 13, 6.5 ], "texture": "#texture1" },
				"up": { "uv": [ 12.5, 9.5, 13, 10 ], "texture": "#texture1" },
				"north": { "uv": [ 3, 1, 3.5, 2.5 ], "texture": "#texture1" },
				"south": { "uv": [ 12.5, 1, 13, 2.5 ], "texture": "#texture1" },
				"west": { "uv": [ 9.5, 1, 10, 2.5 ], "texture": "#texture1" },
				"east": { "uv": [ 6, 1, 6.5, 2.5 ], "texture": "#texture1" }
			}
		},
		{
			"__comment": "Box1",
			"from": [ 10.5, 14.5, 9.5 ],
			"to": [ 11, 15, 10 ],
			"faces": {
				"down": { "uv": [ 10.5, 6, 11, 6.5 ], "texture": "#texture1" },
				"up": { "uv": [ 10.5, 9.5, 11, 10 ], "texture": "#texture1" },
				"north": { "uv": [ 5, 1, 5.5, 1.5 ], "texture": "#texture1" },
				"south": { "uv": [ 10.5, 1, 11, 1.5 ], "texture": "#texture1" },
				"west": { "uv": [ 9.5, 1, 10, 1.5 ], "texture": "#texture1" },
				"east": { "uv": [ 6, 1, 6.5, 1.5 ], "texture": "#texture1" }
			}
		},
		{
			"__comment": "Box1",
			"from": [ 4.5, 10.5, 9.5 ],
			"to": [ 6.5, 12, 10 ],
			"faces": {
				"down": { "uv": [ 4, 6, 6, 6.5 ], "texture": "#texture1", "rotation": 180 },
				"up": { "uv": [ 4, 9.5, 6, 10 ], "texture": "#texture1", "rotation": 180 },
				"north": { "uv": [ 4, 4, 6, 5.5 ], "texture": "#texture1" },
				"south": { "uv": [ 10, 4, 12, 5.5 ], "texture": "#texture1" },
				"west": { "uv": [ 6, 4, 6.5, 5.5 ], "texture": "#texture1" },
				"east": { "uv": [ 9.5, 4, 10, 5.5 ], "texture": "#texture1" }
			}
		},
		{
			"__comment": "Box1",
			"from": [ 5, 10, 9.5 ],
			"to": [ 7, 10.5, 10 ],
			"faces": {
				"down": { "uv": [ 9, 6, 11, 6.5 ], "texture": "#texture1", "rotation": 180 },
				"up": { "uv": [ 9, 9.5, 11, 10 ], "texture": "#texture1", "rotation": 180 },
				"north": { "uv": [ 9, 5.5, 11, 6 ], "texture": "#texture1" },
				"south": { "uv": [ 5, 5.5, 7, 6 ], "texture": "#texture1" },
				"west": { "uv": [ 6, 5.5, 6.5, 6 ], "texture": "#texture1" },
				"east": { "uv": [ 9.5, 5.5, 10, 6 ], "texture": "#texture1" }
			}
		},
		{
			"__comment": "Box1",
			"from": [ 4, 11.5, 9.5 ],
			"to": [ 4.5, 12, 10 ],
			"faces": {
				"down": { "uv": [ 11.5, 6, 12, 6.5 ], "texture": "#texture1", "rotation": 180 },
				"up": { "uv": [ 11.5, 9.5, 12, 10 ], "texture": "#texture1", "rotation": 180 },
				"north": { "uv": [ 11.5, 4, 12, 4.5 ], "texture": "#texture1" },
				"south": { "uv": [ 4, 4, 4.5, 4.5 ], "texture": "#texture1" },
				"west": { "uv": [ 6, 4, 6.5, 4.5 ], "texture": "#texture1" },
				"east": { "uv": [ 9.5, 4, 10, 4.5 ], "texture": "#texture1" }
			}
		},
		{
			"__comment": "Box1",
			"from": [ 4, 12, 9.5 ],
			"to": [ 6, 13, 10 ],
			"faces": {
				"down": { "uv": [ 10, 6, 12, 6.5 ], "texture": "#texture1", "rotation": 180 },
				"up": { "uv": [ 10, 9.5, 12, 10 ], "texture": "#texture1", "rotation": 180 },
				"north": { "uv": [ 10, 3, 12, 4 ], "texture": "#texture1" },
				"south": { "uv": [ 4, 3, 6, 4 ], "texture": "#texture1" },
				"west": { "uv": [ 6, 3, 6.5, 4 ], "texture": "#texture1" },
				"east": { "uv": [ 9.5, 3, 10, 4 ], "texture": "#texture1" }
			}
		},
		{
			"__comment": "Box1",
			"from": [ 3.5, 13, 9.5 ],
			"to": [ 5.5, 14.5, 10 ],
			"faces": {
				"down": { "uv": [ 10.5, 6, 12.5, 6.5 ], "texture": "#texture1", "rotation": 180 },
				"up": { "uv": [ 10.5, 9.5, 12.5, 10 ], "texture": "#texture1", "rotation": 180 },
				"north": { "uv": [ 10.5, 1.5, 12.5, 3 ], "texture": "#texture1" },
				"south": { "uv": [ 3.5, 1.5, 5.5, 3 ], "texture": "#texture1" },
				"west": { "uv": [ 6, 1.5, 6.5, 3 ], "texture": "#texture1" },
				"east": { "uv": [ 9.5, 1.5, 10, 3 ], "texture": "#texture1" }
			}
		},
		{
			"__comment": "Box1",
			"from": [ 5.5, 13, 9.5 ],
			"to": [ 6, 13.5, 10 ],
			"faces": {
				"down": { "uv": [ 10, 6, 10.5, 6.5 ], "texture": "#texture1", "rotation": 180 },
				"up": { "uv": [ 10, 9.5, 10.5, 10 ], "texture": "#texture1", "rotation": 180 },
				"north": { "uv": [ 10, 2.5, 10.5, 3 ], "texture": "#texture1" },
				"south": { "uv": [ 5.5, 2.5, 6, 3 ], "texture": "#texture1" },
				"west": { "uv": [ 6, 2.5, 6.5, 3 ], "texture": "#texture1" },
				"east": { "uv": [ 9.5, 2.5, 10, 3 ], "texture": "#texture1" }
			}
		},
		{
			"__comment": "Box1",
			"from": [ 3.5, 12.5, 9.5 ],
			"to": [ 4, 13, 10 ],
			"faces": {
				"down": { "uv": [ 12, 6, 12.5, 6.5 ], "texture": "#texture1", "rotation": 180 },
				"up": { "uv": [ 12, 9.5, 12.5, 10 ], "texture": "#texture1", "rotation": 180 },
				"north": { "uv": [ 12, 3, 12.5, 3.5 ], "texture": "#texture1" },
				"south": { "uv": [ 3.5, 3, 4, 3.5 ], "texture": "#texture1" },
				"west": { "uv": [ 6, 3, 6.5, 3.5 ], "texture": "#texture1" },
				"east": { "uv": [ 9.5, 3, 10, 3.5 ], "texture": "#texture1" }
			}
		},
		{
			"__comment": "Box1",
			"from": [ 3, 13.5, 9.5 ],
			"to": [ 3.5, 15, 10 ],
			"faces": {
				"down": { "uv": [ 12.5, 6, 13, 6.5 ], "texture": "#texture1", "rotation": 180 },
				"up": { "uv": [ 12.5, 9.5, 13, 10 ], "texture": "#texture1", "rotation": 180 },
				"north": { "uv": [ 12.5, 1, 13, 2.5 ], "texture": "#texture1" },
				"south": { "uv": [ 3, 1, 3.5, 2.5 ], "texture": "#texture1" },
				"west": { "uv": [ 6, 1, 6.5, 2.5 ], "texture": "#texture1" },
				"east": { "uv": [ 9.5, 1, 10, 2.5 ], "texture": "#texture1" }
			}
		},
		{
			"__comment": "Box1",
			"from": [ 3.5, 14.5, 9.5 ],
			"to": [ 5, 15.5, 10 ],
			"faces": {
				"down": { "uv": [ 11, 6, 12.5, 6.5 ], "texture": "#texture1", "rotation": 180 },
				"up": { "uv": [ 11, 9.5, 12.5, 10 ], "texture": "#texture1", "rotation": 180 },
				"north": { "uv": [ 11, 0.5, 12.5, 1.5 ], "texture": "#texture1" },
				"south": { "uv": [ 3.5, 0.5, 5, 1.5 ], "texture": "#texture1" },
				"west": { "uv": [ 6, 0.5, 6.5, 1.5 ], "texture": "#texture1" },
				"east": { "uv": [ 9.5, 0.5, 10, 1.5 ], "texture": "#texture1" }
			}
		},
		{
			"__comment": "Box1",
			"from": [ 5, 14.5, 9.5 ],
			"to": [ 5.5, 15, 10 ],
			"faces": {
				"down": { "uv": [ 10.5, 6, 11, 6.5 ], "texture": "#texture1", "rotation": 180 },
				"up": { "uv": [ 10.5, 9.5, 11, 10 ], "texture": "#texture1", "rotation": 180 },
				"north": { "uv": [ 10.5, 1, 11, 1.5 ], "texture": "#texture1" },
				"south": { "uv": [ 5, 1, 5.5, 1.5 ], "texture": "#texture1" },
				"west": { "uv": [ 6, 1, 6.5, 1.5 ], "texture": "#texture1" },
				"east": { "uv": [ 9.5, 1, 10, 1.5 ], "texture": "#texture1" }
			}
		},
		{
			"__comment": "Box1",
			"from": [ 7.5, 2.5, 11 ],
			"to": [ 8.5, 3.5, 12 ],
			"faces": {
				"down": { "uv": [ 7.5, 4, 8.5, 5 ], "texture": "#texture1" },
				"up": { "uv": [ 7.5, 11, 8.5, 12 ], "texture": "#texture1" },
				"north": { "uv": [ 7.5, 12.5, 8.5, 13.5 ], "texture": "#texture1" },
				"south": { "uv": [ 7.5, 12.5, 8.5, 13.5 ], "texture": "#texture1" },
				"west": { "uv": [ 11, 12.5, 12, 13.5 ], "texture": "#texture1" },
				"east": { "uv": [ 4, 12.5, 5, 13.5 ], "texture": "#texture1" }
			}
		}
	],
	"display": {
		"thirdperson_righthand": {
			"translation":  [ 0, 1.5, -1.391 ],
			"scale":  [ 0.5, 0.5, 0.5 ]
		},
		"thirdperson_lefthand": {
			"translation":  [ 0, 1.5, -1.391 ],
			"scale":  [ 0.5, 0.5, 0.5 ]
		},
		"firstperson_righthand": {
			"rotation":  [ 0, 125, 0 ],
			"translation":  [ 0, 6.9565, 0 ],
			"scale":  [ 0.6, 0.6, 0.6 ]
		},
		"firstperson_lefthand": {
			"rotation":  [ 0, 125, 0 ],
			"translation":  [ 0, 6.9565, 0 ],
			"scale":  [ 0.6, 0.6, 0.6 ]
		},
		"gui": {
			"rotation":  [ 0, 158, 0 ],
			"translation":  [ 0.0006, 1.3913, 4.1739 ]
		},
		"ground": {
			"translation":  [ 0, 4.8695, 0 ]
		},
		"fixed": {
			"translation":  [ 0, 3.4782, -4.173 ],
			"scale":  [ 2, 2, 2 ]
		}
	}
}
