{
	"__comment": "Designed by Mouskegamer with Cubik Studio - https://cubik.studio",
	"textures": {
		"particle": "block/red_wool",
		"texture": "block/yellow_terracotta",
		"texture1": "block/black_wool",
		"texture2": "block/orange_terracotta",
		"texture3": "block/quartz_block_side",
		"texture4": "block/birch_planks",
		"texture5": "block/magenta_terracotta",
		"texture6": "block/yellow_terracotta",
		"texture7": "block/lime_terracotta"
	},
	"elements": [ 	 
		{
			"__comment": "Box1",
			"from": [ 9, 0, 8.5 ],
			"to": [ 10, 1, 10.5 ],
			"faces": {
				"down": { "uv": [ 9, 5.5, 10, 7.5 ], "texture": "#texture5" },
				"up": { "uv": [ 9, 8.5, 10, 10.5 ], "texture": "#texture5" },
				"north": { "uv": [ 6, 15, 7, 16 ], "texture": "#texture5" },
				"south": { "uv": [ 9, 15, 10, 16 ], "texture": "#texture5" },
				"west": { "uv": [ 8.5, 15, 10.5, 16 ], "texture": "#texture5" },
				"east": { "uv": [ 5.5, 15, 7.5, 16 ], "texture": "#texture5" }
			}
		},
		{
			"__comment": "Box1",
			"from": [ 6, 0, 8.5 ],
			"to": [ 7, 1, 10.5 ],
			"faces": {
				"down": { "uv": [ 6, 5.5, 7, 7.5 ], "texture": "#texture5" },
				"up": { "uv": [ 6, 8.5, 7, 10.5 ], "texture": "#texture5" },
				"north": { "uv": [ 9, 15, 10, 16 ], "texture": "#texture5" },
				"south": { "uv": [ 6, 15, 7, 16 ], "texture": "#texture5" },
				"west": { "uv": [ 8.5, 15, 10.5, 16 ], "texture": "#texture5" },
				"east": { "uv": [ 5.5, 15, 7.5, 16 ], "texture": "#texture5" }
			}
		},
		{
			"__comment": "Box1",
			"from": [ 9, 1, 8.5 ],
			"to": [ 10, 2, 10.5 ],
			"faces": {
				"down": { "uv": [ 9, 5.5, 10, 7.5 ], "texture": "#texture7" },
				"up": { "uv": [ 9, 8.5, 10, 10.5 ], "texture": "#texture7" },
				"north": { "uv": [ 6, 14, 7, 15 ], "texture": "#texture7" },
				"south": { "uv": [ 9, 14, 10, 15 ], "texture": "#texture7" },
				"west": { "uv": [ 8.5, 14, 10.5, 15 ], "texture": "#texture7" },
				"east": { "uv": [ 5.5, 14, 7.5, 15 ], "texture": "#texture7" }
			}
		},
		{
			"__comment": "Box1",
			"from": [ 6, 1, 8.5 ],
			"to": [ 7, 2, 10.5 ],
			"faces": {
				"down": { "uv": [ 6, 5.5, 7, 7.5 ], "texture": "#texture7" },
				"up": { "uv": [ 6, 8.5, 7, 10.5 ], "texture": "#texture7" },
				"north": { "uv": [ 9, 14, 10, 15 ], "texture": "#texture7" },
				"south": { "uv": [ 6, 14, 7, 15 ], "texture": "#texture7" },
				"west": { "uv": [ 8.5, 14, 10.5, 15 ], "texture": "#texture7" },
				"east": { "uv": [ 5.5, 14, 7.5, 15 ], "texture": "#texture7" }
			}
		},
		{
			"__comment": "Box1",
			"from": [ 6, 6, 7.5 ],
			"to": [ 10, 9, 8 ],
			"faces": {
				"down": { "uv": [ 5.5, 8, 10.5, 8.5 ], "texture": "#texture5" },
				"up": { "uv": [ 5.5, 7.5, 10.5, 8 ], "texture": "#texture5" },
				"north": { "uv": [ 5.5, 8, 10.5, 11 ], "texture": "#texture5" },
				"south": { "uv": [ 5, 8, 10, 11 ], "texture": "#texture5" },
				"west": { "uv": [ 7.5, 8, 8, 11 ], "texture": "#texture5" },
				"east": { "uv": [ 10, 8, 10.5, 11 ], "texture": "#texture5" }
			}
		},
		{
			"__comment": "Box1",
			"from": [ 6, 2, 8 ],
			"to": [ 10, 5.5, 11 ],
			"faces": {
				"down": { "uv": [ 6, 5, 10, 8 ], "texture": "#texture7" },
				"up": { "uv": [ 6, 8, 10, 11 ], "texture": "#texture7" },
				"north": { "uv": [ 6, 10.5, 10, 14 ], "texture": "#texture7" },
				"south": { "uv": [ 6, 10.5, 10, 14 ], "texture": "#texture7" },
				"west": { "uv": [ 8, 10.5, 11, 14 ], "texture": "#texture7" },
				"east": { "uv": [ 5, 10.5, 8, 14 ], "texture": "#texture7" }
			}
		},
		{
			"__comment": "Box1",
			"from": [ 5.5, 6, 8 ],
			"to": [ 10.5, 8, 9 ],
			"faces": {
				"down": { "uv": [ 5, 7, 11, 8 ], "texture": "#texture5" },
				"up": { "uv": [ 5, 8, 11, 9 ], "texture": "#texture5" },
				"north": { "uv": [ 5, 8, 11, 11 ], "texture": "#texture5" },
				"south": { "uv": [ 5, 6.5, 11, 10 ], "texture": "#texture5" },
				"west": { "uv": [ 7, 8.5, 8, 11 ], "texture": "#texture5" },
				"east": { "uv": [ 8, 6.5, 9, 10 ], "texture": "#texture5" }
			}
		},
		{
			"__comment": "Box1",
			"from": [ 6, 7, 7 ],
			"to": [ 7, 8, 7.5 ],
			"faces": {
				"down": { "uv": [ 6, 8.5, 7, 9 ], "texture": "#texture3" },
				"up": { "uv": [ 6, 7, 7, 7.5 ], "texture": "#texture3" },
				"north": { "uv": [ 9, 8, 10, 9 ], "texture": "#texture3" },
				"south": { "uv": [ 6, 8, 7, 9 ], "texture": "#texture3" },
				"west": { "uv": [ 7, 8, 7.5, 9 ], "texture": "#texture3" },
				"east": { "uv": [ 8.5, 8, 9, 9 ], "texture": "#texture3" }
			}
		},
		{
			"__comment": "Box1",
			"from": [ 9, 7, 7 ],
			"to": [ 10, 8, 7.5 ],
			"faces": {
				"down": { "uv": [ 9, 8.5, 10, 9 ], "texture": "#texture3" },
				"up": { "uv": [ 9, 7, 10, 7.5 ], "texture": "#texture3" },
				"north": { "uv": [ 6, 8, 7, 9 ], "texture": "#texture3" },
				"south": { "uv": [ 9, 8, 10, 9 ], "texture": "#texture3" },
				"west": { "uv": [ 7, 8, 7.5, 9 ], "texture": "#texture3" },
				"east": { "uv": [ 8.5, 8, 9, 9 ], "texture": "#texture3" }
			}
		},
		{
			"__comment": "Box1",
			"from": [ 6, 6, 11 ],
			"to": [ 10, 10, 11.5 ],
			"faces": {
				"down": { "uv": [ 5.5, 8, 10.5, 8.5 ], "texture": "#texture7" },
				"up": { "uv": [ 5.5, 7.5, 10.5, 8 ], "texture": "#texture7" },
				"north": { "uv": [ 5.5, 8, 10.5, 11 ], "texture": "#texture7" },
				"south": { "uv": [ 5, 8, 10, 11 ], "texture": "#texture7" },
				"west": { "uv": [ 7.5, 8, 8, 11 ], "texture": "#texture7" },
				"east": { "uv": [ 10, 8, 10.5, 11 ], "texture": "#texture7" }
			}
		},
		{
			"__comment": "Box1",
			"from": [ 6, 10, 8 ],
			"to": [ 10, 10.5, 11 ],
			"faces": {
				"down": { "uv": [ 5, 7, 11, 8 ], "texture": "#texture7" },
				"up": { "uv": [ 5, 8, 11, 9 ], "texture": "#texture7" },
				"north": { "uv": [ 5, 8, 11, 11 ], "texture": "#texture7" },
				"south": { "uv": [ 5, 6.5, 11, 10 ], "texture": "#texture7" },
				"west": { "uv": [ 7, 8.5, 8, 11 ], "texture": "#texture7" },
				"east": { "uv": [ 8, 6.5, 9, 10 ], "texture": "#texture7" }
			}
		},
		{
			"__comment": "Box1",
			"from": [ 5.5, 3.5, 8.5 ],
			"to": [ 10.5, 5.5, 10.5 ],
			"faces": {
				"down": { "uv": [ 5.5, 5.5, 10.5, 7.5 ], "texture": "#texture7" },
				"up": { "uv": [ 5.5, 8.5, 10.5, 10.5 ], "texture": "#texture7" },
				"north": { "uv": [ 5.5, 10.5, 10.5, 12.5 ], "texture": "#texture7" },
				"south": { "uv": [ 5.5, 10.5, 10.5, 12.5 ], "texture": "#texture7" },
				"west": { "uv": [ 8.5, 10.5, 10.5, 12.5 ], "texture": "#texture7" },
				"east": { "uv": [ 5.5, 10.5, 7.5, 12.5 ], "texture": "#texture7" }
			}
		},
		{
			"__comment": "Box1",
			"from": [ 5, 3, 8.5 ],
			"to": [ 5.5, 4.5, 10.5 ],
			"faces": {
				"down": { "uv": [ 5, 5.5, 5.5, 7.5 ], "texture": "#texture5" },
				"up": { "uv": [ 5, 8.5, 5.5, 10.5 ], "texture": "#texture5" },
				"north": { "uv": [ 10.5, 11.5, 11, 13 ], "texture": "#texture5" },
				"south": { "uv": [ 5, 11.5, 5.5, 13 ], "texture": "#texture5" },
				"west": { "uv": [ 8.5, 11.5, 10.5, 13 ], "texture": "#texture5" },
				"east": { "uv": [ 5.5, 11.5, 7.5, 13 ], "texture": "#texture5" }
			}
		},
		{
			"__comment": "Box1",
			"from": [ 10.5, 3, 8.5 ],
			"to": [ 11, 4.5, 10.5 ],
			"faces": {
				"down": { "uv": [ 10.5, 5.5, 11, 7.5 ], "texture": "#texture5" },
				"up": { "uv": [ 10.5, 8.5, 11, 10.5 ], "texture": "#texture5" },
				"north": { "uv": [ 5, 11.5, 5.5, 13 ], "texture": "#texture5" },
				"south": { "uv": [ 10.5, 11.5, 11, 13 ], "texture": "#texture5" },
				"west": { "uv": [ 8.5, 11.5, 10.5, 13 ], "texture": "#texture5" },
				"east": { "uv": [ 5.5, 11.5, 7.5, 13 ], "texture": "#texture5" }
			}
		},
		{
			"__comment": "Box1",
			"from": [ 10.5, 4.5, 8.5 ],
			"to": [ 11, 5.5, 10.5 ],
			"faces": {
				"down": { "uv": [ 10.5, 5.5, 11, 7.5 ], "texture": "#texture7" },
				"up": { "uv": [ 10.5, 8.5, 11, 10.5 ], "texture": "#texture7" },
				"north": { "uv": [ 5, 10.5, 5.5, 11.5 ], "texture": "#texture7" },
				"south": { "uv": [ 10.5, 10.5, 11, 11.5 ], "texture": "#texture7" },
				"west": { "uv": [ 8.5, 10.5, 10.5, 11.5 ], "texture": "#texture7" },
				"east": { "uv": [ 5.5, 10.5, 7.5, 11.5 ], "texture": "#texture7" }
			}
		},
		{
			"__comment": "Box1",
			"from": [ 5, 4.5, 8.5 ],
			"to": [ 5.5, 5.5, 10.5 ],
			"faces": {
				"down": { "uv": [ 5, 5.5, 5.5, 7.5 ], "texture": "#texture7" },
				"up": { "uv": [ 5, 8.5, 5.5, 10.5 ], "texture": "#texture7" },
				"north": { "uv": [ 10.5, 10.5, 11, 11.5 ], "texture": "#texture7" },
				"south": { "uv": [ 5, 10.5, 5.5, 11.5 ], "texture": "#texture7" },
				"west": { "uv": [ 8.5, 10.5, 10.5, 11.5 ], "texture": "#texture7" },
				"east": { "uv": [ 5.5, 10.5, 7.5, 11.5 ], "texture": "#texture7" }
			}
		},
		{
			"__comment": "Box1",
			"from": [ 6, 5.5, 8 ],
			"to": [ 7, 6, 11 ],
			"faces": {
				"down": { "uv": [ 6, 5, 7, 8 ], "texture": "#texture6" },
				"up": { "uv": [ 6, 8, 7, 11 ], "texture": "#texture6" },
				"north": { "uv": [ 9, 10, 10, 10.5 ], "texture": "#texture6" },
				"south": { "uv": [ 6, 10, 7, 10.5 ], "texture": "#texture6" },
				"west": { "uv": [ 8, 10, 11, 10.5 ], "texture": "#texture6" },
				"east": { "uv": [ 5, 10, 8, 10.5 ], "texture": "#texture6" }
			}
		},
		{
			"__comment": "Box1",
			"from": [ 9, 5.5, 8 ],
			"to": [ 10, 6, 11 ],
			"faces": {
				"down": { "uv": [ 9, 5, 10, 8 ], "texture": "#texture6" },
				"up": { "uv": [ 9, 8, 10, 11 ], "texture": "#texture6" },
				"north": { "uv": [ 6, 10, 7, 10.5 ], "texture": "#texture6" },
				"south": { "uv": [ 9, 10, 10, 10.5 ], "texture": "#texture6" },
				"west": { "uv": [ 8, 10, 11, 10.5 ], "texture": "#texture6" },
				"east": { "uv": [ 5, 10, 8, 10.5 ], "texture": "#texture6" }
			}
		},
		{
			"__comment": "Box1",
			"from": [ 7, 5.5, 8 ],
			"to": [ 9, 6, 11 ],
			"faces": {
				"down": { "uv": [ 7, 5, 9, 8 ], "texture": "#texture5" },
				"up": { "uv": [ 7, 8, 9, 11 ], "texture": "#texture5" },
				"north": { "uv": [ 7, 10, 9, 10.5 ], "texture": "#texture5" },
				"south": { "uv": [ 7, 10, 9, 10.5 ], "texture": "#texture5" },
				"west": { "uv": [ 8, 10, 11, 10.5 ], "texture": "#texture5" },
				"east": { "uv": [ 5, 10, 8, 10.5 ], "texture": "#texture5" }
			}
		},
		{
			"__comment": "Box1",
			"from": [ 8, 4, 7.5 ],
			"to": [ 9, 5, 8 ],
			"rotation": { "origin": [ 8, 4, 7.5 ], "axis": "z", "angle": 45 },
			"faces": {
				"down": { "uv": [ 7.5, 8, 8.5, 8.5 ], "texture": "#texture6" },
				"up": { "uv": [ 7.5, 7.5, 8.5, 8 ], "texture": "#texture6" },
				"north": { "uv": [ 7.5, 11, 8.5, 12 ], "texture": "#texture6" },
				"south": { "uv": [ 7.5, 11, 8.5, 12 ], "texture": "#texture6" },
				"west": { "uv": [ 7.5, 11, 8, 12 ], "texture": "#texture6" },
				"east": { "uv": [ 8, 11, 8.5, 12 ], "texture": "#texture6" }
			}
		},
		{
			"__comment": "Box1",
			"from": [ 6, 2, 12.5 ],
			"to": [ 10, 6, 13 ],
			"rotation": { "origin": [ 6, 2, 12.5 ], "axis": "x", "angle": -22.5 },
			"faces": {
				"down": { "uv": [ 5.5, 8, 10.5, 8.5 ], "texture": "#texture6" },
				"up": { "uv": [ 5.5, 7.5, 10.5, 8 ], "texture": "#texture6" },
				"north": { "uv": [ 5.5, 8, 10.5, 11 ], "texture": "#texture6" },
				"south": { "uv": [ 5, 8, 10, 11 ], "texture": "#texture6" },
				"west": { "uv": [ 7.5, 8, 8, 11 ], "texture": "#texture6" },
				"east": { "uv": [ 10, 8, 10.5, 11 ], "texture": "#texture6" }
			}
		},
		{
			"__comment": "Box1",
			"from": [ 6, 9, 7.5 ],
			"to": [ 7, 10, 8 ],
			"faces": {
				"down": { "uv": [ 5.5, 8, 10.5, 8.5 ], "texture": "#texture5" },
				"up": { "uv": [ 5.5, 7.5, 10.5, 8 ], "texture": "#texture5" },
				"north": { "uv": [ 5.5, 8, 10.5, 11 ], "texture": "#texture5" },
				"south": { "uv": [ 5, 8, 10, 11 ], "texture": "#texture5" },
				"west": { "uv": [ 7.5, 8, 8, 11 ], "texture": "#texture5" },
				"east": { "uv": [ 10, 8, 10.5, 11 ], "texture": "#texture5" }
			}
		},
		{
			"__comment": "Box1",
			"from": [ 9, 9, 7.5 ],
			"to": [ 10, 10, 8 ],
			"faces": {
				"down": { "uv": [ 5.5, 8, 10.5, 8.5 ], "texture": "#texture5" },
				"up": { "uv": [ 5.5, 7.5, 10.5, 8 ], "texture": "#texture5" },
				"north": { "uv": [ 5.5, 8, 10.5, 11 ], "texture": "#texture5" },
				"south": { "uv": [ 5, 8, 10, 11 ], "texture": "#texture5" },
				"west": { "uv": [ 7.5, 8, 8, 11 ], "texture": "#texture5" },
				"east": { "uv": [ 10, 8, 10.5, 11 ], "texture": "#texture5" }
			}
		},
		{
			"__comment": "Box1",
			"from": [ 7, 9, 7.5 ],
			"to": [ 9, 10, 8 ],
			"faces": {
				"down": { "uv": [ 5.5, 8, 10.5, 8.5 ], "texture": "#texture7" },
				"up": { "uv": [ 5.5, 7.5, 10.5, 8 ], "texture": "#texture7" },
				"north": { "uv": [ 5.5, 8, 10.5, 11 ], "texture": "#texture7" },
				"south": { "uv": [ 5, 8, 10, 11 ], "texture": "#texture7" },
				"west": { "uv": [ 7.5, 8, 8, 11 ], "texture": "#texture7" },
				"east": { "uv": [ 10, 8, 10.5, 11 ], "texture": "#texture7" }
			}
		},
		{
			"__comment": "Box1",
			"from": [ 5.5, 9, 8 ],
			"to": [ 10.5, 10, 11 ],
			"faces": {
				"down": { "uv": [ 5, 7, 11, 8 ], "texture": "#texture7" },
				"up": { "uv": [ 5, 8, 11, 9 ], "texture": "#texture7" },
				"north": { "uv": [ 5, 8, 11, 11 ], "texture": "#texture7" },
				"south": { "uv": [ 5, 6.5, 11, 10 ], "texture": "#texture7" },
				"west": { "uv": [ 7, 8.5, 8, 11 ], "texture": "#texture7" },
				"east": { "uv": [ 8, 6.5, 9, 10 ], "texture": "#texture7" }
			}
		},
		{
			"__comment": "Box1",
			"from": [ 5.5, 6, 9 ],
			"to": [ 10.5, 8, 11 ],
			"faces": {
				"down": { "uv": [ 5, 7, 11, 8 ], "texture": "#texture7" },
				"up": { "uv": [ 5, 8, 11, 9 ], "texture": "#texture7" },
				"north": { "uv": [ 5, 8, 11, 11 ], "texture": "#texture7" },
				"south": { "uv": [ 5, 6.5, 11, 10 ], "texture": "#texture7" },
				"west": { "uv": [ 7, 8.5, 8, 11 ], "texture": "#texture7" },
				"east": { "uv": [ 8, 6.5, 9, 10 ], "texture": "#texture7" }
			}
		},
		{
			"__comment": "Box1",
			"from": [ 5.5, 8, 8 ],
			"to": [ 10.5, 9, 9.5 ],
			"faces": {
				"down": { "uv": [ 5, 7, 11, 8 ], "texture": "#texture7" },
				"up": { "uv": [ 5, 8, 11, 9 ], "texture": "#texture7" },
				"north": { "uv": [ 5, 8, 11, 11 ], "texture": "#texture7" },
				"south": { "uv": [ 5, 6.5, 11, 10 ], "texture": "#texture7" },
				"west": { "uv": [ 7, 8.5, 8, 11 ], "texture": "#texture7" },
				"east": { "uv": [ 8, 6.5, 9, 10 ], "texture": "#texture7" }
			}
		},
		{
			"__comment": "Box1",
			"from": [ 5.5, 8, 9.5 ],
			"to": [ 10.5, 9, 11 ],
			"faces": {
				"down": { "uv": [ 5, 7, 11, 8 ], "texture": "#texture5" },
				"up": { "uv": [ 5, 8, 11, 9 ], "texture": "#texture5" },
				"north": { "uv": [ 5, 8, 11, 11 ], "texture": "#texture5" },
				"south": { "uv": [ 5, 6.5, 11, 10 ], "texture": "#texture5" },
				"west": { "uv": [ 7, 8.5, 8, 11 ], "texture": "#texture5" },
				"east": { "uv": [ 8, 6.5, 9, 10 ], "texture": "#texture5" }
			}
		},
		{
			"__comment": "Box1",
			"from": [ 5, 6, 9.5 ],
			"to": [ 11, 8, 10.5 ],
			"faces": {
				"down": { "uv": [ 5, 7, 11, 8 ], "texture": "#texture7" },
				"up": { "uv": [ 5, 8, 11, 9 ], "texture": "#texture7" },
				"north": { "uv": [ 5, 8, 11, 11 ], "texture": "#texture7" },
				"south": { "uv": [ 5, 6.5, 11, 10 ], "texture": "#texture7" },
				"west": { "uv": [ 7, 8.5, 8, 11 ], "texture": "#texture7" },
				"east": { "uv": [ 8, 6.5, 9, 10 ], "texture": "#texture7" }
			}
		},
		{
			"__comment": "Box1",
			"from": [ 8, 8.75, 7 ],
			"to": [ 9, 9.75, 7.5 ],
			"rotation": { "origin": [ 8, 8.75, 7 ], "axis": "z", "angle": 45 },
			"faces": {
				"down": { "uv": [ 7.5, 8, 8.5, 8.5 ], "texture": "#texture6" },
				"up": { "uv": [ 7.5, 7.5, 8.5, 8 ], "texture": "#texture6" },
				"north": { "uv": [ 7.5, 11, 8.5, 12 ], "texture": "#texture6" },
				"south": { "uv": [ 7.5, 11, 8.5, 12 ], "texture": "#texture6" },
				"west": { "uv": [ 7.5, 11, 8, 12 ], "texture": "#texture6" },
				"east": { "uv": [ 8, 11, 8.5, 12 ], "texture": "#texture6" }
			}
		}
	],
	"display": {
		"thirdperson_righthand": {
			"translation":  [ 0.1, 1.3913, -1.8 ],
			"scale":  [ 0.6, 0.6, 0.6 ]
		},
		"thirdperson_lefthand": {
			"translation":  [ 0.1, 1.3913, -1.8 ],
			"scale":  [ 0.6, 0.6, 0.6 ]
		},
		"firstperson_righthand": {
			"rotation":  [ 0, -180, 0 ],
			"translation":  [ 0.6956, 5.5652, 0 ],
			"scale":  [ 0.5, 0.5, 0.5 ]
		},
		"firstperson_lefthand": {
			"rotation":  [ 0, -180, 0 ],
			"translation":  [ 0.6956, 5.5652, 0 ],
			"scale":  [ 0.5, 0.5, 0.5 ]
		},
		"gui": {
			"rotation":  [ 0, 159, 0 ],
			"translation":  [ -0.695, 0.6956, 0 ]
		},
		"ground": {
			"translation":  [ 0, 5.5652, 0 ]
		},
		"fixed": {
			"translation":  [ 0, 4.8695, -1.391 ],
			"scale":  [ 2, 2, 2 ]
		}
	}
}
